split,index,coverage,Q_hierarchical_balanced_mapped,Q_entropy_redundancy_mapped,mapping_scope
train_1m,1,0.996,59.88116008841616,47.542982604158134,six_direct_or_near_direct_only
train_1m,2,0.782565130260521,57.3672394353667,42.043379196052385,six_direct_or_near_direct_only
train_1m,3,0.9480000000000001,64.03545191687778,57.27786426436543,six_direct_or_near_direct_only
train_1m,4,0.6683316683316685,56.53752638641948,40.78549784093346,six_direct_or_near_direct_only
train_1m,5,0.8001998001998003,61.12965012155734,50.010849800924895,six_direct_or_near_direct_only
train_1m,6,0.8548548548548549,61.06385838786913,51.21777945683488,six_direct_or_near_direct_only
train_1m,7,0.23299999999999998,63.215229129326985,46.25580020762909,six_direct_or_near_direct_only
train_1m,8,0.3963963963963964,63.47395509083281,46.65116005833285,six_direct_or_near_direct_only
train_1m,9,0.003,60.21051818108791,41.263091178068834,six_direct_or_near_direct_only
train_1m,10,0.6930000000000001,60.35563575762327,42.148262567276554,six_direct_or_near_direct_only
train_1m,11,0.027,49.36076355003816,47.083834621690784,six_direct_or_near_direct_only
train_1m,12,0.17535070140280562,46.226552953083484,50.85833586304542,six_direct_or_near_direct_only
train_1m,13,0.161,63.60852277368505,46.61775695756412,six_direct_or_near_direct_only
train_1m,14,0.23476523476523475,54.254649487587116,42.7907919076874,six_direct_or_near_direct_only
train_1m,15,0.6503006012024047,61.26026899838594,43.397141614940836,six_direct_or_near_direct_only
train_1m,16,0.369,59.662796275863386,46.95286796345375,six_direct_or_near_direct_only
train_1m,17,0.7117117117117117,63.97332379730319,57.441926160128865,six_direct_or_near_direct_only
train_1m,18,0.5785785785785785,63.25499872673714,45.68669919485694,six_direct_or_near_direct_only
train_1m,19,0.6706706706706707,63.51735462896964,49.49466805071777,six_direct_or_near_direct_only
train_1m,20,0.441,56.743077080381596,46.995287263136866,six_direct_or_near_direct_only
train_1m,21,0.813186813186813,63.73074959385234,59.49397335458049,six_direct_or_near_direct_only
train_1m,22,0.5800000000000001,48.53471663448289,45.46778880677756,six_direct_or_near_direct_only
train_1m,23,0.059000000000000004,55.39141365871604,35.23302184960902,six_direct_or_near_direct_only
train_1m,24,0.018018018018018018,49.95127437697806,42.004260709385385,six_direct_or_near_direct_only
train_1m,25,0.5525525525525526,64.81503673411746,46.035681690820354,six_direct_or_near_direct_only
train_1m,26,0.4364364364364363,63.7105907965354,58.81047846223174,six_direct_or_near_direct_only
train_1m,27,0.26,52.687930335205934,45.1342876942994,six_direct_or_near_direct_only
train_1m,28,0.45845845845845845,61.6701339335119,46.78958653304674,six_direct_or_near_direct_only
train_1m,29,0.31368631368631367,46.58479333723591,50.939217663544405,six_direct_or_near_direct_only
train_1m,30,0.5714285714285714,51.676216454022466,43.9696349420311,six_direct_or_near_direct_only
train_1m,31,0.827,54.377356887823716,48.0331297918982,six_direct_or_near_direct_only
train_1m,32,0.028028028028028028,63.60852277368506,46.61775695756412,six_direct_or_near_direct_only
train_1m,33,0.999,52.815204177577115,43.12801324227329,six_direct_or_near_direct_only
train_1m,34,0.8381618381618381,54.373437326584416,34.166796288721486,six_direct_or_near_direct_only
train_1m,35,0.7909999999999999,62.80092368816523,43.94805044251186,six_direct_or_near_direct_only
train_1m,36,0.7757757757757757,62.74508572007208,57.97499030835427,six_direct_or_near_direct_only
train_1m,37,0.3987975951903807,59.7717753341098,41.257353398402294,six_direct_or_near_direct_only
train_1m,38,0.6576576576576577,63.61668806163363,46.821638203692544,six_direct_or_near_direct_only
train_1m,39,0.841,62.57749849574315,43.95517257647133,six_direct_or_near_direct_only
train_1m,40,0.12187812187812186,64.23408676654293,51.414374442747686,six_direct_or_near_direct_only
train_1m,41,0.921,54.2611830604433,35.749324407861025,six_direct_or_near_direct_only
train_1m,42,0.5214785214785214,55.00491800823027,36.10186772173953,six_direct_or_near_direct_only
train_1m,43,0.8441558441558442,59.1597754193804,52.29889219551793,six_direct_or_near_direct_only
train_1m,44,0.20899999999999996,61.395347703802315,42.82800575942575,six_direct_or_near_direct_only
train_1m,45,0.954045954045954,64.2110085081195,60.683460640082465,six_direct_or_near_direct_only
train_1m,46,0.5104895104895104,59.94671957090784,42.732389079135004,six_direct_or_near_direct_only
train_1m,47,0.5464535464535464,60.21051818108792,41.263091178068834,six_direct_or_near_direct_only
train_1m,48,0.527,64.2208774488157,49.16469149882909,six_direct_or_near_direct_only
train_1m,49,0.7799999999999999,64.14956731513867,60.12724198948915,six_direct_or_near_direct_only
train_1m,50,0.6819999999999999,63.4380117033279,57.51246686497229,six_direct_or_near_direct_only
train_1m,51,0.8068068068068067,55.839536060791545,35.15473289699581,six_direct_or_near_direct_only
train_1m,52,0.14014014014014015,60.877581257052825,54.0681865645734,six_direct_or_near_direct_only
train_1m,53,0.02402402402402402,51.23409406460551,40.09364832273664,six_direct_or_near_direct_only
train_1m,54,0.9340659340659342,63.60141701044048,48.09092730827917,six_direct_or_near_direct_only
train_1m,55,0.23800000000000002,62.160721381862196,53.69357288506721,six_direct_or_near_direct_only
train_1m,56,0.6347305389221555,58.00934066118635,49.019330740030036,six_direct_or_near_direct_only
train_1m,57,0.9980019980019981,61.13700340934767,47.23125054405522,six_direct_or_near_direct_only
train_1m,58,1.0,61.79817540144758,44.39430553117651,six_direct_or_near_direct_only
train_1m,59,0.2922922922922923,64.23385684585733,60.759595845221114,six_direct_or_near_direct_only
train_1m,60,0.809,61.99486426418721,52.482004848653055,six_direct_or_near_direct_only
train_1m,61,0.33533533533533527,64.25970919299714,46.667816906856515,six_direct_or_near_direct_only
train_1m,62,0.42400000000000004,62.42841916170157,47.370082075960525,six_direct_or_near_direct_only
train_1m,63,0.37200000000000005,63.88399166735695,47.52214566478493,six_direct_or_near_direct_only
train_1m,64,0.6473526473526472,63.63071324053465,59.66402030119148,six_direct_or_near_direct_only
train_1m,65,0.9480000000000001,62.41057652683459,48.350562073228694,six_direct_or_near_direct_only
train_1m,66,0.6243756243756242,63.61184623377065,46.544458521516646,six_direct_or_near_direct_only
train_1m,67,0.6103896103896104,57.91638440443993,41.343952161822386,six_direct_or_near_direct_only
train_1m,68,0.67,60.0262711626915,47.35292069299844,six_direct_or_near_direct_only
train_1m,69,0.891,63.60919175911743,46.63446103272391,six_direct_or_near_direct_only
train_1m,70,0.001,63.60852277368506,46.61775695756412,six_direct_or_near_direct_only
train_1m,71,0.51,54.19582875604346,33.173316351022734,six_direct_or_near_direct_only
train_1m,72,0.359,55.20080390188943,41.92689550516634,six_direct_or_near_direct_only
train_1m,73,0.2887112887112887,58.00440189192329,38.320859549454795,six_direct_or_near_direct_only
train_1m,74,0.9549549549549549,64.07829157139115,55.97946620017734,six_direct_or_near_direct_only
train_1m,75,0.361,52.446884336511935,49.1304178156292,six_direct_or_near_direct_only
train_1m,76,0.5845845845845845,63.51196196264876,61.08102969271785,six_direct_or_near_direct_only
train_1m,77,0.063,64.50424473352831,46.36039106863519,six_direct_or_near_direct_only
train_1m,78,0.509,63.03152887418811,60.58485266193111,six_direct_or_near_direct_only
train_1m,79,0.8260000000000001,64.32800865592961,58.374304824336434,six_direct_or_near_direct_only
train_1m,80,0.807,60.10759296946968,41.47422114289216,six_direct_or_near_direct_only
train_1m,81,0.277,64.71529987015292,45.93230427899179,six_direct_or_near_direct_only
train_1m,82,0.612,60.29846944152456,41.36922525159741,six_direct_or_near_direct_only
train_1m,83,0.990990990990991,64.79465697446356,46.041311347219306,six_direct_or_near_direct_only
train_1m,84,0.7452547452547453,64.18779895958235,49.3199330997018,six_direct_or_near_direct_only
train_1m,85,0.7562437562437563,53.74911815820472,33.755024112364175,six_direct_or_near_direct_only
train_1m,86,0.18837675350701402,54.47053826800544,33.73033828356324,six_direct_or_near_direct_only
train_1m,87,0.6523476523476525,61.19838744245467,46.15757054717243,six_direct_or_near_direct_only
train_1m,88,0.782,62.673477437407435,60.60459699779007,six_direct_or_near_direct_only
train_1m,89,0.4854854854854854,59.85825463928533,43.00328643646127,six_direct_or_near_direct_only
train_1m,90,0.9239239239239239,62.58850460125023,54.58055916686059,six_direct_or_near_direct_only
train_1m,91,0.4204204204204204,61.549821382426316,50.671723724762856,six_direct_or_near_direct_only
train_1m,92,0.3383383383383384,54.597366377681816,34.500346845455645,six_direct_or_near_direct_only
train_1m,93,0.5205205205205204,54.89388183919749,34.36084424128702,six_direct_or_near_direct_only
train_1m,94,0.6920000000000001,51.965423071477666,39.49458025860113,six_direct_or_near_direct_only
train_1m,95,0.6386386386386386,57.938936539380094,44.45179428761879,six_direct_or_near_direct_only
train_1m,96,0.6596596596596597,62.61582710681599,56.97580436239257,six_direct_or_near_direct_only
train_1m,97,0.6007984031936128,60.6151275380956,48.41430152200766,six_direct_or_near_direct_only
train_1m,98,0.7052947052947053,60.46728882628576,44.94134221031924,six_direct_or_near_direct_only
train_1m,99,0.8311688311688312,62.33559670441471,44.781451388923905,six_direct_or_near_direct_only
train_1m,100,0.7657657657657657,58.61676933748449,51.894493447303574,six_direct_or_near_direct_only
train_1m,101,0.3396603396603396,63.51587140524941,46.94448279407056,six_direct_or_near_direct_only
train_1m,102,0.32699999999999996,57.308678478244744,43.697108348341615,six_direct_or_near_direct_only
train_1m,103,0.04995004995004996,64.74207061969385,47.28455569488473,six_direct_or_near_direct_only
train_1m,104,0.97,60.7407600474608,41.11202551157443,six_direct_or_near_direct_only
train_1m,105,0.41558441558441556,58.52923082737837,48.12632181233461,six_direct_or_near_direct_only
train_1m,106,0.48848848848848847,60.32685687370632,42.71148992033498,six_direct_or_near_direct_only
train_1m,107,0.5494505494505495,62.06156940317855,47.00684849661967,six_direct_or_near_direct_only
train_1m,108,0.7382617382617382,63.71687594819919,46.54655431782861,six_direct_or_near_direct_only
train_1m,109,0.3556443556443556,59.53545154361502,45.417610890509245,six_direct_or_near_direct_only
train_1m,110,0.076,63.616365747635655,46.81359025976642,six_direct_or_near_direct_only
train_1m,111,0.7967967967967967,55.18151884551966,34.628960450534365,six_direct_or_near_direct_only
train_1m,112,0.35535535535535534,63.780448785672554,52.7019700756924,six_direct_or_near_direct_only
train_1m,113,0.981,64.81192537866289,46.11450639130007,six_direct_or_near_direct_only
train_1m,114,0.7777777777777777,55.34906560898395,35.06877962129341,six_direct_or_near_direct_only
train_1m,115,0.5275275275275274,61.71622892075899,49.45231205234537,six_direct_or_near_direct_only
train_1m,116,0.93,54.224450767273865,33.21200869422967,six_direct_or_near_direct_only
train_1m,117,0.266,64.40394765208006,46.181422540873854,six_direct_or_near_direct_only
train_1m,118,0.8581418581418583,60.029519283487446,45.34715057765105,six_direct_or_near_direct_only
train_1m,119,0.5334665334665335,60.3726126973383,55.77303082133677,six_direct_or_near_direct_only
train_1m,120,0.926,54.178776505959576,33.20834034179044,six_direct_or_near_direct_only
train_1m,121,0.5914085914085914,56.394794314247164,51.357946634366066,six_direct_or_near_direct_only
train_1m,122,0.8299999999999998,58.97415627095503,40.00033231384554,six_direct_or_near_direct_only
train_1m,123,0.4515484515484517,64.20704480979484,46.287338788141795,six_direct_or_near_direct_only
train_1m,124,0.9320679320679321,63.231451982919296,58.1878273193552,six_direct_or_near_direct_only
train_1m,125,0.16716716716716717,63.17062606480278,44.37575226239249,six_direct_or_near_direct_only
train_1m,126,0.682,62.88784219895462,45.47844814041814,six_direct_or_near_direct_only
train_1m,127,0.8798798798798799,54.780627542301204,35.191912990542214,six_direct_or_near_direct_only
train_1m,128,0.289,61.679265795401314,47.08784699301882,six_direct_or_near_direct_only
train_1m,129,0.6716716716716715,63.65322851187,50.21610509584975,six_direct_or_near_direct_only
train_1m,130,0.9449449449449447,60.613541262617794,42.3419987667193,six_direct_or_near_direct_only
train_1m,131,0.0,,,six_direct_or_near_direct_only
train_1m,132,0.506,63.60298668669985,45.95073090843384,six_direct_or_near_direct_only
train_1m,133,0.12424849699398798,64.75115414296836,47.41230704438528,six_direct_or_near_direct_only
train_1m,134,0.21000000000000002,59.29952950935809,40.43284611966509,six_direct_or_near_direct_only
train_1m,135,0.7857857857857857,64.02695153250554,54.853797972421766,six_direct_or_near_direct_only
train_1m,136,0.4314314314314314,56.581729585629226,42.45679803591734,six_direct_or_near_direct_only
train_1m,137,0.8071928071928071,61.85281785647182,48.296473096915975,six_direct_or_near_direct_only
train_1m,138,0.954,56.40312999912186,36.10033160824577,six_direct_or_near_direct_only
train_1m,139,0.658,59.93116864088974,49.799140766351854,six_direct_or_near_direct_only
train_1m,140,0.36763236763236756,60.70866524944411,44.58192218709899,six_direct_or_near_direct_only
train_1m,141,0.17700000000000002,50.95991905644981,52.57000145936337,six_direct_or_near_direct_only
train_1m,142,0.42084168336673344,54.16454594703233,48.95764880898689,six_direct_or_near_direct_only
train_1m,143,0.6336336336336335,58.511943079316055,39.230303933028814,six_direct_or_near_direct_only
train_1m,144,0.2655310621242485,56.58298386234013,45.66828124273708,six_direct_or_near_direct_only
train_1m,145,0.1091091091091091,60.21051818108791,41.263091178068834,six_direct_or_near_direct_only
train_1m,146,0.8301698301698301,62.07683351197603,45.67096955663847,six_direct_or_near_direct_only
train_1m,147,0.29700000000000004,60.04257786763745,41.337332081305235,six_direct_or_near_direct_only
train_1m,148,0.6426426426426426,59.70764338650785,41.329953285943766,six_direct_or_near_direct_only
train_1m,149,0.40859140859140863,62.27627485956359,53.05411845731961,six_direct_or_near_direct_only
train_1m,150,0.0,,,six_direct_or_near_direct_only
train_1m,151,0.36736736736736736,63.33908601521876,46.93074477184232,six_direct_or_near_direct_only
train_1m,152,0.327,60.19169996070773,41.23776537984763,six_direct_or_near_direct_only
train_1m,153,0.196,56.9677289947147,44.22840380489341,six_direct_or_near_direct_only
train_1m,154,0.44999999999999996,59.36640854603582,41.8374035824778,six_direct_or_near_direct_only
train_1m,155,0.3873873873873874,52.00865031651735,47.05677336467876,six_direct_or_near_direct_only
train_1m,156,0.20400000000000001,56.45097595407167,36.893154970012894,six_direct_or_near_direct_only
train_1m,157,0.7022977022977022,58.756255146908174,41.98950995852294,six_direct_or_near_direct_only
train_1m,158,0.989,52.12243073886891,37.23290074733553,six_direct_or_near_direct_only
train_1m,159,0.8848848848848847,59.60123589856857,48.12371968267655,six_direct_or_near_direct_only
train_1m,160,0.9139139139139139,55.728116597650455,48.549294546631295,six_direct_or_near_direct_only
train_1m,161,0.14114114114114112,57.782970347419656,48.71449093663656,six_direct_or_near_direct_only
train_1m,162,0.732,58.325311429664865,43.977564936669836,six_direct_or_near_direct_only
train_1m,163,0.4814814814814815,56.31921518700037,55.743215328274495,six_direct_or_near_direct_only
train_1m,164,0.9429429429429429,64.25823779190034,53.868650991387014,six_direct_or_near_direct_only
train_1m,165,0.5751503006012024,49.27373272934315,46.44202845461293,six_direct_or_near_direct_only
train_1m,166,0.8388388388388389,56.75369716087776,36.820711547373875,six_direct_or_near_direct_only
train_1m,167,0.491,61.36224285241227,43.05777865780356,six_direct_or_near_direct_only
train_1m,168,0.8788788788788788,60.97489979513011,50.60555597893961,six_direct_or_near_direct_only
train_1m,169,0.9359999999999999,63.57490170837179,44.78225929255369,six_direct_or_near_direct_only
train_1m,170,0.3193612774451098,61.47207922131022,43.62078703422495,six_direct_or_near_direct_only
train_1m,171,0.8618618618618619,60.814344781166156,42.21461715282235,six_direct_or_near_direct_only
train_1m,172,0.5814185814185814,52.032887387797636,47.44630834500932,six_direct_or_near_direct_only
train_1m,173,0.04890219560878243,47.743659425556686,48.26908266111663,six_direct_or_near_direct_only
train_1m,174,0.4434434434434434,54.43480342348963,33.525375924978604,six_direct_or_near_direct_only
train_1m,175,0.7609999999999999,61.186675531660974,43.452489510084995,six_direct_or_near_direct_only
train_1m,176,0.7847847847847848,54.44835873791805,33.537392382009955,six_direct_or_near_direct_only
train_1m,177,0.7020000000000001,62.72326722193876,43.95376264034451,six_direct_or_near_direct_only
train_1m,178,0.993006993006993,54.52781179703838,33.653762290613614,six_direct_or_near_direct_only
train_1m,179,0.5981963927855712,54.60631088586838,37.94472177511009,six_direct_or_near_direct_only
train_1m,180,0.33333333333333337,64.81503673411746,46.035681690820354,six_direct_or_near_direct_only
train_1m,181,0.25625625625625625,62.03863255736617,48.11398730806763,six_direct_or_near_direct_only
train_1m,182,0.6513486513486513,60.613626199903436,43.16728305948552,six_direct_or_near_direct_only
train_1m,183,0.9730269730269732,64.37316399157316,49.90200970614192,six_direct_or_near_direct_only
train_1m,184,0.950950950950951,64.24204207834971,46.285653718324895,six_direct_or_near_direct_only
train_1m,185,0.25,60.990785339704196,52.310315599526035,six_direct_or_near_direct_only
train_1m,186,0.6846307385229541,63.93583225825094,46.398676383473806,six_direct_or_near_direct_only
train_1m,187,0.9490509490509491,63.4394060381358,47.60230435834294,six_direct_or_near_direct_only
train_1m,188,0.9020000000000001,62.87051469851315,52.42089203690798,six_direct_or_near_direct_only
train_1m,189,0.941,64.81310585005728,46.05273533747377,six_direct_or_near_direct_only
train_1m,190,0.7467467467467468,58.079798597630905,44.944410904691054,six_direct_or_near_direct_only
train_1m,191,0.008008008008008008,54.05696011676782,32.9815551597347,six_direct_or_near_direct_only
train_1m,192,0.25,47.46082579466627,50.473173888594154,six_direct_or_near_direct_only
train_1m,193,0.8190000000000001,59.97522730238667,40.675923442825166,six_direct_or_near_direct_only
train_1m,194,0.6786786786786787,58.149380309635674,40.28336553289366,six_direct_or_near_direct_only
train_1m,195,0.23876123876123873,55.04807004304105,48.296049184686396,six_direct_or_near_direct_only
train_1m,196,0.8481518481518481,61.694029971738026,53.08091557099673,six_direct_or_near_direct_only
train_1m,197,0.7772227772227771,63.90111252338069,46.86500321057262,six_direct_or_near_direct_only
train_1m,198,0.0911823647294589,54.002416075744954,47.747799710981496,six_direct_or_near_direct_only
train_1m,199,0.989,61.584518166754556,44.749524599020226,six_direct_or_near_direct_only
train_1m,200,0.37499999999999994,61.59183820596638,46.42597664291861,six_direct_or_near_direct_only
train_1m,201,0.15515515515515513,54.78930067772986,33.92299833979223,six_direct_or_near_direct_only
train_1m,202,0.679,53.75140042508106,46.54469888319017,six_direct_or_near_direct_only
train_1m,203,0.9479479479479479,63.61489296355007,46.6146836985,six_direct_or_near_direct_only
train_1m,204,0.7622377622377621,54.974336684729664,47.756995489507645,six_direct_or_near_direct_only
train_1m,205,0.06613226452905811,55.68298954905601,44.815783437145036,six_direct_or_near_direct_only
train_1m,206,0.2817182817182817,62.039263138319505,43.158588119303474,six_direct_or_near_direct_only
train_1m,207,0.037000000000000005,58.25031847282496,58.104075492754355,six_direct_or_near_direct_only
train_1m,208,0.9250749250749251,64.47651395612208,46.19144700159104,six_direct_or_near_direct_only
train_1m,209,0.44599999999999995,63.46551158403621,47.48574702203712,six_direct_or_near_direct_only
train_1m,210,0.4954954954954955,64.10208749416125,61.21301183640172,six_direct_or_near_direct_only
train_1m,211,0.18318318318318316,63.26419917571423,45.83025828409268,six_direct_or_near_direct_only
train_1m,212,0.8221778221778222,56.832293279570386,53.289275797873685,six_direct_or_near_direct_only
train_1m,213,0.475,62.22649738306099,44.44118462266599,six_direct_or_near_direct_only
train_1m,214,0.8409999999999997,57.58688468023955,43.72218464081372,six_direct_or_near_direct_only
train_1m,215,0.897102897102897,60.11616979276983,40.43193162942525,six_direct_or_near_direct_only
train_1m,216,0.7302697302697301,64.33691232246274,54.76491515169827,six_direct_or_near_direct_only
train_1m,217,0.9710000000000001,62.90888102560365,54.9357233778082,six_direct_or_near_direct_only
train_1m,218,0.645,62.43131622950279,55.549933770097404,six_direct_or_near_direct_only
train_1m,219,0.364,55.24742351065654,35.93114075738605,six_direct_or_near_direct_only
train_1m,220,0.578,54.08621900030012,33.018468070719855,six_direct_or_near_direct_only
train_1m,221,0.7240000000000001,62.18380559253972,44.45112988868571,six_direct_or_near_direct_only
train_1m,222,0.015984015984015984,63.75933701873911,46.544997549221144,six_direct_or_near_direct_only
train_1m,223,0.12987012987012986,63.5562457799528,46.535377484033425,six_direct_or_near_direct_only
train_1m,224,0.212,63.57029329651454,44.78872559468655,six_direct_or_near_direct_only
train_1m,225,0.5104895104895106,57.442890676746885,43.34094193356966,six_direct_or_near_direct_only
train_1m,226,0.2722722722722723,64.21916450250396,46.23138286022861,six_direct_or_near_direct_only
train_1m,227,0.6083916083916084,62.04800085727903,47.004796959483485,six_direct_or_near_direct_only
train_1m,228,0.803,64.33273192935458,45.45044065082149,six_direct_or_near_direct_only
train_1m,229,0.609,62.51064200852216,45.050377440572234,six_direct_or_near_direct_only
train_1m,230,0.3193193193193193,64.22568380729105,60.872660947582396,six_direct_or_near_direct_only
train_1m,231,0.742,61.79045293101516,43.75279426961313,six_direct_or_near_direct_only
train_1m,232,0.7897897897897899,52.94515757256053,40.314006109036576,six_direct_or_near_direct_only
train_1m,233,0.2842842842842842,62.45894129156214,57.463809843695536,six_direct_or_near_direct_only
train_1m,234,0.6223776223776223,58.074032880111425,41.82255806806203,six_direct_or_near_direct_only
train_1m,235,0.038,63.38891622904072,46.243591771654295,six_direct_or_near_direct_only
train_1m,236,0.7722277722277724,58.12494209660405,42.21668324729432,six_direct_or_near_direct_only
train_1m,237,0.859,63.500041529172435,60.95018058078871,six_direct_or_near_direct_only
train_1m,238,0.03703703703703704,47.830345410890175,52.159303736431,six_direct_or_near_direct_only
train_1m,239,0.46646646646646645,63.94045485128142,57.316035136621096,six_direct_or_near_direct_only
train_1m,240,0.7929999999999998,63.56810323703519,46.559417397446865,six_direct_or_near_direct_only
train_1m,241,0.916,51.877992294055936,37.89026577231188,six_direct_or_near_direct_only
train_1m,242,0.01,62.66342141064752,43.424856384603224,six_direct_or_near_direct_only
train_1m,243,0.6216216216216216,64.29109349398925,59.309532774210545,six_direct_or_near_direct_only
train_1m,244,0.5735735735735736,64.55694766722402,48.70191653936213,six_direct_or_near_direct_only
train_1m,245,0.8827655310621243,63.56576330711282,46.311174841108446,six_direct_or_near_direct_only
train_1m,246,0.771,61.570336833599775,46.66033147948603,six_direct_or_near_direct_only
train_1m,247,0.7597597597597598,54.99198863103649,41.04059429323036,six_direct_or_near_direct_only
train_1m,248,0.774,57.09079356186179,42.054857823967694,six_direct_or_near_direct_only
train_1m,249,0.7902097902097903,60.43731023359876,42.591219781227565,six_direct_or_near_direct_only
train_1m,250,0.6853146853146855,64.10983456813828,61.32840089526572,six_direct_or_near_direct_only
train_1m,251,0.226,63.60852277368506,46.61775695756412,six_direct_or_near_direct_only
train_1m,252,0.6006006006006005,60.33207071260294,50.62251608942738,six_direct_or_near_direct_only
train_1m,253,0.8340000000000001,58.824805809058695,44.60047171222678,six_direct_or_near_direct_only
train_1m,254,0.20900000000000002,64.1742565924524,46.34482214349288,six_direct_or_near_direct_only
train_1m,255,0.40900000000000003,59.81194800360767,42.13771850236382,six_direct_or_near_direct_only
train_1m,256,0.5139999999999999,51.537721326868095,50.56357658799181,six_direct_or_near_direct_only
train_1m,257,0.8802395209580839,53.523563579114615,42.518216009203314,six_direct_or_near_direct_only
train_1m,258,0.8961038961038961,64.68265780273727,49.220642268374384,six_direct_or_near_direct_only
train_1m,259,0.3613613613613613,63.785536884884756,46.784505496254035,six_direct_or_near_direct_only
train_1m,260,1.0,63.75125314875014,55.62223098695176,six_direct_or_near_direct_only
train_1m,261,0.2022022022022022,61.04423159942303,42.51060095083691,six_direct_or_near_direct_only
train_1m,262,0.634,61.73547382678379,43.84556698974142,six_direct_or_near_direct_only
train_1m,263,0.8631368631368632,56.90696320016907,43.61263440637477,six_direct_or_near_direct_only
train_1m,264,0.3772455089820359,61.87926821054964,55.18344384334185,six_direct_or_near_direct_only
train_1m,265,0.992,58.216943838038475,38.600918771484324,six_direct_or_near_direct_only
train_1m,266,0.395,64.52745284835032,52.70666722248822,six_direct_or_near_direct_only
train_1m,267,0.52,63.71627316965252,49.308205247820375,six_direct_or_near_direct_only
train_1m,268,0.6766766766766766,63.35720412762995,46.53809946473993,six_direct_or_near_direct_only
train_1m,269,0.793,63.60852277368506,46.61775695756412,six_direct_or_near_direct_only
train_1m,270,0.5680000000000001,62.80054012783083,47.01794419915356,six_direct_or_near_direct_only
train_1m,271,0.799,64.81121665939789,46.13246145448818,six_direct_or_near_direct_only
train_1m,272,0.192,56.1181971918165,38.774585252666846,six_direct_or_near_direct_only
train_1m,273,0.403,64.78564814276355,46.0325051674648,six_direct_or_near_direct_only
train_1m,274,0.152,64.20458879393057,61.501087924939135,six_direct_or_near_direct_only
train_1m,275,0.9399399399399399,63.949771569159424,54.3536238762484,six_direct_or_near_direct_only
train_1m,276,0.983,64.65451979151563,46.07926322986353,six_direct_or_near_direct_only
train_1m,277,0.801,63.54199493047721,46.63427085007899,six_direct_or_near_direct_only
train_1m,278,1.0,64.63566842447726,45.830308117923444,six_direct_or_near_direct_only
train_1m,279,0.944,62.63165607929424,46.673716076305205,six_direct_or_near_direct_only
train_1m,280,0.4759519038076152,63.60852277368506,46.61775695756412,six_direct_or_near_direct_only
train_1m,281,0.598,61.88386187888541,53.769879856188226,six_direct_or_near_direct_only
train_1m,282,0.5369999999999999,58.98380387491313,42.70023240860865,six_direct_or_near_direct_only
train_1m,283,0.9460539460539461,59.339008581325366,57.399947592392905,six_direct_or_near_direct_only
train_1m,284,0.281437125748503,55.00393893899234,34.303665443527805,six_direct_or_near_direct_only
train_1m,285,0.897897897897898,62.39347062345637,52.25800728495451,six_direct_or_near_direct_only
train_1m,286,0.08991008991008989,55.262743258482004,35.00576524163955,six_direct_or_near_direct_only
train_1m,287,0.07899999999999999,58.5141744071128,57.5665402639883,six_direct_or_near_direct_only
train_1m,288,0.18081918081918083,58.78370967914044,43.412547846025404,six_direct_or_near_direct_only
train_1m,289,0.40959040959040965,58.885016220847355,39.59549902761139,six_direct_or_near_direct_only
train_1m,290,0.027000000000000003,61.94956019900551,55.16341397711593,six_direct_or_near_direct_only
train_1m,291,0.9900099900099901,63.58924615883759,46.59023687320926,six_direct_or_near_direct_only
train_1m,292,0.955,54.067585905958566,33.011418544829155,six_direct_or_near_direct_only
train_1m,293,0.6566566566566566,62.93413498582784,45.63271340218726,six_direct_or_near_direct_only
train_1m,294,0.007007007007007007,63.60852277368506,46.61775695756412,six_direct_or_near_direct_only
train_1m,295,0.7242757242757244,61.32921987038436,52.74988627936977,six_direct_or_near_direct_only
train_1m,296,0.1901901901901902,63.721457210858404,61.225453144257486,six_direct_or_near_direct_only
train_1m,297,0.256,58.52683732523587,54.86436449597555,six_direct_or_near_direct_only
train_1m,298,0.6846846846846846,54.34624216896648,33.40091992392695,six_direct_or_near_direct_only
train_1m,299,0.6910000000000001,55.98217576021841,35.361446571588,six_direct_or_near_direct_only
train_1m,300,0.913173652694611,64.16399997692939,61.26949379088823,six_direct_or_near_direct_only
train_1m,301,0.7272727272727272,53.66713126223013,49.8844250990545,six_direct_or_near_direct_only
train_1m,302,0.8398398398398399,56.7132375852982,45.6890584269611,six_direct_or_near_direct_only
train_1m,303,0.7527527527527527,64.20458879393057,61.50108792493914,six_direct_or_near_direct_only
train_1m,304,0.3793793793793794,62.9597881611472,56.29265441292351,six_direct_or_near_direct_only
train_1m,305,0.554,60.11051474289235,41.286066905877924,six_direct_or_near_direct_only
train_1m,306,0.7715430861723446,59.81165745779388,44.16618623139006,six_direct_or_near_direct_only
train_1m,307,0.6020000000000001,63.256265250852636,59.95598856560311,six_direct_or_near_direct_only
train_1m,308,0.5745745745745745,61.71017472508963,45.49715650099626,six_direct_or_near_direct_only
train_1m,309,0.9819819819819819,59.53864184545733,40.80742836277034,six_direct_or_near_direct_only
train_1m,310,0.8188188188188188,57.865633970433834,49.78687940563843,six_direct_or_near_direct_only
train_1m,311,0.3449999999999999,56.30829289026233,52.52861056506307,six_direct_or_near_direct_only
train_1m,312,0.8468468468468469,63.1630042895307,46.88248580068713,six_direct_or_near_direct_only
train_1m,313,0.976,60.76823896168909,52.70129295172251,six_direct_or_near_direct_only
train_1m,314,0.15000000000000002,57.29830759741957,38.059427713394825,six_direct_or_near_direct_only
train_1m,315,0.16283716283716285,58.97672055155053,42.101706215697924,six_direct_or_near_direct_only
train_1m,316,0.8428428428428427,58.94428400411339,44.353547556691865,six_direct_or_near_direct_only
train_1m,317,0.6936936936936937,63.60852277368506,46.61775695756412,six_direct_or_near_direct_only
train_1m,318,0.768,63.60463670802003,61.10199543203588,six_direct_or_near_direct_only
train_1m,319,0.4235764235764235,55.443313662674754,34.94752456863316,six_direct_or_near_direct_only
train_1m,320,0.6816816816816815,62.459138916350156,60.145131239642225,six_direct_or_near_direct_only
train_1m,321,0.7867867867867866,62.976675391765774,58.48878266463021,six_direct_or_near_direct_only
train_1m,322,0.5804195804195804,54.05696011676782,32.9815551597347,six_direct_or_near_direct_only
train_1m,323,0.28500000000000003,62.147175176645206,44.13642436597047,six_direct_or_near_direct_only
train_1m,324,0.8191808191808192,57.72717018678957,44.75723559337779,six_direct_or_near_direct_only
train_1m,325,0.6136136136136136,60.108622502107366,41.26858198919929,six_direct_or_near_direct_only
train_1m,326,0.779,64.81503673411746,46.035681690820354,six_direct_or_near_direct_only
train_1m,327,0.249,58.01965791558656,51.04840779380885,six_direct_or_near_direct_only
train_1m,328,0.0,,,six_direct_or_near_direct_only
train_1m,329,0.929,61.999134161475425,44.08163968848131,six_direct_or_near_direct_only
train_1m,330,0.7382617382617382,62.05357310140738,46.98185170200545,six_direct_or_near_direct_only
train_1m,331,0.10400000000000001,55.5849647505207,42.04584883938066,six_direct_or_near_direct_only
train_1m,332,0.25074925074925075,60.86036232701681,42.1255119198693,six_direct_or_near_direct_only
train_1m,333,0.2012012012012012,63.81402219490854,60.29022368362004,six_direct_or_near_direct_only
train_1m,334,0.6549999999999999,64.73341244719936,47.455889567578346,six_direct_or_near_direct_only
train_1m,335,0.09790209790209788,64.54334075094508,46.82696460129035,six_direct_or_near_direct_only
train_1m,336,0.23399999999999999,54.87848903599337,34.14455499174258,six_direct_or_near_direct_only
train_1m,337,0.967,63.72715708109728,46.541655660488175,six_direct_or_near_direct_only
train_1m,338,0.43000000000000005,59.56718546086609,40.594808196213464,six_direct_or_near_direct_only
train_1m,339,0.3906093906093905,62.32977030308338,57.190049364945715,six_direct_or_near_direct_only
train_1m,340,0.168,63.16386838611825,45.88180507867152,six_direct_or_near_direct_only
train_1m,341,0.11311311311311312,54.152164334620466,33.09707840337262,six_direct_or_near_direct_only
train_1m,342,0.7837837837837838,63.60317543208262,46.77141439933748,six_direct_or_near_direct_only
train_1m,343,0.43756243756243757,54.87448026381478,36.27273924241989,six_direct_or_near_direct_only
train_1m,344,0.9800199800199803,55.959278424596725,35.69033510344163,six_direct_or_near_direct_only
train_1m,345,0.665,64.54927430059153,48.33193121227477,six_direct_or_near_direct_only
train_1m,346,0.58,63.587871182118974,48.18779155468642,six_direct_or_near_direct_only
train_1m,347,0.9549549549549549,64.81503673411746,46.035681690820354,six_direct_or_near_direct_only
train_1m,348,0.29700000000000004,64.7511665385049,46.05248736276721,six_direct_or_near_direct_only
train_1m,349,0.4065934065934066,60.01760417222354,42.10553878135924,six_direct_or_near_direct_only
train_1m,350,0.7005988023952098,61.8060757839651,42.99864991470257,six_direct_or_near_direct_only
train_1m,351,0.773226773226773,64.20074103612045,55.66468218521593,six_direct_or_near_direct_only
train_1m,352,0.52,60.26279517482018,41.34547065159953,six_direct_or_near_direct_only
train_1m,353,0.27099999999999996,53.654897417161926,37.19827954519771,six_direct_or_near_direct_only
train_1m,354,0.403,53.68071682752464,50.12970527667335,six_direct_or_near_direct_only
train_1m,355,0.2627372627372627,53.70083703106174,35.889730589011435,six_direct_or_near_direct_only
train_1m,356,0.7052947052947052,63.56397615164503,48.85396155105285,six_direct_or_near_direct_only
train_1m,357,0.368,63.99113173846574,57.266053154660774,six_direct_or_near_direct_only
train_1m,358,0.6496496496496496,63.451231028499755,55.59572532351817,six_direct_or_near_direct_only
train_1m,359,0.397,61.35159347308939,48.13081804922611,six_direct_or_near_direct_only
train_1m,360,0.7302697302697303,51.01618284640035,40.63730325181631,six_direct_or_near_direct_only
train_1m,361,0.892,54.56509577852086,33.687471814020014,six_direct_or_near_direct_only
train_1m,362,0.9369369369369368,54.11660921255987,33.200355094656494,six_direct_or_near_direct_only
train_1m,363,0.6002004008016031,60.06540744162708,52.36253752456064,six_direct_or_near_direct_only
train_1m,364,0.6626626626626626,60.313928045672895,41.39459308732169,six_direct_or_near_direct_only
train_1m,365,0.682,61.692708114646614,43.82851007401514,six_direct_or_near_direct_only
train_1m,366,0.9359359359359358,58.285476413003735,38.21442963735822,six_direct_or_near_direct_only
train_1m,367,0.43643643643643637,53.65450425692311,46.86299317397812,six_direct_or_near_direct_only
train_1m,368,0.6373626373626374,56.09467134999249,46.931415950236286,six_direct_or_near_direct_only
train_1m,369,0.7150000000000001,57.743996890626775,38.24531976980591,six_direct_or_near_direct_only
train_1m,370,0.5685685685685685,63.27847221606557,60.877867155773814,six_direct_or_near_direct_only
train_1m,371,0.194,63.93527012250239,60.372515556354756,six_direct_or_near_direct_only
train_1m,372,0.13113113113113112,57.017908359233246,38.89518735553753,six_direct_or_near_direct_only
train_1m,373,0.256,63.496590398799306,46.4579577177458,six_direct_or_near_direct_only
train_1m,374,0.5405405405405405,58.12526902551429,38.04455295902231,six_direct_or_near_direct_only
train_1m,375,0.542,58.098308336796954,40.689755559305766,six_direct_or_near_direct_only
train_1m,376,0.507,63.691283368572044,49.938524346083916,six_direct_or_near_direct_only
train_1m,377,0.4424424424424424,63.058737598201766,47.134505643815594,six_direct_or_near_direct_only
train_1m,378,0.986,54.09372650381066,33.210006914186145,six_direct_or_near_direct_only
train_1m,379,0.49749749749749744,62.34028200771432,47.593754112862406,six_direct_or_near_direct_only
train_1m,380,0.29800000000000004,46.6446818348655,49.270869205748355,six_direct_or_near_direct_only
train_1m,381,0.6172344689378756,58.9601270332006,40.30522163690591,six_direct_or_near_direct_only
train_1m,382,0.004004004004004004,45.84558863718831,51.02696625903608,six_direct_or_near_direct_only
train_1m,383,0.8618618618618619,54.09024082288947,33.02906805798497,six_direct_or_near_direct_only
train_1m,384,0.5870000000000001,54.27341307289536,43.07511170782101,six_direct_or_near_direct_only
train_1m,385,0.930930930930931,60.749635491024236,43.76913133554392,six_direct_or_near_direct_only
train_1m,386,0.0,,,six_direct_or_near_direct_only
train_1m,387,0.029058116232464924,60.44486332540496,41.63237847320644,six_direct_or_near_direct_only
train_1m,388,0.8600000000000001,64.19882397664365,46.18279222256859,six_direct_or_near_direct_only
train_1m,389,0.998,64.81503673411746,46.035681690820354,six_direct_or_near_direct_only
train_1m,390,0.49101796407185627,63.59450887794903,46.52500957099729,six_direct_or_near_direct_only
train_1m,391,0.41600000000000004,63.426928982536666,46.65536084836502,six_direct_or_near_direct_only
train_1m,392,0.6046046046046045,64.0053105698571,55.20531650891607,six_direct_or_near_direct_only
train_1m,393,0.5879999999999999,59.07213134688891,47.37015444050385,six_direct_or_near_direct_only
train_1m,394,0.012,49.00716332000984,50.19508549766679,six_direct_or_near_direct_only
train_1m,395,0.77,61.45762840872895,44.07622481934363,six_direct_or_near_direct_only
train_1m,396,0.8611388611388612,56.69349987449772,55.2468410939858,six_direct_or_near_direct_only
train_1m,397,0.533,52.874014680973346,46.48048280134634,six_direct_or_near_direct_only
train_1m,398,0.5110220440881763,63.56595592872446,57.71766630786418,six_direct_or_near_direct_only
train_1m,399,0.8161838161838161,61.766197308155895,50.648824042452254,six_direct_or_near_direct_only
train_1m,400,0.553,58.06316616601725,39.32569833653083,six_direct_or_near_direct_only
train_1m,401,0.42442442442442435,61.001323529134744,45.71647632561123,six_direct_or_near_direct_only
train_1m,402,0.56312625250501,63.391053131137575,58.931343646297364,six_direct_or_near_direct_only
train_1m,403,0.5410821643286573,63.69441631992255,55.613689880637324,six_direct_or_near_direct_only
train_1m,404,0.647,63.83845833424007,48.455801199918824,six_direct_or_near_direct_only
train_1m,405,0.0,,,six_direct_or_near_direct_only
train_1m,406,0.30469530469530465,60.215895613046456,41.36151212123428,six_direct_or_near_direct_only
train_1m,407,0.3346693386773547,62.27072605056364,46.456112318441555,six_direct_or_near_direct_only
train_1m,408,0.9670329670329672,54.618479787112825,33.797371895134496,six_direct_or_near_direct_only
train_1m,409,0.622,58.35418256635316,41.348777692074236,six_direct_or_near_direct_only
train_1m,410,0.951,61.50802855884334,43.316672445599046,six_direct_or_near_direct_only
train_1m,411,0.24148296593186366,54.34854061053791,51.06617971832423,six_direct_or_near_direct_only
train_1m,412,0.978978978978979,62.03436396234598,59.29605059833559,six_direct_or_near_direct_only
train_1m,413,0.5325325325325325,63.85701495713769,46.16723357656447,six_direct_or_near_direct_only
train_1m,414,0.8639999999999999,63.37258809465876,45.08871036939815,six_direct_or_near_direct_only
train_1m,415,0.8597194388777555,58.906959389870984,42.99050286917887,six_direct_or_near_direct_only
train_1m,416,0.918081918081918,58.42126982006319,39.971015593535434,six_direct_or_near_direct_only
train_1m,417,0.819639278557114,64.06946714608652,48.7406410701341,six_direct_or_near_direct_only
train_1m,418,0.9999999999999999,63.34726338595632,60.08719625575924,six_direct_or_near_direct_only
train_1m,419,0.6783216783216783,62.681401664505245,44.58431362214803,six_direct_or_near_direct_only
train_1m,420,0.7770000000000001,57.720236399600935,38.21139832029218,six_direct_or_near_direct_only
train_1m,421,0.545,63.196657407724466,55.38355037447401,six_direct_or_near_direct_only
train_1m,422,0.592,55.08699840733782,48.55310587275983,six_direct_or_near_direct_only
train_1m,423,0.776,54.13081240535224,33.08698970971791,six_direct_or_near_direct_only
train_1m,424,0.22745490981963923,61.44064210254815,45.18701209140456,six_direct_or_near_direct_only
train_1m,425,0.7785571142284569,57.87651305787903,41.18900653133094,six_direct_or_near_direct_only
train_1m,426,0.39060939060939054,60.21695312206878,41.55182864491765,six_direct_or_near_direct_only
train_1m,427,0.0501002004008016,48.03732261239013,50.772244751537194,six_direct_or_near_direct_only
train_1m,428,0.142,61.56149718254101,43.02474640760157,six_direct_or_near_direct_only
train_1m,429,0.40800000000000003,54.103781502340944,33.048399286194645,six_direct_or_near_direct_only
train_1m,430,0.5275275275275275,64.09744412141453,45.31633473239467,six_direct_or_near_direct_only
train_1m,431,0.36163836163836166,64.4127291075012,47.842188731945086,six_direct_or_near_direct_only
train_1m,432,0.876,63.60852277368505,46.61775695756412,six_direct_or_near_direct_only
train_1m,433,0.456,62.53863540393855,54.35489730790961,six_direct_or_near_direct_only
train_1m,434,0.6469999999999999,59.34469312525045,53.200111275522794,six_direct_or_near_direct_only
train_1m,435,0.001,45.84558863718831,51.02696625903608,six_direct_or_near_direct_only
train_1m,436,0.8131868131868132,58.33990082033441,42.53455402645032,six_direct_or_near_direct_only
train_1m,437,0.8460000000000001,59.30191474750062,49.34806999914827,six_direct_or_near_direct_only
train_1m,438,0.6313686313686313,59.06668667574363,44.92951664812514,six_direct_or_near_direct_only
train_1m,439,0.5805805805805806,54.47645208333918,38.91294906722248,six_direct_or_near_direct_only
train_1m,440,0.33233233233233234,64.76240720411924,46.50877007047162,six_direct_or_near_direct_only
train_1m,441,0.668,60.34400593551113,43.440743991437685,six_direct_or_near_direct_only
train_1m,442,0.22522522522522523,60.529811305656416,41.80868080876386,six_direct_or_near_direct_only
train_1m,443,0.4674674674674675,64.03715211936839,51.61123881976532,six_direct_or_near_direct_only
train_1m,444,0.997,63.60971849288315,46.64761318819075,six_direct_or_near_direct_only
train_1m,445,0.23429710867397802,59.0529266974208,40.50693090420205,six_direct_or_near_direct_only
train_1m,446,0.4235764235764236,62.43363295616071,52.527636537175894,six_direct_or_near_direct_only
train_1m,447,0.3406593406593406,61.52971500234449,43.73578632436253,six_direct_or_near_direct_only
train_1m,448,0.39239239239239243,61.685585949176385,43.44183639527069,six_direct_or_near_direct_only
train_1m,449,0.5274725274725275,61.47078517319528,43.48763469634171,six_direct_or_near_direct_only
train_1m,450,0.998998998998999,56.21773039480769,35.721589240882764,six_direct_or_near_direct_only
train_1m,451,0.595,56.03414913166685,37.83688389401963,six_direct_or_near_direct_only
train_1m,452,0.32232232232232233,64.19218484792796,61.43823700336502,six_direct_or_near_direct_only
train_1m,453,0.825,55.673038039849274,35.19176153924518,six_direct_or_near_direct_only
train_1m,454,0.4214214214214214,57.46036854328594,37.796608522543806,six_direct_or_near_direct_only
train_1m,455,0.482,48.08436682592229,48.75878223382511,six_direct_or_near_direct_only
train_1m,456,0.046953046953046945,63.60852277368506,46.61775695756412,six_direct_or_near_direct_only
train_1m,457,0.5614385614385614,63.46634271311124,59.808641797985906,six_direct_or_near_direct_only
train_1m,458,0.7667667667667667,54.50777853305893,33.61990312824564,six_direct_or_near_direct_only
train_1m,459,0.7130000000000001,59.03908498042083,47.98583689602369,six_direct_or_near_direct_only
train_1m,460,0.9349999999999999,63.29789154705125,46.17299624725987,six_direct_or_near_direct_only
train_1m,461,0.9850149850149852,61.50592243712125,46.08070290364817,six_direct_or_near_direct_only
train_1m,462,0.377,52.73984303522034,48.95821738115555,six_direct_or_near_direct_only
train_1m,463,0.44,64.74374272736463,46.07007704749157,six_direct_or_near_direct_only
train_1m,464,0.27772227772227775,61.43618608183732,50.20412894814633,six_direct_or_near_direct_only
train_1m,465,1.0,54.142924180680076,33.10428097591516,six_direct_or_near_direct_only
train_1m,466,0.3426853707414829,63.0251038689367,55.47339247012568,six_direct_or_near_direct_only
train_1m,467,0.13986013986013984,49.85805293474561,50.61882319924679,six_direct_or_near_direct_only
train_1m,468,1.0,57.065691768616155,37.01156617655913,six_direct_or_near_direct_only
train_1m,469,0.7290000000000001,62.131937260940106,54.25924420739969,six_direct_or_near_direct_only
train_1m,470,0.716867469879518,56.22512041940217,54.634221487041756,six_direct_or_near_direct_only
train_1m,471,0.31468531468531463,58.23579207417713,41.28307891223661,six_direct_or_near_direct_only
train_1m,472,0.843156843156843,55.06634819051426,47.83797977947496,six_direct_or_near_direct_only
train_1m,473,0.0779220779220779,60.30876480846705,42.34805158444939,six_direct_or_near_direct_only
train_1m,474,0.95004995004995,63.133299860060525,48.08724236532677,six_direct_or_near_direct_only
train_1m,475,0.7732267732267731,63.54346034481891,52.8680283570819,six_direct_or_near_direct_only
train_1m,476,0.6523476523476525,61.49686865572131,46.560530756943,six_direct_or_near_direct_only
train_1m,477,0.6306306306306306,60.629458230404765,50.411203533507326,six_direct_or_near_direct_only
train_1m,478,0.6853146853146853,61.483133659412246,45.17343298651443,six_direct_or_near_direct_only
train_1m,479,0.767,63.91173172555609,49.514949128725455,six_direct_or_near_direct_only
train_1m,480,0.858,64.20458879393057,61.50108792493914,six_direct_or_near_direct_only
train_1m,481,0.234,63.66437187332589,59.192150663160426,six_direct_or_near_direct_only
train_1m,482,0.12412412412412413,64.81503673411746,46.035681690820354,six_direct_or_near_direct_only
train_1m,483,0.4025974025974025,56.132084772502694,47.74124935692567,six_direct_or_near_direct_only
train_1m,484,0.7927927927927927,61.82740952743288,53.85475354339856,six_direct_or_near_direct_only
train_1m,485,0.7702297702297702,54.989548031041956,42.7845627736321,six_direct_or_near_direct_only
train_1m,486,0.3313313313313313,61.15975348468013,43.21172813605847,six_direct_or_near_direct_only
train_1m,487,0.699,64.20458879393057,61.50108792493914,six_direct_or_near_direct_only
train_1m,488,0.987,55.715365836229964,35.21345848382475,six_direct_or_near_direct_only
train_1m,489,0.34530938123752497,61.470080540226654,43.23050194031254,six_direct_or_near_direct_only
train_1m,490,0.013013013013013011,63.42400197261036,59.30727771223111,six_direct_or_near_direct_only
train_1m,491,0.7727727727727729,62.28845645386026,59.96256794539348,six_direct_or_near_direct_only
train_1m,492,0.021042084168336674,61.02142535271954,46.265349531368805,six_direct_or_near_direct_only
train_1m,493,0.222,58.17426039231771,54.743873270707255,six_direct_or_near_direct_only
train_1m,494,0.129,63.89768136364577,44.92253911840219,six_direct_or_near_direct_only
train_1m,495,0.4444444444444444,62.28686907904426,56.99450873689993,six_direct_or_near_direct_only
train_1m,496,0.6556886227544911,63.308534279995854,44.49918643733257,six_direct_or_near_direct_only
train_1m,497,0.687,61.784710110723374,45.28297495937556,six_direct_or_near_direct_only
train_1m,498,0.9409409409409409,61.83736346199467,47.056200971682614,six_direct_or_near_direct_only
train_1m,499,0.6666666666666666,57.24769161368057,38.61887382860892,six_direct_or_near_direct_only
train_1m,500,0.706,59.22982127290951,47.33593370162296,six_direct_or_near_direct_only
train_1m,501,0.32667332667332666,47.51914507033449,50.5925926990204,six_direct_or_near_direct_only
train_1m,502,0.4158316633266533,47.44319962481973,50.1260318062887,six_direct_or_near_direct_only
train_1m,503,0.893,63.97426899127844,59.49757632409708,six_direct_or_near_direct_only
train_1m,504,0.6620000000000001,53.33154408930414,39.59167485889661,six_direct_or_near_direct_only
train_1m,505,0.6506506506506505,54.79710303133215,45.25060298796442,six_direct_or_near_direct_only
train_1m,506,0.3949999999999999,55.25053980532443,55.656282914303986,six_direct_or_near_direct_only
train_1m,507,0.3353353353353353,55.377713885483836,36.18061738827978,six_direct_or_near_direct_only
train_1m,508,0.9219219219219219,60.156205480965895,41.54270912407556,six_direct_or_near_direct_only
train_1m,509,0.9640000000000001,62.814742782319016,59.59994502217767,six_direct_or_near_direct_only
train_1m,510,0.32,59.81340689502761,54.04204430914289,six_direct_or_near_direct_only
train_1m,511,0.6176176176176176,62.986949367507634,48.936774521457366,six_direct_or_near_direct_only
train_1m,512,0.9490000000000001,64.00677918507535,60.49878460870847,six_direct_or_near_direct_only
test_1m,1,0.44844844844844833,63.12022203612298,49.423124406028585,six_direct_or_near_direct_only
test_1m,2,0.7632367632367631,63.78901251828,47.22568272063215,six_direct_or_near_direct_only
test_1m,3,0.755,52.65435361955036,39.47783526570686,six_direct_or_near_direct_only
test_1m,4,0.7202797202797204,57.02235716455887,51.448769549666245,six_direct_or_near_direct_only
test_1m,5,0.888111888111888,63.86134582541294,58.2377097550157,six_direct_or_near_direct_only
test_1m,6,0.6543456543456545,56.52798355016602,40.61805676055275,six_direct_or_near_direct_only
test_1m,7,0.995995995995996,54.128350469270465,33.18219508873613,six_direct_or_near_direct_only
test_1m,8,0.976,62.657650731290474,46.60333803003341,six_direct_or_near_direct_only
test_1m,9,0.49350649350649345,63.51184703829116,46.47973872074398,six_direct_or_near_direct_only
test_1m,10,0.22899999999999998,62.47155710102117,59.30571742989945,six_direct_or_near_direct_only
test_1m,11,0.5750000000000001,57.75932054667286,38.62280209537311,six_direct_or_near_direct_only
test_1m,12,0.804,63.647539394296054,46.59893362804256,six_direct_or_near_direct_only
test_1m,13,0.6480000000000001,54.06151843041815,34.75092226394675,six_direct_or_near_direct_only
test_1m,14,0.6233766233766235,60.84656929758872,42.20246688945417,six_direct_or_near_direct_only
test_1m,15,0.8300000000000001,59.56958676091032,40.46274590093749,six_direct_or_near_direct_only
test_1m,16,0.3803803803803804,58.29556580330519,54.75907973230361,six_direct_or_near_direct_only
test_1m,17,0.7417417417417417,55.66482570803541,52.63713824099467,six_direct_or_near_direct_only
test_1m,18,0.2808425275827482,58.00728699466332,44.08380184333215,six_direct_or_near_direct_only
test_1m,19,0.686,54.160507348167435,33.272570800195965,six_direct_or_near_direct_only
test_1m,20,0.9159159159159159,60.546625302158645,50.54454202059361,six_direct_or_near_direct_only
test_1m,21,0.2502502502502502,53.69928389518727,39.53802850061902,six_direct_or_near_direct_only
test_1m,22,0.4405594405594407,56.22011258060894,36.2546832300171,six_direct_or_near_direct_only
test_1m,23,0.44789579158316634,47.2534216270314,50.05932112748933,six_direct_or_near_direct_only
test_1m,24,0.896,56.50187840774605,36.36937792747821,six_direct_or_near_direct_only
test_1m,25,0.166,61.33151943034338,48.121229143951936,six_direct_or_near_direct_only
test_1m,26,0.969,64.19852636555507,61.35993480171517,six_direct_or_near_direct_only
test_1m,27,0.091,63.64985292464267,44.639722132520646,six_direct_or_near_direct_only
test_1m,28,0.5625625625625624,53.00665810640675,42.16714947819616,six_direct_or_near_direct_only
test_1m,29,0.966,56.519008876159525,36.49647674116278,six_direct_or_near_direct_only
test_1m,30,0.3296593186372746,57.8940931543588,46.90605190533895,six_direct_or_near_direct_only
test_1m,31,0.48400000000000004,54.958105853220424,34.129985516704245,six_direct_or_near_direct_only
test_1m,32,0.242,64.5827773438351,49.95461171085945,six_direct_or_near_direct_only
test_1m,33,0.7927927927927927,62.07840392014702,46.99841455771223,six_direct_or_near_direct_only
test_1m,34,0.7250000000000001,54.87445905212932,45.460924782897855,six_direct_or_near_direct_only
test_1m,35,0.595,62.22075284754544,45.08394726338603,six_direct_or_near_direct_only
test_1m,36,0.42900000000000005,57.80922387411228,44.94592336751564,six_direct_or_near_direct_only
test_1m,37,0.686,52.53237555540867,36.83676530664604,six_direct_or_near_direct_only
test_1m,38,0.5835835835835836,57.11962673820391,41.56898120891306,six_direct_or_near_direct_only
test_1m,39,0.606,64.53750932294119,52.0276431419514,six_direct_or_near_direct_only
test_1m,40,0.8378378378378378,60.47951417027044,45.51093824800391,six_direct_or_near_direct_only
test_1m,41,0.449,60.823143754234266,44.099144488815014,six_direct_or_near_direct_only
test_1m,42,0.5174825174825175,60.17188939015306,41.208354588183525,six_direct_or_near_direct_only
test_1m,43,0.994,61.14815678853312,42.42478403538133,six_direct_or_near_direct_only
test_1m,44,0.3386613386613387,57.75084596117423,56.65291755396174,six_direct_or_near_direct_only
test_1m,45,0.325,63.83825047971507,56.66911678185855,six_direct_or_near_direct_only
test_1m,46,0.8908908908908909,62.99316638094557,44.222370522665635,six_direct_or_near_direct_only
test_1m,47,0.13813813813813813,55.07040211695292,34.21129171701088,six_direct_or_near_direct_only
test_1m,48,0.7650000000000001,53.03330717960355,37.6864641957786,six_direct_or_near_direct_only
test_1m,49,0.923,64.78251605689572,46.333354883016725,six_direct_or_near_direct_only
test_1m,50,0.4724724724724725,54.30294011130858,46.30385919432131,six_direct_or_near_direct_only
test_1m,51,0.578,52.649544339752715,48.479049053586635,six_direct_or_near_direct_only
test_1m,52,0.14500000000000002,54.56050836961431,33.69696859837704,six_direct_or_near_direct_only
test_1m,53,0.31799999999999995,57.92959405957703,47.1627140942228,six_direct_or_near_direct_only
test_1m,54,0.7502497502497503,63.77300985163962,59.29847665002054,six_direct_or_near_direct_only
test_1m,55,0.3506493506493507,64.41695355439376,45.60137711278011,six_direct_or_near_direct_only
test_1m,56,0.43200000000000005,62.929621945786444,51.049033041764254,six_direct_or_near_direct_only
test_1m,57,0.001,54.05696011676782,32.9815551597347,six_direct_or_near_direct_only
test_1m,58,0.6350000000000001,63.382859953603834,45.67826591163974,six_direct_or_near_direct_only
test_1m,59,0.3213213213213213,60.57924050143514,48.47263201284989,six_direct_or_near_direct_only
test_1m,60,0.9109109109109108,63.99895874167864,52.43331208889896,six_direct_or_near_direct_only
test_1m,61,1.0,62.7762843566045,45.49490927995017,six_direct_or_near_direct_only
test_1m,62,0.9689689689689689,63.47299699225102,47.98422530219894,six_direct_or_near_direct_only
test_1m,63,0.004,56.59386728605851,40.11143835103581,six_direct_or_near_direct_only
test_1m,64,0.22399999999999998,56.2173732423802,37.632460208857914,six_direct_or_near_direct_only
test_1m,65,0.995995995995996,60.63094714364224,47.951537628215135,six_direct_or_near_direct_only
test_1m,66,0.11699999999999999,63.69101945474027,46.57795693932524,six_direct_or_near_direct_only
test_1m,67,0.952,60.38202986362825,59.301388254145365,six_direct_or_near_direct_only
test_1m,68,0.8622754491017963,62.68542699548599,46.908575353732886,six_direct_or_near_direct_only
test_1m,69,0.22100000000000003,49.97873771438358,44.26691676221343,six_direct_or_near_direct_only
test_1m,70,0.988,64.01928256638274,46.355865900396886,six_direct_or_near_direct_only
test_1m,71,0.5934065934065935,58.718746529131515,39.2554460827151,six_direct_or_near_direct_only
test_1m,72,0.35264735264735264,64.18303114727372,56.92539653427506,six_direct_or_near_direct_only
test_1m,73,0.07615230460921842,63.03207372404859,46.15081647314888,six_direct_or_near_direct_only
test_1m,74,0.5795795795795795,63.48580820279388,46.648217816296224,six_direct_or_near_direct_only
test_1m,75,0.48948948948948945,60.92551492384411,43.67299535513209,six_direct_or_near_direct_only
test_1m,76,0.6243756243756244,61.334965161285744,47.58707232792183,six_direct_or_near_direct_only
test_1m,77,0.9540918163672656,61.391201853433614,43.13822964016068,six_direct_or_near_direct_only
test_1m,78,0.22022022022022023,54.829621623164456,36.23366511738668,six_direct_or_near_direct_only
test_1m,79,0.997,53.43878639193562,34.54395337338056,six_direct_or_near_direct_only
test_1m,80,0.16800000000000004,61.61596920564342,48.65913565885649,six_direct_or_near_direct_only
test_1m,81,0.16216216216216214,62.33137311450306,44.29630413042527,six_direct_or_near_direct_only
test_1m,82,0.5464535464535465,54.78012829838867,38.522807770334715,six_direct_or_near_direct_only
test_1m,83,0.292,55.63482377520302,45.80752116465181,six_direct_or_near_direct_only
test_1m,84,0.7812187812187814,63.76552821212847,46.52760873351937,six_direct_or_near_direct_only
test_1m,85,0.519,54.63503262413845,33.686945560769644,six_direct_or_near_direct_only
test_1m,86,0.9639639639639639,63.39372690064282,60.10864707948172,six_direct_or_near_direct_only
test_1m,87,0.03303303303303304,60.21051818108791,41.263091178068834,six_direct_or_near_direct_only
test_1m,88,0.39639639639639634,63.369233425970194,46.50983403791931,six_direct_or_near_direct_only
test_1m,89,0.915,61.667214083550505,43.902863754934465,six_direct_or_near_direct_only
test_1m,90,0.6386386386386383,58.210122009509,48.411658245186906,six_direct_or_near_direct_only
test_1m,91,0.8897795591182365,61.41847734228167,54.60255031928185,six_direct_or_near_direct_only
test_1m,92,0.464,62.92156726889028,48.35543007360427,six_direct_or_near_direct_only
test_1m,93,0.5905905905905906,55.26015672781525,36.34324823356404,six_direct_or_near_direct_only
test_1m,94,0.7522477522477521,62.2405474793864,51.42010722360253,six_direct_or_near_direct_only
test_1m,95,0.545,60.377277551913885,41.43930014232897,six_direct_or_near_direct_only
test_1m,96,0.62,64.71092631523989,45.909351434067915,six_direct_or_near_direct_only
test_1m,97,0.49650349650349646,62.058549133160916,46.261726468621575,six_direct_or_near_direct_only
test_1m,98,0.1,54.36463801998382,33.3956319606514,six_direct_or_near_direct_only
test_1m,99,0.47400000000000003,64.4745912715431,45.622576420849285,six_direct_or_near_direct_only
test_1m,100,0.372,64.53114562214883,53.227927063139035,six_direct_or_near_direct_only
test_1m,101,0.217564870259481,56.86416061164706,56.97968774250593,six_direct_or_near_direct_only
test_1m,102,0.20800000000000002,53.4780488662684,54.28861945908914,six_direct_or_near_direct_only
test_1m,103,0.40881763527054105,53.32581629185407,55.016007674995876,six_direct_or_near_direct_only
test_1m,104,0.8008008008008006,62.88606903399868,56.452808292526115,six_direct_or_near_direct_only
test_1m,105,0.621,61.752821718625576,43.87084931682533,six_direct_or_near_direct_only
test_1m,106,0.9520479520479521,64.33075692395931,45.64584651610385,six_direct_or_near_direct_only
test_1m,107,0.7275449101796405,63.34179051005496,47.08443491649124,six_direct_or_near_direct_only
test_1m,108,0.495,51.44434178203986,47.001087383085576,six_direct_or_near_direct_only
test_1m,109,0.913,63.50521116960107,46.50100410319003,six_direct_or_near_direct_only
test_1m,110,0.509,64.43839798772312,45.665525828944055,six_direct_or_near_direct_only
test_1m,111,0.9159159159159158,64.47103547637929,54.4386523772248,six_direct_or_near_direct_only
test_1m,112,0.1281281281281281,64.7864219869212,46.76062260804468,six_direct_or_near_direct_only
test_1m,113,0.6990972918756269,56.998623615827206,45.30369050077539,six_direct_or_near_direct_only
test_1m,114,0.292,61.94111824618467,43.19641997689077,six_direct_or_near_direct_only
test_1m,115,0.71,63.79146056697426,46.626486338196585,six_direct_or_near_direct_only
test_1m,116,0.8837675350701402,61.377942996004535,48.06390100475935,six_direct_or_near_direct_only
test_1m,117,0.894,64.6891895629298,45.9127284913661,six_direct_or_near_direct_only
test_1m,118,0.15515515515515513,46.53318608763335,50.85628718930168,six_direct_or_near_direct_only
test_1m,119,0.7217217217217217,59.251825152714396,41.48214358372762,six_direct_or_near_direct_only
test_1m,120,0.42614770459081835,60.31604216223257,42.107318864669566,six_direct_or_near_direct_only
test_1m,121,0.879120879120879,54.339221684952335,42.86978949629682,six_direct_or_near_direct_only
test_1m,122,0.44300000000000006,57.312266748739404,37.9363277844419,six_direct_or_near_direct_only
test_1m,123,0.5745745745745745,64.37741468869389,55.13234897254538,six_direct_or_near_direct_only
test_1m,124,0.316,46.97568214083999,48.872194617964674,six_direct_or_near_direct_only
test_1m,125,0.3063063063063063,54.94101697083995,48.804697402736856,six_direct_or_near_direct_only
test_1m,126,0.18118118118118115,55.70730197295465,36.64566928762717,six_direct_or_near_direct_only
test_1m,127,0.014028056112224447,60.750154999061216,47.10524266972372,six_direct_or_near_direct_only
test_1m,128,0.645,61.09362249081003,52.73803153805328,six_direct_or_near_direct_only
test_1m,129,0.9820179820179822,61.48164283082447,43.59573966334668,six_direct_or_near_direct_only
test_1m,130,0.537,55.279001437033465,34.97040086200314,six_direct_or_near_direct_only
test_1m,131,0.47200000000000003,55.91507924226292,49.492452173419444,six_direct_or_near_direct_only
test_1m,132,0.88,63.09842178792974,50.82884401342522,six_direct_or_near_direct_only
test_1m,133,0.17547357926221338,55.92386949768572,39.08960984238599,six_direct_or_near_direct_only
test_1m,134,0.7692307692307693,62.15038093590526,46.80261501163937,six_direct_or_near_direct_only
test_1m,135,0.58,54.05696011676782,32.9815551597347,six_direct_or_near_direct_only
test_1m,136,0.22422422422422422,52.32263276189304,46.62450472699282,six_direct_or_near_direct_only
test_1m,137,0.6096096096096096,60.010597256846935,40.85758352965398,six_direct_or_near_direct_only
test_1m,138,0.779220779220779,54.73665499109112,33.94009720821373,six_direct_or_near_direct_only
test_1m,139,0.989,63.17753745187735,58.35401623353628,six_direct_or_near_direct_only
test_1m,140,0.17499999999999996,55.99277254973498,49.709809879433344,six_direct_or_near_direct_only
test_1m,141,0.8818818818818819,57.630933069099875,41.93141888783516,six_direct_or_near_direct_only
test_1m,142,0.8360000000000001,57.89026527750799,42.96254093634537,six_direct_or_near_direct_only
test_1m,143,0.48948948948948945,56.17197894473427,50.16675549667943,six_direct_or_near_direct_only
test_1m,144,0.29670329670329676,50.66408493619387,51.538644991808674,six_direct_or_near_direct_only
test_1m,145,0.92007992007992,58.160166511308766,38.80283068373668,six_direct_or_near_direct_only
test_1m,146,0.646,60.79169873465944,44.207939001916834,six_direct_or_near_direct_only
test_1m,147,0.8691308691308691,61.02879620730798,41.47449114898751,six_direct_or_near_direct_only
test_1m,148,0.1801801801801802,56.85252784551573,36.56520424137918,six_direct_or_near_direct_only
test_1m,149,0.709,56.12416057529718,35.529454660239686,six_direct_or_near_direct_only
test_1m,150,0.09790209790209789,64.0508535362803,46.37404945043235,six_direct_or_near_direct_only
test_1m,151,0.6023976023976025,63.88015537999573,45.82734237284968,six_direct_or_near_direct_only
test_1m,152,0.40659340659340654,63.371018380805545,48.8056239065161,six_direct_or_near_direct_only
test_1m,153,0.6023976023976023,52.27395509095528,50.3767550584202,six_direct_or_near_direct_only
test_1m,154,0.9,58.12949773921398,42.44492722282424,six_direct_or_near_direct_only
test_1m,155,0.26719840478564305,55.17864201740461,45.885835565684246,six_direct_or_near_direct_only
test_1m,156,0.185,62.041143048400414,43.0347461039813,six_direct_or_near_direct_only
test_1m,157,0.8458458458458458,55.456939372300525,47.28118777035972,six_direct_or_near_direct_only
test_1m,158,0.5660000000000001,63.34349819744796,58.5896687120295,six_direct_or_near_direct_only
test_1m,159,0.7427427427427428,54.05696011676782,32.9815551597347,six_direct_or_near_direct_only
test_1m,160,0.23099999999999998,54.069206881370164,39.700128571275805,six_direct_or_near_direct_only
test_1m,161,0.752,63.3291607807053,46.19607351692405,six_direct_or_near_direct_only
test_1m,162,0.6766766766766766,54.40298565186653,33.67866545816715,six_direct_or_near_direct_only
test_1m,163,0.7892107892107894,64.47341612288668,49.74489628130707,six_direct_or_near_direct_only
test_1m,164,0.5754245754245755,56.68224303937061,43.436543705274275,six_direct_or_near_direct_only
test_1m,165,0.16616616616616617,48.49242562302238,50.28747805110239,six_direct_or_near_direct_only
test_1m,166,0.17082917082917085,55.228439261685615,42.13156503402607,six_direct_or_near_direct_only
test_1m,167,0.4974974974974975,57.459278047174436,45.73106419362756,six_direct_or_near_direct_only
test_1m,168,0.884,61.897234263585524,46.53185709618267,six_direct_or_near_direct_only
test_1m,169,0.141,60.71499983842134,46.492305874149054,six_direct_or_near_direct_only
test_1m,170,0.6273726273726274,63.091867328976015,45.942932954610974,six_direct_or_near_direct_only
test_1m,171,0.747,64.44249141020288,45.950933162371996,six_direct_or_near_direct_only
test_1m,172,0.7537537537537536,64.0466564169199,48.862443513193824,six_direct_or_near_direct_only
test_1m,173,0.719,64.02975264244861,56.459781935696626,six_direct_or_near_direct_only
test_1m,174,0.8748748748748749,53.322494222264915,38.04644899311967,six_direct_or_near_direct_only
test_1m,175,0.38999999999999996,55.105182966663435,34.25349569353279,six_direct_or_near_direct_only
test_1m,176,0.2637362637362637,63.1074385639948,45.67807412524636,six_direct_or_near_direct_only
test_1m,177,0.622,63.15159842290701,46.731177132521594,six_direct_or_near_direct_only
test_1m,178,0.47600000000000003,56.039393165492854,41.25932611924941,six_direct_or_near_direct_only
test_1m,179,0.6736736736736737,63.40741093424985,53.60070960697153,six_direct_or_near_direct_only
test_1m,180,0.1948051948051948,53.81545880151183,53.64863336344991,six_direct_or_near_direct_only
test_1m,181,0.598,59.776644455751416,41.12570918268858,six_direct_or_near_direct_only
test_1m,182,0.7362637362637363,63.315062219238975,57.735375899949524,six_direct_or_near_direct_only
test_1m,183,0.214,64.32691844768678,49.91447314791885,six_direct_or_near_direct_only
test_1m,184,0.8361638361638362,61.12775228979803,46.77516346465788,six_direct_or_near_direct_only
test_1m,185,0.993,63.59616896929957,46.611147762030505,six_direct_or_near_direct_only
test_1m,186,0.991,64.02585541784802,57.37049913359298,six_direct_or_near_direct_only
test_1m,187,0.8190000000000001,59.3965906673997,42.27374749271118,six_direct_or_near_direct_only
test_1m,188,0.4545454545454545,60.30978636533355,47.2336434224203,six_direct_or_near_direct_only
test_1m,189,0.7577577577577578,63.6623400058455,47.985411318730925,six_direct_or_near_direct_only
test_1m,190,0.6673326673326675,62.59312040937237,50.63527237303359,six_direct_or_near_direct_only
test_1m,191,0.139,59.929500687246666,47.64935249485731,six_direct_or_near_direct_only
test_1m,192,0.6429999999999999,54.28533877889029,48.360478312748945,six_direct_or_near_direct_only
test_1m,193,0.8668668668668668,64.13808155423249,59.988558103345504,six_direct_or_near_direct_only
test_1m,194,0.997,63.84964406275795,46.44653189249156,six_direct_or_near_direct_only
test_1m,195,0.1181181181181181,63.51493066272303,49.554681317364505,six_direct_or_near_direct_only
test_1m,196,0.313,60.42113730662352,50.593380689477435,six_direct_or_near_direct_only
test_1m,197,0.8291708291708291,60.691757585693054,45.45724179176358,six_direct_or_near_direct_only
test_1m,198,0.8969999999999999,57.60090902621362,37.28916046489375,six_direct_or_near_direct_only
test_1m,199,0.508,55.66746838164081,50.626625413670915,six_direct_or_near_direct_only
test_1m,200,0.40740740740740744,54.75989471516296,50.77910611910587,six_direct_or_near_direct_only
test_1m,201,0.395,61.24270747331802,52.441189148950386,six_direct_or_near_direct_only
test_1m,202,0.07200000000000001,63.92271021956494,60.708878681461236,six_direct_or_near_direct_only
test_1m,203,0.49250749250749243,62.99455878622094,47.5487206705637,six_direct_or_near_direct_only
test_1m,204,0.4179999999999999,61.4944466132038,46.01401333664386,six_direct_or_near_direct_only
test_1m,205,0.901,61.55183116397042,55.86892172563923,six_direct_or_near_direct_only
test_1m,206,0.26626626626626626,47.91386641587939,46.48169353853536,six_direct_or_near_direct_only
test_1m,207,0.561,54.75570064101473,34.40863598388956,six_direct_or_near_direct_only
test_1m,208,0.742,54.05696011676782,32.9815551597347,six_direct_or_near_direct_only
test_1m,209,0.118,63.91526361108313,46.46977172025638,six_direct_or_near_direct_only
test_1m,210,0.5564435564435565,55.588940922079544,46.15159985198908,six_direct_or_near_direct_only
test_1m,211,0.851851851851852,63.50412832931052,44.74400586248599,six_direct_or_near_direct_only
test_1m,212,0.17317317317317316,63.450556560845385,50.2256387107456,six_direct_or_near_direct_only
test_1m,213,0.533,64.18555009097155,61.44758035877553,six_direct_or_near_direct_only
test_1m,214,0.24524524524524527,62.84357701345221,45.49747017488322,six_direct_or_near_direct_only
test_1m,215,0.27644710578842313,62.86909767033147,48.55290351258948,six_direct_or_near_direct_only
test_1m,216,0.9829999999999999,54.3525245565767,35.34553276091343,six_direct_or_near_direct_only
test_1m,217,0.9400000000000001,60.61125112751405,47.31066893090199,six_direct_or_near_direct_only
test_1m,218,0.5824175824175825,64.16248569311178,61.21522163222886,six_direct_or_near_direct_only
test_1m,219,0.5601202404809618,61.24646368590229,44.12349325263074,six_direct_or_near_direct_only
test_1m,220,0.19100000000000003,47.531976203851634,50.23032654245252,six_direct_or_near_direct_only
test_1m,221,0.06387225548902195,47.03117914324638,50.715010973522595,six_direct_or_near_direct_only
test_1m,222,0.9339999999999999,61.12555658842636,42.8530357789755,six_direct_or_near_direct_only
test_1m,223,0.8511488511488513,58.30929225703717,48.9869729502901,six_direct_or_near_direct_only
test_1m,224,0.021978021978021976,63.745299771008256,47.24135606819537,six_direct_or_near_direct_only
test_1m,225,0.8698698698698699,62.74484168168638,50.09074550045434,six_direct_or_near_direct_only
test_1m,226,0.19299999999999998,60.71632250151818,49.18011659764328,six_direct_or_near_direct_only
test_1m,227,0.969,57.96628326755671,40.391278030776796,six_direct_or_near_direct_only
test_1m,228,0.98001998001998,62.95013899469303,56.0229798391801,six_direct_or_near_direct_only
test_1m,229,0.9699398797595189,62.47346706633131,46.42332551256372,six_direct_or_near_direct_only
test_1m,230,0.46499999999999997,56.714633262291876,38.891820414374074,six_direct_or_near_direct_only
test_1m,231,0.7906281156530408,54.040115839189454,51.10234116488272,six_direct_or_near_direct_only
test_1m,232,0.145,59.9493997362142,41.88950250273167,six_direct_or_near_direct_only
test_1m,233,0.2932932932932933,54.48859549519443,33.56512303054076,six_direct_or_near_direct_only
test_1m,234,0.822,64.20313851164286,61.4648754408336,six_direct_or_near_direct_only
test_1m,235,0.29200000000000004,63.42233074121398,46.32435061348218,six_direct_or_near_direct_only
test_1m,236,0.46699999999999997,50.64459662794163,44.92688728387535,six_direct_or_near_direct_only
test_1m,237,0.8641358641358641,56.69651670909339,40.39993073449886,six_direct_or_near_direct_only
test_1m,238,0.037037037037037035,64.20458879393057,61.50108792493914,six_direct_or_near_direct_only
test_1m,239,0.358,62.64180362856989,48.25221684548153,six_direct_or_near_direct_only
test_1m,240,0.713,64.72528026808655,48.01524199120186,six_direct_or_near_direct_only
test_1m,241,0.8611388611388611,53.80944980866125,35.52999143440923,six_direct_or_near_direct_only
test_1m,242,0.625,62.23212162924924,42.92743597333438,six_direct_or_near_direct_only
test_1m,243,0.46499999999999997,61.09238243196341,47.20188284528201,six_direct_or_near_direct_only
test_1m,244,0.607,62.45194190708609,45.225117757659575,six_direct_or_near_direct_only
test_1m,245,0.527,64.2229023855943,55.58296463824723,six_direct_or_near_direct_only
test_1m,246,0.884,61.56855503860474,44.532651013208266,six_direct_or_near_direct_only
test_1m,247,0.9820359281437128,54.50325161736316,41.470422963074334,six_direct_or_near_direct_only
test_1m,248,0.994,61.37447669829729,42.519069122526844,six_direct_or_near_direct_only
test_1m,249,0.758,58.432230593152084,43.444042126800994,six_direct_or_near_direct_only
test_1m,250,0.7447447447447448,54.904411305454744,34.16663112038652,six_direct_or_near_direct_only
test_1m,251,0.33999999999999997,60.77039886121459,46.33411204938806,six_direct_or_near_direct_only
test_1m,252,0.5395395395395394,58.3261664978922,38.94438491776575,six_direct_or_near_direct_only
test_1m,253,0.27172827172827174,59.61819156436692,40.68370525628893,six_direct_or_near_direct_only
test_1m,254,0.429,64.44092223393704,46.35762454601827,six_direct_or_near_direct_only
test_1m,255,0.7087087087087087,57.57288987500465,43.05589309971536,six_direct_or_near_direct_only
test_1m,256,0.999,55.659201801535865,35.70391561283661,six_direct_or_near_direct_only
test_60m,1,0.44844844844844833,63.12022203612298,49.423124406028585,six_direct_or_near_direct_only
test_60m,2,0.7632367632367631,63.78901251828,47.22568272063215,six_direct_or_near_direct_only
test_60m,3,0.755,52.65435361955036,39.47783526570686,six_direct_or_near_direct_only
test_60m,4,0.7202797202797204,57.02235716455887,51.448769549666245,six_direct_or_near_direct_only
test_60m,5,0.888111888111888,63.86134582541294,58.2377097550157,six_direct_or_near_direct_only
test_60m,6,0.6543456543456545,56.52798355016602,40.61805676055275,six_direct_or_near_direct_only
test_60m,7,0.995995995995996,54.128350469270465,33.18219508873613,six_direct_or_near_direct_only
test_60m,8,0.976,62.657650731290474,46.60333803003341,six_direct_or_near_direct_only
test_60m,9,0.49350649350649345,63.51184703829116,46.47973872074398,six_direct_or_near_direct_only
test_60m,10,0.22899999999999998,62.47155710102117,59.30571742989945,six_direct_or_near_direct_only
test_60m,11,0.5750000000000001,57.75932054667286,38.62280209537311,six_direct_or_near_direct_only
test_60m,12,0.804,63.647539394296054,46.59893362804256,six_direct_or_near_direct_only
test_60m,13,0.6480000000000001,54.06151843041815,34.75092226394675,six_direct_or_near_direct_only
test_60m,14,0.6233766233766235,60.84656929758872,42.20246688945417,six_direct_or_near_direct_only
test_60m,15,0.8300000000000001,59.56958676091032,40.46274590093749,six_direct_or_near_direct_only
test_60m,16,0.3803803803803804,58.29556580330519,54.75907973230361,six_direct_or_near_direct_only
test_60m,17,0.7417417417417417,55.66482570803541,52.63713824099467,six_direct_or_near_direct_only
test_60m,18,0.2808425275827482,58.00728699466332,44.08380184333215,six_direct_or_near_direct_only
test_60m,19,0.686,54.160507348167435,33.272570800195965,six_direct_or_near_direct_only
test_60m,20,0.9159159159159159,60.546625302158645,50.54454202059361,six_direct_or_near_direct_only
test_60m,21,0.2502502502502502,53.69928389518727,39.53802850061902,six_direct_or_near_direct_only
test_60m,22,0.4405594405594407,56.22011258060894,36.2546832300171,six_direct_or_near_direct_only
test_60m,23,0.44789579158316634,47.2534216270314,50.05932112748933,six_direct_or_near_direct_only
test_60m,24,0.896,56.50187840774605,36.36937792747821,six_direct_or_near_direct_only
test_60m,25,0.166,61.33151943034338,48.121229143951936,six_direct_or_near_direct_only
test_60m,26,0.969,64.19852636555507,61.35993480171517,six_direct_or_near_direct_only
test_60m,27,0.091,63.64985292464267,44.639722132520646,six_direct_or_near_direct_only
test_60m,28,0.5625625625625624,53.00665810640675,42.16714947819616,six_direct_or_near_direct_only
test_60m,29,0.966,56.519008876159525,36.49647674116278,six_direct_or_near_direct_only
test_60m,30,0.3296593186372746,57.8940931543588,46.90605190533895,six_direct_or_near_direct_only
test_60m,31,0.48400000000000004,54.958105853220424,34.129985516704245,six_direct_or_near_direct_only
test_60m,32,0.242,64.5827773438351,49.95461171085945,six_direct_or_near_direct_only
test_60m,33,0.7927927927927927,62.07840392014702,46.99841455771223,six_direct_or_near_direct_only
test_60m,34,0.7250000000000001,54.87445905212932,45.460924782897855,six_direct_or_near_direct_only
test_60m,35,0.595,62.22075284754544,45.08394726338603,six_direct_or_near_direct_only
test_60m,36,0.42900000000000005,57.80922387411228,44.94592336751564,six_direct_or_near_direct_only
test_60m,37,0.686,52.53237555540867,36.83676530664604,six_direct_or_near_direct_only
test_60m,38,0.5835835835835836,57.11962673820391,41.56898120891306,six_direct_or_near_direct_only
test_60m,39,0.606,64.53750932294119,52.0276431419514,six_direct_or_near_direct_only
test_60m,40,0.8378378378378378,60.47951417027044,45.51093824800391,six_direct_or_near_direct_only
test_60m,41,0.449,60.823143754234266,44.099144488815014,six_direct_or_near_direct_only
test_60m,42,0.5174825174825175,60.17188939015306,41.208354588183525,six_direct_or_near_direct_only
test_60m,43,0.994,61.14815678853312,42.42478403538133,six_direct_or_near_direct_only
test_60m,44,0.3386613386613387,57.75084596117423,56.65291755396174,six_direct_or_near_direct_only
test_60m,45,0.325,63.83825047971507,56.66911678185855,six_direct_or_near_direct_only
test_60m,46,0.8908908908908909,62.99316638094557,44.222370522665635,six_direct_or_near_direct_only
test_60m,47,0.13813813813813813,55.07040211695292,34.21129171701088,six_direct_or_near_direct_only
test_60m,48,0.7650000000000001,53.03330717960355,37.6864641957786,six_direct_or_near_direct_only
test_60m,49,0.923,64.78251605689572,46.333354883016725,six_direct_or_near_direct_only
test_60m,50,0.4724724724724725,54.30294011130858,46.30385919432131,six_direct_or_near_direct_only
test_60m,51,0.578,52.649544339752715,48.479049053586635,six_direct_or_near_direct_only
test_60m,52,0.14500000000000002,54.56050836961431,33.69696859837704,six_direct_or_near_direct_only
test_60m,53,0.31799999999999995,57.92959405957703,47.1627140942228,six_direct_or_near_direct_only
test_60m,54,0.7502497502497503,63.77300985163962,59.29847665002054,six_direct_or_near_direct_only
test_60m,55,0.3506493506493507,64.41695355439376,45.60137711278011,six_direct_or_near_direct_only
test_60m,56,0.43200000000000005,62.929621945786444,51.049033041764254,six_direct_or_near_direct_only
test_60m,57,0.001,54.05696011676782,32.9815551597347,six_direct_or_near_direct_only
test_60m,58,0.6350000000000001,63.382859953603834,45.67826591163974,six_direct_or_near_direct_only
test_60m,59,0.3213213213213213,60.57924050143514,48.47263201284989,six_direct_or_near_direct_only
test_60m,60,0.9109109109109108,63.99895874167864,52.43331208889896,six_direct_or_near_direct_only
test_60m,61,1.0,62.7762843566045,45.49490927995017,six_direct_or_near_direct_only
test_60m,62,0.9689689689689689,63.47299699225102,47.98422530219894,six_direct_or_near_direct_only
test_60m,63,0.004,56.59386728605851,40.11143835103581,six_direct_or_near_direct_only
test_60m,64,0.22399999999999998,56.2173732423802,37.632460208857914,six_direct_or_near_direct_only
test_60m,65,0.995995995995996,60.63094714364224,47.951537628215135,six_direct_or_near_direct_only
test_60m,66,0.11699999999999999,63.69101945474027,46.57795693932524,six_direct_or_near_direct_only
test_60m,67,0.952,60.38202986362825,59.301388254145365,six_direct_or_near_direct_only
test_60m,68,0.8622754491017963,62.68542699548599,46.908575353732886,six_direct_or_near_direct_only
test_60m,69,0.22100000000000003,49.97873771438358,44.26691676221343,six_direct_or_near_direct_only
test_60m,70,0.988,64.01928256638274,46.355865900396886,six_direct_or_near_direct_only
test_60m,71,0.5934065934065935,58.718746529131515,39.2554460827151,six_direct_or_near_direct_only
test_60m,72,0.35264735264735264,64.18303114727372,56.92539653427506,six_direct_or_near_direct_only
test_60m,73,0.07615230460921842,63.03207372404859,46.15081647314888,six_direct_or_near_direct_only
test_60m,74,0.5795795795795795,63.48580820279388,46.648217816296224,six_direct_or_near_direct_only
test_60m,75,0.48948948948948945,60.92551492384411,43.67299535513209,six_direct_or_near_direct_only
test_60m,76,0.6243756243756244,61.334965161285744,47.58707232792183,six_direct_or_near_direct_only
test_60m,77,0.9540918163672656,61.391201853433614,43.13822964016068,six_direct_or_near_direct_only
test_60m,78,0.22022022022022023,54.829621623164456,36.23366511738668,six_direct_or_near_direct_only
test_60m,79,0.997,53.43878639193562,34.54395337338056,six_direct_or_near_direct_only
test_60m,80,0.16800000000000004,61.61596920564342,48.65913565885649,six_direct_or_near_direct_only
test_60m,81,0.16216216216216214,62.33137311450306,44.29630413042527,six_direct_or_near_direct_only
test_60m,82,0.5464535464535465,54.78012829838867,38.522807770334715,six_direct_or_near_direct_only
test_60m,83,0.292,55.63482377520302,45.80752116465181,six_direct_or_near_direct_only
test_60m,84,0.7812187812187814,63.76552821212847,46.52760873351937,six_direct_or_near_direct_only
test_60m,85,0.519,54.63503262413845,33.686945560769644,six_direct_or_near_direct_only
test_60m,86,0.9639639639639639,63.39372690064282,60.10864707948172,six_direct_or_near_direct_only
test_60m,87,0.03303303303303304,60.21051818108791,41.263091178068834,six_direct_or_near_direct_only
test_60m,88,0.39639639639639634,63.369233425970194,46.50983403791931,six_direct_or_near_direct_only
test_60m,89,0.915,61.667214083550505,43.902863754934465,six_direct_or_near_direct_only
test_60m,90,0.6386386386386383,58.210122009509,48.411658245186906,six_direct_or_near_direct_only
test_60m,91,0.8897795591182365,61.41847734228167,54.60255031928185,six_direct_or_near_direct_only
test_60m,92,0.464,62.92156726889028,48.35543007360427,six_direct_or_near_direct_only
test_60m,93,0.5905905905905906,55.26015672781525,36.34324823356404,six_direct_or_near_direct_only
test_60m,94,0.7522477522477521,62.2405474793864,51.42010722360253,six_direct_or_near_direct_only
test_60m,95,0.545,60.377277551913885,41.43930014232897,six_direct_or_near_direct_only
test_60m,96,0.62,64.71092631523989,45.909351434067915,six_direct_or_near_direct_only
test_60m,97,0.49650349650349646,62.058549133160916,46.261726468621575,six_direct_or_near_direct_only
test_60m,98,0.1,54.36463801998382,33.3956319606514,six_direct_or_near_direct_only
test_60m,99,0.47400000000000003,64.4745912715431,45.622576420849285,six_direct_or_near_direct_only
test_60m,100,0.372,64.53114562214883,53.227927063139035,six_direct_or_near_direct_only
test_60m,101,0.217564870259481,56.86416061164706,56.97968774250593,six_direct_or_near_direct_only
test_60m,102,0.20800000000000002,53.4780488662684,54.28861945908914,six_direct_or_near_direct_only
test_60m,103,0.40881763527054105,53.32581629185407,55.016007674995876,six_direct_or_near_direct_only
test_60m,104,0.8008008008008006,62.88606903399868,56.452808292526115,six_direct_or_near_direct_only
test_60m,105,0.621,61.752821718625576,43.87084931682533,six_direct_or_near_direct_only
test_60m,106,0.9520479520479521,64.33075692395931,45.64584651610385,six_direct_or_near_direct_only
test_60m,107,0.7275449101796405,63.34179051005496,47.08443491649124,six_direct_or_near_direct_only
test_60m,108,0.495,51.44434178203986,47.001087383085576,six_direct_or_near_direct_only
test_60m,109,0.913,63.50521116960107,46.50100410319003,six_direct_or_near_direct_only
test_60m,110,0.509,64.43839798772312,45.665525828944055,six_direct_or_near_direct_only
test_60m,111,0.9159159159159158,64.47103547637929,54.4386523772248,six_direct_or_near_direct_only
test_60m,112,0.1281281281281281,64.7864219869212,46.76062260804468,six_direct_or_near_direct_only
test_60m,113,0.6990972918756269,56.998623615827206,45.30369050077539,six_direct_or_near_direct_only
test_60m,114,0.292,61.94111824618467,43.19641997689077,six_direct_or_near_direct_only
test_60m,115,0.71,63.79146056697426,46.626486338196585,six_direct_or_near_direct_only
test_60m,116,0.8837675350701402,61.377942996004535,48.06390100475935,six_direct_or_near_direct_only
test_60m,117,0.894,64.6891895629298,45.9127284913661,six_direct_or_near_direct_only
test_60m,118,0.15515515515515513,46.53318608763335,50.85628718930168,six_direct_or_near_direct_only
test_60m,119,0.7217217217217217,59.251825152714396,41.48214358372762,six_direct_or_near_direct_only
test_60m,120,0.42614770459081835,60.31604216223257,42.107318864669566,six_direct_or_near_direct_only
test_60m,121,0.879120879120879,54.339221684952335,42.86978949629682,six_direct_or_near_direct_only
test_60m,122,0.44300000000000006,57.312266748739404,37.9363277844419,six_direct_or_near_direct_only
test_60m,123,0.5745745745745745,64.37741468869389,55.13234897254538,six_direct_or_near_direct_only
test_60m,124,0.316,46.97568214083999,48.872194617964674,six_direct_or_near_direct_only
test_60m,125,0.3063063063063063,54.94101697083995,48.804697402736856,six_direct_or_near_direct_only
test_60m,126,0.18118118118118115,55.70730197295465,36.64566928762717,six_direct_or_near_direct_only
test_60m,127,0.014028056112224447,60.750154999061216,47.10524266972372,six_direct_or_near_direct_only
test_60m,128,0.645,61.09362249081003,52.73803153805328,six_direct_or_near_direct_only
test_60m,129,0.9820179820179822,61.48164283082447,43.59573966334668,six_direct_or_near_direct_only
test_60m,130,0.537,55.279001437033465,34.97040086200314,six_direct_or_near_direct_only
test_60m,131,0.47200000000000003,55.91507924226292,49.492452173419444,six_direct_or_near_direct_only
test_60m,132,0.88,63.09842178792974,50.82884401342522,six_direct_or_near_direct_only
test_60m,133,0.17547357926221338,55.92386949768572,39.08960984238599,six_direct_or_near_direct_only
test_60m,134,0.7692307692307693,62.15038093590526,46.80261501163937,six_direct_or_near_direct_only
test_60m,135,0.58,54.05696011676782,32.9815551597347,six_direct_or_near_direct_only
test_60m,136,0.22422422422422422,52.32263276189304,46.62450472699282,six_direct_or_near_direct_only
test_60m,137,0.6096096096096096,60.010597256846935,40.85758352965398,six_direct_or_near_direct_only
test_60m,138,0.779220779220779,54.73665499109112,33.94009720821373,six_direct_or_near_direct_only
test_60m,139,0.989,63.17753745187735,58.35401623353628,six_direct_or_near_direct_only
test_60m,140,0.17499999999999996,55.99277254973498,49.709809879433344,six_direct_or_near_direct_only
test_60m,141,0.8818818818818819,57.630933069099875,41.93141888783516,six_direct_or_near_direct_only
test_60m,142,0.8360000000000001,57.89026527750799,42.96254093634537,six_direct_or_near_direct_only
test_60m,143,0.48948948948948945,56.17197894473427,50.16675549667943,six_direct_or_near_direct_only
test_60m,144,0.29670329670329676,50.66408493619387,51.538644991808674,six_direct_or_near_direct_only
test_60m,145,0.92007992007992,58.160166511308766,38.80283068373668,six_direct_or_near_direct_only
test_60m,146,0.646,60.79169873465944,44.207939001916834,six_direct_or_near_direct_only
test_60m,147,0.8691308691308691,61.02879620730798,41.47449114898751,six_direct_or_near_direct_only
test_60m,148,0.1801801801801802,56.85252784551573,36.56520424137918,six_direct_or_near_direct_only
test_60m,149,0.709,56.12416057529718,35.529454660239686,six_direct_or_near_direct_only
test_60m,150,0.09790209790209789,64.0508535362803,46.37404945043235,six_direct_or_near_direct_only
test_60m,151,0.6023976023976025,63.88015537999573,45.82734237284968,six_direct_or_near_direct_only
test_60m,152,0.40659340659340654,63.371018380805545,48.8056239065161,six_direct_or_near_direct_only
test_60m,153,0.6023976023976023,52.27395509095528,50.3767550584202,six_direct_or_near_direct_only
test_60m,154,0.9,58.12949773921398,42.44492722282424,six_direct_or_near_direct_only
test_60m,155,0.26719840478564305,55.17864201740461,45.885835565684246,six_direct_or_near_direct_only
test_60m,156,0.185,62.041143048400414,43.0347461039813,six_direct_or_near_direct_only
test_60m,157,0.8458458458458458,55.456939372300525,47.28118777035972,six_direct_or_near_direct_only
test_60m,158,0.5660000000000001,63.34349819744796,58.5896687120295,six_direct_or_near_direct_only
test_60m,159,0.7427427427427428,54.05696011676782,32.9815551597347,six_direct_or_near_direct_only
test_60m,160,0.23099999999999998,54.069206881370164,39.700128571275805,six_direct_or_near_direct_only
test_60m,161,0.752,63.3291607807053,46.19607351692405,six_direct_or_near_direct_only
test_60m,162,0.6766766766766766,54.40298565186653,33.67866545816715,six_direct_or_near_direct_only
test_60m,163,0.7892107892107894,64.47341612288668,49.74489628130707,six_direct_or_near_direct_only
test_60m,164,0.5754245754245755,56.68224303937061,43.436543705274275,six_direct_or_near_direct_only
test_60m,165,0.16616616616616617,48.49242562302238,50.28747805110239,six_direct_or_near_direct_only
test_60m,166,0.17082917082917085,55.228439261685615,42.13156503402607,six_direct_or_near_direct_only
test_60m,167,0.4974974974974975,57.459278047174436,45.73106419362756,six_direct_or_near_direct_only
test_60m,168,0.884,61.897234263585524,46.53185709618267,six_direct_or_near_direct_only
test_60m,169,0.141,60.71499983842134,46.492305874149054,six_direct_or_near_direct_only
test_60m,170,0.6273726273726274,63.091867328976015,45.942932954610974,six_direct_or_near_direct_only
test_60m,171,0.747,64.44249141020288,45.950933162371996,six_direct_or_near_direct_only
test_60m,172,0.7537537537537536,64.0466564169199,48.862443513193824,six_direct_or_near_direct_only
test_60m,173,0.719,64.02975264244861,56.459781935696626,six_direct_or_near_direct_only
test_60m,174,0.8748748748748749,53.322494222264915,38.04644899311967,six_direct_or_near_direct_only
test_60m,175,0.38999999999999996,55.105182966663435,34.25349569353279,six_direct_or_near_direct_only
test_60m,176,0.2637362637362637,63.1074385639948,45.67807412524636,six_direct_or_near_direct_only
test_60m,177,0.622,63.15159842290701,46.731177132521594,six_direct_or_near_direct_only
test_60m,178,0.47600000000000003,56.039393165492854,41.25932611924941,six_direct_or_near_direct_only
test_60m,179,0.6736736736736737,63.40741093424985,53.60070960697153,six_direct_or_near_direct_only
test_60m,180,0.1948051948051948,53.81545880151183,53.64863336344991,six_direct_or_near_direct_only
test_60m,181,0.598,59.776644455751416,41.12570918268858,six_direct_or_near_direct_only
test_60m,182,0.7362637362637363,63.315062219238975,57.735375899949524,six_direct_or_near_direct_only
test_60m,183,0.214,64.32691844768678,49.91447314791885,six_direct_or_near_direct_only
test_60m,184,0.8361638361638362,61.12775228979803,46.77516346465788,six_direct_or_near_direct_only
test_60m,185,0.993,63.59616896929957,46.611147762030505,six_direct_or_near_direct_only
test_60m,186,0.991,64.02585541784802,57.37049913359298,six_direct_or_near_direct_only
test_60m,187,0.8190000000000001,59.3965906673997,42.27374749271118,six_direct_or_near_direct_only
test_60m,188,0.4545454545454545,60.30978636533355,47.2336434224203,six_direct_or_near_direct_only
test_60m,189,0.7577577577577578,63.6623400058455,47.985411318730925,six_direct_or_near_direct_only
test_60m,190,0.6673326673326675,62.59312040937237,50.63527237303359,six_direct_or_near_direct_only
test_60m,191,0.139,59.929500687246666,47.64935249485731,six_direct_or_near_direct_only
test_60m,192,0.6429999999999999,54.28533877889029,48.360478312748945,six_direct_or_near_direct_only
test_60m,193,0.8668668668668668,64.13808155423249,59.988558103345504,six_direct_or_near_direct_only
test_60m,194,0.997,63.84964406275795,46.44653189249156,six_direct_or_near_direct_only
test_60m,195,0.1181181181181181,63.51493066272303,49.554681317364505,six_direct_or_near_direct_only
test_60m,196,0.313,60.42113730662352,50.593380689477435,six_direct_or_near_direct_only
test_60m,197,0.8291708291708291,60.691757585693054,45.45724179176358,six_direct_or_near_direct_only
test_60m,198,0.8969999999999999,57.60090902621362,37.28916046489375,six_direct_or_near_direct_only
test_60m,199,0.508,55.66746838164081,50.626625413670915,six_direct_or_near_direct_only
test_60m,200,0.40740740740740744,54.75989471516296,50.77910611910587,six_direct_or_near_direct_only
test_60m,201,0.395,61.24270747331802,52.441189148950386,six_direct_or_near_direct_only
test_60m,202,0.07200000000000001,63.92271021956494,60.708878681461236,six_direct_or_near_direct_only
test_60m,203,0.49250749250749243,62.99455878622094,47.5487206705637,six_direct_or_near_direct_only
test_60m,204,0.4179999999999999,61.4944466132038,46.01401333664386,six_direct_or_near_direct_only
test_60m,205,0.901,61.55183116397042,55.86892172563923,six_direct_or_near_direct_only
test_60m,206,0.26626626626626626,47.91386641587939,46.48169353853536,six_direct_or_near_direct_only
test_60m,207,0.561,54.75570064101473,34.40863598388956,six_direct_or_near_direct_only
test_60m,208,0.742,54.05696011676782,32.9815551597347,six_direct_or_near_direct_only
test_60m,209,0.118,63.91526361108313,46.46977172025638,six_direct_or_near_direct_only
test_60m,210,0.5564435564435565,55.588940922079544,46.15159985198908,six_direct_or_near_direct_only
test_60m,211,0.851851851851852,63.50412832931052,44.74400586248599,six_direct_or_near_direct_only
test_60m,212,0.17317317317317316,63.450556560845385,50.2256387107456,six_direct_or_near_direct_only
test_60m,213,0.533,64.18555009097155,61.44758035877553,six_direct_or_near_direct_only
test_60m,214,0.24524524524524527,62.84357701345221,45.49747017488322,six_direct_or_near_direct_only
test_60m,215,0.27644710578842313,62.86909767033147,48.55290351258948,six_direct_or_near_direct_only
test_60m,216,0.9829999999999999,54.3525245565767,35.34553276091343,six_direct_or_near_direct_only
test_60m,217,0.9400000000000001,60.61125112751405,47.31066893090199,six_direct_or_near_direct_only
test_60m,218,0.5824175824175825,64.16248569311178,61.21522163222886,six_direct_or_near_direct_only
test_60m,219,0.5601202404809618,61.24646368590229,44.12349325263074,six_direct_or_near_direct_only
test_60m,220,0.19100000000000003,47.531976203851634,50.23032654245252,six_direct_or_near_direct_only
test_60m,221,0.06387225548902195,47.03117914324638,50.715010973522595,six_direct_or_near_direct_only
test_60m,222,0.9339999999999999,61.12555658842636,42.8530357789755,six_direct_or_near_direct_only
test_60m,223,0.8511488511488513,58.30929225703717,48.9869729502901,six_direct_or_near_direct_only
test_60m,224,0.021978021978021976,63.745299771008256,47.24135606819537,six_direct_or_near_direct_only
test_60m,225,0.8698698698698699,62.74484168168638,50.09074550045434,six_direct_or_near_direct_only
test_60m,226,0.19299999999999998,60.71632250151818,49.18011659764328,six_direct_or_near_direct_only
test_60m,227,0.969,57.96628326755671,40.391278030776796,six_direct_or_near_direct_only
test_60m,228,0.98001998001998,62.95013899469303,56.0229798391801,six_direct_or_near_direct_only
test_60m,229,0.9699398797595189,62.47346706633131,46.42332551256372,six_direct_or_near_direct_only
test_60m,230,0.46499999999999997,56.714633262291876,38.891820414374074,six_direct_or_near_direct_only
test_60m,231,0.7906281156530408,54.040115839189454,51.10234116488272,six_direct_or_near_direct_only
test_60m,232,0.145,59.9493997362142,41.88950250273167,six_direct_or_near_direct_only
test_60m,233,0.2932932932932933,54.48859549519443,33.56512303054076,six_direct_or_near_direct_only
test_60m,234,0.822,64.20313851164286,61.4648754408336,six_direct_or_near_direct_only
test_60m,235,0.29200000000000004,63.42233074121398,46.32435061348218,six_direct_or_near_direct_only
test_60m,236,0.46699999999999997,50.64459662794163,44.92688728387535,six_direct_or_near_direct_only
test_60m,237,0.8641358641358641,56.69651670909339,40.39993073449886,six_direct_or_near_direct_only
test_60m,238,0.037037037037037035,64.20458879393057,61.50108792493914,six_direct_or_near_direct_only
test_60m,239,0.358,62.64180362856989,48.25221684548153,six_direct_or_near_direct_only
test_60m,240,0.713,64.72528026808655,48.01524199120186,six_direct_or_near_direct_only
test_60m,241,0.8611388611388611,53.80944980866125,35.52999143440923,six_direct_or_near_direct_only
test_60m,242,0.625,62.23212162924924,42.92743597333438,six_direct_or_near_direct_only
test_60m,243,0.46499999999999997,61.09238243196341,47.20188284528201,six_direct_or_near_direct_only
test_60m,244,0.607,62.45194190708609,45.225117757659575,six_direct_or_near_direct_only
test_60m,245,0.527,64.2229023855943,55.58296463824723,six_direct_or_near_direct_only
test_60m,246,0.884,61.56855503860474,44.532651013208266,six_direct_or_near_direct_only
test_60m,247,0.9820359281437128,54.50325161736316,41.470422963074334,six_direct_or_near_direct_only
test_60m,248,0.994,61.37447669829729,42.519069122526844,six_direct_or_near_direct_only
test_60m,249,0.758,58.432230593152084,43.444042126800994,six_direct_or_near_direct_only
test_60m,250,0.7447447447447448,54.904411305454744,34.16663112038652,six_direct_or_near_direct_only
test_60m,251,0.33999999999999997,60.77039886121459,46.33411204938806,six_direct_or_near_direct_only
test_60m,252,0.5395395395395394,58.3261664978922,38.94438491776575,six_direct_or_near_direct_only
test_60m,253,0.27172827172827174,59.61819156436692,40.68370525628893,six_direct_or_near_direct_only
test_60m,254,0.429,64.44092223393704,46.35762454601827,six_direct_or_near_direct_only
test_60m,255,0.7087087087087087,57.57288987500465,43.05589309971536,six_direct_or_near_direct_only
test_60m,256,0.999,55.659201801535865,35.70391561283661,six_direct_or_near_direct_only
test_1b,0,0.502,62.957703788183814,48.911681149588205,six_direct_or_near_direct_only
test_1b,1,0.4308617234468938,60.47086943714098,43.75703373145078,six_direct_or_near_direct_only
test_1b,2,0.747,62.256970770403,45.7902128044605,six_direct_or_near_direct_only
test_1b,3,0.6232464929859719,59.71900175577967,42.252672609212915,six_direct_or_near_direct_only
test_1b,4,0.6926926926926927,63.62614954915807,50.454537452091095,six_direct_or_near_direct_only
test_1b,5,0.53,60.09321438902514,42.221435395992806,six_direct_or_near_direct_only
test_1b,6,0.5531062124248497,56.07509861311342,48.56681346775771,six_direct_or_near_direct_only
test_1b,7,0.6422845691382765,62.5878350526572,49.037317153782446,six_direct_or_near_direct_only
test_1b,8,0.8079999999999998,62.556054119888586,47.8838801224987,six_direct_or_near_direct_only
test_1b,9,0.617,60.75818210498791,47.88243814157214,six_direct_or_near_direct_only
test_1b,10,0.4649999999999999,63.281057820808584,49.18072243937768,six_direct_or_near_direct_only
test_1b,11,0.689,62.9993661777601,48.19104635751419,six_direct_or_near_direct_only
test_1b,12,0.565130260521042,60.49714323951401,47.3286072911111,six_direct_or_near_direct_only
test_1b,13,0.3303303303303303,58.60378446479361,51.43282814533425,six_direct_or_near_direct_only
test_1b,14,0.815,62.531126921576,49.2764203650904,six_direct_or_near_direct_only
test_1b,15,0.7070000000000001,59.65861660722266,44.10630379292798,six_direct_or_near_direct_only
test_1b,16,0.514,63.373745994592745,52.47849228534918,six_direct_or_near_direct_only
test_1b,17,0.5844155844155843,62.56591475607829,44.83846638477283,six_direct_or_near_direct_only
test_1b,18,0.8180000000000001,63.05853733874999,54.220432929022884,six_direct_or_near_direct_only
test_1b,19,0.5670000000000001,60.04871401936504,46.39236404846723,six_direct_or_near_direct_only
test_1b,20,0.7667667667667666,61.21903191048142,43.4424958053302,six_direct_or_near_direct_only
test_1b,21,0.4910179640718563,58.55489036703815,44.97794527382173,six_direct_or_near_direct_only
test_1b,22,0.653,62.91266404283111,47.34611784459542,six_direct_or_near_direct_only
test_1b,23,0.5965965965965965,60.638188546000194,42.991049720352024,six_direct_or_near_direct_only
test_1b,24,0.319,60.04170507589976,44.683349914848016,six_direct_or_near_direct_only
test_1b,25,0.6970000000000001,58.515610387760184,46.47711507693189,six_direct_or_near_direct_only
test_1b,26,0.6192384769539078,62.63133030440239,46.239824763266974,six_direct_or_near_direct_only
test_1b,27,0.6993006993006994,55.31218180794442,47.34538918945401,six_direct_or_near_direct_only
test_1b,28,0.8888888888888888,62.0964031119632,48.747093156758176,six_direct_or_near_direct_only
test_1b,29,0.3647294589178356,61.124298129661426,45.51995915036591,six_direct_or_near_direct_only
test_1b,30,0.717,61.94706242712285,48.553121866726,six_direct_or_near_direct_only
test_1b,31,0.5504495504495504,58.95525503172552,44.327355223109535,six_direct_or_near_direct_only
test_1b,32,0.46946946946946944,63.05298868429768,48.870029369157976,six_direct_or_near_direct_only
test_1b,33,0.8428428428428427,62.2659559208301,51.18845440827666,six_direct_or_near_direct_only
test_1b,34,0.7817817817817817,63.32665009120469,49.29735060869618,six_direct_or_near_direct_only
test_1b,35,0.7210000000000001,61.60992509759629,50.49464656590713,six_direct_or_near_direct_only
test_1b,36,0.138,61.64130260589463,48.76859118632145,six_direct_or_near_direct_only
test_1b,37,0.516,60.802121210326675,49.296528719942344,six_direct_or_near_direct_only
test_1b,38,0.6763527054108216,63.34127372993952,50.49342762663283,six_direct_or_near_direct_only
test_1b,39,0.6799999999999999,62.38267611179201,48.10338723356224,six_direct_or_near_direct_only
test_1b,40,0.506,63.143359423330786,58.21228588818224,six_direct_or_near_direct_only
test_1b,41,0.7955911823647294,63.52189565767523,54.49950694019546,six_direct_or_near_direct_only
test_1b,42,0.8011988011988012,62.92561811848727,45.74548929179445,six_direct_or_near_direct_only
test_1b,43,0.595,58.998543697115,41.513549077670476,six_direct_or_near_direct_only
test_1b,44,0.711,64.05296903368979,48.56343887911101,six_direct_or_near_direct_only
test_1b,45,0.5914085914085914,61.42218989178938,43.90733392941415,six_direct_or_near_direct_only
test_1b,46,0.68,59.7852240451911,44.0378313698505,six_direct_or_near_direct_only
test_1b,47,0.7110000000000001,61.53523433385287,46.75683959435834,six_direct_or_near_direct_only
test_1b,48,0.7617617617617618,60.857636129616274,44.04915571438509,six_direct_or_near_direct_only
test_1b,49,0.3846153846153847,59.32847046796223,45.239331914631556,six_direct_or_near_direct_only
test_1b,50,0.6559999999999999,61.94660372758609,49.82698990904188,six_direct_or_near_direct_only
test_1b,51,0.532,53.988473831806274,45.003375825825096,six_direct_or_near_direct_only
test_1b,52,0.802,57.91509576829933,39.13747732910142,six_direct_or_near_direct_only
test_1b,53,0.5554445554445554,63.32629976811093,53.716939859481364,six_direct_or_near_direct_only
test_1b,54,0.4204204204204204,50.881907289674984,45.537862039540144,six_direct_or_near_direct_only
test_1b,55,0.745,63.34604141290568,50.73653451622467,six_direct_or_near_direct_only
test_1b,56,0.694,62.750940682276564,48.36451254402012,six_direct_or_near_direct_only
test_1b,57,0.7742257742257743,62.20225082978733,47.56886341383948,six_direct_or_near_direct_only
test_1b,58,0.7197197197197197,62.26892180534243,54.58801640889277,six_direct_or_near_direct_only
test_1b,59,0.48500000000000004,62.936439972548825,47.67966547335206,six_direct_or_near_direct_only
test_1b,60,0.7322677322677325,60.76629796546001,44.25112924016329,six_direct_or_near_direct_only
test_1b,61,0.5730000000000001,62.6840301156732,51.91034647038634,six_direct_or_near_direct_only
test_1b,62,0.481,62.015333040265915,49.18264548309066,six_direct_or_near_direct_only
test_1b,63,0.75,59.06242010382193,42.4735593521313,six_direct_or_near_direct_only
est_10b,1,0.996,59.88116008841616,47.542982604158134,six_direct_or_near_direct_only
est_10b,2,0.782565130260521,57.3672394353667,42.043379196052385,six_direct_or_near_direct_only
est_10b,3,0.9480000000000001,64.03545191687778,57.27786426436543,six_direct_or_near_direct_only
est_10b,4,0.6683316683316685,56.53752638641948,40.78549784093346,six_direct_or_near_direct_only
est_10b,5,0.8001998001998003,61.12965012155734,50.010849800924895,six_direct_or_near_direct_only
est_10b,6,0.8548548548548549,61.06385838786913,51.21777945683488,six_direct_or_near_direct_only
est_10b,7,0.23299999999999998,63.215229129326985,46.25580020762909,six_direct_or_near_direct_only
est_10b,8,0.3963963963963964,63.47395509083281,46.65116005833285,six_direct_or_near_direct_only
est_10b,9,0.003,60.21051818108791,41.263091178068834,six_direct_or_near_direct_only
est_10b,10,0.6930000000000001,60.35563575762327,42.148262567276554,six_direct_or_near_direct_only
est_10b,11,0.027,49.36076355003816,47.083834621690784,six_direct_or_near_direct_only
est_10b,12,0.17535070140280562,46.226552953083484,50.85833586304542,six_direct_or_near_direct_only
est_10b,13,0.161,63.60852277368505,46.61775695756412,six_direct_or_near_direct_only
est_10b,14,0.23476523476523475,54.254649487587116,42.7907919076874,six_direct_or_near_direct_only
est_10b,15,0.6503006012024047,61.26026899838594,43.397141614940836,six_direct_or_near_direct_only
est_10b,16,0.369,59.662796275863386,46.95286796345375,six_direct_or_near_direct_only
est_10b,17,0.7117117117117117,63.97332379730319,57.441926160128865,six_direct_or_near_direct_only
est_10b,18,0.5785785785785785,63.25499872673714,45.68669919485694,six_direct_or_near_direct_only
est_10b,19,0.6706706706706707,63.51735462896964,49.49466805071777,six_direct_or_near_direct_only
est_10b,20,0.441,56.743077080381596,46.995287263136866,six_direct_or_near_direct_only
est_10b,21,0.813186813186813,63.73074959385234,59.49397335458049,six_direct_or_near_direct_only
est_10b,22,0.5800000000000001,48.53471663448289,45.46778880677756,six_direct_or_near_direct_only
est_10b,23,0.059000000000000004,55.39141365871604,35.23302184960902,six_direct_or_near_direct_only
est_10b,24,0.018018018018018018,49.95127437697806,42.004260709385385,six_direct_or_near_direct_only
est_10b,25,0.5525525525525526,64.81503673411746,46.035681690820354,six_direct_or_near_direct_only
est_10b,26,0.4364364364364363,63.7105907965354,58.81047846223174,six_direct_or_near_direct_only
est_10b,27,0.26,52.687930335205934,45.1342876942994,six_direct_or_near_direct_only
est_10b,28,0.45845845845845845,61.6701339335119,46.78958653304674,six_direct_or_near_direct_only
est_10b,29,0.31368631368631367,46.58479333723591,50.939217663544405,six_direct_or_near_direct_only
est_10b,30,0.5714285714285714,51.676216454022466,43.9696349420311,six_direct_or_near_direct_only
est_10b,31,0.827,54.377356887823716,48.0331297918982,six_direct_or_near_direct_only
est_10b,32,0.028028028028028028,63.60852277368506,46.61775695756412,six_direct_or_near_direct_only
est_10b,33,0.999,52.815204177577115,43.12801324227329,six_direct_or_near_direct_only
est_10b,34,0.8381618381618381,54.373437326584416,34.166796288721486,six_direct_or_near_direct_only
est_10b,35,0.7909999999999999,62.80092368816523,43.94805044251186,six_direct_or_near_direct_only
est_10b,36,0.7757757757757757,62.74508572007208,57.97499030835427,six_direct_or_near_direct_only
est_10b,37,0.3987975951903807,59.7717753341098,41.257353398402294,six_direct_or_near_direct_only
est_10b,38,0.6576576576576577,63.61668806163363,46.821638203692544,six_direct_or_near_direct_only
est_10b,39,0.841,62.57749849574315,43.95517257647133,six_direct_or_near_direct_only
est_10b,40,0.12187812187812186,64.23408676654293,51.414374442747686,six_direct_or_near_direct_only
est_10b,41,0.921,54.2611830604433,35.749324407861025,six_direct_or_near_direct_only
est_10b,42,0.5214785214785214,55.00491800823027,36.10186772173953,six_direct_or_near_direct_only
est_10b,43,0.8441558441558442,59.1597754193804,52.29889219551793,six_direct_or_near_direct_only
est_10b,44,0.20899999999999996,61.395347703802315,42.82800575942575,six_direct_or_near_direct_only
est_10b,45,0.954045954045954,64.2110085081195,60.683460640082465,six_direct_or_near_direct_only
est_10b,46,0.5104895104895104,59.94671957090784,42.732389079135004,six_direct_or_near_direct_only
est_10b,47,0.5464535464535464,60.21051818108792,41.263091178068834,six_direct_or_near_direct_only
est_10b,48,0.527,64.2208774488157,49.16469149882909,six_direct_or_near_direct_only
est_10b,49,0.7799999999999999,64.14956731513867,60.12724198948915,six_direct_or_near_direct_only
est_10b,50,0.6819999999999999,63.4380117033279,57.51246686497229,six_direct_or_near_direct_only
est_10b,51,0.8068068068068067,55.839536060791545,35.15473289699581,six_direct_or_near_direct_only
est_10b,52,0.14014014014014015,60.877581257052825,54.0681865645734,six_direct_or_near_direct_only
est_10b,53,0.02402402402402402,51.23409406460551,40.09364832273664,six_direct_or_near_direct_only
est_10b,54,0.9340659340659342,63.60141701044048,48.09092730827917,six_direct_or_near_direct_only
est_10b,55,0.23800000000000002,62.160721381862196,53.69357288506721,six_direct_or_near_direct_only
est_10b,56,0.6347305389221555,58.00934066118635,49.019330740030036,six_direct_or_near_direct_only
est_10b,57,0.9980019980019981,61.13700340934767,47.23125054405522,six_direct_or_near_direct_only
est_10b,58,1.0,61.79817540144758,44.39430553117651,six_direct_or_near_direct_only
est_10b,59,0.2922922922922923,64.23385684585733,60.759595845221114,six_direct_or_near_direct_only
est_10b,60,0.809,61.99486426418721,52.482004848653055,six_direct_or_near_direct_only
est_10b,61,0.33533533533533527,64.25970919299714,46.667816906856515,six_direct_or_near_direct_only
est_10b,62,0.42400000000000004,62.42841916170157,47.370082075960525,six_direct_or_near_direct_only
est_10b,63,0.37200000000000005,63.883991667356966,47.52214566478494,six_direct_or_near_direct_only
est_70b,1,0.996,59.88116008841616,47.542982604158134,six_direct_or_near_direct_only
est_70b,2,0.782565130260521,57.3672394353667,42.043379196052385,six_direct_or_near_direct_only
est_70b,3,0.9480000000000001,64.03545191687778,57.27786426436543,six_direct_or_near_direct_only
est_70b,4,0.6683316683316685,56.53752638641948,40.78549784093346,six_direct_or_near_direct_only
est_70b,5,0.8001998001998003,61.12965012155734,50.010849800924895,six_direct_or_near_direct_only
est_70b,6,0.8548548548548549,61.06385838786913,51.21777945683488,six_direct_or_near_direct_only
est_70b,7,0.23299999999999998,63.215229129326985,46.25580020762909,six_direct_or_near_direct_only
est_70b,8,0.3963963963963964,63.47395509083281,46.65116005833285,six_direct_or_near_direct_only
est_70b,9,0.003,60.21051818108791,41.263091178068834,six_direct_or_near_direct_only
est_70b,10,0.6930000000000001,60.35563575762327,42.148262567276554,six_direct_or_near_direct_only
est_70b,11,0.027,49.36076355003816,47.083834621690784,six_direct_or_near_direct_only
est_70b,12,0.17535070140280562,46.226552953083484,50.85833586304542,six_direct_or_near_direct_only
est_70b,13,0.161,63.60852277368505,46.61775695756412,six_direct_or_near_direct_only
est_70b,14,0.23476523476523475,54.254649487587116,42.7907919076874,six_direct_or_near_direct_only
est_70b,15,0.6503006012024047,61.26026899838594,43.397141614940836,six_direct_or_near_direct_only
est_70b,16,0.369,59.662796275863386,46.95286796345375,six_direct_or_near_direct_only
est_70b,17,0.7117117117117117,63.97332379730319,57.441926160128865,six_direct_or_near_direct_only
est_70b,18,0.5785785785785785,63.25499872673714,45.68669919485694,six_direct_or_near_direct_only
est_70b,19,0.6706706706706707,63.51735462896964,49.49466805071777,six_direct_or_near_direct_only
est_70b,20,0.441,56.743077080381596,46.995287263136866,six_direct_or_near_direct_only
est_70b,21,0.813186813186813,63.73074959385234,59.49397335458049,six_direct_or_near_direct_only
est_70b,22,0.5800000000000001,48.53471663448289,45.46778880677756,six_direct_or_near_direct_only
est_70b,23,0.059000000000000004,55.39141365871604,35.23302184960902,six_direct_or_near_direct_only
est_70b,24,0.018018018018018018,49.95127437697806,42.004260709385385,six_direct_or_near_direct_only
est_70b,25,0.5525525525525526,64.81503673411746,46.035681690820354,six_direct_or_near_direct_only
est_70b,26,0.4364364364364363,63.7105907965354,58.81047846223174,six_direct_or_near_direct_only
est_70b,27,0.26,52.687930335205934,45.1342876942994,six_direct_or_near_direct_only
est_70b,28,0.45845845845845845,61.6701339335119,46.78958653304674,six_direct_or_near_direct_only
est_70b,29,0.31368631368631367,46.58479333723591,50.939217663544405,six_direct_or_near_direct_only
est_70b,30,0.5714285714285714,51.676216454022466,43.9696349420311,six_direct_or_near_direct_only
est_70b,31,0.827,54.377356887823716,48.0331297918982,six_direct_or_near_direct_only
est_70b,32,0.028028028028028028,63.60852277368506,46.61775695756412,six_direct_or_near_direct_only
est_70b,33,0.999,52.815204177577115,43.12801324227329,six_direct_or_near_direct_only
est_70b,34,0.8381618381618381,54.373437326584416,34.166796288721486,six_direct_or_near_direct_only
est_70b,35,0.7909999999999999,62.80092368816523,43.94805044251186,six_direct_or_near_direct_only
est_70b,36,0.7757757757757757,62.74508572007208,57.97499030835427,six_direct_or_near_direct_only
est_70b,37,0.3987975951903807,59.7717753341098,41.257353398402294,six_direct_or_near_direct_only
est_70b,38,0.6576576576576577,63.61668806163363,46.821638203692544,six_direct_or_near_direct_only
est_70b,39,0.841,62.57749849574315,43.95517257647133,six_direct_or_near_direct_only
est_70b,40,0.12187812187812186,64.23408676654293,51.414374442747686,six_direct_or_near_direct_only
est_70b,41,0.921,54.2611830604433,35.749324407861025,six_direct_or_near_direct_only
est_70b,42,0.5214785214785214,55.00491800823027,36.10186772173953,six_direct_or_near_direct_only
est_70b,43,0.8441558441558442,59.1597754193804,52.29889219551793,six_direct_or_near_direct_only
est_70b,44,0.20899999999999996,61.395347703802315,42.82800575942575,six_direct_or_near_direct_only
est_70b,45,0.954045954045954,64.2110085081195,60.683460640082465,six_direct_or_near_direct_only
est_70b,46,0.5104895104895104,59.94671957090784,42.732389079135004,six_direct_or_near_direct_only
est_70b,47,0.5464535464535464,60.21051818108792,41.263091178068834,six_direct_or_near_direct_only
est_70b,48,0.527,64.2208774488157,49.16469149882909,six_direct_or_near_direct_only
est_70b,49,0.7799999999999999,64.14956731513867,60.12724198948915,six_direct_or_near_direct_only
est_70b,50,0.6819999999999999,63.4380117033279,57.51246686497229,six_direct_or_near_direct_only
est_70b,51,0.8068068068068067,55.839536060791545,35.15473289699581,six_direct_or_near_direct_only
est_70b,52,0.14014014014014015,60.877581257052825,54.0681865645734,six_direct_or_near_direct_only
est_70b,53,0.02402402402402402,51.23409406460551,40.09364832273664,six_direct_or_near_direct_only
est_70b,54,0.9340659340659342,63.60141701044048,48.09092730827917,six_direct_or_near_direct_only
est_70b,55,0.23800000000000002,62.160721381862196,53.69357288506721,six_direct_or_near_direct_only
est_70b,56,0.6347305389221555,58.00934066118635,49.019330740030036,six_direct_or_near_direct_only
est_70b,57,0.9980019980019981,61.13700340934767,47.23125054405522,six_direct_or_near_direct_only
est_70b,58,1.0,61.79817540144758,44.39430553117651,six_direct_or_near_direct_only
est_70b,59,0.2922922922922923,64.23385684585733,60.759595845221114,six_direct_or_near_direct_only
est_70b,60,0.809,61.99486426418721,52.482004848653055,six_direct_or_near_direct_only
est_70b,61,0.33533533533533527,64.25970919299714,46.667816906856515,six_direct_or_near_direct_only
est_70b,62,0.42400000000000004,62.42841916170157,47.370082075960525,six_direct_or_near_direct_only
est_70b,63,0.37200000000000005,63.883991667356966,47.52214566478494,six_direct_or_near_direct_only
