quality_method,draw,seed,permutation,delta_pooled_r2_cv,delta_macro_nrmse_cv
Q_hierarchical_balanced,0,7,5-2-0-4-1-3,0.01046914909456187,0.007096458607026346
Q_hierarchical_balanced,1,7,5-0-4-1-3-2,0.0027351542383942107,0.0021867628807805684
Q_hierarchical_balanced,2,7,3-2-5-4-1-0,0.006387579969165946,0.004998457823994662
Q_hierarchical_balanced,3,7,3-1-4-0-2-5,0.017817137024454976,0.011765638571010317
Q_hierarchical_balanced,4,7,2-4-0-3-1-5,0.00252732278046508,0.0015354654058189476
Q_hierarchical_balanced,5,7,0-5-1-4-2-3,0.0004457086492827278,0.001597032855738978
Q_hierarchical_balanced,6,7,0-5-2-4-3-1,0.010123039397443412,0.007282539519587239
Q_hierarchical_balanced,7,7,3-0-5-2-1-4,0.009046296809862131,0.0054383820909095215
Q_hierarchical_balanced,8,7,5-2-1-0-3-4,0.0021158625053133706,0.0025403285239494755
Q_hierarchical_balanced,9,7,1-0-3-2-5-4,2.927663918184109e-06,0.0008269729105720991
Q_hierarchical_balanced,10,7,5-2-3-4-1-0,0.0035508304406941527,0.0029089764942407115
Q_hierarchical_balanced,11,7,1-4-0-2-3-5,0.005695465771377695,0.003541875345113632
Q_hierarchical_balanced,12,7,4-3-0-5-1-2,0.0027740843235546375,0.0034840282420857127
Q_hierarchical_balanced,13,7,5-2-0-3-4-1,0.01659555583660044,0.009850683751238098
Q_hierarchical_balanced,14,7,3-5-4-1-0-2,0.005539878221455741,0.004101227997231227
Q_hierarchical_balanced,15,7,1-5-3-2-4-0,0.0027393541910278874,0.003999934893244905
Q_hierarchical_balanced,16,7,0-1-5-2-3-4,0.00230257535144085,0.0023319307138162104
Q_hierarchical_balanced,17,7,1-0-3-4-5-2,0.0022193733196610443,0.0018801054511429216
Q_hierarchical_balanced,18,7,0-5-3-2-4-1,0.009732203493195923,0.005394792122246361
Q_hierarchical_balanced,19,7,2-4-3-1-0-5,0.00846306248852624,0.004103064783774424
Q_hierarchical_balanced,20,7,5-4-0-2-3-1,0.003603741269548655,0.001963412221794747
Q_hierarchical_balanced,21,7,0-3-5-1-2-4,0.004031458590080361,0.004434000068224031
Q_hierarchical_balanced,22,7,5-1-0-2-4-3,0.001851356627630918,0.0026463763442903243
Q_hierarchical_balanced,23,7,0-1-5-4-3-2,0.0011675439817870892,0.001061907177705379
Q_hierarchical_balanced,24,7,1-5-0-4-3-2,0.004081209996730895,0.003341605391910085
Q_hierarchical_balanced,25,7,5-2-4-3-1-0,0.0017339667459761454,0.001387389276322537
Q_hierarchical_balanced,26,7,5-2-1-0-3-4,0.0021158625053133706,0.0025403285239494755
Q_hierarchical_balanced,27,7,4-0-1-2-3-5,0.00555620923735578,0.003760415786727256
Q_hierarchical_balanced,28,7,3-2-5-4-0-1,0.006323606958084316,0.005310247439531901
Q_hierarchical_balanced,29,7,1-3-2-5-0-4,-6.272820681596514e-05,0.0008465846264419374
Q_hierarchical_balanced,30,7,2-3-5-4-0-1,0.004791757898673921,0.004546694362535408
Q_hierarchical_balanced,31,7,0-5-4-3-2-1,0.0034806870254366906,0.004065849133210286
Q_hierarchical_balanced,32,7,2-4-3-5-0-1,0.006635831627844091,0.003937606645413205
Q_hierarchical_balanced,33,7,4-5-1-2-0-3,0.005074118029770203,0.003113597777147703
Q_hierarchical_balanced,34,7,3-1-5-2-0-4,-0.00011383526650554643,0.0012040083040860683
Q_hierarchical_balanced,35,7,1-5-3-2-0-4,-0.0004919397427614047,0.0006404305952647515
Q_hierarchical_balanced,36,7,0-1-4-5-3-2,0.0128868668163169,0.00845496250832034
Q_hierarchical_balanced,37,7,2-1-4-0-5-3,0.013844708113619708,0.009506859070663176
Q_hierarchical_balanced,38,7,5-1-3-0-2-4,0.0006460667512002694,0.0020928064394634127
Q_hierarchical_balanced,39,7,1-2-5-0-4-3,0.008486451819609941,0.00675789668988247
Q_hierarchical_balanced,40,7,0-5-3-1-2-4,0.00359986906335652,0.0043386973018479935
Q_hierarchical_balanced,41,7,4-2-1-3-0-5,0.005569288006830986,0.0033771826317746667
Q_hierarchical_balanced,42,7,5-1-2-0-4-3,0.002249360713405091,0.00290613696252906
Q_hierarchical_balanced,43,7,0-1-5-4-2-3,0.0020219369850345004,0.0018182698683500975
Q_hierarchical_balanced,44,7,4-3-2-0-1-5,0.0027771956511449813,0.003362407392922373
Q_hierarchical_balanced,45,7,2-1-5-0-3-4,0.002587726689374681,0.002523294467483006
Q_hierarchical_balanced,46,7,2-5-1-3-4-0,-0.0004981956371843399,0.00040382218743573173
Q_hierarchical_balanced,47,7,5-4-2-3-1-0,0.002287727489966196,0.0015916215977721526
Q_hierarchical_balanced,48,7,5-4-0-1-2-3,0.00550230583659328,0.002528685015821819
Q_hierarchical_balanced,49,7,4-1-0-2-5-3,0.002436279631080618,0.0015687746775236988
Q_hierarchical_balanced,50,7,4-5-1-3-2-0,0.006350850894356164,0.003887748873886432
Q_hierarchical_balanced,51,7,3-1-2-5-4-0,0.00011138549338718384,0.0027151462605550236
Q_hierarchical_balanced,52,7,0-5-2-1-3-4,0.009614882677913661,0.007007483159028438
Q_hierarchical_balanced,53,7,3-1-2-4-0-5,0.0017826723552878398,0.0013871485940741834
Q_hierarchical_balanced,54,7,5-0-3-2-4-1,0.010173142259579326,0.005653251157530015
Q_hierarchical_balanced,55,7,0-5-2-1-4-3,0.012607588060284614,0.008547681200813284
Q_hierarchical_balanced,56,7,5-4-2-0-1-3,0.002590720986908046,0.0016823625321169544
Q_hierarchical_balanced,57,7,0-5-4-1-2-3,0.003730878106472657,0.003566736222802458
Q_hierarchical_balanced,58,7,2-4-5-1-0-3,0.005677292758215824,0.0026199099075739918
Q_hierarchical_balanced,59,7,1-0-4-2-3-5,0.008079537326110109,0.005529512627298505
Q_hierarchical_balanced,60,7,3-2-5-1-4-0,0.008026060509743749,0.006654046346377562
Q_hierarchical_balanced,61,7,1-5-3-2-0-4,-0.0004919397427614047,0.0006404305952647515
Q_hierarchical_balanced,62,7,4-1-2-5-3-0,0.0030851179854318733,0.0026628423563763715
Q_hierarchical_balanced,63,7,5-3-2-4-1-0,0.004328332129824641,0.003733870247228932
Q_hierarchical_balanced,64,7,5-4-2-0-3-1,0.0034229921673445407,0.001844322706706869
Q_hierarchical_balanced,65,7,0-5-2-1-4-3,0.012607588060284614,0.008547681200813284
Q_hierarchical_balanced,66,7,0-4-1-5-2-3,0.015735628524532252,0.009287199002038893
Q_hierarchical_balanced,67,7,3-1-0-4-5-2,0.0016581923038793134,0.001278768242936712
Q_hierarchical_balanced,68,7,0-5-2-1-4-3,0.012607588060284614,0.008547681200813284
Q_hierarchical_balanced,69,7,3-1-0-2-5-4,0.00013426417822048897,0.001256308929348915
Q_hierarchical_balanced,70,7,1-4-2-0-5-3,0.005402237198247506,0.002816602800624235
Q_hierarchical_balanced,71,7,0-3-4-2-5-1,0.005962943131227361,0.005420368516148244
Q_hierarchical_balanced,72,7,5-0-1-3-4-2,-0.0004663448777169066,0.0006015799343995765
Q_hierarchical_balanced,73,7,4-2-0-3-1-5,0.005117297261027387,0.004259369129240742
Q_hierarchical_balanced,74,7,3-5-1-0-4-2,-0.0003274350569707485,0.0012494385800857488
Q_hierarchical_balanced,75,7,0-5-3-2-4-1,0.009732203493195923,0.005394792122246361
Q_hierarchical_balanced,76,7,5-1-4-0-3-2,0.01333614891603041,0.008775944185006601
Q_hierarchical_balanced,77,7,3-0-5-1-2-4,0.004714477639129577,0.00456766885081461
Q_hierarchical_balanced,78,7,2-1-5-0-3-4,0.002587726689374681,0.002523294467483006
Q_hierarchical_balanced,79,7,1-4-2-0-5-3,0.005402237198247506,0.002816602800624235
Q_hierarchical_balanced,80,7,5-2-4-1-0-3,0.0031020638976027026,0.003083763960384678
Q_hierarchical_balanced,81,7,5-0-2-3-4-1,0.016582732787140175,0.009957138279373945
Q_hierarchical_balanced,82,7,2-3-1-5-0-4,0.0008751057460731904,0.0027377791866136647
Q_hierarchical_balanced,83,7,2-4-3-1-0-5,0.00846306248852624,0.004103064783774424
Q_hierarchical_balanced,84,7,4-0-1-3-2-5,0.005885479888488754,0.003567176548090245
Q_hierarchical_balanced,85,7,1-0-5-2-3-4,0.003256012304997391,0.0022926805757170765
Q_hierarchical_balanced,86,7,5-1-4-3-2-0,0.015107392075057957,0.009928112438871817
Q_hierarchical_balanced,87,7,3-5-0-1-2-4,0.004773128282983707,0.004590198991722749
Q_hierarchical_balanced,88,7,3-0-2-5-4-1,0.014436456228513195,0.008918860940323237
Q_hierarchical_balanced,89,7,5-2-0-4-1-3,0.01046914909456187,0.007096458607026346
Q_hierarchical_balanced,90,7,3-0-1-5-4-2,-0.00013464961670472952,0.0012736597542847283
Q_hierarchical_balanced,91,7,4-2-0-1-5-3,0.003455753246144333,0.0020135267403849078
Q_hierarchical_balanced,92,7,4-2-0-3-5-1,0.002015628626760524,0.0009069477208749621
Q_hierarchical_balanced,93,7,3-2-1-4-0-5,0.0006672755115124662,0.001224332770627945
Q_hierarchical_balanced,94,7,0-5-1-4-2-3,0.0004457086492827278,0.001597032855738978
Q_hierarchical_balanced,95,7,2-3-5-1-4-0,0.004160818204602124,0.004089019527735216
Q_hierarchical_balanced,96,7,1-3-5-2-0-4,-0.0006804566711735571,0.0005035637802854875
Q_hierarchical_balanced,97,7,0-1-5-4-3-2,0.0011675439817870892,0.001061907177705379
Q_hierarchical_balanced,98,7,1-0-3-5-2-4,-0.00037219256191767247,0.0007853295758015744
Q_hierarchical_balanced,99,7,4-2-3-5-0-1,0.0007655627243761121,0.00016825660157870903
Q_hierarchical_balanced,100,7,3-5-2-4-0-1,0.006555561574107971,0.005440594979969071
Q_hierarchical_balanced,101,7,1-0-5-3-2-4,0.0015873736780445125,0.001914817812470826
Q_hierarchical_balanced,102,7,2-4-5-0-1-3,0.003013239674940049,0.0017734039297444548
Q_hierarchical_balanced,103,7,0-3-1-5-4-2,-0.0015126366714581785,0.0003457521534000474
Q_hierarchical_balanced,104,7,3-5-4-0-2-1,0.004572617872734552,0.0045381413384832925
Q_hierarchical_balanced,105,7,1-4-2-5-0-3,0.005577112658907479,0.0028420506203280516
Q_hierarchical_balanced,106,7,5-0-4-1-3-2,0.0027351542383942107,0.0021867628807805684
Q_hierarchical_balanced,107,7,0-2-3-5-1-4,0.008495773117736638,0.005172103009449924
Q_hierarchical_balanced,108,7,4-2-5-1-3-0,0.004253656184213361,0.0029950166468858397
Q_hierarchical_balanced,109,7,2-0-1-5-3-4,0.0023007480438471672,0.002746857895271071
Q_hierarchical_balanced,110,7,0-3-2-5-4-1,0.011168980172620135,0.006888401162342794
Q_hierarchical_balanced,111,7,3-0-5-2-4-1,0.012785634054947259,0.007796411679379389
Q_hierarchical_balanced,112,7,0-5-1-3-4-2,-0.0007497689287178089,0.00042061031079820843
Q_hierarchical_balanced,113,7,4-3-5-0-2-1,-0.0005083599396683569,-0.0003766300047797211
Q_hierarchical_balanced,114,7,0-1-2-4-3-5,0.0017575393021745933,0.0014772044664960182
Q_hierarchical_balanced,115,7,3-1-5-0-4-2,-0.0005687171042101369,0.0023379813620461043
Q_hierarchical_balanced,116,7,3-2-0-5-4-1,0.014515320727769732,0.008846299410421476
Q_hierarchical_balanced,117,7,3-4-2-0-5-1,0.003366332803550809,0.0018469235599349876
Q_hierarchical_balanced,118,7,0-3-2-5-4-1,0.011168980172620135,0.006888401162342794
Q_hierarchical_balanced,119,7,3-5-4-2-1-0,0.003995108744767606,0.0030752331576802128
Q_hierarchical_balanced,120,7,2-4-0-5-3-1,0.0038334842257718993,0.0020513448518575395
Q_hierarchical_balanced,121,7,1-2-4-0-5-3,0.007608214162421412,0.005355693515669113
Q_hierarchical_balanced,122,7,5-0-1-2-3-4,0.0019170898272080628,0.002442508261242038
Q_hierarchical_balanced,123,7,5-0-4-3-1-2,0.001895722040070491,0.0015442691799651964
Q_hierarchical_balanced,124,7,2-3-0-1-5-4,0.005246249669290215,0.004971419559718915
Q_hierarchical_balanced,125,7,4-1-0-3-2-5,0.0038595687499117792,0.0022962590024868668
Q_hierarchical_balanced,126,7,0-1-2-4-3-5,0.0017575393021745933,0.0014772044664960182
Q_hierarchical_balanced,127,7,1-0-4-5-2-3,0.008305991417868142,0.005887146582987279
Q_hierarchical_balanced,128,7,2-5-3-1-4-0,0.0038152836410199065,0.0033588717444692495
Q_hierarchical_balanced,129,7,2-5-0-3-1-4,0.011905655048415564,0.007372910885589556
Q_hierarchical_balanced,130,7,1-0-3-2-4-5,0.0034162863045511527,0.00421578798148925
Q_hierarchical_balanced,131,7,3-4-2-1-0-5,0.005558278680600881,0.002509404044186647
Q_hierarchical_balanced,132,7,2-5-3-4-1-0,0.0028412603882960186,0.0024557286191709826
Q_hierarchical_balanced,133,7,4-1-3-0-2-5,0.007088831253613925,0.004304616064067512
Q_hierarchical_balanced,134,7,5-1-0-2-3-4,0.0022626054099913473,0.0022740884084164747
Q_hierarchical_balanced,135,7,2-4-1-0-3-5,0.0134136369176594,0.007741082244794639
Q_hierarchical_balanced,136,7,1-4-0-2-3-5,0.005695465771377695,0.003541875345113632
Q_hierarchical_balanced,137,7,3-5-4-2-0-1,0.004568780539530692,0.004436995835190749
Q_hierarchical_balanced,138,7,0-4-2-1-5-3,0.004903189407398978,0.002188932511037911
Q_hierarchical_balanced,139,7,4-5-2-3-1-0,0.0045419588067137084,0.004146142340409775
Q_hierarchical_balanced,140,7,3-2-1-4-0-5,0.0006672755115124662,0.001224332770627945
Q_hierarchical_balanced,141,7,1-2-4-5-0-3,0.0076637511674190195,0.0054229161967103146
Q_hierarchical_balanced,142,7,3-0-4-2-1-5,0.0037040124590308476,0.002825612219169882
Q_hierarchical_balanced,143,7,4-1-3-5-0-2,0.007341963595469236,0.004570682146817218
Q_hierarchical_balanced,144,7,1-4-5-0-3-2,0.006412170803969497,0.0040015830401189945
Q_hierarchical_balanced,145,7,3-5-4-2-0-1,0.004568780539530692,0.004436995835190749
Q_hierarchical_balanced,146,7,4-3-0-5-1-2,0.0027740843235546375,0.0034840282420857127
Q_hierarchical_balanced,147,7,1-5-2-3-4-0,0.006492690088291564,0.006519902186346904
Q_hierarchical_balanced,148,7,3-5-1-2-0-4,-0.00010270293542902209,0.0017779292930293344
Q_hierarchical_balanced,149,7,0-4-5-3-2-1,0.004623108688180055,0.0026266338803362377
Q_hierarchical_balanced,150,7,2-5-1-3-0-4,0.0011718222591725613,0.0029353502924166497
Q_hierarchical_balanced,151,7,1-3-2-5-0-4,-6.272820681596514e-05,0.0008465846264419374
Q_hierarchical_balanced,152,7,2-3-5-0-1-4,0.007914418320081662,0.00499878898295536
Q_hierarchical_balanced,153,7,4-5-3-0-2-1,0.00024876375814153473,-3.3449481579017615e-05
Q_hierarchical_balanced,154,7,5-4-3-0-2-1,0.006770111204279394,0.004059731762628416
Q_hierarchical_balanced,155,7,1-5-4-2-3-0,0.00864149034881112,0.005910378422454343
Q_hierarchical_balanced,156,7,1-3-5-0-4-2,0.0021763903061210454,0.004345926568951719
Q_hierarchical_balanced,157,7,1-5-3-2-4-0,0.0027393541910278874,0.003999934893244905
Q_hierarchical_balanced,158,7,4-1-5-3-0-2,0.004534856690033617,0.0028350583552063657
Q_hierarchical_balanced,159,7,1-3-5-2-0-4,-0.0006804566711735571,0.0005035637802854875
Q_hierarchical_balanced,160,7,4-1-5-0-2-3,0.0028883293518648934,0.0016896073441480253
Q_hierarchical_balanced,161,7,2-0-1-4-3-5,-4.941453907836291e-05,0.0006361356877433444
Q_hierarchical_balanced,162,7,5-3-4-2-0-1,0.006204404564053911,0.005652975130425508
Q_hierarchical_balanced,163,7,4-0-3-5-2-1,0.0004192269606779764,2.5680680112327714e-05
Q_hierarchical_balanced,164,7,4-5-2-3-1-0,0.0045419588067137084,0.004146142340409775
Q_hierarchical_balanced,165,7,0-1-5-2-4-3,0.0016464051815054948,0.0023973120276746807
Q_hierarchical_balanced,166,7,0-4-2-5-3-1,0.003545948148546696,0.0018943396891409892
Q_hierarchical_balanced,167,7,2-0-1-5-3-4,0.0023007480438471672,0.002746857895271071
Q_hierarchical_balanced,168,7,5-2-0-4-1-3,0.01046914909456187,0.007096458607026346
Q_hierarchical_balanced,169,7,0-4-5-1-2-3,0.0058472217497334,0.0027260361105229114
Q_hierarchical_balanced,170,7,1-0-5-2-4-3,0.007711075647957699,0.006381864166285944
Q_hierarchical_balanced,171,7,2-1-3-5-0-4,0.00114084814070603,0.0023550933081315506
Q_hierarchical_balanced,172,7,2-1-5-3-0-4,0.0018422566118079242,0.002661260604817195
Q_hierarchical_balanced,173,7,4-2-3-0-5-1,0.0009021863692646459,0.00023461786210843272
Q_hierarchical_balanced,174,7,2-5-1-4-0-3,0.00044541836343048313,0.001542756658426625
Q_hierarchical_balanced,175,7,0-2-5-3-4-1,0.01603553262707824,0.009395260696314689
Q_hierarchical_balanced,176,7,5-1-4-2-0-3,0.014883424772394127,0.010229720464062564
Q_hierarchical_balanced,177,7,5-3-4-1-2-0,0.0070252675532844755,0.005099187631225632
Q_hierarchical_balanced,178,7,3-1-4-5-0-2,0.017485905946960312,0.011438608897540226
Q_hierarchical_balanced,179,7,4-1-3-5-0-2,0.007341963595469236,0.004570682146817218
Q_hierarchical_balanced,180,7,5-1-3-4-2-0,0.0020515671763919885,0.0014472763401166544
Q_hierarchical_balanced,181,7,5-1-2-3-0-4,0.001742337601140287,0.0024941319447273624
Q_hierarchical_balanced,182,7,2-4-0-5-3-1,0.0038334842257718993,0.0020513448518575395
Q_hierarchical_balanced,183,7,2-5-4-0-3-1,0.003388193614889956,0.0032237233466805293
Q_hierarchical_balanced,184,7,1-3-2-5-0-4,-6.272820681596514e-05,0.0008465846264419374
Q_hierarchical_balanced,185,7,1-3-0-5-4-2,0.002562496671530079,0.004602170113647275
Q_hierarchical_balanced,186,7,5-0-2-4-1-3,0.010589032269022525,0.007231152811828734
Q_hierarchical_balanced,187,7,4-1-2-3-5-0,0.0035523832548274292,0.002324086672566672
Q_hierarchical_balanced,188,7,3-4-2-1-5-0,0.0054200389668057625,0.002472165619419764
Q_hierarchical_balanced,189,7,2-3-0-1-5-4,0.005246249669290215,0.004971419559718915
Q_hierarchical_balanced,190,7,3-2-4-1-5-0,0.004483663609113231,0.003452600555927443
Q_hierarchical_balanced,191,7,5-2-4-3-1-0,0.0017339667459761454,0.001387389276322537
Q_hierarchical_balanced,192,7,5-3-4-2-1-0,0.0047353383027544105,0.003530288510548707
Q_hierarchical_balanced,193,7,1-0-5-2-4-3,0.007711075647957699,0.006381864166285944
Q_hierarchical_balanced,194,7,0-5-1-2-3-4,0.0019301692005686544,0.002504872979481987
Q_hierarchical_balanced,195,7,3-1-0-4-2-5,0.0018011512488640413,0.0013608466234916738
Q_hierarchical_balanced,196,7,5-2-4-0-3-1,0.003079894030988295,0.0029566059806407363
Q_hierarchical_balanced,197,7,1-3-2-5-4-0,0.0031887421622693868,0.004919164989349634
Q_hierarchical_balanced,198,7,1-5-0-2-3-4,0.003213012556578354,0.002291947966845065
Q_hierarchical_balanced,199,7,1-5-0-3-4-2,0.0056152626438843445,0.006041160070292539
Q_hierarchical_balanced,200,7,4-3-1-0-5-2,0.008650290220632129,0.005563117980055932
Q_hierarchical_balanced,201,7,1-4-2-3-0-5,0.0065618793315680435,0.0033517536110870827
Q_hierarchical_balanced,202,7,0-3-4-5-2-1,0.006035533715097463,0.005661216446533501
Q_hierarchical_balanced,203,7,1-5-2-0-4-3,0.00825711316014588,0.006878575968281897
Q_hierarchical_balanced,204,7,4-5-2-0-1-3,0.004556112126691492,0.0036471281915948506
Q_hierarchical_balanced,205,7,3-2-5-1-4-0,0.008026060509743749,0.006654046346377562
Q_hierarchical_balanced,206,7,0-1-2-4-5-3,0.0023632516668351533,0.001987316171530029
Q_hierarchical_balanced,207,7,3-0-2-5-4-1,0.014436456228513195,0.008918860940323237
Q_hierarchical_balanced,208,7,3-4-1-5-2-0,0.018292691060653787,0.010734026130213903
Q_hierarchical_balanced,209,7,0-4-5-1-3-2,0.004584403505895618,0.002040016758168006
Q_hierarchical_balanced,210,7,0-3-1-5-2-4,0.0006227739637763019,0.0026719971250617203
Q_hierarchical_balanced,211,7,1-4-0-3-2-5,0.007330918260858743,0.0037273230507415267
Q_hierarchical_balanced,212,7,3-0-4-5-1-2,0.003517960735593517,0.0027468535229706603
Q_hierarchical_balanced,213,7,2-3-0-1-4-5,0.005238094537021287,0.004703528922220923
Q_hierarchical_balanced,214,7,5-4-1-0-2-3,0.01600237186220399,0.009485285879376248
Q_hierarchical_balanced,215,7,4-1-3-5-2-0,0.007295699100902553,0.004432242829593203
Q_hierarchical_balanced,216,7,1-0-4-5-3-2,0.008079137196674746,0.005517597475270586
Q_hierarchical_balanced,217,7,5-2-0-1-4-3,0.01315293224267644,0.008781269278960835
Q_hierarchical_balanced,218,7,5-4-1-3-0-2,0.016110153606965882,0.009163254635124796
Q_hierarchical_balanced,219,7,0-2-1-3-5-4,0.0014230508379593498,0.0028918564890311194
Q_hierarchical_balanced,220,7,2-0-1-5-4-3,0.0017986916206207404,0.0011428334346121893
Q_hierarchical_balanced,221,7,1-0-3-2-4-5,0.0034162863045511527,0.00421578798148925
Q_hierarchical_balanced,222,7,1-2-3-4-0-5,0.0023502548958771463,0.00196905073203113
Q_hierarchical_balanced,223,7,4-2-3-1-5-0,0.0035578924880999008,0.002186701065258756
Q_hierarchical_balanced,224,7,0-4-5-2-1-3,0.0029716994010025033,0.0018333357632988045
Q_hierarchical_balanced,225,7,2-1-0-5-3-4,0.002842567165273868,0.0026636650754745528
Q_hierarchical_balanced,226,7,0-2-5-4-3-1,0.009840239536532014,0.007088564871721825
Q_hierarchical_balanced,227,7,5-2-4-1-0-3,0.0031020638976027026,0.003083763960384678
Q_hierarchical_balanced,228,7,1-3-2-0-5-4,0.00010983014737298014,0.0008801169459986546
Q_hierarchical_balanced,229,7,0-4-3-1-2-5,0.00886069199393702,0.004346168544559936
Q_hierarchical_balanced,230,7,0-5-1-4-2-3,0.0004457086492827278,0.001597032855738978
Q_hierarchical_balanced,231,7,5-0-2-4-3-1,0.010442548869526558,0.0074583450287938335
Q_hierarchical_balanced,232,7,1-0-3-2-5-4,2.927663918184109e-06,0.0008269729105720991
Q_hierarchical_balanced,233,7,1-2-4-5-3-0,0.007546664114838064,0.005151717396486011
Q_hierarchical_balanced,234,7,2-3-4-5-0-1,0.005792118766416832,0.005420731735060191
Q_hierarchical_balanced,235,7,5-1-0-3-2-4,0.0013866588948965308,0.002390581477205167
Q_hierarchical_balanced,236,7,4-5-0-3-1-2,0.004277718982042877,0.004045145701902064
Q_hierarchical_balanced,237,7,1-4-2-3-5-0,0.006487727941766219,0.0034008768065187933
Q_hierarchical_balanced,238,7,3-5-0-1-2-4,0.004773128282983707,0.004590198991722749
Q_hierarchical_balanced,239,7,5-2-0-3-1-4,0.012497481317526926,0.007661069215984639
Q_hierarchical_balanced,240,7,3-0-2-1-4-5,0.00923893157354061,0.0074819652046573815
Q_hierarchical_balanced,241,7,4-5-3-0-1-2,0.0035038153657149795,0.0035325575280278354
Q_hierarchical_balanced,242,7,4-3-0-1-2-5,0.0026838961324512356,0.0016974726342829927
Q_hierarchical_balanced,243,7,1-3-4-0-2-5,0.013503824055940639,0.009000873292781986
Q_hierarchical_balanced,244,7,3-4-0-2-1-5,0.00268476778809279,0.0023060927984045465
Q_hierarchical_balanced,245,7,0-1-4-5-2-3,0.01465103349566399,0.010110037830395435
Q_hierarchical_balanced,246,7,5-0-4-1-2-3,0.003546628185304934,0.0034407224102298573
Q_hierarchical_balanced,247,7,1-2-5-0-3-4,0.0037855971236386843,0.002584753015253405
Q_hierarchical_balanced,248,7,0-2-1-4-3-5,5.8739111090000407e-05,0.0006976819152859637
Q_hierarchical_balanced,249,7,5-2-0-1-3-4,0.009760969561781963,0.0070520959204948275
Q_hierarchical_balanced,250,7,4-0-5-2-3-1,0.002266962793829541,0.001088102889599818
Q_hierarchical_balanced,251,7,0-5-3-4-2-1,0.0036214857974270487,0.004060253259980162
Q_hierarchical_balanced,252,7,2-1-5-0-4-3,0.001804527286584201,0.002381060792581824
Q_hierarchical_balanced,253,7,3-2-0-5-4-1,0.014515320727769732,0.008846299410421476
Q_hierarchical_balanced,254,7,5-1-2-0-4-3,0.002249360713405091,0.00290613696252906
Q_hierarchical_balanced,255,7,2-3-1-4-0-5,0.00083512305627087,0.0012959494139992422
Q_hierarchical_balanced,256,7,0-4-2-5-1-3,0.0026510019159960985,0.0016382066090816494
Q_hierarchical_balanced,257,7,2-0-5-1-4-3,0.011908521963110985,0.007869604012087028
Q_hierarchical_balanced,258,7,3-5-2-1-0-4,0.005585851135963882,0.004961809455642174
Q_hierarchical_balanced,259,7,3-0-4-1-2-5,0.0051418036782127086,0.0039896721123132695
Q_hierarchical_balanced,260,7,0-4-1-3-2-5,0.016167003237480326,0.009220879405451021
Q_hierarchical_balanced,261,7,3-5-1-0-4-2,-0.0003274350569707485,0.0012494385800857488
Q_hierarchical_balanced,262,7,1-2-5-3-4-0,0.0066406801844263175,0.006355293366878567
Q_hierarchical_balanced,263,7,2-3-5-0-1-4,0.007914418320081662,0.00499878898295536
Q_hierarchical_balanced,264,7,5-3-0-4-2-1,0.00460656131968018,0.004452816833512285
Q_hierarchical_balanced,265,7,3-0-2-5-4-1,0.014436456228513195,0.008918860940323237
Q_hierarchical_balanced,266,7,3-5-4-1-2-0,0.005653504547638466,0.0042547496268871
Q_hierarchical_balanced,267,7,2-0-3-4-1-5,0.0035959020680143006,0.002861854965361621
Q_hierarchical_balanced,268,7,0-3-4-2-1-5,0.00452071862301473,0.0033439371579464527
Q_hierarchical_balanced,269,7,2-3-4-0-1-5,0.00418877704327858,0.003087360782365045
Q_hierarchical_balanced,270,7,0-5-1-4-2-3,0.0004457086492827278,0.001597032855738978
Q_hierarchical_balanced,271,7,2-3-5-1-0-4,0.0045646916794107595,0.004685856827826518
Q_hierarchical_balanced,272,7,3-1-0-4-2-5,0.0018011512488640413,0.0013608466234916738
Q_hierarchical_balanced,273,7,5-0-3-2-1-4,0.007638476857400489,0.0046584928524545655
Q_hierarchical_balanced,274,7,5-4-1-3-0-2,0.016110153606965882,0.009163254635124796
Q_hierarchical_balanced,275,7,4-5-0-3-2-1,0.0009374724782782451,0.00035066179268872233
Q_hierarchical_balanced,276,7,0-1-5-4-3-2,0.0011675439817870892,0.001061907177705379
Q_hierarchical_balanced,277,7,3-5-4-1-0-2,0.005539878221455741,0.004101227997231227
Q_hierarchical_balanced,278,7,1-4-2-0-5-3,0.005402237198247506,0.002816602800624235
Q_hierarchical_balanced,279,7,4-3-2-5-0-1,-0.00028219500348980464,-0.00024983549314383513
Q_hierarchical_balanced,280,7,4-0-2-5-1-3,0.005031381572441207,0.0038561453443640703
Q_hierarchical_balanced,281,7,5-4-3-2-1-0,0.004572327741993898,0.002992265434464847
Q_hierarchical_balanced,282,7,4-3-5-1-0-2,0.0030498664285845134,0.0020207624453717488
Q_hierarchical_balanced,283,7,4-2-3-1-5-0,0.0035578924880999008,0.002186701065258756
Q_hierarchical_balanced,284,7,4-2-1-0-5-3,0.004582512187261356,0.002742305636531217
Q_hierarchical_balanced,285,7,2-3-0-1-5-4,0.005246249669290215,0.004971419559718915
Q_hierarchical_balanced,286,7,2-3-0-1-4-5,0.005238094537021287,0.004703528922220923
Q_hierarchical_balanced,287,7,5-2-1-0-3-4,0.0021158625053133706,0.0025403285239494755
Q_hierarchical_balanced,288,7,2-1-0-4-5-3,0.00228074814671797,0.0019361906246325722
Q_hierarchical_balanced,289,7,0-5-1-3-2-4,0.0008460835828616453,0.0028276258292948553
Q_hierarchical_balanced,290,7,5-0-1-2-3-4,0.0019170898272080628,0.002442508261242038
Q_hierarchical_balanced,291,7,0-3-5-4-2-1,0.004347607867827952,0.004337510801138644
Q_hierarchical_balanced,292,7,3-5-4-0-2-1,0.004572617872734552,0.0045381413384832925
Q_hierarchical_balanced,293,7,5-0-1-2-4-3,0.0017217120469058544,0.0012546187491260241
Q_hierarchical_balanced,294,7,5-4-0-3-2-1,0.0042702173798753185,0.0023995374509739875
Q_hierarchical_balanced,295,7,4-5-1-2-3-0,0.005901466307870029,0.00405842694878944
Q_hierarchical_balanced,296,7,5-4-1-0-2-3,0.01600237186220399,0.009485285879376248
Q_hierarchical_balanced,297,7,4-0-5-3-2-1,0.0010652061580651573,0.00039358347203710675
Q_hierarchical_balanced,298,7,5-4-3-2-0-1,0.006623050360451299,0.00395241491127396
Q_hierarchical_balanced,299,7,3-5-2-0-1-4,0.009670976006611376,0.00587230829223051
Q_hierarchical_balanced,300,7,5-4-1-2-3-0,0.013960961490327328,0.008185937589674452
Q_hierarchical_balanced,301,7,5-2-0-4-1-3,0.01046914909456187,0.007096458607026346
Q_hierarchical_balanced,302,7,1-4-3-0-5-2,0.011586543434197738,0.0065992117073691015
Q_hierarchical_balanced,303,7,1-5-2-0-4-3,0.00825711316014588,0.006878575968281897
Q_hierarchical_balanced,304,7,2-4-5-3-0-1,0.004616545504801284,0.0025995837406799227
Q_hierarchical_balanced,305,7,1-0-5-2-4-3,0.007711075647957699,0.006381864166285944
Q_hierarchical_balanced,306,7,5-3-0-1-4-2,0.004084442921674647,0.004355917159559741
Q_hierarchical_balanced,307,7,1-2-3-4-5-0,0.0023911267188680974,0.001989230549858445
Q_hierarchical_balanced,308,7,3-2-0-1-4-5,0.009231239925531542,0.007350805853117204
Q_hierarchical_balanced,309,7,4-5-1-2-0-3,0.005074118029770203,0.003113597777147703
Q_hierarchical_balanced,310,7,0-5-4-3-2-1,0.0034806870254366906,0.004065849133210286
Q_hierarchical_balanced,311,7,4-1-5-0-2-3,0.0028883293518648934,0.0016896073441480253
Q_hierarchical_balanced,312,7,4-5-2-1-0-3,0.002923340808048791,0.0017314648478001793
Q_hierarchical_balanced,313,7,2-5-4-1-3-0,0.002644157832240701,0.002143928849332566
Q_hierarchical_balanced,314,7,5-2-1-0-4-3,0.0020706324609742754,0.0013745003226578456
Q_hierarchical_balanced,315,7,5-0-2-3-4-1,0.016582732787140175,0.009957138279373945
Q_hierarchical_balanced,316,7,0-3-4-2-1-5,0.00452071862301473,0.0033439371579464527
Q_hierarchical_balanced,317,7,4-2-5-1-0-3,0.0031340983875214334,0.0017843695267423243
Q_hierarchical_balanced,318,7,3-4-0-2-5-1,0.0036635941666727234,0.00204400242400693
Q_hierarchical_balanced,319,7,3-0-2-5-1-4,0.01033592320627652,0.006254424237865597
Q_hierarchical_balanced,320,7,4-1-0-2-3-5,0.0032092112752027946,0.002714288570434542
Q_hierarchical_balanced,321,7,3-4-5-2-0-1,0.0041004667429247466,0.002320431359645103
Q_hierarchical_balanced,322,7,5-2-0-4-3-1,0.01030358934169806,0.0073596286309678405
Q_hierarchical_balanced,323,7,0-3-1-5-4-2,-0.0015126366714581785,0.0003457521534000474
Q_hierarchical_balanced,324,7,5-4-0-1-2-3,0.00550230583659328,0.002528685015821819
Q_hierarchical_balanced,325,7,4-1-5-2-3-0,0.0036893773118090722,0.003039934445991488
Q_hierarchical_balanced,326,7,4-1-2-3-0-5,0.003438061372095902,0.0021384187932136367
Q_hierarchical_balanced,327,7,5-3-2-4-0-1,0.005353955806853383,0.004812515874350387
Q_hierarchical_balanced,328,7,5-0-2-3-1-4,0.012522934278702103,0.007712531068415962
Q_hierarchical_balanced,329,7,4-3-2-5-1-0,0.0028191203185330416,0.003450949450451768
Q_hierarchical_balanced,330,7,5-3-4-1-0-2,0.006843530228757055,0.004891709944817357
Q_hierarchical_balanced,331,7,0-5-3-4-1-2,0.0024458585680475764,0.002286446208464743
Q_hierarchical_balanced,332,7,0-1-3-4-5-2,0.001715578959413211,0.0012079275251309918
Q_hierarchical_balanced,333,7,2-5-4-1-3-0,0.002644157832240701,0.002143928849332566
Q_hierarchical_balanced,334,7,3-1-0-2-4-5,1.8771735657008293e-05,0.002574813772547202
Q_hierarchical_balanced,335,7,2-0-1-5-3-4,0.0023007480438471672,0.002746857895271071
Q_hierarchical_balanced,336,7,5-3-0-4-1-2,0.0034372259418042894,0.00319307762526011
Q_hierarchical_balanced,337,7,4-2-3-0-1-5,0.0038816815918945036,0.0034570414041428243
Q_hierarchical_balanced,338,7,3-1-0-5-4-2,-0.0003450397250233106,0.002488801656743811
Q_hierarchical_balanced,339,7,0-4-3-1-5-2,0.008356849882661055,0.0040457309952867115
Q_hierarchical_balanced,340,7,0-2-1-3-4-5,0.0003807438966725307,0.000783778327050566
Q_hierarchical_balanced,341,7,4-1-0-2-5-3,0.002436279631080618,0.0015687746775236988
Q_hierarchical_balanced,342,7,0-5-4-3-1-2,0.0019402040512435104,0.001571452510226612
Q_hierarchical_balanced,343,7,5-1-2-4-3-0,0.0015687481775989998,0.0013770648478526049
Q_hierarchical_balanced,344,7,1-5-4-0-2-3,0.008909980877589874,0.00628827859412906
Q_hierarchical_balanced,345,7,2-5-0-4-3-1,0.009668262449477605,0.007015398409272677
Q_hierarchical_balanced,346,7,2-0-4-1-3-5,0.0023606016668058505,0.0019908537315103114
Q_hierarchical_balanced,347,7,2-0-1-5-4-3,0.0017986916206207404,0.0011428334346121893
Q_hierarchical_balanced,348,7,2-0-1-5-4-3,0.0017986916206207404,0.0011428334346121893
Q_hierarchical_balanced,349,7,2-3-4-5-1-0,0.004064273177681987,0.0030132718284429094
Q_hierarchical_balanced,350,7,3-4-5-2-1-0,0.0029623992360552354,0.0024968351192002913
Q_hierarchical_balanced,351,7,1-3-2-5-0-4,-6.272820681596514e-05,0.0008465846264419374
Q_hierarchical_balanced,352,7,3-1-4-2-0-5,0.017581590350646437,0.01161622986934141
Q_hierarchical_balanced,353,7,1-5-4-2-3-0,0.00864149034881112,0.005910378422454343
Q_hierarchical_balanced,354,7,0-3-2-4-1-5,0.004797908418914587,0.003940679298746308
Q_hierarchical_balanced,355,7,0-5-4-1-2-3,0.003730878106472657,0.003566736222802458
Q_hierarchical_balanced,356,7,4-5-0-1-3-2,0.0039137224817271665,0.002935096008361393
Q_hierarchical_balanced,357,7,1-0-5-3-4-2,0.0056818022721238925,0.0059594074924781415
Q_hierarchical_balanced,358,7,5-1-0-2-3-4,0.0022626054099913473,0.0022740884084164747
Q_hierarchical_balanced,359,7,4-3-5-2-1-0,0.002677857121893501,0.003364550300141378
Q_hierarchical_balanced,360,7,0-4-5-1-2-3,0.0058472217497334,0.0027260361105229114
Q_hierarchical_balanced,361,7,2-4-0-5-1-3,0.002849807583362063,0.0016741231696615344
Q_hierarchical_balanced,362,7,5-0-2-1-4-3,0.013195405848024588,0.00892939418569827
Q_hierarchical_balanced,363,7,4-2-0-5-3-1,0.0029925008884099658,0.0014744621044265882
Q_hierarchical_balanced,364,7,3-1-5-2-4-0,-0.0003926771647342342,0.0023796441125394363
Q_hierarchical_balanced,365,7,4-2-5-3-1-0,0.004816789039795877,0.004136876098050024
Q_hierarchical_balanced,366,7,0-5-3-2-4-1,0.009732203493195923,0.005394792122246361
Q_hierarchical_balanced,367,7,1-4-3-5-0-2,0.011873467865203047,0.006673721228354634
Q_hierarchical_balanced,368,7,5-4-2-0-1-3,0.002590720986908046,0.0016823625321169544
Q_hierarchical_balanced,369,7,0-3-5-4-1-2,0.003020456804660121,0.00286073501124684
Q_hierarchical_balanced,370,7,5-1-0-2-3-4,0.0022626054099913473,0.0022740884084164747
Q_hierarchical_balanced,371,7,3-4-2-0-5-1,0.003366332803550809,0.0018469235599349876
Q_hierarchical_balanced,372,7,0-3-4-2-5-1,0.005962943131227361,0.005420368516148244
Q_hierarchical_balanced,373,7,2-3-1-5-4-0,-0.0013609646889970461,0.0002642384302993239
Q_hierarchical_balanced,374,7,4-2-1-5-3-0,0.005447397383590236,0.003666569058949354
Q_hierarchical_balanced,375,7,0-3-4-1-5-2,0.006348749261549491,0.004550092075185863
Q_hierarchical_balanced,376,7,0-3-1-5-4-2,-0.0015126366714581785,0.0003457521534000474
Q_hierarchical_balanced,377,7,5-3-4-1-0-2,0.006843530228757055,0.004891709944817357
Q_hierarchical_balanced,378,7,4-0-2-5-3-1,0.002833257328990202,0.0014420353640667294
Q_hierarchical_balanced,379,7,1-5-3-2-0-4,-0.0004919397427614047,0.0006404305952647515
Q_hierarchical_balanced,380,7,5-1-0-2-4-3,0.001851356627630918,0.0026463763442903243
Q_hierarchical_balanced,381,7,5-4-1-2-0-3,0.015698059286354482,0.009306621704087914
Q_hierarchical_balanced,382,7,4-2-0-1-5-3,0.003455753246144333,0.0020135267403849078
Q_hierarchical_balanced,383,7,2-1-0-4-3-5,0.0016234837303901184,0.00135387684212962
Q_hierarchical_balanced,384,7,2-5-1-4-0-3,0.00044541836343048313,0.001542756658426625
Q_hierarchical_balanced,385,7,5-4-2-0-1-3,0.002590720986908046,0.0016823625321169544
Q_hierarchical_balanced,386,7,0-5-2-1-4-3,0.012607588060284614,0.008547681200813284
Q_hierarchical_balanced,387,7,5-1-0-3-2-4,0.0013866588948965308,0.002390581477205167
Q_hierarchical_balanced,388,7,0-4-5-1-2-3,0.0058472217497334,0.0027260361105229114
Q_hierarchical_balanced,389,7,4-2-1-0-3-5,0.00534820444536499,0.003572413930426954
Q_hierarchical_balanced,390,7,0-4-3-1-5-2,0.008356849882661055,0.0040457309952867115
Q_hierarchical_balanced,391,7,2-5-3-0-1-4,0.007756353868271448,0.004792971420143677
Q_hierarchical_balanced,392,7,4-2-1-5-3-0,0.005447397383590236,0.003666569058949354
Q_hierarchical_balanced,393,7,5-1-3-4-0-2,0.0019121356821210078,0.0013237916497471636
Q_hierarchical_balanced,394,7,2-5-0-1-3-4,0.009321595750878986,0.006868439061638809
Q_hierarchical_balanced,395,7,5-2-3-0-4-1,0.0109230700862738,0.0060416154026395885
Q_hierarchical_balanced,396,7,0-4-2-3-1-5,0.0023576078989619997,0.0015292534160481486
Q_hierarchical_balanced,397,7,5-0-1-3-2-4,0.0007873665091950866,0.0027379583757093373
Q_hierarchical_balanced,398,7,1-3-4-2-5-0,0.013219282741187666,0.008804447237826807
Q_hierarchical_balanced,399,7,5-3-4-2-0-1,0.006204404564053911,0.005652975130425508
Q_hierarchical_balanced,400,7,2-4-5-3-0-1,0.004616545504801284,0.0025995837406799227
Q_hierarchical_balanced,401,7,3-0-1-5-4-2,-0.00013464961670472952,0.0012736597542847283
Q_hierarchical_balanced,402,7,4-0-1-2-5-3,0.004806667150796806,0.0029297123982899853
Q_hierarchical_balanced,403,7,0-1-5-3-4-2,-0.0002900766866247295,0.0017872232240545571
Q_hierarchical_balanced,404,7,1-0-4-2-5-3,0.008175613637168122,0.005742141586581595
Q_hierarchical_balanced,405,7,4-3-2-5-1-0,0.0028191203185330416,0.003450949450451768
Q_hierarchical_balanced,406,7,5-1-4-2-0-3,0.014883424772394127,0.010229720464062564
Q_hierarchical_balanced,407,7,5-4-1-0-2-3,0.01600237186220399,0.009485285879376248
Q_hierarchical_balanced,408,7,1-4-5-3-2-0,0.00805489244782176,0.0041645841606775535
Q_hierarchical_balanced,409,7,4-0-2-3-5-1,0.001886959530690624,0.000873983591150429
Q_hierarchical_balanced,410,7,1-0-5-2-4-3,0.007711075647957699,0.006381864166285944
Q_hierarchical_balanced,411,7,4-1-5-2-0-3,0.0028300897603970032,0.001736172276303516
Q_hierarchical_balanced,412,7,3-0-4-2-5-1,0.00416716180694876,0.004068723931334173
Q_hierarchical_balanced,413,7,2-1-5-4-3-0,0.0013270416194473,0.0011433942154537302
Q_hierarchical_balanced,414,7,4-3-0-5-2-1,-0.0004705100411744878,-0.0003625829672585512
Q_hierarchical_balanced,415,7,2-1-5-3-4-0,4.670224202540929e-05,0.0018095850516000045
Q_hierarchical_balanced,416,7,3-5-2-1-4-0,0.008047172722616014,0.0069099564043035855
Q_hierarchical_balanced,417,7,5-3-2-1-0-4,0.004871269444207793,0.0047512166442685855
Q_hierarchical_balanced,418,7,0-5-2-4-1-3,0.010138806767530983,0.006947793831635796
Q_hierarchical_balanced,419,7,4-5-2-0-3-1,0.0023871025074839736,0.0012237044085549043
Q_hierarchical_balanced,420,7,0-1-3-2-5-4,0.0010085363902945232,0.002151734011691553
Q_hierarchical_balanced,421,7,5-3-1-4-2-0,0.0011687792696283283,0.0014536095788448833
Q_hierarchical_balanced,422,7,0-1-4-5-2-3,0.01465103349566399,0.010110037830395435
Q_hierarchical_balanced,423,7,4-0-5-1-2-3,0.0027390898041459444,0.0015509161676053873
Q_hierarchical_balanced,424,7,5-1-0-4-2-3,0.0020594223779426546,0.0018318838836725027
Q_hierarchical_balanced,425,7,2-3-5-0-1-4,0.007914418320081662,0.00499878898295536
Q_hierarchical_balanced,426,7,0-2-1-3-5-4,0.0014230508379593498,0.0028918564890311194
Q_hierarchical_balanced,427,7,0-5-1-3-4-2,-0.0007497689287178089,0.00042061031079820843
Q_hierarchical_balanced,428,7,4-2-3-1-0-5,0.003412285296452766,0.0020291504437792707
Q_hierarchical_balanced,429,7,4-3-0-5-2-1,-0.0004705100411744878,-0.0003625829672585512
Q_hierarchical_balanced,430,7,0-5-3-4-1-2,0.0024458585680475764,0.002286446208464743
Q_hierarchical_balanced,431,7,2-1-0-4-5-3,0.00228074814671797,0.0019361906246325722
Q_hierarchical_balanced,432,7,3-4-5-1-0-2,0.00653804894215515,0.0030630040162510364
Q_hierarchical_balanced,433,7,2-3-1-4-5-0,0.0007096435797250278,0.0011325210339665492
Q_hierarchical_balanced,434,7,2-4-0-3-5-1,0.004294993894704224,0.002374919638685302
Q_hierarchical_balanced,435,7,5-2-3-0-1-4,0.008181079266105451,0.0049597628540319905
Q_hierarchical_balanced,436,7,4-2-0-5-3-1,0.0029925008884099658,0.0014744621044265882
Q_hierarchical_balanced,437,7,4-1-0-5-3-2,0.003529656404852255,0.002967288728159545
Q_hierarchical_balanced,438,7,5-0-4-3-1-2,0.001895722040070491,0.0015442691799651964
Q_hierarchical_balanced,439,7,1-5-4-2-0-3,0.008834969920403779,0.0062103325910682905
Q_hierarchical_balanced,440,7,0-3-4-2-5-1,0.005962943131227361,0.005420368516148244
Q_hierarchical_balanced,441,7,4-3-1-5-2-0,0.008731491160029248,0.005470865996600405
Q_hierarchical_balanced,442,7,5-1-2-3-0-4,0.001742337601140287,0.0024941319447273624
Q_hierarchical_balanced,443,7,0-5-1-3-2-4,0.0008460835828616453,0.0028276258292948553
Q_hierarchical_balanced,444,7,1-2-0-4-3-5,0.005124895984141231,0.003906523411298157
Q_hierarchical_balanced,445,7,1-4-3-5-0-2,0.011873467865203047,0.006673721228354634
Q_hierarchical_balanced,446,7,1-3-2-4-0-5,0.0025902107158314314,0.0021605382133952356
Q_hierarchical_balanced,447,7,0-4-2-3-1-5,0.0023576078989619997,0.0015292534160481486
Q_hierarchical_balanced,448,7,2-0-1-3-5-4,0.0014511228062215054,0.0029654388432543977
Q_hierarchical_balanced,449,7,0-4-2-5-1-3,0.0026510019159960985,0.0016382066090816494
Q_hierarchical_balanced,450,7,4-3-2-5-1-0,0.0028191203185330416,0.003450949450451768
Q_hierarchical_balanced,451,7,3-0-5-1-2-4,0.004714477639129577,0.00456766885081461
Q_hierarchical_balanced,452,7,2-4-1-0-3-5,0.0134136369176594,0.007741082244794639
Q_hierarchical_balanced,453,7,2-0-3-1-4-5,0.004827900487635817,0.0038214502336971767
Q_hierarchical_balanced,454,7,0-3-2-4-1-5,0.004797908418914587,0.003940679298746308
Q_hierarchical_balanced,455,7,3-0-4-5-2-1,0.0041598160631513,0.004261325950039363
Q_hierarchical_balanced,456,7,1-4-0-3-5-2,0.007147899109506195,0.003804313179368468
Q_hierarchical_balanced,457,7,2-5-1-4-3-0,-0.00020361055459439115,0.0005192103116877789
Q_hierarchical_balanced,458,7,3-5-2-4-1-0,0.006543671081610247,0.005228700047155588
Q_hierarchical_balanced,459,7,4-5-3-0-1-2,0.0035038153657149795,0.0035325575280278354
Q_hierarchical_balanced,460,7,4-3-2-0-1-5,0.0027771956511449813,0.003362407392922373
Q_hierarchical_balanced,461,7,2-3-4-0-5-1,0.005757909985815268,0.005302083985449735
Q_hierarchical_balanced,462,7,2-5-0-3-4-1,0.015486948945236056,0.00916225763447387
Q_hierarchical_balanced,463,7,3-4-0-5-1-2,0.002662926229729745,0.002333127321453188
Q_hierarchical_balanced,464,7,2-0-5-1-3-4,0.009240255160475108,0.0068192757542558935
Q_hierarchical_balanced,465,7,0-3-1-5-2-4,0.0006227739637763019,0.0026719971250617203
Q_hierarchical_balanced,466,7,2-3-5-0-4-1,0.010033519798289925,0.006044771688063277
Q_hierarchical_balanced,467,7,0-2-3-4-1-5,0.003964939444398574,0.003093994683997514
Q_hierarchical_balanced,468,7,2-5-1-3-0-4,0.0011718222591725613,0.0029353502924166497
Q_hierarchical_balanced,469,7,3-1-2-5-0-4,0.0002076164437780914,0.0013525112276447926
Q_hierarchical_balanced,470,7,3-5-0-1-4-2,0.006869378647796243,0.006229351025074048
Q_hierarchical_balanced,471,7,1-4-5-2-3-0,0.006311573183785946,0.003931653816417802
Q_hierarchical_balanced,472,7,3-5-0-1-2-4,0.004773128282983707,0.004590198991722749
Q_hierarchical_balanced,473,7,2-3-0-5-1-4,0.008468200142408788,0.005341545604035325
Q_hierarchical_balanced,474,7,2-5-0-1-3-4,0.009321595750878986,0.006868439061638809
Q_hierarchical_balanced,475,7,5-3-0-2-1-4,0.007747107247262797,0.004880192793651927
Q_hierarchical_balanced,476,7,2-3-5-4-1-0,0.003458381859109849,0.0030467390078632306
Q_hierarchical_balanced,477,7,2-3-0-4-1-5,0.0043450347457518745,0.0035861719573577755
Q_hierarchical_balanced,478,7,2-3-4-0-5-1,0.005757909985815268,0.005302083985449735
Q_hierarchical_balanced,479,7,4-0-1-3-5-2,0.006069841884702942,0.0037916184853610257
Q_hierarchical_balanced,480,7,5-1-4-3-0-2,0.014805449101013224,0.009662712237756388
Q_hierarchical_balanced,481,7,1-2-5-3-4-0,0.0066406801844263175,0.006355293366878567
Q_hierarchical_balanced,482,7,4-1-2-5-0-3,0.0021752814238842344,0.0013186987108132486
Q_hierarchical_balanced,483,7,1-5-3-2-4-0,0.0027393541910278874,0.003999934893244905
Q_hierarchical_balanced,484,7,5-2-4-3-0-1,0.0029570437425724405,0.0035764050729071295
Q_hierarchical_balanced,485,7,3-5-4-1-2-0,0.005653504547638466,0.0042547496268871
Q_hierarchical_balanced,486,7,0-1-2-3-5-4,0.0021483553470227346,0.002685121542455371
Q_hierarchical_balanced,487,7,0-3-1-5-2-4,0.0006227739637763019,0.0026719971250617203
Q_hierarchical_balanced,488,7,1-4-0-5-2-3,0.006291484103774336,0.003208706847640852
Q_hierarchical_balanced,489,7,1-2-3-0-5-4,0.0003537900177372766,0.00101181146325946
Q_hierarchical_balanced,490,7,0-5-3-2-4-1,0.009732203493195923,0.005394792122246361
Q_hierarchical_balanced,491,7,5-0-4-2-1-3,0.0027686714782004795,0.001993223833034019
Q_hierarchical_balanced,492,7,4-5-0-3-1-2,0.004277718982042877,0.004045145701902064
Q_hierarchical_balanced,493,7,1-3-5-0-4-2,0.0021763903061210454,0.004345926568951719
Q_hierarchical_balanced,494,7,5-3-4-2-1-0,0.0047353383027544105,0.003530288510548707
Q_hierarchical_balanced,495,7,5-0-1-3-4-2,-0.0004663448777169066,0.0006015799343995765
Q_hierarchical_balanced,496,7,2-3-0-4-1-5,0.0043450347457518745,0.0035861719573577755
Q_hierarchical_balanced,497,7,4-5-2-1-0-3,0.002923340808048791,0.0017314648478001793
Q_hierarchical_balanced,498,7,5-3-4-0-1-2,0.004611654779173913,0.0034586038137141006
Q_hierarchical_balanced,499,7,3-0-1-5-2-4,-0.00014552570058001812,0.0018597942250723198
Q_hierarchical_balanced,500,7,5-3-2-0-1-4,0.008316956078378901,0.005234082700921849
Q_hierarchical_balanced,501,7,4-5-0-3-1-2,0.004277718982042877,0.004045145701902064
Q_hierarchical_balanced,502,7,3-4-5-2-1-0,0.0029623992360552354,0.0024968351192002913
Q_hierarchical_balanced,503,7,4-0-3-1-5-2,0.003609650576158252,0.0022742270484759075
Q_hierarchical_balanced,504,7,3-2-1-4-5-0,0.0006247592486534614,0.0011264475695837994
Q_hierarchical_balanced,505,7,1-3-0-2-5-4,-0.000222060977540961,0.0006934690603563887
Q_hierarchical_balanced,506,7,4-0-2-3-5-1,0.001886959530690624,0.000873983591150429
Q_hierarchical_balanced,507,7,5-1-0-4-3-2,0.0012752963586776245,0.0011721614826141202
Q_hierarchical_balanced,508,7,2-0-4-5-3-1,0.0031067470765271388,0.0030243072040527785
Q_hierarchical_balanced,509,7,4-2-3-0-5-1,0.0009021863692646459,0.00023461786210843272
Q_hierarchical_balanced,510,7,5-0-4-2-1-3,0.0027686714782004795,0.001993223833034019
Q_hierarchical_balanced,511,7,3-5-0-2-1-4,0.009029561906246153,0.005466773133784852
Q_hierarchical_balanced,512,7,5-2-4-1-0-3,0.0031020638976027026,0.003083763960384678
Q_hierarchical_balanced,513,7,3-4-0-1-5-2,0.005876899989113449,0.0027312946985449393
Q_hierarchical_balanced,514,7,4-5-2-3-1-0,0.0045419588067137084,0.004146142340409775
Q_hierarchical_balanced,515,7,1-3-4-2-5-0,0.013219282741187666,0.008804447237826807
Q_hierarchical_balanced,516,7,5-2-3-4-1-0,0.0035508304406941527,0.0029089764942407115
Q_hierarchical_balanced,517,7,5-4-1-2-3-0,0.013960961490327328,0.008185937589674452
Q_hierarchical_balanced,518,7,4-3-2-1-0-5,0.002671540257375815,0.0017673494782317611
Q_hierarchical_balanced,519,7,4-3-1-0-2-5,0.008560047205502519,0.005368158446099058
Q_hierarchical_balanced,520,7,5-4-3-2-0-1,0.006623050360451299,0.00395241491127396
Q_hierarchical_balanced,521,7,5-0-3-4-1-2,0.0027861239002238136,0.002507331613439856
Q_hierarchical_balanced,522,7,4-3-5-1-0-2,0.0030498664285845134,0.0020207624453717488
Q_hierarchical_balanced,523,7,2-0-4-5-3-1,0.0031067470765271388,0.0030243072040527785
Q_hierarchical_balanced,524,7,3-0-1-2-5-4,0.0001304542682163401,0.0017822177199717792
Q_hierarchical_balanced,525,7,5-3-4-2-1-0,0.0047353383027544105,0.003530288510548707
Q_hierarchical_balanced,526,7,0-1-2-4-5-3,0.0023632516668351533,0.001987316171530029
Q_hierarchical_balanced,527,7,2-4-3-5-1-0,0.0043704801789454795,0.0026731906935377747
Q_hierarchical_balanced,528,7,1-5-2-4-3-0,0.004622478927152951,0.0036799361568835565
Q_hierarchical_balanced,529,7,4-5-1-2-3-0,0.005901466307870029,0.00405842694878944
Q_hierarchical_balanced,530,7,2-5-4-0-1-3,0.0026193003650667457,0.0018840500850085817
Q_hierarchical_balanced,531,7,2-4-5-0-1-3,0.003013239674940049,0.0017734039297444548
Q_hierarchical_balanced,532,7,4-2-5-0-1-3,0.0049004554211995455,0.0036724423311393917
Q_hierarchical_balanced,533,7,3-5-1-0-4-2,-0.0003274350569707485,0.0012494385800857488
Q_hierarchical_balanced,534,7,5-2-4-1-0-3,0.0031020638976027026,0.003083763960384678
Q_hierarchical_balanced,535,7,1-5-2-3-0-4,0.0022484714920534277,0.0022237427463724924
Q_hierarchical_balanced,536,7,5-4-2-1-3-0,0.0040797975731297065,0.001807449235406322
Q_hierarchical_balanced,537,7,3-4-1-2-0-5,0.01790608024241891,0.010584440690152297
Q_hierarchical_balanced,538,7,2-3-1-0-5-4,0.0009749180107714306,0.0026766648577113417
Q_hierarchical_balanced,539,7,4-1-3-0-2-5,0.007088831253613925,0.004304616064067512
Q_hierarchical_balanced,540,7,0-2-1-4-5-3,0.0005322668765184169,0.001516666952023682
Q_hierarchical_balanced,541,7,1-2-4-3-5-0,0.008050207801328702,0.00544343962273286
Q_hierarchical_balanced,542,7,3-4-1-2-0-5,0.01790608024241891,0.010584440690152297
Q_hierarchical_balanced,543,7,4-2-1-0-3-5,0.00534820444536499,0.003572413930426954
Q_hierarchical_balanced,544,7,5-4-2-3-1-0,0.002287727489966196,0.0015916215977721526
Q_hierarchical_balanced,545,7,5-0-3-4-1-2,0.0027861239002238136,0.002507331613439856
Q_hierarchical_balanced,546,7,4-5-1-2-3-0,0.005901466307870029,0.00405842694878944
Q_hierarchical_balanced,547,7,0-4-3-5-1-2,0.004407384933000413,0.002804878856390025
Q_hierarchical_balanced,548,7,5-3-1-2-4-0,-0.001198395879551617,0.0005688049822436536
Q_hierarchical_balanced,549,7,4-2-5-1-0-3,0.0031340983875214334,0.0017843695267423243
Q_hierarchical_balanced,550,7,5-0-4-1-2-3,0.003546628185304934,0.0034407224102298573
Q_hierarchical_balanced,551,7,4-0-3-2-1-5,0.0036502643624680697,0.0034082645550392865
Q_hierarchical_balanced,552,7,3-1-0-4-5-2,0.0016581923038793134,0.001278768242936712
Q_hierarchical_balanced,553,7,3-4-0-5-2-1,0.003869660978137235,0.0021567750843222155
Q_hierarchical_balanced,554,7,3-5-0-2-1-4,0.009029561906246153,0.005466773133784852
Q_hierarchical_balanced,555,7,0-2-3-4-1-5,0.003964939444398574,0.003093994683997514
Q_hierarchical_balanced,556,7,1-0-2-3-4-5,0.0074713886396284845,0.0069372803968380525
Q_hierarchical_balanced,557,7,3-2-0-5-4-1,0.014515320727769732,0.008846299410421476
Q_hierarchical_balanced,558,7,5-2-3-4-1-0,0.0035508304406941527,0.0029089764942407115
Q_hierarchical_balanced,559,7,2-0-5-1-4-3,0.011908521963110985,0.007869604012087028
Q_hierarchical_balanced,560,7,3-2-1-4-5-0,0.0006247592486534614,0.0011264475695837994
Q_hierarchical_balanced,561,7,0-5-2-3-4-1,0.016033460964776758,0.009613383041526702
Q_hierarchical_balanced,562,7,2-3-5-4-1-0,0.003458381859109849,0.0030467390078632306
Q_hierarchical_balanced,563,7,1-5-0-4-2-3,0.003741364277168646,0.0030129632941900963
Q_hierarchical_balanced,564,7,0-4-5-2-3-1,0.003913689085857985,0.002136092709954962
Q_hierarchical_balanced,565,7,1-3-2-4-5-0,0.0026202308753680015,0.0022074464164544283
Q_hierarchical_balanced,566,7,4-1-5-3-0-2,0.004534856690033617,0.0028350583552063657
Q_hierarchical_balanced,567,7,0-4-5-3-1-2,0.002588474502628668,0.0016902301943573228
Q_hierarchical_balanced,568,7,3-5-0-1-2-4,0.004773128282983707,0.004590198991722749
Q_hierarchical_balanced,569,7,5-1-3-4-2-0,0.0020515671763919885,0.0014472763401166544
Q_hierarchical_balanced,570,7,5-0-3-1-2-4,0.003675800360753545,0.004335544581654194
Q_hierarchical_balanced,571,7,5-2-1-3-0-4,0.0010852298843071484,0.0027721918766427933
Q_hierarchical_balanced,572,7,0-2-4-3-1-5,0.0016203816909445834,0.0012691646903305598
Q_hierarchical_balanced,573,7,5-2-0-1-3-4,0.009760969561781963,0.0070520959204948275
Q_hierarchical_balanced,574,7,3-4-1-2-0-5,0.01790608024241891,0.010584440690152297
Q_hierarchical_balanced,575,7,2-4-0-3-1-5,0.00252732278046508,0.0015354654058189476
Q_hierarchical_balanced,576,7,2-1-3-5-4-0,-0.0011819103179748769,0.0009571196494351231
Q_hierarchical_balanced,577,7,3-5-1-2-0-4,-0.00010270293542902209,0.0017779292930293344
Q_hierarchical_balanced,578,7,2-3-0-1-4-5,0.005238094537021287,0.004703528922220923
Q_hierarchical_balanced,579,7,0-3-5-2-1-4,0.007558778231140595,0.004771318649888778
Q_hierarchical_balanced,580,7,4-1-2-3-5-0,0.0035523832548274292,0.002324086672566672
Q_hierarchical_balanced,581,7,2-4-5-3-0-1,0.004616545504801284,0.0025995837406799227
Q_hierarchical_balanced,582,7,5-3-2-1-0-4,0.004871269444207793,0.0047512166442685855
Q_hierarchical_balanced,583,7,5-2-3-1-4-0,0.004787775467296584,0.003981506323077366
Q_hierarchical_balanced,584,7,4-1-3-2-5-0,0.00700962325099197,0.004466159900908373
Q_hierarchical_balanced,585,7,4-3-2-5-1-0,0.0028191203185330416,0.003450949450451768
Q_hierarchical_balanced,586,7,1-4-3-5-0-2,0.011873467865203047,0.006673721228354634
Q_hierarchical_balanced,587,7,4-5-0-3-1-2,0.004277718982042877,0.004045145701902064
Q_hierarchical_balanced,588,7,5-4-0-1-2-3,0.00550230583659328,0.002528685015821819
Q_hierarchical_balanced,589,7,2-4-1-5-3-0,0.013375513841028974,0.007688586986755452
Q_hierarchical_balanced,590,7,2-1-0-4-3-5,0.0016234837303901184,0.00135387684212962
Q_hierarchical_balanced,591,7,4-3-5-1-0-2,0.0030498664285845134,0.0020207624453717488
Q_hierarchical_balanced,592,7,3-0-5-1-4-2,0.006856397997886954,0.006104945147717755
Q_hierarchical_balanced,593,7,0-4-1-5-2-3,0.015735628524532252,0.009287199002038893
Q_hierarchical_balanced,594,7,0-5-4-1-2-3,0.003730878106472657,0.003566736222802458
Q_hierarchical_balanced,595,7,3-0-1-4-2-5,0.0007682450385921857,0.001313297006911185
Q_hierarchical_balanced,596,7,2-0-1-5-3-4,0.0023007480438471672,0.002746857895271071
Q_hierarchical_balanced,597,7,1-5-3-2-4-0,0.0027393541910278874,0.003999934893244905
Q_hierarchical_balanced,598,7,5-0-4-2-1-3,0.0027686714782004795,0.001993223833034019
Q_hierarchical_balanced,599,7,2-3-4-1-0-5,0.006220920348992687,0.004617774637641459
Q_hierarchical_balanced,600,7,5-1-4-0-3-2,0.01333614891603041,0.008775944185006601
Q_hierarchical_balanced,601,7,2-3-1-4-5-0,0.0007096435797250278,0.0011325210339665492
Q_hierarchical_balanced,602,7,5-3-4-1-2-0,0.0070252675532844755,0.005099187631225632
Q_hierarchical_balanced,603,7,4-0-3-2-5-1,0.0006848722338659297,0.00015549535983327978
Q_hierarchical_balanced,604,7,3-2-0-5-4-1,0.014515320727769732,0.008846299410421476
Q_hierarchical_balanced,605,7,2-0-1-4-3-5,-4.941453907836291e-05,0.0006361356877433444
Q_hierarchical_balanced,606,7,3-1-2-0-4-5,0.0002990395165176629,0.002759498128929172
Q_hierarchical_balanced,607,7,4-5-3-2-1-0,0.0034823565711817883,0.003456355196251093
Q_hierarchical_balanced,608,7,5-1-0-4-2-3,0.0020594223779426546,0.0018318838836725027
Q_hierarchical_balanced,609,7,1-3-0-4-2-5,0.0023424841302501775,0.0019596594621376084
Q_hierarchical_balanced,610,7,4-1-5-2-3-0,0.0036893773118090722,0.003039934445991488
Q_hierarchical_balanced,611,7,1-0-3-5-2-4,-0.00037219256191767247,0.0007853295758015744
Q_hierarchical_balanced,612,7,5-4-0-1-3-2,0.004330902331106445,0.0019455109550186034
Q_hierarchical_balanced,613,7,4-3-0-1-5-2,0.0029792547004674486,0.0020629721321312466
Q_hierarchical_balanced,614,7,2-3-0-4-5-1,0.00551590792405432,0.004891608191918584
Q_hierarchical_balanced,615,7,5-4-1-2-3-0,0.013960961490327328,0.008185937589674452
Q_hierarchical_balanced,616,7,5-2-4-3-1-0,0.0017339667459761454,0.001387389276322537
Q_hierarchical_balanced,617,7,4-3-1-5-2-0,0.008731491160029248,0.005470865996600405
Q_hierarchical_balanced,618,7,1-5-4-3-2-0,0.009456122823891522,0.006369400888142862
Q_hierarchical_balanced,619,7,2-1-4-5-0-3,0.014027901867323278,0.009660717539400676
Q_hierarchical_balanced,620,7,0-5-1-2-4-3,0.0014442782127994658,0.0010930337489359898
Q_hierarchical_balanced,621,7,4-5-3-0-1-2,0.0035038153657149795,0.0035325575280278354
Q_hierarchical_balanced,622,7,3-1-0-4-2-5,0.0018011512488640413,0.0013608466234916738
Q_hierarchical_balanced,623,7,1-5-0-2-3-4,0.003213012556578354,0.002291947966845065
Q_hierarchical_balanced,624,7,2-1-5-3-0-4,0.0018422566118079242,0.002661260604817195
Q_hierarchical_balanced,625,7,2-1-4-5-3-0,0.012535246935388766,0.008233453534836399
Q_hierarchical_balanced,626,7,5-4-2-1-3-0,0.0040797975731297065,0.001807449235406322
Q_hierarchical_balanced,627,7,5-4-1-3-2-0,0.01647704305208375,0.009403612198068956
Q_hierarchical_balanced,628,7,1-0-2-3-5-4,0.0029560645240632732,0.0025561419248265604
Q_hierarchical_balanced,629,7,5-1-3-0-2-4,0.0006460667512002694,0.0020928064394634127
Q_hierarchical_balanced,630,7,1-0-5-3-2-4,0.0015873736780445125,0.001914817812470826
Q_hierarchical_balanced,631,7,3-5-2-1-4-0,0.008047172722616014,0.0069099564043035855
Q_hierarchical_balanced,632,7,2-1-0-4-3-5,0.0016234837303901184,0.00135387684212962
Q_hierarchical_balanced,633,7,4-0-2-3-5-1,0.001886959530690624,0.000873983591150429
Q_hierarchical_balanced,634,7,4-1-3-2-5-0,0.00700962325099197,0.004466159900908373
Q_hierarchical_balanced,635,7,3-0-5-4-2-1,0.005563681456955072,0.004934470376240951
Q_hierarchical_balanced,636,7,5-4-1-0-3-2,0.01391346704154861,0.008131207338179958
Q_hierarchical_balanced,637,7,1-4-5-3-2-0,0.00805489244782176,0.0041645841606775535
Q_hierarchical_balanced,638,7,1-0-4-3-5-2,0.008656209560549022,0.005818143649702567
Q_hierarchical_balanced,639,7,1-4-0-5-2-3,0.006291484103774336,0.003208706847640852
Q_hierarchical_balanced,640,7,4-0-1-2-5-3,0.004806667150796806,0.0029297123982899853
Q_hierarchical_balanced,641,7,2-5-1-0-3-4,0.0021214863936638295,0.002655059465014098
Q_hierarchical_balanced,642,7,2-5-1-4-3-0,-0.00020361055459439115,0.0005192103116877789
Q_hierarchical_balanced,643,7,5-2-4-0-3-1,0.003079894030988295,0.0029566059806407363
Q_hierarchical_balanced,644,7,4-2-0-5-3-1,0.0029925008884099658,0.0014744621044265882
Q_hierarchical_balanced,645,7,5-0-2-1-3-4,0.009835916489101648,0.007102432608760756
Q_hierarchical_balanced,646,7,4-5-2-0-3-1,0.0023871025074839736,0.0012237044085549043
Q_hierarchical_balanced,647,7,1-5-2-3-0-4,0.0022484714920534277,0.0022237427463724924
Q_hierarchical_balanced,648,7,2-3-1-0-4-5,-0.0011219959479142894,0.0003392305931451123
Q_hierarchical_balanced,649,7,1-5-4-3-2-0,0.009456122823891522,0.006369400888142862
Q_hierarchical_balanced,650,7,2-0-5-4-3-1,0.009524642378668013,0.006920203837453509
Q_hierarchical_balanced,651,7,2-4-1-5-0-3,0.015165685936838091,0.008902571775547208
Q_hierarchical_balanced,652,7,1-3-0-2-4-5,0.0029349208678571825,0.0046527601998380685
Q_hierarchical_balanced,653,7,0-1-4-5-2-3,0.01465103349566399,0.010110037830395435
Q_hierarchical_balanced,654,7,0-2-4-3-5-1,0.002852656473163462,0.003424850532534496
Q_hierarchical_balanced,655,7,2-1-3-4-5-0,0.0016961603247603874,0.0012292856925518736
Q_hierarchical_balanced,656,7,4-1-5-3-2-0,0.004439895263104066,0.002660469570761159
Q_hierarchical_balanced,657,7,3-1-4-5-0-2,0.017485905946960312,0.011438608897540226
Q_hierarchical_balanced,658,7,4-1-3-2-5-0,0.00700962325099197,0.004466159900908373
Q_hierarchical_balanced,659,7,3-2-1-0-4-5,0.0005632150409617953,0.001428611175788963
Q_hierarchical_balanced,660,7,1-0-4-3-2-5,0.008794310290695995,0.005975727018817656
Q_hierarchical_balanced,661,7,5-2-1-4-0-3,0.000503564594414585,0.0015534158225755101
Q_hierarchical_balanced,662,7,1-3-4-2-5-0,0.013219282741187666,0.008804447237826807
Q_hierarchical_balanced,663,7,5-0-3-4-2-1,0.0037665280719287875,0.004118684607084977
Q_hierarchical_balanced,664,7,2-0-3-1-4-5,0.004827900487635817,0.0038214502336971767
Q_hierarchical_balanced,665,7,4-1-5-0-2-3,0.0028883293518648934,0.0016896073441480253
Q_hierarchical_balanced,666,7,1-4-2-5-0-3,0.005577112658907479,0.0028420506203280516
Q_hierarchical_balanced,667,7,0-1-2-5-3-4,0.0028263330249669316,0.0026206890532221028
Q_hierarchical_balanced,668,7,5-3-2-0-1-4,0.008316956078378901,0.005234082700921849
Q_hierarchical_balanced,669,7,1-5-0-2-3-4,0.003213012556578354,0.002291947966845065
Q_hierarchical_balanced,670,7,4-3-1-0-2-5,0.008560047205502519,0.005368158446099058
Q_hierarchical_balanced,671,7,5-1-4-2-3-0,0.013436820535690508,0.008878581787960638
Q_hierarchical_balanced,672,7,1-4-0-3-2-5,0.007330918260858743,0.0037273230507415267
Q_hierarchical_balanced,673,7,1-5-3-0-2-4,-0.000673658228621199,0.0006228609193720258
Q_hierarchical_balanced,674,7,5-3-1-0-4-2,-0.0014197112680901514,0.0005037521205079054
Q_hierarchical_balanced,675,7,3-0-4-5-2-1,0.0041598160631513,0.004261325950039363
Q_hierarchical_balanced,676,7,3-1-2-4-5-0,0.0017164626524956983,0.001351428302938995
Q_hierarchical_balanced,677,7,0-4-1-5-3-2,0.01361759113460903,0.007881007826746833
Q_hierarchical_balanced,678,7,5-1-2-4-3-0,0.0015687481775989998,0.0013770648478526049
Q_hierarchical_balanced,679,7,5-3-2-1-0-4,0.004871269444207793,0.0047512166442685855
Q_hierarchical_balanced,680,7,2-4-0-3-1-5,0.00252732278046508,0.0015354654058189476
Q_hierarchical_balanced,681,7,5-3-2-1-0-4,0.004871269444207793,0.0047512166442685855
Q_hierarchical_balanced,682,7,3-1-5-0-4-2,-0.0005687171042101369,0.0023379813620461043
Q_hierarchical_balanced,683,7,1-5-4-3-2-0,0.009456122823891522,0.006369400888142862
Q_hierarchical_balanced,684,7,0-5-3-4-1-2,0.0024458585680475764,0.002286446208464743
Q_hierarchical_balanced,685,7,4-1-5-0-3-2,0.003848645696543085,0.003165027845270618
Q_hierarchical_balanced,686,7,5-3-2-1-0-4,0.004871269444207793,0.0047512166442685855
Q_hierarchical_balanced,687,7,5-3-4-1-0-2,0.006843530228757055,0.004891709944817357
Q_hierarchical_balanced,688,7,5-2-1-0-3-4,0.0021158625053133706,0.0025403285239494755
Q_hierarchical_balanced,689,7,5-1-3-0-2-4,0.0006460667512002694,0.0020928064394634127
Q_hierarchical_balanced,690,7,3-4-1-0-2-5,0.01825797753477132,0.01075517624487754
Q_hierarchical_balanced,691,7,3-4-5-2-0-1,0.0041004667429247466,0.002320431359645103
Q_hierarchical_balanced,692,7,2-5-0-4-1-3,0.009567607495948094,0.006534980147057889
Q_hierarchical_balanced,693,7,5-3-4-2-0-1,0.006204404564053911,0.005652975130425508
Q_hierarchical_balanced,694,7,2-5-3-0-1-4,0.007756353868271448,0.004792971420143677
Q_hierarchical_balanced,695,7,3-1-4-2-5-0,0.017313520239790603,0.011394845441136003
Q_hierarchical_balanced,696,7,0-4-1-5-3-2,0.01361759113460903,0.007881007826746833
Q_hierarchical_balanced,697,7,2-3-5-0-4-1,0.010033519798289925,0.006044771688063277
Q_hierarchical_balanced,698,7,0-3-2-1-4-5,0.005758905880536291,0.005160065366187294
Q_hierarchical_balanced,699,7,4-3-1-2-0-5,0.008450258298522195,0.0053656334786186255
Q_hierarchical_balanced,700,7,5-4-2-0-3-1,0.0034229921673445407,0.001844322706706869
Q_hierarchical_balanced,701,7,4-5-3-1-2-0,0.0034467915244156266,0.00207209388876628
Q_hierarchical_balanced,702,7,4-1-0-3-5-2,0.004070348433164006,0.0026572500911538066
Q_hierarchical_balanced,703,7,2-1-4-0-3-5,0.01262395268349814,0.00833048127548619
Q_hierarchical_balanced,704,7,5-1-0-3-4-2,-5.1018378942502274e-05,0.0020668275214121845
Q_hierarchical_balanced,705,7,0-4-2-1-5-3,0.004903189407398978,0.002188932511037911
Q_hierarchical_balanced,706,7,4-1-2-0-5-3,0.002132886532121514,0.0013746086029655658
Q_hierarchical_balanced,707,7,5-2-3-1-4-0,0.004787775467296584,0.003981506323077366
Q_hierarchical_balanced,708,7,0-5-4-2-1-3,0.0028420347587605477,0.0020552354178021703
Q_hierarchical_balanced,709,7,4-0-5-3-2-1,0.0010652061580651573,0.00039358347203710675
Q_hierarchical_balanced,710,7,3-4-1-2-0-5,0.01790608024241891,0.010584440690152297
Q_hierarchical_balanced,711,7,2-3-5-0-4-1,0.010033519798289925,0.006044771688063277
Q_hierarchical_balanced,712,7,4-0-3-1-5-2,0.003609650576158252,0.0022742270484759075
Q_hierarchical_balanced,713,7,4-1-3-2-5-0,0.00700962325099197,0.004466159900908373
Q_hierarchical_balanced,714,7,2-0-1-3-4-5,6.234001078120333e-05,0.0005876242751232663
Q_hierarchical_balanced,715,7,4-2-3-5-1-0,0.0038873296158659087,0.0035276503082003474
Q_hierarchical_balanced,716,7,5-4-1-0-2-3,0.01600237186220399,0.009485285879376248
Q_hierarchical_balanced,717,7,0-1-3-2-5-4,0.0010085363902945232,0.002151734011691553
Q_hierarchical_balanced,718,7,1-4-0-2-5-3,0.005916045118820934,0.0031408642310079005
Q_hierarchical_balanced,719,7,3-4-1-0-2-5,0.01825797753477132,0.01075517624487754
Q_hierarchical_balanced,720,7,0-3-2-1-4-5,0.005758905880536291,0.005160065366187294
Q_hierarchical_balanced,721,7,3-1-2-5-4-0,0.00011138549338718384,0.0027151462605550236
Q_hierarchical_balanced,722,7,2-1-5-0-4-3,0.001804527286584201,0.002381060792581824
Q_hierarchical_balanced,723,7,2-1-0-4-3-5,0.0016234837303901184,0.00135387684212962
Q_hierarchical_balanced,724,7,2-1-4-0-3-5,0.01262395268349814,0.00833048127548619
Q_hierarchical_balanced,725,7,2-0-4-5-1-3,0.0023478098432980765,0.0016718857939359566
Q_hierarchical_balanced,726,7,4-3-1-5-0-2,0.008768713950068951,0.005563571969007808
Q_hierarchical_balanced,727,7,2-1-4-0-3-5,0.01262395268349814,0.00833048127548619
Q_hierarchical_balanced,728,7,4-3-2-5-0-1,-0.00028219500348980464,-0.00024983549314383513
Q_hierarchical_balanced,729,7,1-3-0-5-2-4,-0.0005618006063783376,0.0006364769352484867
Q_hierarchical_balanced,730,7,0-5-2-1-3-4,0.009614882677913661,0.007007483159028438
Q_hierarchical_balanced,731,7,1-5-0-4-2-3,0.003741364277168646,0.0030129632941900963
Q_hierarchical_balanced,732,7,1-4-3-5-2-0,0.01204886835275798,0.006695815112267245
Q_hierarchical_balanced,733,7,3-0-1-4-2-5,0.0007682450385921857,0.001313297006911185
Q_hierarchical_balanced,734,7,1-0-5-2-4-3,0.007711075647957699,0.006381864166285944
Q_hierarchical_balanced,735,7,4-3-5-2-0-1,-0.0004068388247047139,-0.00030914658166103504
Q_hierarchical_balanced,736,7,3-4-1-0-5-2,0.01759322928937901,0.010368858387812763
Q_hierarchical_balanced,737,7,0-5-4-1-2-3,0.003730878106472657,0.003566736222802458
Q_hierarchical_balanced,738,7,1-0-5-2-3-4,0.003256012304997391,0.0022926805757170765
Q_hierarchical_balanced,739,7,2-3-4-1-0-5,0.006220920348992687,0.004617774637641459
Q_hierarchical_balanced,740,7,4-1-0-5-3-2,0.003529656404852255,0.002967288728159545
Q_hierarchical_balanced,741,7,5-2-0-3-4-1,0.01659555583660044,0.009850683751238098
Q_hierarchical_balanced,742,7,4-0-1-2-3-5,0.00555620923735578,0.003760415786727256
Q_hierarchical_balanced,743,7,5-1-2-4-0-3,0.002234944506924297,0.0019213099473905926
Q_hierarchical_balanced,744,7,3-1-2-0-5-4,0.00031741575061006166,0.0013450816137883237
Q_hierarchical_balanced,745,7,0-1-5-2-3-4,0.00230257535144085,0.0023319307138162104
Q_hierarchical_balanced,746,7,0-2-3-1-5-4,0.00481484071767968,0.004815544141388184
Q_hierarchical_balanced,747,7,1-4-2-3-5-0,0.006487727941766219,0.0034008768065187933
Q_hierarchical_balanced,748,7,0-3-2-5-4-1,0.011168980172620135,0.006888401162342794
Q_hierarchical_balanced,749,7,4-3-2-0-5-1,-0.0001727423849917642,-0.00017463905430692428
Q_hierarchical_balanced,750,7,4-0-5-1-3-2,0.0040130384336095615,0.002941214391322333
Q_hierarchical_balanced,751,7,2-0-5-3-4-1,0.015476733106330354,0.009050935599734355
Q_hierarchical_balanced,752,7,0-1-5-3-4-2,-0.0002900766866247295,0.0017872232240545571
Q_hierarchical_balanced,753,7,3-1-4-5-2-0,0.01778503658554853,0.011682778409533912
Q_hierarchical_balanced,754,7,0-2-5-4-3-1,0.009840239536532014,0.007088564871721825
Q_hierarchical_balanced,755,7,5-2-1-4-3-0,-7.23666734636641e-06,0.000637480474824037
Q_hierarchical_balanced,756,7,2-4-3-5-0-1,0.006635831627844091,0.003937606645413205
Q_hierarchical_balanced,757,7,0-5-4-1-3-2,0.002841652791828242,0.002249941533447264
Q_hierarchical_balanced,758,7,4-0-3-1-2-5,0.0033243879444567748,0.001959702204655689
Q_hierarchical_balanced,759,7,3-4-0-2-1-5,0.00268476778809279,0.0023060927984045465
Q_hierarchical_balanced,760,7,5-0-4-1-2-3,0.003546628185304934,0.0034407224102298573
Q_hierarchical_balanced,761,7,3-1-0-2-5-4,0.00013426417822048897,0.001256308929348915
Q_hierarchical_balanced,762,7,4-5-0-1-2-3,0.0026369046144957276,0.0015200995745956458
Q_hierarchical_balanced,763,7,4-2-0-1-5-3,0.003455753246144333,0.0020135267403849078
Q_hierarchical_balanced,764,7,5-2-4-1-3-0,0.0024459524175930447,0.002022134825181987
Q_hierarchical_balanced,765,7,5-1-2-3-4-0,0.0005530736304937278,0.002389691416603723
Q_hierarchical_balanced,766,7,2-4-3-1-5-0,0.008218285422555427,0.003952836663846382
Q_hierarchical_balanced,767,7,4-5-0-2-3-1,0.0021116761055998134,0.001052536441716767
Q_hierarchical_balanced,768,7,2-1-3-0-4-5,-0.0009628983329643681,0.0010283431710755853
Q_hierarchical_balanced,769,7,4-2-0-3-5-1,0.002015628626760524,0.0009069477208749621
Q_hierarchical_balanced,770,7,5-3-1-2-4-0,-0.001198395879551617,0.0005688049822436536
Q_hierarchical_balanced,771,7,4-0-2-5-3-1,0.002833257328990202,0.0014420353640667294
Q_hierarchical_balanced,772,7,2-5-0-4-1-3,0.009567607495948094,0.006534980147057889
Q_hierarchical_balanced,773,7,1-0-4-2-3-5,0.008079537326110109,0.005529512627298505
Q_hierarchical_balanced,774,7,1-2-5-3-4-0,0.0066406801844263175,0.006355293366878567
Q_hierarchical_balanced,775,7,2-3-4-1-5-0,0.0060470423066938395,0.004412044119487923
Q_hierarchical_balanced,776,7,3-1-4-5-2-0,0.01778503658554853,0.011682778409533912
Q_hierarchical_balanced,777,7,4-0-2-5-1-3,0.005031381572441207,0.0038561453443640703
Q_hierarchical_balanced,778,7,4-1-3-2-0-5,0.006949643932766758,0.0043213620434492395
Q_hierarchical_balanced,779,7,5-1-4-2-0-3,0.014883424772394127,0.010229720464062564
Q_hierarchical_balanced,780,7,5-2-3-0-1-4,0.008181079266105451,0.0049597628540319905
Q_hierarchical_balanced,781,7,0-2-5-3-4-1,0.01603553262707824,0.009395260696314689
Q_hierarchical_balanced,782,7,1-5-2-3-0-4,0.0022484714920534277,0.0022237427463724924
Q_hierarchical_balanced,783,7,5-4-2-0-1-3,0.002590720986908046,0.0016823625321169544
Q_hierarchical_balanced,784,7,1-2-5-0-4-3,0.008486451819609941,0.00675789668988247
Q_hierarchical_balanced,785,7,3-1-2-4-0-5,0.0017826723552878398,0.0013871485940741834
Q_hierarchical_balanced,786,7,5-0-3-1-4-2,0.0037574437376085568,0.003515788366978967
Q_hierarchical_balanced,787,7,3-5-1-4-0-2,0.0008268181866664115,0.0012159461894020174
Q_hierarchical_balanced,788,7,4-5-1-2-0-3,0.005074118029770203,0.003113597777147703
Q_hierarchical_balanced,789,7,2-3-4-0-5-1,0.005757909985815268,0.005302083985449735
Q_hierarchical_balanced,790,7,1-4-5-0-3-2,0.006412170803969497,0.0040015830401189945
Q_hierarchical_balanced,791,7,3-2-1-0-4-5,0.0005632150409617953,0.001428611175788963
Q_hierarchical_balanced,792,7,5-3-4-2-1-0,0.0047353383027544105,0.003530288510548707
Q_hierarchical_balanced,793,7,5-4-1-2-0-3,0.015698059286354482,0.009306621704087914
Q_hierarchical_balanced,794,7,4-3-2-1-0-5,0.002671540257375815,0.0017673494782317611
Q_hierarchical_balanced,795,7,5-1-2-0-4-3,0.002249360713405091,0.00290613696252906
Q_hierarchical_balanced,796,7,0-1-3-4-2-5,0.001997648399483687,0.0014660950765796876
Q_hierarchical_balanced,797,7,1-0-3-4-2-5,0.0021437164347177795,0.0018402246654842802
Q_hierarchical_balanced,798,7,2-1-5-0-3-4,0.002587726689374681,0.002523294467483006
Q_hierarchical_balanced,799,7,5-0-3-4-1-2,0.0027861239002238136,0.002507331613439856
Q_hierarchical_balanced,800,7,0-5-1-4-3-2,-0.0002481174370602135,0.000474656659164574
Q_hierarchical_balanced,801,7,1-2-0-5-4-3,0.009156522140422396,0.007207779247057955
Q_hierarchical_balanced,802,7,0-1-4-3-2-5,0.014700812973576838,0.009722994692783482
Q_hierarchical_balanced,803,7,3-0-4-5-1-2,0.003517960735593517,0.0027468535229706603
Q_hierarchical_balanced,804,7,4-2-1-5-3-0,0.005447397383590236,0.003666569058949354
Q_hierarchical_balanced,805,7,5-3-4-2-1-0,0.0047353383027544105,0.003530288510548707
Q_hierarchical_balanced,806,7,0-4-5-1-2-3,0.0058472217497334,0.0027260361105229114
Q_hierarchical_balanced,807,7,1-3-4-0-2-5,0.013503824055940639,0.009000873292781986
Q_hierarchical_balanced,808,7,4-0-5-1-3-2,0.0040130384336095615,0.002941214391322333
Q_hierarchical_balanced,809,7,2-1-0-4-3-5,0.0016234837303901184,0.00135387684212962
Q_hierarchical_balanced,810,7,2-1-3-4-0-5,0.0018395589555868508,0.0013642827066583374
Q_hierarchical_balanced,811,7,1-0-4-3-2-5,0.008794310290695995,0.005975727018817656
Q_hierarchical_balanced,812,7,3-4-2-0-5-1,0.003366332803550809,0.0018469235599349876
Q_hierarchical_balanced,813,7,5-2-1-4-3-0,-7.23666734636641e-06,0.000637480474824037
Q_hierarchical_balanced,814,7,5-3-4-2-0-1,0.006204404564053911,0.005652975130425508
Q_hierarchical_balanced,815,7,0-5-2-4-3-1,0.010123039397443412,0.007282539519587239
Q_hierarchical_balanced,816,7,4-2-3-1-0-5,0.003412285296452766,0.0020291504437792707
Q_hierarchical_balanced,817,7,2-3-1-4-5-0,0.0007096435797250278,0.0011325210339665492
Q_hierarchical_balanced,818,7,5-3-4-0-2-1,0.006242860062606215,0.005775185371885261
Q_hierarchical_balanced,819,7,0-4-1-3-2-5,0.016167003237480326,0.009220879405451021
Q_hierarchical_balanced,820,7,2-3-0-5-1-4,0.008468200142408788,0.005341545604035325
Q_hierarchical_balanced,821,7,1-4-0-5-2-3,0.006291484103774336,0.003208706847640852
Q_hierarchical_balanced,822,7,4-5-3-2-1-0,0.0034823565711817883,0.003456355196251093
Q_hierarchical_balanced,823,7,4-2-3-1-5-0,0.0035578924880999008,0.002186701065258756
Q_hierarchical_balanced,824,7,3-1-2-5-4-0,0.00011138549338718384,0.0027151462605550236
Q_hierarchical_balanced,825,7,2-4-0-1-5-3,0.005210335830265089,0.0023519000421655667
Q_hierarchical_balanced,826,7,4-2-3-0-5-1,0.0009021863692646459,0.00023461786210843272
Q_hierarchical_balanced,827,7,2-3-1-5-4-0,-0.0013609646889970461,0.0002642384302993239
Q_hierarchical_balanced,828,7,4-3-2-5-1-0,0.0028191203185330416,0.003450949450451768
Q_hierarchical_balanced,829,7,4-5-1-2-0-3,0.005074118029770203,0.003113597777147703
Q_hierarchical_balanced,830,7,5-0-2-4-3-1,0.010442548869526558,0.0074583450287938335
Q_hierarchical_balanced,831,7,1-0-2-4-3-5,0.005160989916784042,0.003975083875948804
Q_hierarchical_balanced,832,7,2-3-4-5-0-1,0.005792118766416832,0.005420731735060191
Q_hierarchical_balanced,833,7,2-5-3-4-0-1,0.004036638838109008,0.004237829041542462
Q_hierarchical_balanced,834,7,4-0-5-3-2-1,0.0010652061580651573,0.00039358347203710675
Q_hierarchical_balanced,835,7,3-0-4-1-5-2,0.004941093224107407,0.0036995391438139347
Q_hierarchical_balanced,836,7,5-1-2-4-3-0,0.0015687481775989998,0.0013770648478526049
Q_hierarchical_balanced,837,7,4-1-0-3-2-5,0.0038595687499117792,0.0022962590024868668
Q_hierarchical_balanced,838,7,0-2-3-1-4-5,0.005333889225172861,0.004142703202401399
Q_hierarchical_balanced,839,7,2-3-0-1-4-5,0.005238094537021287,0.004703528922220923
Q_hierarchical_balanced,840,7,0-2-5-1-3-4,0.009458399633501702,0.006907912194719312
Q_hierarchical_balanced,841,7,2-5-4-3-1-0,0.001805552736344751,0.001436325832779639
Q_hierarchical_balanced,842,7,4-0-1-3-5-2,0.006069841884702942,0.0037916184853610257
Q_hierarchical_balanced,843,7,1-4-2-5-3-0,0.005323443298475339,0.0033184038423021978
Q_hierarchical_balanced,844,7,5-0-1-4-3-2,-0.00015997363649444818,0.0005308158743898561
Q_hierarchical_balanced,845,7,4-3-5-2-1-0,0.002677857121893501,0.003364550300141378
Q_hierarchical_balanced,846,7,1-3-5-2-4-0,0.0023556189359812407,0.004369072933556817
Q_hierarchical_balanced,847,7,3-1-2-5-4-0,0.00011138549338718384,0.0027151462605550236
Q_hierarchical_balanced,848,7,1-3-0-5-2-4,-0.0005618006063783376,0.0006364769352484867
Q_hierarchical_balanced,849,7,1-5-4-0-2-3,0.008909980877589874,0.00628827859412906
Q_hierarchical_balanced,850,7,4-0-3-1-5-2,0.003609650576158252,0.0022742270484759075
Q_hierarchical_balanced,851,7,1-3-5-2-0-4,-0.0006804566711735571,0.0005035637802854875
Q_hierarchical_balanced,852,7,0-1-3-4-5-2,0.001715578959413211,0.0012079275251309918
Q_hierarchical_balanced,853,7,5-2-4-1-3-0,0.0024459524175930447,0.002022134825181987
Q_hierarchical_balanced,854,7,3-1-5-0-2-4,-0.00021624191508884394,0.0012213000752598901
Q_hierarchical_balanced,855,7,4-2-5-3-0-1,0.0015949535704360418,0.0006605136398869504
Q_hierarchical_balanced,856,7,0-1-3-2-5-4,0.0010085363902945232,0.002151734011691553
Q_hierarchical_balanced,857,7,4-1-2-3-0-5,0.003438061372095902,0.0021384187932136367
Q_hierarchical_balanced,858,7,3-4-5-1-2-0,0.00671169439581476,0.0031235272446372697
Q_hierarchical_balanced,859,7,0-3-4-2-5-1,0.005962943131227361,0.005420368516148244
Q_hierarchical_balanced,860,7,2-1-4-0-5-3,0.013844708113619708,0.009506859070663176
Q_hierarchical_balanced,861,7,0-5-3-2-4-1,0.009732203493195923,0.005394792122246361
Q_hierarchical_balanced,862,7,3-5-0-1-4-2,0.006869378647796243,0.006229351025074048
Q_hierarchical_balanced,863,7,1-5-2-0-3-4,0.0037002955931431103,0.0025876032756152467
Q_hierarchical_balanced,864,7,2-3-0-1-4-5,0.005238094537021287,0.004703528922220923
Q_hierarchical_balanced,865,7,2-5-0-4-1-3,0.009567607495948094,0.006534980147057889
Q_hierarchical_balanced,866,7,3-4-5-2-1-0,0.0029623992360552354,0.0024968351192002913
Q_hierarchical_balanced,867,7,4-0-1-2-3-5,0.00555620923735578,0.003760415786727256
Q_hierarchical_balanced,868,7,1-3-0-2-4-5,0.0029349208678571825,0.0046527601998380685
Q_hierarchical_balanced,869,7,0-4-2-1-3-5,0.004087975318421977,0.0017697192590842015
Q_hierarchical_balanced,870,7,5-4-3-1-2-0,0.009031069133984992,0.0044402193389964095
Q_hierarchical_balanced,871,7,2-0-1-5-4-3,0.0017986916206207404,0.0011428334346121893
Q_hierarchical_balanced,872,7,3-4-1-5-0-2,0.017941650571636214,0.010528731837008976
Q_hierarchical_balanced,873,7,4-3-2-0-1-5,0.0027771956511449813,0.003362407392922373
Q_hierarchical_balanced,874,7,1-0-2-4-5-3,0.0048930045830388735,0.0037089019206602014
Q_hierarchical_balanced,875,7,5-2-1-3-4-0,0.00010373172304367628,0.0007810028620786058
Q_hierarchical_balanced,876,7,2-1-4-5-0-3,0.014027901867323278,0.009660717539400676
Q_hierarchical_balanced,877,7,5-0-1-4-3-2,-0.00015997363649444818,0.0005308158743898561
Q_hierarchical_balanced,878,7,0-4-5-3-2-1,0.004623108688180055,0.0026266338803362377
Q_hierarchical_balanced,879,7,2-1-3-4-5-0,0.0016961603247603874,0.0012292856925518736
Q_hierarchical_balanced,880,7,3-2-0-1-5-4,0.006293827207021208,0.005291131561067086
Q_hierarchical_balanced,881,7,3-2-1-0-4-5,0.0005632150409617953,0.001428611175788963
Q_hierarchical_balanced,882,7,1-2-5-3-4-0,0.0066406801844263175,0.006355293366878567
Q_hierarchical_balanced,883,7,1-2-3-4-0-5,0.0023502548958771463,0.00196905073203113
Q_hierarchical_balanced,884,7,4-2-1-5-0-3,0.00457674306273903,0.0027197551409146037
Q_hierarchical_balanced,885,7,3-0-5-4-2-1,0.005563681456955072,0.004934470376240951
Q_hierarchical_balanced,886,7,5-1-4-0-2-3,0.015076814904199098,0.01038975717934687
Q_hierarchical_balanced,887,7,1-3-5-2-0-4,-0.0006804566711735571,0.0005035637802854875
Q_hierarchical_balanced,888,7,3-1-0-5-4-2,-0.0003450397250233106,0.002488801656743811
Q_hierarchical_balanced,889,7,5-4-3-0-2-1,0.006770111204279394,0.004059731762628416
Q_hierarchical_balanced,890,7,2-1-0-4-5-3,0.00228074814671797,0.0019361906246325722
Q_hierarchical_balanced,891,7,1-4-3-5-0-2,0.011873467865203047,0.006673721228354634
Q_hierarchical_balanced,892,7,4-2-3-1-0-5,0.003412285296452766,0.0020291504437792707
Q_hierarchical_balanced,893,7,4-2-0-3-1-5,0.005117297261027387,0.004259369129240742
Q_hierarchical_balanced,894,7,1-3-4-5-0-2,0.013387125686306844,0.008858267284781118
Q_hierarchical_balanced,895,7,1-4-2-0-5-3,0.005402237198247506,0.002816602800624235
Q_hierarchical_balanced,896,7,4-1-5-2-0-3,0.0028300897603970032,0.001736172276303516
Q_hierarchical_balanced,897,7,0-4-5-3-2-1,0.004623108688180055,0.0026266338803362377
Q_hierarchical_balanced,898,7,4-1-0-5-3-2,0.003529656404852255,0.002967288728159545
Q_hierarchical_balanced,899,7,3-5-2-4-0-1,0.006555561574107971,0.005440594979969071
Q_hierarchical_balanced,900,7,0-5-4-2-3-1,0.0035231460649174373,0.0033000964108079733
Q_hierarchical_balanced,901,7,5-2-0-3-1-4,0.012497481317526926,0.007661069215984639
Q_hierarchical_balanced,902,7,5-3-4-0-2-1,0.006242860062606215,0.005775185371885261
Q_hierarchical_balanced,903,7,1-2-5-0-4-3,0.008486451819609941,0.00675789668988247
Q_hierarchical_balanced,904,7,5-4-1-2-3-0,0.013960961490327328,0.008185937589674452
Q_hierarchical_balanced,905,7,0-4-1-2-5-3,0.015142309995729075,0.008936767209160035
Q_hierarchical_balanced,906,7,3-4-5-0-2-1,0.00421395635948163,0.002385096017144428
Q_hierarchical_balanced,907,7,1-3-5-4-0-2,0.0022286060950912345,0.0018820522764358971
Q_hierarchical_balanced,908,7,4-5-1-0-2-3,0.005087895520176189,0.003098536839694521
Q_hierarchical_balanced,909,7,0-2-4-3-1-5,0.0016203816909445834,0.0012691646903305598
Q_hierarchical_balanced,910,7,2-1-5-3-4-0,4.670224202540929e-05,0.0018095850516000045
Q_hierarchical_balanced,911,7,3-1-5-2-0-4,-0.00011383526650554643,0.0012040083040860683
Q_hierarchical_balanced,912,7,0-4-3-5-2-1,0.00677116411696832,0.004052523568235045
Q_hierarchical_balanced,913,7,1-2-4-0-5-3,0.007608214162421412,0.005355693515669113
Q_hierarchical_balanced,914,7,1-2-4-5-3-0,0.007546664114838064,0.005151717396486011
Q_hierarchical_balanced,915,7,5-3-1-2-0-4,0.0005786923385433518,0.002483134488125649
Q_hierarchical_balanced,916,7,0-5-1-4-2-3,0.0004457086492827278,0.001597032855738978
Q_hierarchical_balanced,917,7,1-0-4-2-5-3,0.008175613637168122,0.005742141586581595
Q_hierarchical_balanced,918,7,1-0-5-3-2-4,0.0015873736780445125,0.001914817812470826
Q_hierarchical_balanced,919,7,4-1-5-0-3-2,0.003848645696543085,0.003165027845270618
Q_hierarchical_balanced,920,7,1-3-4-2-0-5,0.013346488650040511,0.008908998367476384
Q_hierarchical_balanced,921,7,0-2-4-5-1-3,0.002300509116788474,0.0016246128348227362
Q_hierarchical_balanced,922,7,0-4-5-1-2-3,0.0058472217497334,0.0027260361105229114
Q_hierarchical_balanced,923,7,0-1-4-5-2-3,0.01465103349566399,0.010110037830395435
Q_hierarchical_balanced,924,7,0-3-2-4-5-1,0.00581875808628074,0.005041930843006526
Q_hierarchical_balanced,925,7,0-2-5-1-4-3,0.0125053816657128,0.008251644654136747
Q_hierarchical_balanced,926,7,5-3-1-2-4-0,-0.001198395879551617,0.0005688049822436536
Q_hierarchical_balanced,927,7,2-5-1-4-3-0,-0.00020361055459439115,0.0005192103116877789
Q_hierarchical_balanced,928,7,4-2-3-1-0-5,0.003412285296452766,0.0020291504437792707
Q_hierarchical_balanced,929,7,2-3-5-4-1-0,0.003458381859109849,0.0030467390078632306
Q_hierarchical_balanced,930,7,2-0-5-4-3-1,0.009524642378668013,0.006920203837453509
Q_hierarchical_balanced,931,7,4-2-5-3-1-0,0.004816789039795877,0.004136876098050024
Q_hierarchical_balanced,932,7,2-1-3-4-5-0,0.0016961603247603874,0.0012292856925518736
Q_hierarchical_balanced,933,7,0-4-3-2-5-1,0.006487555836466874,0.0038414432856755942
Q_hierarchical_balanced,934,7,3-2-5-4-0-1,0.006323606958084316,0.005310247439531901
Q_hierarchical_balanced,935,7,3-0-1-4-5-2,0.0006708871255083348,0.0011109629831714818
Q_hierarchical_balanced,936,7,5-4-0-1-2-3,0.00550230583659328,0.002528685015821819
Q_hierarchical_balanced,937,7,1-5-4-0-2-3,0.008909980877589874,0.00628827859412906
Q_hierarchical_balanced,938,7,0-5-3-2-1-4,0.007438277083297695,0.004581449359145062
Q_hierarchical_balanced,939,7,3-1-5-2-0-4,-0.00011383526650554643,0.0012040083040860683
Q_hierarchical_balanced,940,7,5-4-0-2-3-1,0.003603741269548655,0.001963412221794747
Q_hierarchical_balanced,941,7,1-4-2-0-3-5,0.00521606967875643,0.0032440165329553627
Q_hierarchical_balanced,942,7,4-2-5-1-3-0,0.004253656184213361,0.0029950166468858397
Q_hierarchical_balanced,943,7,0-1-5-2-3-4,0.00230257535144085,0.0023319307138162104
Q_hierarchical_balanced,944,7,5-1-3-2-0-4,0.0007261366423846338,0.0020453266481101906
Q_hierarchical_balanced,945,7,5-0-4-2-3-1,0.0033575990336287553,0.003160245235840242
Q_hierarchical_balanced,946,7,3-1-5-4-0-2,0.0017438040233591634,0.0012811431001618079
Q_hierarchical_balanced,947,7,0-5-2-3-1-4,0.012227547436778008,0.007566339476283379
Q_hierarchical_balanced,948,7,3-5-2-1-4-0,0.008047172722616014,0.0069099564043035855
Q_hierarchical_balanced,949,7,0-2-3-5-4-1,0.011195450871869905,0.0061556668610097676
Q_hierarchical_balanced,950,7,5-2-1-4-0-3,0.000503564594414585,0.0015534158225755101
Q_hierarchical_balanced,951,7,4-5-3-0-2-1,0.00024876375814153473,-3.3449481579017615e-05
Q_hierarchical_balanced,952,7,5-2-1-0-3-4,0.0021158625053133706,0.0025403285239494755
Q_hierarchical_balanced,953,7,3-1-2-4-5-0,0.0017164626524956983,0.001351428302938995
Q_hierarchical_balanced,954,7,0-5-2-1-3-4,0.009614882677913661,0.007007483159028438
Q_hierarchical_balanced,955,7,1-0-4-2-5-3,0.008175613637168122,0.005742141586581595
Q_hierarchical_balanced,956,7,0-1-3-4-5-2,0.001715578959413211,0.0012079275251309918
Q_hierarchical_balanced,957,7,5-2-1-0-4-3,0.0020706324609742754,0.0013745003226578456
Q_hierarchical_balanced,958,7,0-3-1-5-4-2,-0.0015126366714581785,0.0003457521534000474
Q_hierarchical_balanced,959,7,4-0-3-1-2-5,0.0033243879444567748,0.001959702204655689
Q_hierarchical_balanced,960,7,1-4-5-2-0-3,0.006651824400596196,0.0035216061694649525
Q_hierarchical_balanced,961,7,5-1-0-3-4-2,-5.1018378942502274e-05,0.0020668275214121845
Q_hierarchical_balanced,962,7,2-0-5-1-3-4,0.009240255160475108,0.0068192757542558935
Q_hierarchical_balanced,963,7,0-3-4-1-2-5,0.006703620338939675,0.004962859021563237
Q_hierarchical_balanced,964,7,4-0-2-1-5-3,0.003346793102237733,0.001991184968723747
Q_hierarchical_balanced,965,7,0-3-4-2-1-5,0.00452071862301473,0.0033439371579464527
Q_hierarchical_balanced,966,7,5-0-3-1-4-2,0.0037574437376085568,0.003515788366978967
Q_hierarchical_balanced,967,7,3-1-0-2-4-5,1.8771735657008293e-05,0.002574813772547202
Q_hierarchical_balanced,968,7,3-1-2-4-0-5,0.0017826723552878398,0.0013871485940741834
Q_hierarchical_balanced,969,7,3-4-1-5-0-2,0.017941650571636214,0.010528731837008976
Q_hierarchical_balanced,970,7,4-2-1-5-0-3,0.00457674306273903,0.0027197551409146037
Q_hierarchical_balanced,971,7,0-2-1-3-5-4,0.0014230508379593498,0.0028918564890311194
Q_hierarchical_balanced,972,7,0-3-4-2-1-5,0.00452071862301473,0.0033439371579464527
Q_hierarchical_balanced,973,7,4-0-5-1-3-2,0.0040130384336095615,0.002941214391322333
Q_hierarchical_balanced,974,7,2-5-1-4-3-0,-0.00020361055459439115,0.0005192103116877789
Q_hierarchical_balanced,975,7,4-5-3-1-0-2,0.0035854896012985638,0.0022282584098520797
Q_hierarchical_balanced,976,7,0-3-4-1-5-2,0.006348749261549491,0.004550092075185863
Q_hierarchical_balanced,977,7,4-0-3-5-1-2,0.0036778823408705197,0.003555475306886713
Q_hierarchical_balanced,978,7,5-0-4-2-1-3,0.0027686714782004795,0.001993223833034019
Q_hierarchical_balanced,979,7,4-3-1-5-0-2,0.008768713950068951,0.005563571969007808
Q_hierarchical_balanced,980,7,1-0-2-4-3-5,0.005160989916784042,0.003975083875948804
Q_hierarchical_balanced,981,7,5-0-1-4-3-2,-0.00015997363649444818,0.0005308158743898561
Q_hierarchical_balanced,982,7,0-3-1-4-5-2,0.0008024124650374276,0.0011339837238379946
Q_hierarchical_balanced,983,7,1-2-0-5-3-4,0.004279422691402912,0.002886575095571553
Q_hierarchical_balanced,984,7,2-4-0-5-1-3,0.002849807583362063,0.0016741231696615344
Q_hierarchical_balanced,985,7,3-2-5-0-4-1,0.013683594933860288,0.008279956712127223
Q_hierarchical_balanced,986,7,1-2-3-5-4-0,0.003714031405328555,0.004383111973011111
Q_hierarchical_balanced,987,7,5-4-3-0-1-2,0.004518008298554754,0.0029684193964569783
Q_hierarchical_balanced,988,7,5-4-1-2-0-3,0.015698059286354482,0.009306621704087914
Q_hierarchical_balanced,989,7,2-5-3-4-0-1,0.004036638838109008,0.004237829041542462
Q_hierarchical_balanced,990,7,4-2-3-5-0-1,0.0007655627243761121,0.00016825660157870903
Q_hierarchical_balanced,991,7,1-3-4-2-5-0,0.013219282741187666,0.008804447237826807
Q_hierarchical_balanced,992,7,1-0-5-2-3-4,0.003256012304997391,0.0022926805757170765
Q_hierarchical_balanced,993,7,4-0-2-5-3-1,0.002833257328990202,0.0014420353640667294
Q_hierarchical_balanced,994,7,1-3-2-4-0-5,0.0025902107158314314,0.0021605382133952356
Q_hierarchical_balanced,995,7,5-2-4-1-0-3,0.0031020638976027026,0.003083763960384678
Q_hierarchical_balanced,996,7,2-3-5-4-0-1,0.004791757898673921,0.004546694362535408
Q_hierarchical_balanced,997,7,3-1-5-4-0-2,0.0017438040233591634,0.0012811431001618079
Q_hierarchical_balanced,998,7,5-3-4-1-2-0,0.0070252675532844755,0.005099187631225632
Q_hierarchical_balanced,999,7,3-0-1-4-5-2,0.0006708871255083348,0.0011109629831714818
Q_entropy_redundancy,0,7,5-2-0-4-1-3,0.011228695028300484,0.007944397728989694
Q_entropy_redundancy,1,7,5-0-4-1-3-2,0.013464427170506665,0.008314055402113052
Q_entropy_redundancy,2,7,3-2-5-4-1-0,-0.00035066454276400094,0.002715893120934676
Q_entropy_redundancy,3,7,3-1-4-0-2-5,0.003828624858773555,0.002836457027596273
Q_entropy_redundancy,4,7,2-4-0-3-1-5,0.01568147069072412,0.011252772683566947
Q_entropy_redundancy,5,7,0-5-1-4-2-3,0.00344316464172878,0.00294672166734522
Q_entropy_redundancy,6,7,0-5-2-4-3-1,0.005484771969322733,0.0037551926016929915
Q_entropy_redundancy,7,7,3-0-5-2-1-4,0.00872698593137855,0.005629261596487689
Q_entropy_redundancy,8,7,5-2-1-0-3-4,0.007208327189803132,0.005447872200134318
Q_entropy_redundancy,9,7,1-0-3-2-5-4,0.004500791199334775,0.002347399554583629
Q_entropy_redundancy,10,7,5-2-3-4-1-0,-0.0007301593056274758,0.0018412480192384617
Q_entropy_redundancy,11,7,1-4-0-2-3-5,0.007905808176366769,0.005760051491229712
Q_entropy_redundancy,12,7,4-3-0-5-1-2,0.007852921393717738,0.006196130125037946
Q_entropy_redundancy,13,7,5-2-0-3-4-1,0.006728778987214579,0.005107504664108475
Q_entropy_redundancy,14,7,3-5-4-1-0-2,0.0006674717270789277,0.0012688189807935624
Q_entropy_redundancy,15,7,1-5-3-2-4-0,0.008341003930554813,0.005576161375340671
Q_entropy_redundancy,16,7,0-1-5-2-3-4,0.003439016061545508,0.001454615025450079
Q_entropy_redundancy,17,7,1-0-3-4-5-2,0.004305628975660891,0.0019335720404306533
Q_entropy_redundancy,18,7,0-5-3-2-4-1,0.0027281976189048596,0.0035947919339667234
Q_entropy_redundancy,19,7,2-4-3-1-0-5,0.001251682310311475,0.0024861130564670653
Q_entropy_redundancy,20,7,5-4-0-2-3-1,0.013876459178864486,0.00885639197934307
Q_entropy_redundancy,21,7,0-3-5-1-2-4,0.0013662437099593028,0.0008941064652414621
Q_entropy_redundancy,22,7,5-1-0-2-4-3,0.0020249726067924634,0.0012689359710900128
Q_entropy_redundancy,23,7,0-1-5-4-3-2,0.0041180230119015615,0.002000569146476061
Q_entropy_redundancy,24,7,1-5-0-4-3-2,0.004460034199388896,0.00377979512186688
Q_entropy_redundancy,25,7,5-2-4-3-1-0,-0.0010253884809541258,0.0020013416577735477
Q_entropy_redundancy,26,7,5-2-1-0-3-4,0.007208327189803132,0.005447872200134318
Q_entropy_redundancy,27,7,4-0-1-2-3-5,0.0020917252110783657,0.0010001926675968775
Q_entropy_redundancy,28,7,3-2-5-4-0-1,-0.0022803848846737473,0.0005967615308914986
Q_entropy_redundancy,29,7,1-3-2-5-0-4,0.008827725348737436,0.004732567895788686
Q_entropy_redundancy,30,7,2-3-5-4-0-1,-0.0005613152283353573,0.0018522985229434408
Q_entropy_redundancy,31,7,0-5-4-3-2-1,0.0074654842259986864,0.005605760059000597
Q_entropy_redundancy,32,7,2-4-3-5-0-1,-0.001425673356164281,0.001996834440682438
Q_entropy_redundancy,33,7,4-5-1-2-0-3,0.0065431784869767196,0.006737087820393284
Q_entropy_redundancy,34,7,3-1-5-2-0-4,0.013399680814469406,0.0072531099380930275
Q_entropy_redundancy,35,7,1-5-3-2-0-4,0.008931374241104906,0.005222627755749665
Q_entropy_redundancy,36,7,0-1-4-5-3-2,0.0035221943745672446,0.0016415747970996986
Q_entropy_redundancy,37,7,2-1-4-0-5-3,0.002580662699663616,0.0018986129253164563
Q_entropy_redundancy,38,7,5-1-3-0-2-4,0.011738919649390112,0.007663669724129574
Q_entropy_redundancy,39,7,1-2-5-0-4-3,0.0009406720947229275,0.0009165648075609711
Q_entropy_redundancy,40,7,0-5-3-1-2-4,0.0003261650568127106,0.0005425891181882747
Q_entropy_redundancy,41,7,4-2-1-3-0-5,0.008440188806027038,0.007162687082484576
Q_entropy_redundancy,42,7,5-1-2-0-4-3,0.006264101273596889,0.004173535154262664
Q_entropy_redundancy,43,7,0-1-5-4-2-3,0.005112814021180023,0.0029107851011948016
Q_entropy_redundancy,44,7,4-3-2-0-1-5,0.0006720143604979079,0.0016034551263841568
Q_entropy_redundancy,45,7,2-1-5-0-3-4,0.005382028254546478,0.004242856466836864
Q_entropy_redundancy,46,7,2-5-1-3-4-0,0.00827947981927224,0.005406348906739189
Q_entropy_redundancy,47,7,5-4-2-3-1-0,-0.0010897038302219997,0.0015139061793824071
Q_entropy_redundancy,48,7,5-4-0-1-2-3,0.013470793292230665,0.009181551849213432
Q_entropy_redundancy,49,7,4-1-0-2-5-3,0.003325816698377393,0.0021242169901908303
Q_entropy_redundancy,50,7,4-5-1-3-2-0,0.004574391297009539,0.0032531578247565474
Q_entropy_redundancy,51,7,3-1-2-5-4-0,0.010805630586064874,0.00650999663556473
Q_entropy_redundancy,52,7,0-5-2-1-3-4,0.0011173443809848749,0.0009117743171592751
Q_entropy_redundancy,53,7,3-1-2-4-0-5,0.012244477839463919,0.007042598541565415
Q_entropy_redundancy,54,7,5-0-3-2-4-1,0.003119149250530584,0.002770314873572488
Q_entropy_redundancy,55,7,0-5-2-1-4-3,0.003152669571633626,0.0033855396786705017
Q_entropy_redundancy,56,7,5-4-2-0-1-3,0.003726506500758564,0.002543053423698871
Q_entropy_redundancy,57,7,0-5-4-1-2-3,0.006629098899636032,0.004884974134254705
Q_entropy_redundancy,58,7,2-4-5-1-0-3,-0.00031634545994085883,0.002042430748030899
Q_entropy_redundancy,59,7,1-0-4-2-3-5,0.009835062253976568,0.005561136079099027
Q_entropy_redundancy,60,7,3-2-5-1-4-0,0.00271618364758186,0.0020941838827133186
Q_entropy_redundancy,61,7,1-5-3-2-0-4,0.008931374241104906,0.005222627755749665
Q_entropy_redundancy,62,7,4-1-2-5-3-0,0.003933901104091642,0.002990680929061962
Q_entropy_redundancy,63,7,5-3-2-4-1-0,-0.0009271600313913719,0.002010887788368554
Q_entropy_redundancy,64,7,5-4-2-0-3-1,0.0025727467164575746,0.0017531024990963262
Q_entropy_redundancy,65,7,0-5-2-1-4-3,0.003152669571633626,0.0033855396786705017
Q_entropy_redundancy,66,7,0-4-1-5-2-3,0.002099072892251197,0.0021306430179507396
Q_entropy_redundancy,67,7,3-1-0-4-5-2,0.0014406985920932813,0.0012061448588124302
Q_entropy_redundancy,68,7,0-5-2-1-4-3,0.003152669571633626,0.0033855396786705017
Q_entropy_redundancy,69,7,3-1-0-2-5-4,0.001946843867713266,0.0016229729708800988
Q_entropy_redundancy,70,7,1-4-2-0-5-3,0.0010187050255812125,0.0007931628963621096
Q_entropy_redundancy,71,7,0-3-4-2-5-1,0.005144995308005718,0.0040484791837904766
Q_entropy_redundancy,72,7,5-0-1-3-4-2,0.001750422545718111,0.0016172089842223514
Q_entropy_redundancy,73,7,4-2-0-3-1-5,0.012348536719317904,0.009005490053200838
Q_entropy_redundancy,74,7,3-5-1-0-4-2,0.010194806945933443,0.007222171211645367
Q_entropy_redundancy,75,7,0-5-3-2-4-1,0.0027281976189048596,0.0035947919339667234
Q_entropy_redundancy,76,7,5-1-4-0-3-2,0.002432220708862065,0.0022166835981779487
Q_entropy_redundancy,77,7,3-0-5-1-2-4,0.005931121872820411,0.0036939861631819504
Q_entropy_redundancy,78,7,2-1-5-0-3-4,0.005382028254546478,0.004242856466836864
Q_entropy_redundancy,79,7,1-4-2-0-5-3,0.0010187050255812125,0.0007931628963621096
Q_entropy_redundancy,80,7,5-2-4-1-0-3,4.415072883201532e-05,0.001912417299595126
Q_entropy_redundancy,81,7,5-0-2-3-4-1,0.005898722099898723,0.004453520761574348
Q_entropy_redundancy,82,7,2-3-1-5-0-4,0.017414570011281216,0.011614119531925593
Q_entropy_redundancy,83,7,2-4-3-1-0-5,0.001251682310311475,0.0024861130564670653
Q_entropy_redundancy,84,7,4-0-1-3-2-5,0.0016518165761968406,0.001191910495001336
Q_entropy_redundancy,85,7,1-0-5-2-3-4,0.006700929375503706,0.003939639294907593
Q_entropy_redundancy,86,7,5-1-4-3-2-0,0.0038693007330596885,0.00269301631669705
Q_entropy_redundancy,87,7,3-5-0-1-2-4,0.006408501856511206,0.005037567717454228
Q_entropy_redundancy,88,7,3-0-2-5-4-1,0.004378950342931898,0.0029512446734022424
Q_entropy_redundancy,89,7,5-2-0-4-1-3,0.011228695028300484,0.007944397728989694
Q_entropy_redundancy,90,7,3-0-1-5-4-2,0.0027508640036850718,0.0018507896575223892
Q_entropy_redundancy,91,7,4-2-0-1-5-3,0.010766065303366545,0.007504400646150433
Q_entropy_redundancy,92,7,4-2-0-3-5-1,0.010156098710647044,0.007032367948932694
Q_entropy_redundancy,93,7,3-2-1-4-0-5,0.012824228767335244,0.009206607429846692
Q_entropy_redundancy,94,7,0-5-1-4-2-3,0.00344316464172878,0.00294672166734522
Q_entropy_redundancy,95,7,2-3-5-1-4-0,0.0031079057714384906,0.0020822495283593367
Q_entropy_redundancy,96,7,1-3-5-2-0-4,0.008283162193235882,0.004382008528071912
Q_entropy_redundancy,97,7,0-1-5-4-3-2,0.0041180230119015615,0.002000569146476061
Q_entropy_redundancy,98,7,1-0-3-5-2-4,0.0045583106682212104,0.00239554707484968
Q_entropy_redundancy,99,7,4-2-3-5-0-1,9.526400753601116e-05,0.003209104506157634
Q_entropy_redundancy,100,7,3-5-2-4-0-1,-0.0022560104321847074,0.0006561249830733251
Q_entropy_redundancy,101,7,1-0-5-3-2-4,0.005912645448857501,0.003273411988830466
Q_entropy_redundancy,102,7,2-4-5-0-1-3,0.003880005762035621,0.002677860671169263
Q_entropy_redundancy,103,7,0-3-1-5-4-2,0.007110269971107974,0.0051245302878122345
Q_entropy_redundancy,104,7,3-5-4-0-2-1,8.520283677426743e-05,0.0005363503962918514
Q_entropy_redundancy,105,7,1-4-2-5-0-3,-0.00030922496981311554,0.00030008798790293056
Q_entropy_redundancy,106,7,5-0-4-1-3-2,0.013464427170506665,0.008314055402113052
Q_entropy_redundancy,107,7,0-2-3-5-1-4,-0.0006814209091849932,-0.00035395651649805515
Q_entropy_redundancy,108,7,4-2-5-1-3-0,-0.0012928642765521747,0.0002869384633790162
Q_entropy_redundancy,109,7,2-0-1-5-3-4,0.0020855234398667877,0.0011216704848308057
Q_entropy_redundancy,110,7,0-3-2-5-4-1,0.003283946024927653,0.0035659978002318127
Q_entropy_redundancy,111,7,3-0-5-2-4-1,0.004736051545127462,0.003171349795819234
Q_entropy_redundancy,112,7,0-5-1-3-4-2,0.0033874196489980246,0.003117128146079562
Q_entropy_redundancy,113,7,4-3-5-0-2-1,0.0011921560835497225,0.0015647815172488144
Q_entropy_redundancy,114,7,0-1-2-4-3-5,0.004220025274853878,0.0020497434572172013
Q_entropy_redundancy,115,7,3-1-5-0-4-2,0.008273185545521367,0.005192224370791809
Q_entropy_redundancy,116,7,3-2-0-5-4-1,0.00407820696758554,0.0031489489182049413
Q_entropy_redundancy,117,7,3-4-2-0-5-1,0.0001881583306151402,0.0005657794060639487
Q_entropy_redundancy,118,7,0-3-2-5-4-1,0.003283946024927653,0.0035659978002318127
Q_entropy_redundancy,119,7,3-5-4-2-1-0,-0.00018784420844131233,0.0029229380168778185
Q_entropy_redundancy,120,7,2-4-0-5-3-1,0.0135310126271454,0.008627407411542554
Q_entropy_redundancy,121,7,1-2-4-0-5-3,0.00010750483242527586,0.00047180437773053363
Q_entropy_redundancy,122,7,5-0-1-2-3-4,0.001974326545735816,0.001053885273516908
Q_entropy_redundancy,123,7,5-0-4-3-1-2,0.016541273396502465,0.010010732180688042
Q_entropy_redundancy,124,7,2-3-0-1-5-4,0.004421754140400136,0.0035648888137053136
Q_entropy_redundancy,125,7,4-1-0-3-2-5,0.0033221295214844737,0.0020947664815376132
Q_entropy_redundancy,126,7,0-1-2-4-3-5,0.004220025274853878,0.0020497434572172013
Q_entropy_redundancy,127,7,1-0-4-5-2-3,0.00838563893589106,0.004285689941093018
Q_entropy_redundancy,128,7,2-5-3-1-4-0,0.00293715175607967,0.002119693325270622
Q_entropy_redundancy,129,7,2-5-0-3-1-4,0.009193850588209873,0.007904325943948298
Q_entropy_redundancy,130,7,1-0-3-2-4-5,0.0036770584687627617,0.0016707159298297025
Q_entropy_redundancy,131,7,3-4-2-1-0-5,0.0007396083845800927,0.001589973074333173
Q_entropy_redundancy,132,7,2-5-3-4-1-0,-0.0006853348812315696,0.0018972065407492078
Q_entropy_redundancy,133,7,4-1-3-0-2-5,0.0098186939923961,0.006313177304653861
Q_entropy_redundancy,134,7,5-1-0-2-3-4,0.001966622372155724,0.0020783266974475634
Q_entropy_redundancy,135,7,2-4-1-0-3-5,0.004289242889703226,0.0033118661064988064
Q_entropy_redundancy,136,7,1-4-0-2-3-5,0.007905808176366769,0.005760051491229712
Q_entropy_redundancy,137,7,3-5-4-2-0-1,-0.002471770180775823,0.00034308788169046256
Q_entropy_redundancy,138,7,0-4-2-1-5-3,0.005197882992770131,0.0041623104781199904
Q_entropy_redundancy,139,7,4-5-2-3-1-0,-0.0024104063096994643,0.0004989358759992513
Q_entropy_redundancy,140,7,3-2-1-4-0-5,0.012824228767335244,0.009206607429846692
Q_entropy_redundancy,141,7,1-2-4-5-0-3,-0.0008470889120973935,-0.00025681266853883056
Q_entropy_redundancy,142,7,3-0-4-2-1-5,0.014632145173299582,0.008980864131259314
Q_entropy_redundancy,143,7,4-1-3-5-0-2,0.014636363589083823,0.009335723822564646
Q_entropy_redundancy,144,7,1-4-5-0-3-2,0.002125767933316869,0.0020353505409392847
Q_entropy_redundancy,145,7,3-5-4-2-0-1,-0.002471770180775823,0.00034308788169046256
Q_entropy_redundancy,146,7,4-3-0-5-1-2,0.007852921393717738,0.006196130125037946
Q_entropy_redundancy,147,7,1-5-2-3-4-0,0.0054787278739347745,0.003848229948009707
Q_entropy_redundancy,148,7,3-5-1-2-0-4,0.013508466636134697,0.00910120401115
Q_entropy_redundancy,149,7,0-4-5-3-2-1,0.006796109008024853,0.005284105913362591
Q_entropy_redundancy,150,7,2-5-1-3-0-4,0.010970603835301684,0.007855763376071634
Q_entropy_redundancy,151,7,1-3-2-5-0-4,0.008827725348737436,0.004732567895788686
Q_entropy_redundancy,152,7,2-3-5-0-1-4,0.00016842703044916973,0.0022316255524530426
Q_entropy_redundancy,153,7,4-5-3-0-2-1,0.0013076541966584587,0.00181177741765004
Q_entropy_redundancy,154,7,5-4-3-0-2-1,0.0007470565373319804,0.0012199556224250507
Q_entropy_redundancy,155,7,1-5-4-2-3-0,0.0024498333501739022,0.0035524883366032656
Q_entropy_redundancy,156,7,1-3-5-0-4-2,0.004573754787400741,0.003170675634575515
Q_entropy_redundancy,157,7,1-5-3-2-4-0,0.008341003930554813,0.005576161375340671
Q_entropy_redundancy,158,7,4-1-5-3-0-2,0.009303533064139335,0.005714641198496739
Q_entropy_redundancy,159,7,1-3-5-2-0-4,0.008283162193235882,0.004382008528071912
Q_entropy_redundancy,160,7,4-1-5-0-2-3,0.004735234754104312,0.0031644071964543885
Q_entropy_redundancy,161,7,2-0-1-4-3-5,0.0026116882711672007,0.0012743072646174136
Q_entropy_redundancy,162,7,5-3-4-2-0-1,-0.0012666695159956332,0.0012942996177405242
Q_entropy_redundancy,163,7,4-0-3-5-2-1,0.005654677946401954,0.0038372046938344173
Q_entropy_redundancy,164,7,4-5-2-3-1-0,-0.0024104063096994643,0.0004989358759992513
Q_entropy_redundancy,165,7,0-1-5-2-4-3,0.005737790300077816,0.0035535669138503367
Q_entropy_redundancy,166,7,0-4-2-5-3-1,0.007510299566070966,0.004967860748078312
Q_entropy_redundancy,167,7,2-0-1-5-3-4,0.0020855234398667877,0.0011216704848308057
Q_entropy_redundancy,168,7,5-2-0-4-1-3,0.011228695028300484,0.007944397728989694
Q_entropy_redundancy,169,7,0-4-5-1-2-3,0.005700942601445602,0.004392150875461187
Q_entropy_redundancy,170,7,1-0-5-2-4-3,0.004379179718487114,0.001976598268905283
Q_entropy_redundancy,171,7,2-1-3-5-0-4,0.018144915582614662,0.010732792484176912
Q_entropy_redundancy,172,7,2-1-5-3-0-4,0.012004570654307045,0.006571914447421445
Q_entropy_redundancy,173,7,4-2-3-0-5-1,0.001291066234381577,0.0018734185877867793
Q_entropy_redundancy,174,7,2-5-1-4-0-3,0.008040852995975678,0.007325782318202911
Q_entropy_redundancy,175,7,0-2-5-3-4-1,0.003956512353106345,0.004246878394656872
Q_entropy_redundancy,176,7,5-1-4-2-0-3,0.004628472397020245,0.0030832617649858562
Q_entropy_redundancy,177,7,5-3-4-1-2-0,0.0006902079765149782,0.00123949606996121
Q_entropy_redundancy,178,7,3-1-4-5-0-2,0.007024802566461541,0.0036787274871510345
Q_entropy_redundancy,179,7,4-1-3-5-0-2,0.014636363589083823,0.009335723822564646
Q_entropy_redundancy,180,7,5-1-3-4-2-0,0.011054897912625039,0.007135396547954698
Q_entropy_redundancy,181,7,5-1-2-3-0-4,0.01243847805460474,0.00688809797811607
Q_entropy_redundancy,182,7,2-4-0-5-3-1,0.0135310126271454,0.008627407411542554
Q_entropy_redundancy,183,7,2-5-4-0-3-1,0.0024212252894793007,0.0017906446431813494
Q_entropy_redundancy,184,7,1-3-2-5-0-4,0.008827725348737436,0.004732567895788686
Q_entropy_redundancy,185,7,1-3-0-5-4-2,0.0012740808215483401,0.00097773988604144
Q_entropy_redundancy,186,7,5-0-2-4-1-3,0.012341847468479217,0.0065908885007603946
Q_entropy_redundancy,187,7,4-1-2-3-5-0,0.005719410390822244,0.003363405643117323
Q_entropy_redundancy,188,7,3-4-2-1-5-0,0.0012880665113186307,0.0016823729401935772
Q_entropy_redundancy,189,7,2-3-0-1-5-4,0.004421754140400136,0.0035648888137053136
Q_entropy_redundancy,190,7,3-2-4-1-5-0,0.001321153185002033,0.0018687081591907129
Q_entropy_redundancy,191,7,5-2-4-3-1-0,-0.0010253884809541258,0.0020013416577735477
Q_entropy_redundancy,192,7,5-3-4-2-1-0,-0.0014699316982249577,0.001817787743806254
Q_entropy_redundancy,193,7,1-0-5-2-4-3,0.004379179718487114,0.001976598268905283
Q_entropy_redundancy,194,7,0-5-1-2-3-4,0.0015111142684045564,0.0010098832759131149
Q_entropy_redundancy,195,7,3-1-0-4-2-5,0.0014737518249012815,0.001300021659693451
Q_entropy_redundancy,196,7,5-2-4-0-3-1,0.0023630257483189254,0.0017761197054386724
Q_entropy_redundancy,197,7,1-3-2-5-4-0,0.008151759380330081,0.005450341473555609
Q_entropy_redundancy,198,7,1-5-0-2-3-4,0.004603434728764233,0.0043173497962240015
Q_entropy_redundancy,199,7,1-5-0-3-4-2,0.0033350059137116084,0.0023365402075151698
Q_entropy_redundancy,200,7,4-3-1-0-5-2,0.010318827392031604,0.007277914043350431
Q_entropy_redundancy,201,7,1-4-2-3-0-5,0.0017283130147559556,0.0011678323499138
Q_entropy_redundancy,202,7,0-3-4-5-2-1,0.005223295250528448,0.0040244306502639215
Q_entropy_redundancy,203,7,1-5-2-0-4-3,0.0010465102047643171,0.0009775717537642281
Q_entropy_redundancy,204,7,4-5-2-0-1-3,0.0026517776038154084,0.0019625432939582854
Q_entropy_redundancy,205,7,3-2-5-1-4-0,0.00271618364758186,0.0020941838827133186
Q_entropy_redundancy,206,7,0-1-2-4-5-3,0.005358681765158968,0.003093887665566175
Q_entropy_redundancy,207,7,3-0-2-5-4-1,0.004378950342931898,0.0029512446734022424
Q_entropy_redundancy,208,7,3-4-1-5-2-0,0.006373838379536201,0.004638059239463033
Q_entropy_redundancy,209,7,0-4-5-1-3-2,0.005018404237117968,0.0033573202570632565
Q_entropy_redundancy,210,7,0-3-1-5-2-4,0.005760390375584068,0.003630905005445051
Q_entropy_redundancy,211,7,1-4-0-3-2-5,0.007079084614186604,0.0049007700594514425
Q_entropy_redundancy,212,7,3-0-4-5-1-2,0.014826816599206039,0.009028224995876966
Q_entropy_redundancy,213,7,2-3-0-1-4-5,0.004475870375521773,0.0033554764090362177
Q_entropy_redundancy,214,7,5-4-1-0-2-3,0.00397796476733836,0.0032981466378680935
Q_entropy_redundancy,215,7,4-1-3-5-2-0,0.009170406742638582,0.005608362631474573
Q_entropy_redundancy,216,7,1-0-4-5-3-2,0.009884699924019302,0.005537879124788869
Q_entropy_redundancy,217,7,5-2-0-1-4-3,0.007723891799574001,0.005698819027778135
Q_entropy_redundancy,218,7,5-4-1-3-0-2,0.0055783125868140715,0.005398824520778001
Q_entropy_redundancy,219,7,0-2-1-3-5-4,0.002593760524060018,0.0018844183662343195
Q_entropy_redundancy,220,7,2-0-1-5-4-3,0.001804807433521738,0.0017608727187570228
Q_entropy_redundancy,221,7,1-0-3-2-4-5,0.0036770584687627617,0.0016707159298297025
Q_entropy_redundancy,222,7,1-2-3-4-0-5,0.007491804317525053,0.004697628575721868
Q_entropy_redundancy,223,7,4-2-3-1-5-0,0.0005758153778335773,0.0008463970474912319
Q_entropy_redundancy,224,7,0-4-5-2-1-3,0.008086803329550585,0.00434752143611794
Q_entropy_redundancy,225,7,2-1-0-5-3-4,0.0018888157047429743,0.0020711445739640677
Q_entropy_redundancy,226,7,0-2-5-4-3-1,0.005547006057878168,0.0037860657753143734
Q_entropy_redundancy,227,7,5-2-4-1-0-3,4.415072883201532e-05,0.001912417299595126
Q_entropy_redundancy,228,7,1-3-2-0-5-4,0.005811030963295938,0.004477448839559028
Q_entropy_redundancy,229,7,0-4-3-1-2-5,0.0015555881243523029,0.0016189478022812231
Q_entropy_redundancy,230,7,0-5-1-4-2-3,0.00344316464172878,0.00294672166734522
Q_entropy_redundancy,231,7,5-0-2-4-3-1,0.009439751374394567,0.005202645074617873
Q_entropy_redundancy,232,7,1-0-3-2-5-4,0.004500791199334775,0.002347399554583629
Q_entropy_redundancy,233,7,1-2-4-5-3-0,0.0024758739072794356,0.003588695416562371
Q_entropy_redundancy,234,7,2-3-4-5-0-1,-0.0013855012803702937,0.001167916490454668
Q_entropy_redundancy,235,7,5-1-0-3-2-4,0.002378593745064883,0.0017493482042323372
Q_entropy_redundancy,236,7,4-5-0-3-1-2,0.013193659038714722,0.009454919243885751
Q_entropy_redundancy,237,7,1-4-2-3-5-0,0.0036248030069425674,0.003203163734179948
Q_entropy_redundancy,238,7,3-5-0-1-2-4,0.006408501856511206,0.005037567717454228
Q_entropy_redundancy,239,7,5-2-0-3-1-4,0.008848838067641807,0.007665079715350576
Q_entropy_redundancy,240,7,3-0-2-1-4-5,0.004991716800892276,0.0032554438194591917
Q_entropy_redundancy,241,7,4-5-3-0-1-2,0.0009983692403444655,0.001405110326841874
Q_entropy_redundancy,242,7,4-3-0-1-2-5,0.006602640626366396,0.004765669864547628
Q_entropy_redundancy,243,7,1-3-4-0-2-5,0.0017844081213602703,0.0018940963662070764
Q_entropy_redundancy,244,7,3-4-0-2-1-5,0.013258994011220437,0.009899302261984544
Q_entropy_redundancy,245,7,0-1-4-5-2-3,0.00445524585253998,0.00247914762894208
Q_entropy_redundancy,246,7,5-0-4-1-2-3,0.012552274906636574,0.007944960858719763
Q_entropy_redundancy,247,7,1-2-5-0-3-4,0.0028681355639577077,0.003261299847237109
Q_entropy_redundancy,248,7,0-2-1-4-3-5,0.002614693827289627,0.0017900685595093613
Q_entropy_redundancy,249,7,5-2-0-1-3-4,0.008023503631019668,0.0063415462304096115
Q_entropy_redundancy,250,7,4-0-5-2-3-1,0.01152694278019184,0.0067134073058396915
Q_entropy_redundancy,251,7,0-5-3-4-2-1,0.0032863847630251186,0.0031552957986942243
Q_entropy_redundancy,252,7,2-1-5-0-4-3,0.0058680374032074045,0.003911068726588529
Q_entropy_redundancy,253,7,3-2-0-5-4-1,0.00407820696758554,0.0031489489182049413
Q_entropy_redundancy,254,7,5-1-2-0-4-3,0.006264101273596889,0.004173535154262664
Q_entropy_redundancy,255,7,2-3-1-4-0-5,0.01620781123260051,0.011475331303970049
Q_entropy_redundancy,256,7,0-4-2-5-1-3,0.007582653689051977,0.00402615014852592
Q_entropy_redundancy,257,7,2-0-5-1-4-3,0.006404418029081316,0.0046123875873274045
Q_entropy_redundancy,258,7,3-5-2-1-0-4,0.003181035394006937,0.002291624549427218
Q_entropy_redundancy,259,7,3-0-4-1-2-5,0.01027821443350252,0.006356758322850098
Q_entropy_redundancy,260,7,0-4-1-3-2-5,0.0012340231983677397,0.0013226920545515997
Q_entropy_redundancy,261,7,3-5-1-0-4-2,0.010194806945933443,0.007222171211645367
Q_entropy_redundancy,262,7,1-2-5-3-4-0,0.005426069366970765,0.0038235084630997562
Q_entropy_redundancy,263,7,2-3-5-0-1-4,0.00016842703044916973,0.0022316255524530426
Q_entropy_redundancy,264,7,5-3-0-4-2-1,0.0045340512284746115,0.003303882461751839
Q_entropy_redundancy,265,7,3-0-2-5-4-1,0.004378950342931898,0.0029512446734022424
Q_entropy_redundancy,266,7,3-5-4-1-2-0,0.001239253405409535,0.0018955212187576898
Q_entropy_redundancy,267,7,2-0-3-4-1-5,0.006591359510998429,0.0034513377332574535
Q_entropy_redundancy,268,7,0-3-4-2-1-5,0.003501266412400561,0.0022032112046999064
Q_entropy_redundancy,269,7,2-3-4-0-1-5,0.0006630870497474906,0.0021332133006765064
Q_entropy_redundancy,270,7,0-5-1-4-2-3,0.00344316464172878,0.00294672166734522
Q_entropy_redundancy,271,7,2-3-5-1-0-4,0.004755247932283879,0.003136067738314874
Q_entropy_redundancy,272,7,3-1-0-4-2-5,0.0014737518249012815,0.001300021659693451
Q_entropy_redundancy,273,7,5-0-3-2-1-4,0.005123655978862995,0.003022016127194438
Q_entropy_redundancy,274,7,5-4-1-3-0-2,0.0055783125868140715,0.005398824520778001
Q_entropy_redundancy,275,7,4-5-0-3-2-1,0.010804998002810873,0.0073965508138889025
Q_entropy_redundancy,276,7,0-1-5-4-3-2,0.0041180230119015615,0.002000569146476061
Q_entropy_redundancy,277,7,3-5-4-1-0-2,0.0006674717270789277,0.0012688189807935624
Q_entropy_redundancy,278,7,1-4-2-0-5-3,0.0010187050255812125,0.0007931628963621096
Q_entropy_redundancy,279,7,4-3-2-5-0-1,0.0002457164104721077,0.0027713393103503403
Q_entropy_redundancy,280,7,4-0-2-5-1-3,0.013600176288453891,0.007285122704804747
Q_entropy_redundancy,281,7,5-4-3-2-1-0,-0.001373364196726623,0.0011509697412592779
Q_entropy_redundancy,282,7,4-3-5-1-0-2,0.0028216587652460934,0.0029874112243142292
Q_entropy_redundancy,283,7,4-2-3-1-5-0,0.0005758153778335773,0.0008463970474912319
Q_entropy_redundancy,284,7,4-2-1-0-5-3,0.005820194397654133,0.004668286896323148
Q_entropy_redundancy,285,7,2-3-0-1-5-4,0.004421754140400136,0.0035648888137053136
Q_entropy_redundancy,286,7,2-3-0-1-4-5,0.004475870375521773,0.0033554764090362177
Q_entropy_redundancy,287,7,5-2-1-0-3-4,0.007208327189803132,0.005447872200134318
Q_entropy_redundancy,288,7,2-1-0-4-5-3,0.001881788822296726,0.0013451742176143755
Q_entropy_redundancy,289,7,0-5-1-3-2-4,0.002191282756417001,0.001622993589542543
Q_entropy_redundancy,290,7,5-0-1-2-3-4,0.001974326545735816,0.001053885273516908
Q_entropy_redundancy,291,7,0-3-5-4-2-1,0.003830084199997419,0.003222218747729877
Q_entropy_redundancy,292,7,3-5-4-0-2-1,8.520283677426743e-05,0.0005363503962918514
Q_entropy_redundancy,293,7,5-0-1-2-4-3,0.0017590172525716596,0.0017773110479817333
Q_entropy_redundancy,294,7,5-4-0-3-2-1,0.012402361073498458,0.0082755957443571
Q_entropy_redundancy,295,7,4-5-1-2-3-0,0.0034651443412776484,0.0028980085355291285
Q_entropy_redundancy,296,7,5-4-1-0-2-3,0.00397796476733836,0.0032981466378680935
Q_entropy_redundancy,297,7,4-0-5-3-2-1,0.009678826445248312,0.0063102797498840735
Q_entropy_redundancy,298,7,5-4-3-2-0-1,-0.001362120430165703,0.0020985940764531863
Q_entropy_redundancy,299,7,3-5-2-0-1-4,0.0005750605041626722,0.002554463873906787
Q_entropy_redundancy,300,7,5-4-1-2-3-0,0.0029346336968161246,0.002713151319262086
Q_entropy_redundancy,301,7,5-2-0-4-1-3,0.011228695028300484,0.007944397728989694
Q_entropy_redundancy,302,7,1-4-3-0-5-2,0.003570042840627896,0.002608362461988367
Q_entropy_redundancy,303,7,1-5-2-0-4-3,0.0010465102047643171,0.0009775717537642281
Q_entropy_redundancy,304,7,2-4-5-3-0-1,-0.0014760084155547304,0.0018132394487693215
Q_entropy_redundancy,305,7,1-0-5-2-4-3,0.004379179718487114,0.001976598268905283
Q_entropy_redundancy,306,7,5-3-0-1-4-2,0.004664075419470892,0.0034895786045563426
Q_entropy_redundancy,307,7,1-2-3-4-5-0,0.007662294348575571,0.005776265099053157
Q_entropy_redundancy,308,7,3-2-0-1-4-5,0.005705322807533886,0.004223984546252502
Q_entropy_redundancy,309,7,4-5-1-2-0-3,0.0065431784869767196,0.006737087820393284
Q_entropy_redundancy,310,7,0-5-4-3-2-1,0.0074654842259986864,0.005605760059000597
Q_entropy_redundancy,311,7,4-1-5-0-2-3,0.004735234754104312,0.0031644071964543885
Q_entropy_redundancy,312,7,4-5-2-1-0-3,0.0003141319161256151,0.0026280421440469937
Q_entropy_redundancy,313,7,2-5-4-1-3-0,-7.455808348266757e-05,0.0014976379176138144
Q_entropy_redundancy,314,7,5-2-1-0-4-3,0.007338441779679017,0.005884007079092313
Q_entropy_redundancy,315,7,5-0-2-3-4-1,0.005898722099898723,0.004453520761574348
Q_entropy_redundancy,316,7,0-3-4-2-1-5,0.003501266412400561,0.0022032112046999064
Q_entropy_redundancy,317,7,4-2-5-1-0-3,0.0003670946206524306,0.002601073104406715
Q_entropy_redundancy,318,7,3-4-0-2-5-1,0.009206388844460456,0.006059361643939165
Q_entropy_redundancy,319,7,3-0-2-5-1-4,0.008258257246934964,0.0053138501069336375
Q_entropy_redundancy,320,7,4-1-0-2-3-5,0.0031347189483528215,0.002328230514328178
Q_entropy_redundancy,321,7,3-4-5-2-0-1,-0.0023994236204027963,0.000655241231161785
Q_entropy_redundancy,322,7,5-2-0-4-3-1,0.009045773445516603,0.005910893628130243
Q_entropy_redundancy,323,7,0-3-1-5-4-2,0.007110269971107974,0.0051245302878122345
Q_entropy_redundancy,324,7,5-4-0-1-2-3,0.013470793292230665,0.009181551849213432
Q_entropy_redundancy,325,7,4-1-5-2-3-0,0.003591509812323257,0.0027825462483781482
Q_entropy_redundancy,326,7,4-1-2-3-0-5,0.010011776473001222,0.0060979839824436555
Q_entropy_redundancy,327,7,5-3-2-4-0-1,-0.00030636425923846744,0.0020843605332769854
Q_entropy_redundancy,328,7,5-0-2-3-1-4,0.008819178541195072,0.0054914498809661705
Q_entropy_redundancy,329,7,4-3-2-5-1-0,-0.0019871152166638373,0.000848218866870476
Q_entropy_redundancy,330,7,5-3-4-1-0-2,0.0016513185130910824,0.0018538906492467921
Q_entropy_redundancy,331,7,0-5-3-4-1-2,0.0012084030582826255,0.0005211730654183233
Q_entropy_redundancy,332,7,0-1-3-4-5-2,0.007655937608176511,0.00426611462193538
Q_entropy_redundancy,333,7,2-5-4-1-3-0,-7.455808348266757e-05,0.0014976379176138144
Q_entropy_redundancy,334,7,3-1-0-2-4-5,0.0017728363431397387,0.0009907835412089616
Q_entropy_redundancy,335,7,2-0-1-5-3-4,0.0020855234398667877,0.0011216704848308057
Q_entropy_redundancy,336,7,5-3-0-4-1-2,0.006056253516201426,0.005447690321144227
Q_entropy_redundancy,337,7,4-2-3-0-1-5,0.0008953707887049411,0.0014406440567510392
Q_entropy_redundancy,338,7,3-1-0-5-4-2,0.001683349093683284,0.0009422610922995567
Q_entropy_redundancy,339,7,0-4-3-1-5-2,0.0016740698733959114,0.0017804423264693447
Q_entropy_redundancy,340,7,0-2-1-3-4-5,0.0036752666711921123,0.0032172731864356097
Q_entropy_redundancy,341,7,4-1-0-2-5-3,0.003325816698377393,0.0021242169901908303
Q_entropy_redundancy,342,7,0-5-4-3-1-2,0.006785653205517939,0.004137542151231299
Q_entropy_redundancy,343,7,5-1-2-4-3-0,0.005322344705308679,0.004305191621341575
Q_entropy_redundancy,344,7,1-5-4-0-2-3,0.00021153150142882993,0.0005342904408986993
Q_entropy_redundancy,345,7,2-5-0-4-3-1,0.009242023711856229,0.006019399939275472
Q_entropy_redundancy,346,7,2-0-4-1-3-5,0.013114089416734087,0.008118542742035273
Q_entropy_redundancy,347,7,2-0-1-5-4-3,0.001804807433521738,0.0017608727187570228
Q_entropy_redundancy,348,7,2-0-1-5-4-3,0.001804807433521738,0.0017608727187570228
Q_entropy_redundancy,349,7,2-3-4-5-1-0,-0.0013743118562150602,0.0019361986102646167
Q_entropy_redundancy,350,7,3-4-5-2-1-0,-3.2558053897790984e-05,0.0025812806813687583
Q_entropy_redundancy,351,7,1-3-2-5-0-4,0.008827725348737436,0.004732567895788686
Q_entropy_redundancy,352,7,3-1-4-2-0-5,0.007271782593787579,0.003766086689277137
Q_entropy_redundancy,353,7,1-5-4-2-3-0,0.0024498333501739022,0.0035524883366032656
Q_entropy_redundancy,354,7,0-3-2-4-1-5,0.0014557392035399186,0.0008621778240932576
Q_entropy_redundancy,355,7,0-5-4-1-2-3,0.006629098899636032,0.004884974134254705
Q_entropy_redundancy,356,7,4-5-0-1-3-2,0.011696466304381703,0.008189082262669012
Q_entropy_redundancy,357,7,1-0-5-3-4-2,0.0048817418442388405,0.0024012128527007848
Q_entropy_redundancy,358,7,5-1-0-2-3-4,0.001966622372155724,0.0020783266974475634
Q_entropy_redundancy,359,7,4-3-5-2-1-0,-0.0020722112067681486,0.0008125370521152586
Q_entropy_redundancy,360,7,0-4-5-1-2-3,0.005700942601445602,0.004392150875461187
Q_entropy_redundancy,361,7,2-4-0-5-1-3,0.01679015529973893,0.01124951906041638
Q_entropy_redundancy,362,7,5-0-2-1-4-3,0.006086265053605766,0.004459794233632852
Q_entropy_redundancy,363,7,4-2-0-5-3-1,0.011497794737549416,0.007470316522162235
Q_entropy_redundancy,364,7,3-1-5-2-4-0,0.010285204382928459,0.006184677083404422
Q_entropy_redundancy,365,7,4-2-5-3-1-0,-0.002390095413111082,0.0005498016444318576
Q_entropy_redundancy,366,7,0-5-3-2-4-1,0.0027281976189048596,0.0035947919339667234
Q_entropy_redundancy,367,7,1-4-3-5-0-2,0.003914501452927599,0.002658429557818698
Q_entropy_redundancy,368,7,5-4-2-0-1-3,0.003726506500758564,0.002543053423698871
Q_entropy_redundancy,369,7,0-3-5-4-1-2,0.0018130366326810643,0.0010581098552112644
Q_entropy_redundancy,370,7,5-1-0-2-3-4,0.001966622372155724,0.0020783266974475634
Q_entropy_redundancy,371,7,3-4-2-0-5-1,0.0001881583306151402,0.0005657794060639487
Q_entropy_redundancy,372,7,0-3-4-2-5-1,0.005144995308005718,0.0040484791837904766
Q_entropy_redundancy,373,7,2-3-1-5-4-0,0.013231970015900485,0.008407796407526313
Q_entropy_redundancy,374,7,4-2-1-5-3-0,0.003843127861156037,0.0031397884178163693
Q_entropy_redundancy,375,7,0-3-4-1-5-2,0.003620582704565445,0.002587889744078309
Q_entropy_redundancy,376,7,0-3-1-5-4-2,0.007110269971107974,0.0051245302878122345
Q_entropy_redundancy,377,7,5-3-4-1-0-2,0.0016513185130910824,0.0018538906492467921
Q_entropy_redundancy,378,7,4-0-2-5-3-1,0.010982755073444594,0.0063698852206560685
Q_entropy_redundancy,379,7,1-5-3-2-0-4,0.008931374241104906,0.005222627755749665
Q_entropy_redundancy,380,7,5-1-0-2-4-3,0.0020249726067924634,0.0012689359710900128
Q_entropy_redundancy,381,7,5-4-1-2-0-3,0.004333698108681894,0.0051891806668219465
Q_entropy_redundancy,382,7,4-2-0-1-5-3,0.010766065303366545,0.007504400646150433
Q_entropy_redundancy,383,7,2-1-0-4-3-5,0.0019630725469076404,0.0019347017053907845
Q_entropy_redundancy,384,7,2-5-1-4-0-3,0.008040852995975678,0.007325782318202911
Q_entropy_redundancy,385,7,5-4-2-0-1-3,0.003726506500758564,0.002543053423698871
Q_entropy_redundancy,386,7,0-5-2-1-4-3,0.003152669571633626,0.0033855396786705017
Q_entropy_redundancy,387,7,5-1-0-3-2-4,0.002378593745064883,0.0017493482042323372
Q_entropy_redundancy,388,7,0-4-5-1-2-3,0.005700942601445602,0.004392150875461187
Q_entropy_redundancy,389,7,4-2-1-0-3-5,0.005598533532576111,0.004215896940977237
Q_entropy_redundancy,390,7,0-4-3-1-5-2,0.0016740698733959114,0.0017804423264693447
Q_entropy_redundancy,391,7,2-5-3-0-1-4,0.0006447461599843329,0.002131818853114087
Q_entropy_redundancy,392,7,4-2-1-5-3-0,0.003843127861156037,0.0031397884178163693
Q_entropy_redundancy,393,7,5-1-3-4-0-2,0.016080193241972074,0.01009262562221458
Q_entropy_redundancy,394,7,2-5-0-1-3-4,0.008310597254712171,0.006542682225613161
Q_entropy_redundancy,395,7,5-2-3-0-4-1,0.00040369602099943336,0.0016782624261959533
Q_entropy_redundancy,396,7,0-4-2-3-1-5,0.005297256183443344,0.0029505664383137065
Q_entropy_redundancy,397,7,5-0-1-3-2-4,0.001784999012948596,0.0011495882611457509
Q_entropy_redundancy,398,7,1-3-4-2-5-0,0.004277372113275946,0.0038466916337496215
Q_entropy_redundancy,399,7,5-3-4-2-0-1,-0.0012666695159956332,0.0012942996177405242
Q_entropy_redundancy,400,7,2-4-5-3-0-1,-0.0014760084155547304,0.0018132394487693215
Q_entropy_redundancy,401,7,3-0-1-5-4-2,0.0027508640036850718,0.0018507896575223892
Q_entropy_redundancy,402,7,4-0-1-2-5-3,0.002161862278872384,0.0016649796998207123
Q_entropy_redundancy,403,7,0-1-5-3-4-2,0.0059435349275779314,0.00323028994307073
Q_entropy_redundancy,404,7,1-0-4-2-5-3,0.008194561827961522,0.004185990473486889
Q_entropy_redundancy,405,7,4-3-2-5-1-0,-0.0019871152166638373,0.000848218866870476
Q_entropy_redundancy,406,7,5-1-4-2-0-3,0.004628472397020245,0.0030832617649858562
Q_entropy_redundancy,407,7,5-4-1-0-2-3,0.00397796476733836,0.0032981466378680935
Q_entropy_redundancy,408,7,1-4-5-3-2-0,0.0034309056738541788,0.003171511944577099
Q_entropy_redundancy,409,7,4-0-2-3-5-1,0.008954646507435049,0.005956441039066118
Q_entropy_redundancy,410,7,1-0-5-2-4-3,0.004379179718487114,0.001976598268905283
Q_entropy_redundancy,411,7,4-1-5-2-0-3,0.007523678440062298,0.005265630145159461
Q_entropy_redundancy,412,7,3-0-4-2-5-1,0.009702842016145463,0.005715680774626475
Q_entropy_redundancy,413,7,2-1-5-4-3-0,0.005117846368661305,0.00423743426117873
Q_entropy_redundancy,414,7,4-3-0-5-2-1,0.006664404137364688,0.004701438417058723
Q_entropy_redundancy,415,7,2-1-5-3-4-0,0.008521836257432192,0.0048641191762318625
Q_entropy_redundancy,416,7,3-5-2-1-4-0,0.002715423958395524,0.0020953449829052007
Q_entropy_redundancy,417,7,5-3-2-1-0-4,0.004963704289093096,0.003315652029097449
Q_entropy_redundancy,418,7,0-5-2-4-1-3,0.00497267083770081,0.002620658692951139
Q_entropy_redundancy,419,7,4-5-2-0-3-1,0.002305780460223561,0.0018018378436386318
Q_entropy_redundancy,420,7,0-1-3-2-5-4,0.007443988189288486,0.0038193054908032265
Q_entropy_redundancy,421,7,5-3-1-4-2-0,0.011295021298592278,0.007615273454279259
Q_entropy_redundancy,422,7,0-1-4-5-2-3,0.00445524585253998,0.00247914762894208
Q_entropy_redundancy,423,7,4-0-5-1-2-3,0.009403433700818531,0.006107416517049713
Q_entropy_redundancy,424,7,5-1-0-4-2-3,0.0020315174431955185,0.0014534616756274321
Q_entropy_redundancy,425,7,2-3-5-0-1-4,0.00016842703044916973,0.0022316255524530426
Q_entropy_redundancy,426,7,0-2-1-3-5-4,0.002593760524060018,0.0018844183662343195
Q_entropy_redundancy,427,7,0-5-1-3-4-2,0.0033874196489980246,0.003117128146079562
Q_entropy_redundancy,428,7,4-2-3-1-0-5,0.0026928619626150896,0.003424318707459628
Q_entropy_redundancy,429,7,4-3-0-5-2-1,0.006664404137364688,0.004701438417058723
Q_entropy_redundancy,430,7,0-5-3-4-1-2,0.0012084030582826255,0.0005211730654183233
Q_entropy_redundancy,431,7,2-1-0-4-5-3,0.001881788822296726,0.0013451742176143755
Q_entropy_redundancy,432,7,3-4-5-1-0-2,0.0005404424969406296,0.001524879300090043
Q_entropy_redundancy,433,7,2-3-1-4-5-0,0.01180615411512942,0.007904805699317285
Q_entropy_redundancy,434,7,2-4-0-3-5-1,0.011890152839045598,0.007978601052192169
Q_entropy_redundancy,435,7,5-2-3-0-1-4,0.00063789090067079,0.0021178075981492794
Q_entropy_redundancy,436,7,4-2-0-5-3-1,0.011497794737549416,0.007470316522162235
Q_entropy_redundancy,437,7,4-1-0-5-3-2,0.003174998889517444,0.0023375330453013765
Q_entropy_redundancy,438,7,5-0-4-3-1-2,0.016541273396502465,0.010010732180688042
Q_entropy_redundancy,439,7,1-5-4-2-0-3,-0.0009295277127101542,-0.00028466377750813177
Q_entropy_redundancy,440,7,0-3-4-2-5-1,0.005144995308005718,0.0040484791837904766
Q_entropy_redundancy,441,7,4-3-1-5-2-0,0.008883566302112289,0.005872412586386266
Q_entropy_redundancy,442,7,5-1-2-3-0-4,0.01243847805460474,0.00688809797811607
Q_entropy_redundancy,443,7,0-5-1-3-2-4,0.002191282756417001,0.001622993589542543
Q_entropy_redundancy,444,7,1-2-0-4-3-5,0.004115747016000149,0.0036413808214504906
Q_entropy_redundancy,445,7,1-4-3-5-0-2,0.003914501452927599,0.002658429557818698
Q_entropy_redundancy,446,7,1-3-2-4-0-5,0.006797943605540313,0.0038579988158223832
Q_entropy_redundancy,447,7,0-4-2-3-1-5,0.005297256183443344,0.0029505664383137065
Q_entropy_redundancy,448,7,2-0-1-3-5-4,0.0018818261755506605,0.0012254253058129327
Q_entropy_redundancy,449,7,0-4-2-5-1-3,0.007582653689051977,0.00402615014852592
Q_entropy_redundancy,450,7,4-3-2-5-1-0,-0.0019871152166638373,0.000848218866870476
Q_entropy_redundancy,451,7,3-0-5-1-2-4,0.005931121872820411,0.0036939861631819504
Q_entropy_redundancy,452,7,2-4-1-0-3-5,0.004289242889703226,0.0033118661064988064
Q_entropy_redundancy,453,7,2-0-3-1-4-5,0.00281843701611173,0.002254465666389205
Q_entropy_redundancy,454,7,0-3-2-4-1-5,0.0014557392035399186,0.0008621778240932576
Q_entropy_redundancy,455,7,3-0-4-5-2-1,0.009933858616095304,0.005791521166401692
Q_entropy_redundancy,456,7,1-4-0-3-5-2,0.0069453492462827615,0.004747655536685769
Q_entropy_redundancy,457,7,2-5-1-4-3-0,0.005866892354320363,0.004700517568776652
Q_entropy_redundancy,458,7,3-5-2-4-1-0,-0.00031561768075283325,0.0026886752752803833
Q_entropy_redundancy,459,7,4-5-3-0-1-2,0.0009983692403444655,0.001405110326841874
Q_entropy_redundancy,460,7,4-3-2-0-1-5,0.0006720143604979079,0.0016034551263841568
Q_entropy_redundancy,461,7,2-3-4-0-5-1,0.00012119544578026442,0.0007717315619234499
Q_entropy_redundancy,462,7,2-5-0-3-4-1,0.006865525243022974,0.005176140700139831
Q_entropy_redundancy,463,7,3-4-0-5-1-2,0.013387981676308058,0.00989928939669893
Q_entropy_redundancy,464,7,2-0-5-1-3-4,0.007289807681678084,0.004586716819705128
Q_entropy_redundancy,465,7,0-3-1-5-2-4,0.005760390375584068,0.003630905005445051
Q_entropy_redundancy,466,7,2-3-5-0-4-1,-4.67643865775802e-05,0.0011150621515834125
Q_entropy_redundancy,467,7,0-2-3-4-1-5,0.0009203520214811078,0.0003966420303713747
Q_entropy_redundancy,468,7,2-5-1-3-0-4,0.010970603835301684,0.007855763376071634
Q_entropy_redundancy,469,7,3-1-2-5-0-4,0.014070957689629626,0.007697730020950089
Q_entropy_redundancy,470,7,3-5-0-1-4-2,0.006087697456656382,0.004477495378333196
Q_entropy_redundancy,471,7,1-4-5-2-3-0,0.002890313680651735,0.003510244368162496
Q_entropy_redundancy,472,7,3-5-0-1-2-4,0.006408501856511206,0.005037567717454228
Q_entropy_redundancy,473,7,2-3-0-5-1-4,0.004775338556368913,0.005250011500320673
Q_entropy_redundancy,474,7,2-5-0-1-3-4,0.008310597254712171,0.006542682225613161
Q_entropy_redundancy,475,7,5-3-0-2-1-4,0.004939065430282663,0.005304032559942939
Q_entropy_redundancy,476,7,2-3-5-4-1-0,-0.000917288640203795,0.002094208290006172
Q_entropy_redundancy,477,7,2-3-0-4-1-5,0.005732294620560685,0.0053572877465479785
Q_entropy_redundancy,478,7,2-3-4-0-5-1,0.00012119544578026442,0.0007717315619234499
Q_entropy_redundancy,479,7,4-0-1-3-5-2,0.0016702689812051474,0.001274912453829935
Q_entropy_redundancy,480,7,5-1-4-3-0-2,0.0063929271929950016,0.003572548029060818
Q_entropy_redundancy,481,7,1-2-5-3-4-0,0.005426069366970765,0.0038235084630997562
Q_entropy_redundancy,482,7,4-1-2-5-0-3,0.00798980117942738,0.0055806842611527685
Q_entropy_redundancy,483,7,1-5-3-2-4-0,0.008341003930554813,0.005576161375340671
Q_entropy_redundancy,484,7,5-2-4-3-0-1,-0.00124136687097387,0.0016683229999052696
Q_entropy_redundancy,485,7,3-5-4-1-2-0,0.001239253405409535,0.0018955212187576898
Q_entropy_redundancy,486,7,0-1-2-3-5-4,0.004955533172722015,0.002215039278405717
Q_entropy_redundancy,487,7,0-3-1-5-2-4,0.005760390375584068,0.003630905005445051
Q_entropy_redundancy,488,7,1-4-0-5-2-3,0.00660582751362071,0.00427647917199192
Q_entropy_redundancy,489,7,1-2-3-0-5-4,0.006814193626063281,0.00503023740600228
Q_entropy_redundancy,490,7,0-5-3-2-4-1,0.0027281976189048596,0.0035947919339667234
Q_entropy_redundancy,491,7,5-0-4-2-1-3,0.018008478057827793,0.010411921747821462
Q_entropy_redundancy,492,7,4-5-0-3-1-2,0.013193659038714722,0.009454919243885751
Q_entropy_redundancy,493,7,1-3-5-0-4-2,0.004573754787400741,0.003170675634575515
Q_entropy_redundancy,494,7,5-3-4-2-1-0,-0.0014699316982249577,0.001817787743806254
Q_entropy_redundancy,495,7,5-0-1-3-4-2,0.001750422545718111,0.0016172089842223514
Q_entropy_redundancy,496,7,2-3-0-4-1-5,0.005732294620560685,0.0053572877465479785
Q_entropy_redundancy,497,7,4-5-2-1-0-3,0.0003141319161256151,0.0026280421440469937
Q_entropy_redundancy,498,7,5-3-4-0-1-2,0.0008041632780947383,0.00210265075563143
Q_entropy_redundancy,499,7,3-0-1-5-2-4,0.0030642852766459283,0.0017795647796992053
Q_entropy_redundancy,500,7,5-3-2-0-1-4,0.00022095260729182442,0.0021990675904924872
Q_entropy_redundancy,501,7,4-5-0-3-1-2,0.013193659038714722,0.009454919243885751
Q_entropy_redundancy,502,7,3-4-5-2-1-0,-3.2558053897790984e-05,0.0025812806813687583
Q_entropy_redundancy,503,7,4-0-3-1-5-2,0.004135645519286246,0.0028528747317871916
Q_entropy_redundancy,504,7,3-2-1-4-5-0,0.01018680343863998,0.007057735889649641
Q_entropy_redundancy,505,7,1-3-0-2-5-4,0.0021813117249549485,0.0021848588805818414
Q_entropy_redundancy,506,7,4-0-2-3-5-1,0.008954646507435049,0.005956441039066118
Q_entropy_redundancy,507,7,5-1-0-4-3-2,0.0020842642291727387,0.0019516083696672348
Q_entropy_redundancy,508,7,2-0-4-5-3-1,0.013889149094233666,0.008040808151390966
Q_entropy_redundancy,509,7,4-2-3-0-5-1,0.001291066234381577,0.0018734185877867793
Q_entropy_redundancy,510,7,5-0-4-2-1-3,0.018008478057827793,0.010411921747821462
Q_entropy_redundancy,511,7,3-5-0-2-1-4,0.00755123825664028,0.007136059766908565
Q_entropy_redundancy,512,7,5-2-4-1-0-3,4.415072883201532e-05,0.001912417299595126
Q_entropy_redundancy,513,7,3-4-0-1-5-2,0.010495923002243002,0.007352573667208651
Q_entropy_redundancy,514,7,4-5-2-3-1-0,-0.0024104063096994643,0.0004989358759992513
Q_entropy_redundancy,515,7,1-3-4-2-5-0,0.004277372113275946,0.0038466916337496215
Q_entropy_redundancy,516,7,5-2-3-4-1-0,-0.0007301593056274758,0.0018412480192384617
Q_entropy_redundancy,517,7,5-4-1-2-3-0,0.0029346336968161246,0.002713151319262086
Q_entropy_redundancy,518,7,4-3-2-1-0-5,0.003192520264447385,0.0031433321172089634
Q_entropy_redundancy,519,7,4-3-1-0-2-5,0.01026236298165717,0.007212048748475253
Q_entropy_redundancy,520,7,5-4-3-2-0-1,-0.001362120430165703,0.0020985940764531863
Q_entropy_redundancy,521,7,5-0-3-4-1-2,0.006822589556495839,0.0035120462411888376
Q_entropy_redundancy,522,7,4-3-5-1-0-2,0.0028216587652460934,0.0029874112243142292
Q_entropy_redundancy,523,7,2-0-4-5-3-1,0.013889149094233666,0.008040808151390966
Q_entropy_redundancy,524,7,3-0-1-2-5-4,0.0030492290841898084,0.0017868344768525724
Q_entropy_redundancy,525,7,5-3-4-2-1-0,-0.0014699316982249577,0.001817787743806254
Q_entropy_redundancy,526,7,0-1-2-4-5-3,0.005358681765158968,0.003093887665566175
Q_entropy_redundancy,527,7,2-4-3-5-1-0,-0.0012228354899112004,0.0012933178032837889
Q_entropy_redundancy,528,7,1-5-2-4-3-0,0.0037011945708099736,0.00422741423103945
Q_entropy_redundancy,529,7,4-5-1-2-3-0,0.0034651443412776484,0.0028980085355291285
Q_entropy_redundancy,530,7,2-5-4-0-1-3,0.003548797007998039,0.002921335805843306
Q_entropy_redundancy,531,7,2-4-5-0-1-3,0.003880005762035621,0.002677860671169263
Q_entropy_redundancy,532,7,4-2-5-0-1-3,0.0026335224709164162,0.0019965091994120776
Q_entropy_redundancy,533,7,3-5-1-0-4-2,0.010194806945933443,0.007222171211645367
Q_entropy_redundancy,534,7,5-2-4-1-0-3,4.415072883201532e-05,0.001912417299595126
Q_entropy_redundancy,535,7,1-5-2-3-0-4,0.005162494431393383,0.002778467909734794
Q_entropy_redundancy,536,7,5-4-2-1-3-0,-0.00041798765139455796,0.001012579169522132
Q_entropy_redundancy,537,7,3-4-1-2-0-5,0.007795518184152028,0.0061943178751341366
Q_entropy_redundancy,538,7,2-3-1-0-5-4,0.013051492086431749,0.00893974128962638
Q_entropy_redundancy,539,7,4-1-3-0-2-5,0.0098186939923961,0.006313177304653861
Q_entropy_redundancy,540,7,0-2-1-4-5-3,0.0037264897142657016,0.003178150838138327
Q_entropy_redundancy,541,7,1-2-4-3-5-0,0.003200203288991732,0.0031769396657774784
Q_entropy_redundancy,542,7,3-4-1-2-0-5,0.007795518184152028,0.0061943178751341366
Q_entropy_redundancy,543,7,4-2-1-0-3-5,0.005598533532576111,0.004215896940977237
Q_entropy_redundancy,544,7,5-4-2-3-1-0,-0.0010897038302219997,0.0015139061793824071
Q_entropy_redundancy,545,7,5-0-3-4-1-2,0.006822589556495839,0.0035120462411888376
Q_entropy_redundancy,546,7,4-5-1-2-3-0,0.0034651443412776484,0.0028980085355291285
Q_entropy_redundancy,547,7,0-4-3-5-1-2,0.0024273385071700293,0.001059502422224412
Q_entropy_redundancy,548,7,5-3-1-2-4-0,0.012897028208911587,0.008182323463573282
Q_entropy_redundancy,549,7,4-2-5-1-0-3,0.0003670946206524306,0.002601073104406715
Q_entropy_redundancy,550,7,5-0-4-1-2-3,0.012552274906636574,0.007944960858719763
Q_entropy_redundancy,551,7,4-0-3-2-1-5,0.0071034356428338885,0.003591482280542957
Q_entropy_redundancy,552,7,3-1-0-4-5-2,0.0014406985920932813,0.0012061448588124302
Q_entropy_redundancy,553,7,3-4-0-5-2-1,0.009374055202189813,0.006128616221192207
Q_entropy_redundancy,554,7,3-5-0-2-1-4,0.00755123825664028,0.007136059766908565
Q_entropy_redundancy,555,7,0-2-3-4-1-5,0.0009203520214811078,0.0003966420303713747
Q_entropy_redundancy,556,7,1-0-2-3-4-5,0.004705862232148861,0.002305911191510801
Q_entropy_redundancy,557,7,3-2-0-5-4-1,0.00407820696758554,0.0031489489182049413
Q_entropy_redundancy,558,7,5-2-3-4-1-0,-0.0007301593056274758,0.0018412480192384617
Q_entropy_redundancy,559,7,2-0-5-1-4-3,0.006404418029081316,0.0046123875873274045
Q_entropy_redundancy,560,7,3-2-1-4-5-0,0.01018680343863998,0.007057735889649641
Q_entropy_redundancy,561,7,0-5-2-3-4-1,0.00387380465077225,0.004229323293354792
Q_entropy_redundancy,562,7,2-3-5-4-1-0,-0.000917288640203795,0.002094208290006172
Q_entropy_redundancy,563,7,1-5-0-4-2-3,0.0033244560350207397,0.0023816844948565397
Q_entropy_redundancy,564,7,0-4-5-2-3-1,0.00791626838033288,0.005214954374683667
Q_entropy_redundancy,565,7,1-3-2-4-5-0,0.0070127074519583665,0.00546402157439474
Q_entropy_redundancy,566,7,4-1-5-3-0-2,0.009303533064139335,0.005714641198496739
Q_entropy_redundancy,567,7,0-4-5-3-1-2,0.006064210418285421,0.003397299040830304
Q_entropy_redundancy,568,7,3-5-0-1-2-4,0.006408501856511206,0.005037567717454228
Q_entropy_redundancy,569,7,5-1-3-4-2-0,0.011054897912625039,0.007135396547954698
Q_entropy_redundancy,570,7,5-0-3-1-2-4,0.0030513807320076136,0.0020159119676805837
Q_entropy_redundancy,571,7,5-2-1-3-0-4,0.011304214535265533,0.008070448533846752
Q_entropy_redundancy,572,7,0-2-4-3-1-5,0.006105810745440032,0.0037709863233313934
Q_entropy_redundancy,573,7,5-2-0-1-3-4,0.008023503631019668,0.0063415462304096115
Q_entropy_redundancy,574,7,3-4-1-2-0-5,0.007795518184152028,0.0061943178751341366
Q_entropy_redundancy,575,7,2-4-0-3-1-5,0.01568147069072412,0.011252772683566947
Q_entropy_redundancy,576,7,2-1-3-5-4-0,0.013358917885192723,0.007946312453224746
Q_entropy_redundancy,577,7,3-5-1-2-0-4,0.013508466636134697,0.00910120401115
Q_entropy_redundancy,578,7,2-3-0-1-4-5,0.004475870375521773,0.0033554764090362177
Q_entropy_redundancy,579,7,0-3-5-2-1-4,3.1806496226582937e-05,0.00021468914390532223
Q_entropy_redundancy,580,7,4-1-2-3-5-0,0.005719410390822244,0.003363405643117323
Q_entropy_redundancy,581,7,2-4-5-3-0-1,-0.0014760084155547304,0.0018132394487693215
Q_entropy_redundancy,582,7,5-3-2-1-0-4,0.004963704289093096,0.003315652029097449
Q_entropy_redundancy,583,7,5-2-3-1-4-0,0.0030080614765808367,0.002140130737392054
Q_entropy_redundancy,584,7,4-1-3-2-5-0,0.00939479860186021,0.005677331956680409
Q_entropy_redundancy,585,7,4-3-2-5-1-0,-0.0019871152166638373,0.000848218866870476
Q_entropy_redundancy,586,7,1-4-3-5-0-2,0.003914501452927599,0.002658429557818698
Q_entropy_redundancy,587,7,4-5-0-3-1-2,0.013193659038714722,0.009454919243885751
Q_entropy_redundancy,588,7,5-4-0-1-2-3,0.013470793292230665,0.009181551849213432
Q_entropy_redundancy,589,7,2-4-1-5-3-0,0.003192698913180081,0.002901111319989713
Q_entropy_redundancy,590,7,2-1-0-4-3-5,0.0019630725469076404,0.0019347017053907845
Q_entropy_redundancy,591,7,4-3-5-1-0-2,0.0028216587652460934,0.0029874112243142292
Q_entropy_redundancy,592,7,3-0-5-1-4-2,0.005382176123358562,0.0035069821531114043
Q_entropy_redundancy,593,7,0-4-1-5-2-3,0.002099072892251197,0.0021306430179507396
Q_entropy_redundancy,594,7,0-5-4-1-2-3,0.006629098899636032,0.004884974134254705
Q_entropy_redundancy,595,7,3-0-1-4-2-5,0.0031248063281679173,0.001726238150876025
Q_entropy_redundancy,596,7,2-0-1-5-3-4,0.0020855234398667877,0.0011216704848308057
Q_entropy_redundancy,597,7,1-5-3-2-4-0,0.008341003930554813,0.005576161375340671
Q_entropy_redundancy,598,7,5-0-4-2-1-3,0.018008478057827793,0.010411921747821462
Q_entropy_redundancy,599,7,2-3-4-1-0-5,0.0018060247813800334,0.0018260987043237087
Q_entropy_redundancy,600,7,5-1-4-0-3-2,0.002432220708862065,0.0022166835981779487
Q_entropy_redundancy,601,7,2-3-1-4-5-0,0.01180615411512942,0.007904805699317285
Q_entropy_redundancy,602,7,5-3-4-1-2-0,0.0006902079765149782,0.00123949606996121
Q_entropy_redundancy,603,7,4-0-3-2-5-1,0.005477780758121109,0.003826207460140729
Q_entropy_redundancy,604,7,3-2-0-5-4-1,0.00407820696758554,0.0031489489182049413
Q_entropy_redundancy,605,7,2-0-1-4-3-5,0.0026116882711672007,0.0012743072646174136
Q_entropy_redundancy,606,7,3-1-2-0-4-5,0.009040166014165574,0.005661840452343303
Q_entropy_redundancy,607,7,4-5-3-2-1-0,-0.0021271134689886395,0.000501626119200238
Q_entropy_redundancy,608,7,5-1-0-4-2-3,0.0020315174431955185,0.0014534616756274321
Q_entropy_redundancy,609,7,1-3-0-4-2-5,0.0015827281048831354,0.0016511663433506074
Q_entropy_redundancy,610,7,4-1-5-2-3-0,0.003591509812323257,0.0027825462483781482
Q_entropy_redundancy,611,7,1-0-3-5-2-4,0.0045583106682212104,0.00239554707484968
Q_entropy_redundancy,612,7,5-4-0-1-3-2,0.014177212926535732,0.009833136277529686
Q_entropy_redundancy,613,7,4-3-0-1-5-2,0.00662854652500755,0.004767186275013824
Q_entropy_redundancy,614,7,2-3-0-4-5-1,0.004165075919981609,0.0030885873368282635
Q_entropy_redundancy,615,7,5-4-1-2-3-0,0.0029346336968161246,0.002713151319262086
Q_entropy_redundancy,616,7,5-2-4-3-1-0,-0.0010253884809541258,0.0020013416577735477
Q_entropy_redundancy,617,7,4-3-1-5-2-0,0.008883566302112289,0.005872412586386266
Q_entropy_redundancy,618,7,1-5-4-3-2-0,0.003058803330634685,0.0031697176462248677
Q_entropy_redundancy,619,7,2-1-4-5-0-3,0.004641446526102655,0.0030576132839102987
Q_entropy_redundancy,620,7,0-5-1-2-4-3,0.003662337706018093,0.003694491529305788
Q_entropy_redundancy,621,7,4-5-3-0-1-2,0.0009983692403444655,0.001405110326841874
Q_entropy_redundancy,622,7,3-1-0-4-2-5,0.0014737518249012815,0.001300021659693451
Q_entropy_redundancy,623,7,1-5-0-2-3-4,0.004603434728764233,0.0043173497962240015
Q_entropy_redundancy,624,7,2-1-5-3-0-4,0.012004570654307045,0.006571914447421445
Q_entropy_redundancy,625,7,2-1-4-5-3-0,0.002656897461846164,0.002766382537464973
Q_entropy_redundancy,626,7,5-4-2-1-3-0,-0.00041798765139455796,0.001012579169522132
Q_entropy_redundancy,627,7,5-4-1-3-2-0,0.00383159028622182,0.0029289843937856386
Q_entropy_redundancy,628,7,1-0-2-3-5-4,0.0055953552493790415,0.003054668166093344
Q_entropy_redundancy,629,7,5-1-3-0-2-4,0.011738919649390112,0.007663669724129574
Q_entropy_redundancy,630,7,1-0-5-3-2-4,0.005912645448857501,0.003273411988830466
Q_entropy_redundancy,631,7,3-5-2-1-4-0,0.002715423958395524,0.0020953449829052007
Q_entropy_redundancy,632,7,2-1-0-4-3-5,0.0019630725469076404,0.0019347017053907845
Q_entropy_redundancy,633,7,4-0-2-3-5-1,0.008954646507435049,0.005956441039066118
Q_entropy_redundancy,634,7,4-1-3-2-5-0,0.00939479860186021,0.005677331956680409
Q_entropy_redundancy,635,7,3-0-5-4-2-1,0.006457514117003793,0.0035811991954145528
Q_entropy_redundancy,636,7,5-4-1-0-3-2,0.004111610907415741,0.0031775986456812344
Q_entropy_redundancy,637,7,1-4-5-3-2-0,0.0034309056738541788,0.003171511944577099
Q_entropy_redundancy,638,7,1-0-4-3-5-2,0.008376812865593442,0.004558368563537862
Q_entropy_redundancy,639,7,1-4-0-5-2-3,0.00660582751362071,0.00427647917199192
Q_entropy_redundancy,640,7,4-0-1-2-5-3,0.002161862278872384,0.0016649796998207123
Q_entropy_redundancy,641,7,2-5-1-0-3-4,0.007022436992854431,0.0053335925669967255
Q_entropy_redundancy,642,7,2-5-1-4-3-0,0.005866892354320363,0.004700517568776652
Q_entropy_redundancy,643,7,5-2-4-0-3-1,0.0023630257483189254,0.0017761197054386724
Q_entropy_redundancy,644,7,4-2-0-5-3-1,0.011497794737549416,0.007470316522162235
Q_entropy_redundancy,645,7,5-0-2-1-3-4,0.006875212599544822,0.004314622569224991
Q_entropy_redundancy,646,7,4-5-2-0-3-1,0.002305780460223561,0.0018018378436386318
Q_entropy_redundancy,647,7,1-5-2-3-0-4,0.005162494431393383,0.002778467909734794
Q_entropy_redundancy,648,7,2-3-1-0-4-5,0.013564555952045199,0.009394882884963818
Q_entropy_redundancy,649,7,1-5-4-3-2-0,0.003058803330634685,0.0031697176462248677
Q_entropy_redundancy,650,7,2-0-5-4-3-1,0.009732257655777454,0.005359899637334631
Q_entropy_redundancy,651,7,2-4-1-5-0-3,0.00448059470598694,0.005226411661491848
Q_entropy_redundancy,652,7,1-3-0-2-4-5,0.0013880396042269538,0.0010597671021156385
Q_entropy_redundancy,653,7,0-1-4-5-2-3,0.00445524585253998,0.00247914762894208
Q_entropy_redundancy,654,7,0-2-4-3-5-1,0.007043023456392072,0.005413804440700165
Q_entropy_redundancy,655,7,2-1-3-4-5-0,0.011546802939302658,0.007400782492072988
Q_entropy_redundancy,656,7,4-1-5-3-2-0,0.005147549075772417,0.003084137649231322
Q_entropy_redundancy,657,7,3-1-4-5-0-2,0.007024802566461541,0.0036787274871510345
Q_entropy_redundancy,658,7,4-1-3-2-5-0,0.00939479860186021,0.005677331956680409
Q_entropy_redundancy,659,7,3-2-1-0-4-5,0.010895663773625719,0.0076400886171094085
Q_entropy_redundancy,660,7,1-0-4-3-2-5,0.008524846295451693,0.004686336772803612
Q_entropy_redundancy,661,7,5-2-1-4-0-3,0.008396655651956575,0.007572022071218432
Q_entropy_redundancy,662,7,1-3-4-2-5-0,0.004277372113275946,0.0038466916337496215
Q_entropy_redundancy,663,7,5-0-3-4-2-1,0.004565722384384907,0.0028670113350283133
Q_entropy_redundancy,664,7,2-0-3-1-4-5,0.00281843701611173,0.002254465666389205
Q_entropy_redundancy,665,7,4-1-5-0-2-3,0.004735234754104312,0.0031644071964543885
Q_entropy_redundancy,666,7,1-4-2-5-0-3,-0.00030922496981311554,0.00030008798790293056
Q_entropy_redundancy,667,7,0-1-2-5-3-4,0.0036242808250511738,0.001568993266601093
Q_entropy_redundancy,668,7,5-3-2-0-1-4,0.00022095260729182442,0.0021990675904924872
Q_entropy_redundancy,669,7,1-5-0-2-3-4,0.004603434728764233,0.0043173497962240015
Q_entropy_redundancy,670,7,4-3-1-0-2-5,0.01026236298165717,0.007212048748475253
Q_entropy_redundancy,671,7,5-1-4-2-3-0,0.0025169176470396515,0.002625373067982606
Q_entropy_redundancy,672,7,1-4-0-3-2-5,0.007079084614186604,0.0049007700594514425
Q_entropy_redundancy,673,7,1-5-3-0-2-4,0.006391943323874383,0.004811400129896781
Q_entropy_redundancy,674,7,5-3-1-0-4-2,0.013151595954960738,0.009178550959115794
Q_entropy_redundancy,675,7,3-0-4-5-2-1,0.009933858616095304,0.005791521166401692
Q_entropy_redundancy,676,7,3-1-2-4-5-0,0.009159824409925132,0.006194895450151838
Q_entropy_redundancy,677,7,0-4-1-5-3-2,0.0011648159941661795,0.0008527429592979363
Q_entropy_redundancy,678,7,5-1-2-4-3-0,0.005322344705308679,0.004305191621341575
Q_entropy_redundancy,679,7,5-3-2-1-0-4,0.004963704289093096,0.003315652029097449
Q_entropy_redundancy,680,7,2-4-0-3-1-5,0.01568147069072412,0.011252772683566947
Q_entropy_redundancy,681,7,5-3-2-1-0-4,0.004963704289093096,0.003315652029097449
Q_entropy_redundancy,682,7,3-1-5-0-4-2,0.008273185545521367,0.005192224370791809
Q_entropy_redundancy,683,7,1-5-4-3-2-0,0.003058803330634685,0.0031697176462248677
Q_entropy_redundancy,684,7,0-5-3-4-1-2,0.0012084030582826255,0.0005211730654183233
Q_entropy_redundancy,685,7,4-1-5-0-3-2,0.004350463342433275,0.0031007166118115492
Q_entropy_redundancy,686,7,5-3-2-1-0-4,0.004963704289093096,0.003315652029097449
Q_entropy_redundancy,687,7,5-3-4-1-0-2,0.0016513185130910824,0.0018538906492467921
Q_entropy_redundancy,688,7,5-2-1-0-3-4,0.007208327189803132,0.005447872200134318
Q_entropy_redundancy,689,7,5-1-3-0-2-4,0.011738919649390112,0.007663669724129574
Q_entropy_redundancy,690,7,3-4-1-0-2-5,0.006319581932386353,0.004596637287338834
Q_entropy_redundancy,691,7,3-4-5-2-0-1,-0.0023994236204027963,0.000655241231161785
Q_entropy_redundancy,692,7,2-5-0-4-1-3,0.011544665668015375,0.008147020670433935
Q_entropy_redundancy,693,7,5-3-4-2-0-1,-0.0012666695159956332,0.0012942996177405242
Q_entropy_redundancy,694,7,2-5-3-0-1-4,0.0006447461599843329,0.002131818853114087
Q_entropy_redundancy,695,7,3-1-4-2-5-0,0.005506765911789557,0.003969241244150434
Q_entropy_redundancy,696,7,0-4-1-5-3-2,0.0011648159941661795,0.0008527429592979363
Q_entropy_redundancy,697,7,2-3-5-0-4-1,-4.67643865775802e-05,0.0011150621515834125
Q_entropy_redundancy,698,7,0-3-2-1-4-5,0.0024769684470520303,0.0021306402168473904
Q_entropy_redundancy,699,7,4-3-1-2-0-5,0.013722184647860791,0.010150365274223416
Q_entropy_redundancy,700,7,5-4-2-0-3-1,0.0025727467164575746,0.0017531024990963262
Q_entropy_redundancy,701,7,4-5-3-1-2-0,0.00024835295131386825,0.0006992140858370632
Q_entropy_redundancy,702,7,4-1-0-3-5-2,0.003356196041031767,0.002086120355968113
Q_entropy_redundancy,703,7,2-1-4-0-3-5,0.002500025621049895,0.0023166806170489274
Q_entropy_redundancy,704,7,5-1-0-3-4-2,0.0025007202663266392,0.0014220291807934826
Q_entropy_redundancy,705,7,0-4-2-1-5-3,0.005197882992770131,0.0041623104781199904
Q_entropy_redundancy,706,7,4-1-2-0-5-3,0.005179047977019069,0.0034470304232873117
Q_entropy_redundancy,707,7,5-2-3-1-4-0,0.0030080614765808367,0.002140130737392054
Q_entropy_redundancy,708,7,0-5-4-2-1-3,0.008712391517922913,0.00501982580928706
Q_entropy_redundancy,709,7,4-0-5-3-2-1,0.009678826445248312,0.0063102797498840735
Q_entropy_redundancy,710,7,3-4-1-2-0-5,0.007795518184152028,0.0061943178751341366
Q_entropy_redundancy,711,7,2-3-5-0-4-1,-4.67643865775802e-05,0.0011150621515834125
Q_entropy_redundancy,712,7,4-0-3-1-5-2,0.004135645519286246,0.0028528747317871916
Q_entropy_redundancy,713,7,4-1-3-2-5-0,0.00939479860186021,0.005677331956680409
Q_entropy_redundancy,714,7,2-0-1-3-4-5,0.0018310534950758406,0.0016113362579229795
Q_entropy_redundancy,715,7,4-2-3-5-1-0,-0.002019924569343745,0.0005886121788898357
Q_entropy_redundancy,716,7,5-4-1-0-2-3,0.00397796476733836,0.0032981466378680935
Q_entropy_redundancy,717,7,0-1-3-2-5-4,0.007443988189288486,0.0038193054908032265
Q_entropy_redundancy,718,7,1-4-0-2-5-3,0.006476598179847581,0.00418222058174178
Q_entropy_redundancy,719,7,3-4-1-0-2-5,0.006319581932386353,0.004596637287338834
Q_entropy_redundancy,720,7,0-3-2-1-4-5,0.0024769684470520303,0.0021306402168473904
Q_entropy_redundancy,721,7,3-1-2-5-4-0,0.010805630586064874,0.00650999663556473
Q_entropy_redundancy,722,7,2-1-5-0-4-3,0.0058680374032074045,0.003911068726588529
Q_entropy_redundancy,723,7,2-1-0-4-3-5,0.0019630725469076404,0.0019347017053907845
Q_entropy_redundancy,724,7,2-1-4-0-3-5,0.002500025621049895,0.0023166806170489274
Q_entropy_redundancy,725,7,2-0-4-5-1-3,0.017777844853210434,0.010275278997182724
Q_entropy_redundancy,726,7,4-3-1-5-0-2,0.01355533130666009,0.010131840620079768
Q_entropy_redundancy,727,7,2-1-4-0-3-5,0.002500025621049895,0.0023166806170489274
Q_entropy_redundancy,728,7,4-3-2-5-0-1,0.0002457164104721077,0.0027713393103503403
Q_entropy_redundancy,729,7,1-3-0-5-2-4,0.0021794219658565206,0.002258745224581138
Q_entropy_redundancy,730,7,0-5-2-1-3-4,0.0011173443809848749,0.0009117743171592751
Q_entropy_redundancy,731,7,1-5-0-4-2-3,0.0033244560350207397,0.0023816844948565397
Q_entropy_redundancy,732,7,1-4-3-5-2-0,0.0052332674236055254,0.004195535754974
Q_entropy_redundancy,733,7,3-0-1-4-2-5,0.0031248063281679173,0.001726238150876025
Q_entropy_redundancy,734,7,1-0-5-2-4-3,0.004379179718487114,0.001976598268905283
Q_entropy_redundancy,735,7,4-3-5-2-0-1,0.00011121166475702715,0.0026676110804956243
Q_entropy_redundancy,736,7,3-4-1-0-5-2,0.006279654867748952,0.004577417559884389
Q_entropy_redundancy,737,7,0-5-4-1-2-3,0.006629098899636032,0.004884974134254705
Q_entropy_redundancy,738,7,1-0-5-2-3-4,0.006700929375503706,0.003939639294907593
Q_entropy_redundancy,739,7,2-3-4-1-0-5,0.0018060247813800334,0.0018260987043237087
Q_entropy_redundancy,740,7,4-1-0-5-3-2,0.003174998889517444,0.0023375330453013765
Q_entropy_redundancy,741,7,5-2-0-3-4-1,0.006728778987214579,0.005107504664108475
Q_entropy_redundancy,742,7,4-0-1-2-3-5,0.0020917252110783657,0.0010001926675968775
Q_entropy_redundancy,743,7,5-1-2-4-0-3,0.00849659385807433,0.005689563728334623
Q_entropy_redundancy,744,7,3-1-2-0-5-4,0.00879827495748886,0.005914447277942436
Q_entropy_redundancy,745,7,0-1-5-2-3-4,0.003439016061545508,0.001454615025450079
Q_entropy_redundancy,746,7,0-2-3-1-5-4,0.00045575378548345924,0.0006241279902585717
Q_entropy_redundancy,747,7,1-4-2-3-5-0,0.0036248030069425674,0.003203163734179948
Q_entropy_redundancy,748,7,0-3-2-5-4-1,0.003283946024927653,0.0035659978002318127
Q_entropy_redundancy,749,7,4-3-2-0-5-1,0.0011828027283573572,0.001626342998857222
Q_entropy_redundancy,750,7,4-0-5-1-3-2,0.009865013956283697,0.0059604068470979765
Q_entropy_redundancy,751,7,2-0-5-3-4-1,0.006135882287643835,0.00454335396605321
Q_entropy_redundancy,752,7,0-1-5-3-4-2,0.0059435349275779314,0.00323028994307073
Q_entropy_redundancy,753,7,3-1-4-5-2-0,0.005331877127454199,0.003961078096230253
Q_entropy_redundancy,754,7,0-2-5-4-3-1,0.005547006057878168,0.0037860657753143734
Q_entropy_redundancy,755,7,5-2-1-4-3-0,0.00598572304621392,0.004754009023505423
Q_entropy_redundancy,756,7,2-4-3-5-0-1,-0.001425673356164281,0.001996834440682438
Q_entropy_redundancy,757,7,0-5-4-1-3-2,0.005938098245899637,0.003969727223800956
Q_entropy_redundancy,758,7,4-0-3-1-2-5,0.00413662054691466,0.002787394320728942
Q_entropy_redundancy,759,7,3-4-0-2-1-5,0.013258994011220437,0.009899302261984544
Q_entropy_redundancy,760,7,5-0-4-1-2-3,0.012552274906636574,0.007944960858719763
Q_entropy_redundancy,761,7,3-1-0-2-5-4,0.001946843867713266,0.0016229729708800988
Q_entropy_redundancy,762,7,4-5-0-1-2-3,0.01142367665892352,0.007905948327717516
Q_entropy_redundancy,763,7,4-2-0-1-5-3,0.010766065303366545,0.007504400646150433
Q_entropy_redundancy,764,7,5-2-4-1-3-0,-0.00021727188676501363,0.0013776222615689004
Q_entropy_redundancy,765,7,5-1-2-3-4-0,0.008777601928005474,0.004995277865441516
Q_entropy_redundancy,766,7,2-4-3-1-5-0,0.0006231635525693058,0.0010719395310445634
Q_entropy_redundancy,767,7,4-5-0-2-3-1,0.012041570964603343,0.00780878104365601
Q_entropy_redundancy,768,7,2-1-3-0-4-5,0.012833167256598,0.008151677797169077
Q_entropy_redundancy,769,7,4-2-0-3-5-1,0.010156098710647044,0.007032367948932694
Q_entropy_redundancy,770,7,5-3-1-2-4-0,0.012897028208911587,0.008182323463573282
Q_entropy_redundancy,771,7,4-0-2-5-3-1,0.010982755073444594,0.0063698852206560685
Q_entropy_redundancy,772,7,2-5-0-4-1-3,0.011544665668015375,0.008147020670433935
Q_entropy_redundancy,773,7,1-0-4-2-3-5,0.009835062253976568,0.005561136079099027
Q_entropy_redundancy,774,7,1-2-5-3-4-0,0.005426069366970765,0.0038235084630997562
Q_entropy_redundancy,775,7,2-3-4-1-5-0,0.0009121903030895329,0.0013313153851306492
Q_entropy_redundancy,776,7,3-1-4-5-2-0,0.005331877127454199,0.003961078096230253
Q_entropy_redundancy,777,7,4-0-2-5-1-3,0.013600176288453891,0.007285122704804747
Q_entropy_redundancy,778,7,4-1-3-2-0-5,0.014858371601887743,0.009393096285672975
Q_entropy_redundancy,779,7,5-1-4-2-0-3,0.004628472397020245,0.0030832617649858562
Q_entropy_redundancy,780,7,5-2-3-0-1-4,0.00063789090067079,0.0021178075981492794
Q_entropy_redundancy,781,7,0-2-5-3-4-1,0.003956512353106345,0.004246878394656872
Q_entropy_redundancy,782,7,1-5-2-3-0-4,0.005162494431393383,0.002778467909734794
Q_entropy_redundancy,783,7,5-4-2-0-1-3,0.003726506500758564,0.002543053423698871
Q_entropy_redundancy,784,7,1-2-5-0-4-3,0.0009406720947229275,0.0009165648075609711
Q_entropy_redundancy,785,7,3-1-2-4-0-5,0.012244477839463919,0.007042598541565415
Q_entropy_redundancy,786,7,5-0-3-1-4-2,0.002885593227751837,0.0023515828673820183
Q_entropy_redundancy,787,7,3-5-1-4-0-2,0.011942291716536824,0.008746560726804464
Q_entropy_redundancy,788,7,4-5-1-2-0-3,0.0065431784869767196,0.006737087820393284
Q_entropy_redundancy,789,7,2-3-4-0-5-1,0.00012119544578026442,0.0007717315619234499
Q_entropy_redundancy,790,7,1-4-5-0-3-2,0.002125767933316869,0.0020353505409392847
Q_entropy_redundancy,791,7,3-2-1-0-4-5,0.010895663773625719,0.0076400886171094085
Q_entropy_redundancy,792,7,5-3-4-2-1-0,-0.0014699316982249577,0.001817787743806254
Q_entropy_redundancy,793,7,5-4-1-2-0-3,0.004333698108681894,0.0051891806668219465
Q_entropy_redundancy,794,7,4-3-2-1-0-5,0.003192520264447385,0.0031433321172089634
Q_entropy_redundancy,795,7,5-1-2-0-4-3,0.006264101273596889,0.004173535154262664
Q_entropy_redundancy,796,7,0-1-3-4-2-5,0.007507406405121708,0.004127019721504088
Q_entropy_redundancy,797,7,1-0-3-4-2-5,0.004431160348376206,0.0020400653014370773
Q_entropy_redundancy,798,7,2-1-5-0-3-4,0.005382028254546478,0.004242856466836864
Q_entropy_redundancy,799,7,5-0-3-4-1-2,0.006822589556495839,0.0035120462411888376
Q_entropy_redundancy,800,7,0-5-1-4-3-2,0.00246476290100317,0.0017115127546405429
Q_entropy_redundancy,801,7,1-2-0-5-4-3,0.0022146770974915686,0.0015298170853197401
Q_entropy_redundancy,802,7,0-1-4-3-2-5,0.0041023977250402854,0.0019376065550468224
Q_entropy_redundancy,803,7,3-0-4-5-1-2,0.014826816599206039,0.009028224995876966
Q_entropy_redundancy,804,7,4-2-1-5-3-0,0.003843127861156037,0.0031397884178163693
Q_entropy_redundancy,805,7,5-3-4-2-1-0,-0.0014699316982249577,0.001817787743806254
Q_entropy_redundancy,806,7,0-4-5-1-2-3,0.005700942601445602,0.004392150875461187
Q_entropy_redundancy,807,7,1-3-4-0-2-5,0.0017844081213602703,0.0018940963662070764
Q_entropy_redundancy,808,7,4-0-5-1-3-2,0.009865013956283697,0.0059604068470979765
Q_entropy_redundancy,809,7,2-1-0-4-3-5,0.0019630725469076404,0.0019347017053907845
Q_entropy_redundancy,810,7,2-1-3-4-0-5,0.016550821146608774,0.010286014717874714
Q_entropy_redundancy,811,7,1-0-4-3-2-5,0.008524846295451693,0.004686336772803612
Q_entropy_redundancy,812,7,3-4-2-0-5-1,0.0001881583306151402,0.0005657794060639487
Q_entropy_redundancy,813,7,5-2-1-4-3-0,0.00598572304621392,0.004754009023505423
Q_entropy_redundancy,814,7,5-3-4-2-0-1,-0.0012666695159956332,0.0012942996177405242
Q_entropy_redundancy,815,7,0-5-2-4-3-1,0.005484771969322733,0.0037551926016929915
Q_entropy_redundancy,816,7,4-2-3-1-0-5,0.0026928619626150896,0.003424318707459628
Q_entropy_redundancy,817,7,2-3-1-4-5-0,0.01180615411512942,0.007904805699317285
Q_entropy_redundancy,818,7,5-3-4-0-2-1,0.000334038586297547,0.000877679917774099
Q_entropy_redundancy,819,7,0-4-1-3-2-5,0.0012340231983677397,0.0013226920545515997
Q_entropy_redundancy,820,7,2-3-0-5-1-4,0.004775338556368913,0.005250011500320673
Q_entropy_redundancy,821,7,1-4-0-5-2-3,0.00660582751362071,0.00427647917199192
Q_entropy_redundancy,822,7,4-5-3-2-1-0,-0.0021271134689886395,0.000501626119200238
Q_entropy_redundancy,823,7,4-2-3-1-5-0,0.0005758153778335773,0.0008463970474912319
Q_entropy_redundancy,824,7,3-1-2-5-4-0,0.010805630586064874,0.00650999663556473
Q_entropy_redundancy,825,7,2-4-0-1-5-3,0.013001812288766734,0.00889487763420882
Q_entropy_redundancy,826,7,4-2-3-0-5-1,0.001291066234381577,0.0018734185877867793
Q_entropy_redundancy,827,7,2-3-1-5-4-0,0.013231970015900485,0.008407796407526313
Q_entropy_redundancy,828,7,4-3-2-5-1-0,-0.0019871152166638373,0.000848218866870476
Q_entropy_redundancy,829,7,4-5-1-2-0-3,0.0065431784869767196,0.006737087820393284
Q_entropy_redundancy,830,7,5-0-2-4-3-1,0.009439751374394567,0.005202645074617873
Q_entropy_redundancy,831,7,1-0-2-4-3-5,0.0067949294990844455,0.0035663032406343387
Q_entropy_redundancy,832,7,2-3-4-5-0-1,-0.0013855012803702937,0.001167916490454668
Q_entropy_redundancy,833,7,2-5-3-4-0-1,-0.00048169361569150304,0.0024525388537037784
Q_entropy_redundancy,834,7,4-0-5-3-2-1,0.009678826445248312,0.0063102797498840735
Q_entropy_redundancy,835,7,3-0-4-1-5-2,0.010182544195777243,0.006303212357630095
Q_entropy_redundancy,836,7,5-1-2-4-3-0,0.005322344705308679,0.004305191621341575
Q_entropy_redundancy,837,7,4-1-0-3-2-5,0.0033221295214844737,0.0020947664815376132
Q_entropy_redundancy,838,7,0-2-3-1-4-5,0.0015010211440733556,0.001921058650003804
Q_entropy_redundancy,839,7,2-3-0-1-4-5,0.004475870375521773,0.0033554764090362177
Q_entropy_redundancy,840,7,0-2-5-1-3-4,0.0012278572474125893,0.0009742249648643231
Q_entropy_redundancy,841,7,2-5-4-3-1-0,-0.0008317538591697815,0.002152330744640718
Q_entropy_redundancy,842,7,4-0-1-3-5-2,0.0016702689812051474,0.001274912453829935
Q_entropy_redundancy,843,7,1-4-2-5-3-0,0.0029873920732617076,0.003558124432192722
Q_entropy_redundancy,844,7,5-0-1-4-3-2,0.0025978042104961574,0.0012544221820850465
Q_entropy_redundancy,845,7,4-3-5-2-1-0,-0.0020722112067681486,0.0008125370521152586
Q_entropy_redundancy,846,7,1-3-5-2-4-0,0.0077381476227883494,0.005199603835945976
Q_entropy_redundancy,847,7,3-1-2-5-4-0,0.010805630586064874,0.00650999663556473
Q_entropy_redundancy,848,7,1-3-0-5-2-4,0.0021794219658565206,0.002258745224581138
Q_entropy_redundancy,849,7,1-5-4-0-2-3,0.00021153150142882993,0.0005342904408986993
Q_entropy_redundancy,850,7,4-0-3-1-5-2,0.004135645519286246,0.0028528747317871916
Q_entropy_redundancy,851,7,1-3-5-2-0-4,0.008283162193235882,0.004382008528071912
Q_entropy_redundancy,852,7,0-1-3-4-5-2,0.007655937608176511,0.00426611462193538
Q_entropy_redundancy,853,7,5-2-4-1-3-0,-0.00021727188676501363,0.0013776222615689004
Q_entropy_redundancy,854,7,3-1-5-0-2-4,0.008065268954082994,0.005531609522102632
Q_entropy_redundancy,855,7,4-2-5-3-0-1,-0.0006504548766450569,0.002585170118873825
Q_entropy_redundancy,856,7,0-1-3-2-5-4,0.007443988189288486,0.0038193054908032265
Q_entropy_redundancy,857,7,4-1-2-3-0-5,0.010011776473001222,0.0060979839824436555
Q_entropy_redundancy,858,7,3-4-5-1-2-0,0.0012055839280835645,0.0017073675744181394
Q_entropy_redundancy,859,7,0-3-4-2-5-1,0.005144995308005718,0.0040484791837904766
Q_entropy_redundancy,860,7,2-1-4-0-5-3,0.002580662699663616,0.0018986129253164563
Q_entropy_redundancy,861,7,0-5-3-2-4-1,0.0027281976189048596,0.0035947919339667234
Q_entropy_redundancy,862,7,3-5-0-1-4-2,0.006087697456656382,0.004477495378333196
Q_entropy_redundancy,863,7,1-5-2-0-3-4,0.0029817646504499695,0.003296833089835527
Q_entropy_redundancy,864,7,2-3-0-1-4-5,0.004475870375521773,0.0033554764090362177
Q_entropy_redundancy,865,7,2-5-0-4-1-3,0.011544665668015375,0.008147020670433935
Q_entropy_redundancy,866,7,3-4-5-2-1-0,-3.2558053897790984e-05,0.0025812806813687583
Q_entropy_redundancy,867,7,4-0-1-2-3-5,0.0020917252110783657,0.0010001926675968775
Q_entropy_redundancy,868,7,1-3-0-2-4-5,0.0013880396042269538,0.0010597671021156385
Q_entropy_redundancy,869,7,0-4-2-1-3-5,0.004377337483745469,0.0029555395340208346
Q_entropy_redundancy,870,7,5-4-3-1-2-0,0.0003669988083281339,0.0009437302540523662
Q_entropy_redundancy,871,7,2-0-1-5-4-3,0.001804807433521738,0.0017608727187570228
Q_entropy_redundancy,872,7,3-4-1-5-0-2,0.007608892697018255,0.006145572511288
Q_entropy_redundancy,873,7,4-3-2-0-1-5,0.0006720143604979079,0.0016034551263841568
Q_entropy_redundancy,874,7,1-0-2-4-5-3,0.005326476322017215,0.002337300067657533
Q_entropy_redundancy,875,7,5-2-1-3-4-0,0.008457640868974714,0.005499870955196995
Q_entropy_redundancy,876,7,2-1-4-5-0-3,0.004641446526102655,0.0030576132839102987
Q_entropy_redundancy,877,7,5-0-1-4-3-2,0.0025978042104961574,0.0012544221820850465
Q_entropy_redundancy,878,7,0-4-5-3-2-1,0.006796109008024853,0.005284105913362591
Q_entropy_redundancy,879,7,2-1-3-4-5-0,0.011546802939302658,0.007400782492072988
Q_entropy_redundancy,880,7,3-2-0-1-5-4,0.005968645810017659,0.004710996192313299
Q_entropy_redundancy,881,7,3-2-1-0-4-5,0.010895663773625719,0.0076400886171094085
Q_entropy_redundancy,882,7,1-2-5-3-4-0,0.005426069366970765,0.0038235084630997562
Q_entropy_redundancy,883,7,1-2-3-4-0-5,0.007491804317525053,0.004697628575721868
Q_entropy_redundancy,884,7,4-2-1-5-0-3,0.007044886591276112,0.007020029533278627
Q_entropy_redundancy,885,7,3-0-5-4-2-1,0.006457514117003793,0.0035811991954145528
Q_entropy_redundancy,886,7,5-1-4-0-2-3,0.002529146244525715,0.0018749867132047404
Q_entropy_redundancy,887,7,1-3-5-2-0-4,0.008283162193235882,0.004382008528071912
Q_entropy_redundancy,888,7,3-1-0-5-4-2,0.001683349093683284,0.0009422610922995567
Q_entropy_redundancy,889,7,5-4-3-0-2-1,0.0007470565373319804,0.0012199556224250507
Q_entropy_redundancy,890,7,2-1-0-4-5-3,0.001881788822296726,0.0013451742176143755
Q_entropy_redundancy,891,7,1-4-3-5-0-2,0.003914501452927599,0.002658429557818698
Q_entropy_redundancy,892,7,4-2-3-1-0-5,0.0026928619626150896,0.003424318707459628
Q_entropy_redundancy,893,7,4-2-0-3-1-5,0.012348536719317904,0.009005490053200838
Q_entropy_redundancy,894,7,1-3-4-5-0-2,0.002751274458052455,0.0012960158022365942
Q_entropy_redundancy,895,7,1-4-2-0-5-3,0.0010187050255812125,0.0007931628963621096
Q_entropy_redundancy,896,7,4-1-5-2-0-3,0.007523678440062298,0.005265630145159461
Q_entropy_redundancy,897,7,0-4-5-3-2-1,0.006796109008024853,0.005284105913362591
Q_entropy_redundancy,898,7,4-1-0-5-3-2,0.003174998889517444,0.0023375330453013765
Q_entropy_redundancy,899,7,3-5-2-4-0-1,-0.0022560104321847074,0.0006561249830733251
Q_entropy_redundancy,900,7,0-5-4-2-3-1,0.008492286315591291,0.005581998725078141
Q_entropy_redundancy,901,7,5-2-0-3-1-4,0.008848838067641807,0.007665079715350576
Q_entropy_redundancy,902,7,5-3-4-0-2-1,0.000334038586297547,0.000877679917774099
Q_entropy_redundancy,903,7,1-2-5-0-4-3,0.0009406720947229275,0.0009165648075609711
Q_entropy_redundancy,904,7,5-4-1-2-3-0,0.0029346336968161246,0.002713151319262086
Q_entropy_redundancy,905,7,0-4-1-2-5-3,0.002092294515222193,0.002203828167171462
Q_entropy_redundancy,906,7,3-4-5-0-2-1,0.00041808182500413515,0.0006474092632611228
Q_entropy_redundancy,907,7,1-3-5-4-0-2,0.00597306126325825,0.0033854212724356847
Q_entropy_redundancy,908,7,4-5-1-0-2-3,0.0054105638735901795,0.004362680926952578
Q_entropy_redundancy,909,7,0-2-4-3-1-5,0.006105810745440032,0.0037709863233313934
Q_entropy_redundancy,910,7,2-1-5-3-4-0,0.008521836257432192,0.0048641191762318625
Q_entropy_redundancy,911,7,3-1-5-2-0-4,0.013399680814469406,0.0072531099380930275
Q_entropy_redundancy,912,7,0-4-3-5-2-1,0.004040404462692382,0.003645717889467215
Q_entropy_redundancy,913,7,1-2-4-0-5-3,0.00010750483242527586,0.00047180437773053363
Q_entropy_redundancy,914,7,1-2-4-5-3-0,0.0024758739072794356,0.003588695416562371
Q_entropy_redundancy,915,7,5-3-1-2-0-4,0.01707611782116103,0.011429253149717211
Q_entropy_redundancy,916,7,0-5-1-4-2-3,0.00344316464172878,0.00294672166734522
Q_entropy_redundancy,917,7,1-0-4-2-5-3,0.008194561827961522,0.004185990473486889
Q_entropy_redundancy,918,7,1-0-5-3-2-4,0.005912645448857501,0.003273411988830466
Q_entropy_redundancy,919,7,4-1-5-0-3-2,0.004350463342433275,0.0031007166118115492
Q_entropy_redundancy,920,7,1-3-4-2-0-5,0.0030122610946161643,0.0014073045069761259
Q_entropy_redundancy,921,7,0-2-4-5-1-3,0.008275425811767878,0.004766567565646973
Q_entropy_redundancy,922,7,0-4-5-1-2-3,0.005700942601445602,0.004392150875461187
Q_entropy_redundancy,923,7,0-1-4-5-2-3,0.00445524585253998,0.00247914762894208
Q_entropy_redundancy,924,7,0-3-2-4-5-1,0.00367163606782972,0.0032079825274564655
Q_entropy_redundancy,925,7,0-2-5-1-4-3,0.0032687298588763847,0.0034217487790648704
Q_entropy_redundancy,926,7,5-3-1-2-4-0,0.012897028208911587,0.008182323463573282
Q_entropy_redundancy,927,7,2-5-1-4-3-0,0.005866892354320363,0.004700517568776652
Q_entropy_redundancy,928,7,4-2-3-1-0-5,0.0026928619626150896,0.003424318707459628
Q_entropy_redundancy,929,7,2-3-5-4-1-0,-0.000917288640203795,0.002094208290006172
Q_entropy_redundancy,930,7,2-0-5-4-3-1,0.009732257655777454,0.005359899637334631
Q_entropy_redundancy,931,7,4-2-5-3-1-0,-0.002390095413111082,0.0005498016444318576
Q_entropy_redundancy,932,7,2-1-3-4-5-0,0.011546802939302658,0.007400782492072988
Q_entropy_redundancy,933,7,0-4-3-2-5-1,0.003941976424954641,0.0036824033294843295
Q_entropy_redundancy,934,7,3-2-5-4-0-1,-0.0022803848846737473,0.0005967615308914986
Q_entropy_redundancy,935,7,3-0-1-4-5-2,0.003076745001728498,0.0017228212431534828
Q_entropy_redundancy,936,7,5-4-0-1-2-3,0.013470793292230665,0.009181551849213432
Q_entropy_redundancy,937,7,1-5-4-0-2-3,0.00021153150142882993,0.0005342904408986993
Q_entropy_redundancy,938,7,0-5-3-2-1-4,-0.0006405899684142069,-0.0003442558543979013
Q_entropy_redundancy,939,7,3-1-5-2-0-4,0.013399680814469406,0.0072531099380930275
Q_entropy_redundancy,940,7,5-4-0-2-3-1,0.013876459178864486,0.00885639197934307
Q_entropy_redundancy,941,7,1-4-2-0-3-5,0.002240006144217155,0.002156422282761472
Q_entropy_redundancy,942,7,4-2-5-1-3-0,-0.0012928642765521747,0.0002869384633790162
Q_entropy_redundancy,943,7,0-1-5-2-3-4,0.003439016061545508,0.001454615025450079
Q_entropy_redundancy,944,7,5-1-3-2-0-4,0.0179036704587463,0.010599819390022192
Q_entropy_redundancy,945,7,5-0-4-2-3-1,0.014143029125491813,0.00822914415331899
Q_entropy_redundancy,946,7,3-1-5-4-0-2,0.01130370580579565,0.006497640789430825
Q_entropy_redundancy,947,7,0-5-2-3-1-4,0.0009562589184255454,0.0007382380915635922
Q_entropy_redundancy,948,7,3-5-2-1-4-0,0.002715423958395524,0.0020953449829052007
Q_entropy_redundancy,949,7,0-2-3-5-4-1,0.0027298399723585387,0.0035732400525991803
Q_entropy_redundancy,950,7,5-2-1-4-0-3,0.008396655651956575,0.007572022071218432
Q_entropy_redundancy,951,7,4-5-3-0-2-1,0.0013076541966584587,0.00181177741765004
Q_entropy_redundancy,952,7,5-2-1-0-3-4,0.007208327189803132,0.005447872200134318
Q_entropy_redundancy,953,7,3-1-2-4-5-0,0.009159824409925132,0.006194895450151838
Q_entropy_redundancy,954,7,0-5-2-1-3-4,0.0011173443809848749,0.0009117743171592751
Q_entropy_redundancy,955,7,1-0-4-2-5-3,0.008194561827961522,0.004185990473486889
Q_entropy_redundancy,956,7,0-1-3-4-5-2,0.007655937608176511,0.00426611462193538
Q_entropy_redundancy,957,7,5-2-1-0-4-3,0.007338441779679017,0.005884007079092313
Q_entropy_redundancy,958,7,0-3-1-5-4-2,0.007110269971107974,0.0051245302878122345
Q_entropy_redundancy,959,7,4-0-3-1-2-5,0.00413662054691466,0.002787394320728942
Q_entropy_redundancy,960,7,1-4-5-2-0-3,-0.0004659281966110651,0.00019139855498850888
Q_entropy_redundancy,961,7,5-1-0-3-4-2,0.0025007202663266392,0.0014220291807934826
Q_entropy_redundancy,962,7,2-0-5-1-3-4,0.007289807681678084,0.004586716819705128
Q_entropy_redundancy,963,7,0-3-4-1-2-5,0.0034962770045581237,0.0024527944519201483
Q_entropy_redundancy,964,7,4-0-2-1-5-3,0.008652750396280218,0.005714777565360762
Q_entropy_redundancy,965,7,0-3-4-2-1-5,0.003501266412400561,0.0022032112046999064
Q_entropy_redundancy,966,7,5-0-3-1-4-2,0.002885593227751837,0.0023515828673820183
Q_entropy_redundancy,967,7,3-1-0-2-4-5,0.0017728363431397387,0.0009907835412089616
Q_entropy_redundancy,968,7,3-1-2-4-0-5,0.012244477839463919,0.007042598541565415
Q_entropy_redundancy,969,7,3-4-1-5-0-2,0.007608892697018255,0.006145572511288
Q_entropy_redundancy,970,7,4-2-1-5-0-3,0.007044886591276112,0.007020029533278627
Q_entropy_redundancy,971,7,0-2-1-3-5-4,0.002593760524060018,0.0018844183662343195
Q_entropy_redundancy,972,7,0-3-4-2-1-5,0.003501266412400561,0.0022032112046999064
Q_entropy_redundancy,973,7,4-0-5-1-3-2,0.009865013956283697,0.0059604068470979765
Q_entropy_redundancy,974,7,2-5-1-4-3-0,0.005866892354320363,0.004700517568776652
Q_entropy_redundancy,975,7,4-5-3-1-0-2,0.002279646365773713,0.003303969770487525
Q_entropy_redundancy,976,7,0-3-4-1-5-2,0.003620582704565445,0.002587889744078309
Q_entropy_redundancy,977,7,4-0-3-5-1-2,0.007323711895960594,0.003671057852491222
Q_entropy_redundancy,978,7,5-0-4-2-1-3,0.018008478057827793,0.010411921747821462
Q_entropy_redundancy,979,7,4-3-1-5-0-2,0.01355533130666009,0.010131840620079768
Q_entropy_redundancy,980,7,1-0-2-4-3-5,0.0067949294990844455,0.0035663032406343387
Q_entropy_redundancy,981,7,5-0-1-4-3-2,0.0025978042104961574,0.0012544221820850465
Q_entropy_redundancy,982,7,0-3-1-4-5-2,0.006349936051236571,0.004330961627247554
Q_entropy_redundancy,983,7,1-2-0-5-3-4,0.004263816438237256,0.004124788637487664
Q_entropy_redundancy,984,7,2-4-0-5-1-3,0.01679015529973893,0.01124951906041638
Q_entropy_redundancy,985,7,3-2-5-0-4-1,-0.0011716707060559495,0.00022920573597084992
Q_entropy_redundancy,986,7,1-2-3-5-4-0,0.008702623980666235,0.005802424064877076
Q_entropy_redundancy,987,7,5-4-3-0-1-2,0.0014538544601981895,0.0016480353162270367
Q_entropy_redundancy,988,7,5-4-1-2-0-3,0.004333698108681894,0.0051891806668219465
Q_entropy_redundancy,989,7,2-5-3-4-0-1,-0.00048169361569150304,0.0024525388537037784
Q_entropy_redundancy,990,7,4-2-3-5-0-1,9.526400753601116e-05,0.003209104506157634
Q_entropy_redundancy,991,7,1-3-4-2-5-0,0.004277372113275946,0.0038466916337496215
Q_entropy_redundancy,992,7,1-0-5-2-3-4,0.006700929375503706,0.003939639294907593
Q_entropy_redundancy,993,7,4-0-2-5-3-1,0.010982755073444594,0.0063698852206560685
Q_entropy_redundancy,994,7,1-3-2-4-0-5,0.006797943605540313,0.0038579988158223832
Q_entropy_redundancy,995,7,5-2-4-1-0-3,4.415072883201532e-05,0.001912417299595126
Q_entropy_redundancy,996,7,2-3-5-4-0-1,-0.0005613152283353573,0.0018522985229434408
Q_entropy_redundancy,997,7,3-1-5-4-0-2,0.01130370580579565,0.006497640789430825
Q_entropy_redundancy,998,7,5-3-4-1-2-0,0.0006902079765149782,0.00123949606996121
Q_entropy_redundancy,999,7,3-0-1-4-5-2,0.003076745001728498,0.0017228212431534828
