recipe_id,split,data_role,index,nearest_train_distance,support_status,h_agg,lambda_p,conditional_loss
p0,reference,reference,0,0.0,within_support,0.0,0.0,2.1820377150721577
train_1m:1,train_1m,train_observation,1,0.0,within_support,0.249044436794672,0.0,2.1820377150721577
train_1m:2,train_1m,train_observation,2,0.0,within_support,0.1197512699561166,0.0,2.1820377150721577
train_1m:3,train_1m,train_observation,3,0.0,within_support,0.1858544308191581,0.0,2.1820377150721577
train_1m:4,train_1m,train_observation,4,0.0,within_support,0.1304490600572983,0.0,2.1820377150721577
train_1m:5,train_1m,train_observation,5,0.0,within_support,0.0502720144330895,0.0,2.1820377150721577
train_1m:6,train_1m,train_observation,6,0.0,within_support,0.1527848766381631,0.0,2.1820377150721577
train_1m:7,train_1m,train_observation,7,0.0,within_support,0.0916489931171592,0.0,2.1820377150721577
train_1m:8,train_1m,train_observation,8,0.0,within_support,0.2484059915687805,0.0,2.1820377150721577
train_1m:9,train_1m,train_observation,9,0.0,within_support,0.2799986359754035,0.0,2.1820377150721577
train_1m:10,train_1m,train_observation,10,0.0,within_support,0.1602258731312403,0.0,2.1820377150721577
train_1m:11,train_1m,train_observation,11,0.0,within_support,0.2615217277406388,0.0,2.1820377150721577
train_1m:12,train_1m,train_observation,12,0.0,within_support,0.2132445208104099,0.0,2.1820377150721577
train_1m:13,train_1m,train_observation,13,0.0,within_support,0.2072793111592754,0.0,2.1820377150721577
train_1m:14,train_1m,train_observation,14,0.0,within_support,0.0346681693381294,0.0,2.1820377150721577
train_1m:15,train_1m,train_observation,15,0.0,within_support,0.0622304339890736,0.0,2.1820377150721577
train_1m:16,train_1m,train_observation,16,0.0,within_support,0.0175383448783891,0.0,2.1820377150721577
train_1m:17,train_1m,train_observation,17,0.0,within_support,0.0736813234191406,0.0,2.1820377150721577
train_1m:18,train_1m,train_observation,18,0.0,within_support,0.0430566128386553,0.0,2.1820377150721577
train_1m:19,train_1m,train_observation,19,0.0,within_support,0.0479713214376926,0.0,2.1820377150721577
train_1m:20,train_1m,train_observation,20,0.0,within_support,0.1232078273895582,0.0,2.1820377150721577
train_1m:21,train_1m,train_observation,21,0.0,within_support,0.149140778309933,0.0,2.1820377150721577
train_1m:22,train_1m,train_observation,22,0.0,within_support,0.1075123886289131,0.0,2.1820377150721577
train_1m:23,train_1m,train_observation,23,0.0,within_support,0.1285972842688524,0.0,2.1820377150721577
train_1m:24,train_1m,train_observation,24,0.0,within_support,0.2600925392672028,0.0,2.1820377150721577
train_1m:25,train_1m,train_observation,25,0.0,within_support,0.1331739992834687,0.0,2.1820377150721577
train_1m:26,train_1m,train_observation,26,0.0,within_support,0.1561019112416078,0.0,2.1820377150721577
train_1m:27,train_1m,train_observation,27,0.0,within_support,0.0591863178176938,0.0,2.1820377150721577
train_1m:28,train_1m,train_observation,28,0.0,within_support,0.0767199412862922,0.0,2.1820377150721577
train_1m:29,train_1m,train_observation,29,0.0,within_support,0.2695343909311014,0.0,2.1820377150721577
train_1m:30,train_1m,train_observation,30,0.0,within_support,0.1817932497966559,0.0,2.1820377150721577
train_1m:31,train_1m,train_observation,31,0.0,within_support,0.129076723485921,0.0,2.1820377150721577
train_1m:32,train_1m,train_observation,32,0.0,within_support,0.2934943331534769,0.0,2.1820377150721577
train_1m:33,train_1m,train_observation,33,0.0,within_support,0.2195414862086901,0.0,2.1820377150721577
train_1m:34,train_1m,train_observation,34,0.0,within_support,0.1853803340909328,0.0,2.1820377150721577
train_1m:35,train_1m,train_observation,35,0.0,within_support,0.1009648806999716,0.0,2.1820377150721577
train_1m:36,train_1m,train_observation,36,0.0,within_support,0.0929407391035172,0.0,2.1820377150721577
train_1m:37,train_1m,train_observation,37,0.0,within_support,0.0521513657802718,0.0,2.1820377150721577
train_1m:38,train_1m,train_observation,38,0.0,within_support,0.194300875010484,0.0,2.1820377150721577
train_1m:39,train_1m,train_observation,39,0.0,within_support,0.0687963383614815,0.0,2.1820377150721577
train_1m:40,train_1m,train_observation,40,0.0,within_support,0.1498476404536816,0.0,2.1820377150721577
train_1m:41,train_1m,train_observation,41,0.0,within_support,0.1042372736888059,0.0,2.1820377150721577
train_1m:42,train_1m,train_observation,42,0.0,within_support,0.0848314791335141,0.0,2.1820377150721577
train_1m:43,train_1m,train_observation,43,0.0,within_support,0.0706355992867465,0.0,2.1820377150721577
train_1m:44,train_1m,train_observation,44,0.0,within_support,0.0727060351770862,0.0,2.1820377150721577
train_1m:45,train_1m,train_observation,45,0.0,within_support,0.1815263967446377,0.0,2.1820377150721577
train_1m:46,train_1m,train_observation,46,0.0,within_support,0.0544771809380193,0.0,2.1820377150721577
train_1m:47,train_1m,train_observation,47,0.0,within_support,0.2032715167545438,0.0,2.1820377150721577
train_1m:48,train_1m,train_observation,48,0.0,within_support,0.147161115284902,0.0,2.1820377150721577
train_1m:49,train_1m,train_observation,49,0.0,within_support,0.2177472234173594,0.0,2.1820377150721577
train_1m:50,train_1m,train_observation,50,0.0,within_support,0.1031376578155502,0.0,2.1820377150721577
train_1m:51,train_1m,train_observation,51,0.0,within_support,0.2173579019113433,0.0,2.1820377150721577
train_1m:52,train_1m,train_observation,52,0.0,within_support,0.0945691521454232,0.0,2.1820377150721577
train_1m:53,train_1m,train_observation,53,0.0,within_support,0.1782080621776893,0.0,2.1820377150721577
train_1m:54,train_1m,train_observation,54,0.0,within_support,0.134797815493225,0.0,2.1820377150721577
train_1m:55,train_1m,train_observation,55,0.0,within_support,0.1485900700761069,0.0,2.1820377150721577
train_1m:56,train_1m,train_observation,56,0.0,within_support,0.0386043805304912,0.0,2.1820377150721577
train_1m:57,train_1m,train_observation,57,0.0,within_support,0.2487399008555379,0.0,2.1820377150721577
train_1m:58,train_1m,train_observation,58,0.0,within_support,0.1677717189450452,0.0,2.1820377150721577
train_1m:59,train_1m,train_observation,59,0.0,within_support,0.2130343425713219,0.0,2.1820377150721577
train_1m:60,train_1m,train_observation,60,0.0,within_support,0.1420270134266791,0.0,2.1820377150721577
train_1m:61,train_1m,train_observation,61,0.0,within_support,0.0994810577730224,0.0,2.1820377150721577
train_1m:62,train_1m,train_observation,62,0.0,within_support,0.0738059039092795,0.0,2.1820377150721577
train_1m:63,train_1m,train_observation,63,0.0,within_support,0.1251988400187609,0.0,2.1820377150721577
train_1m:64,train_1m,train_observation,64,0.0,within_support,0.1335538788266912,0.0,2.1820377150721577
train_1m:65,train_1m,train_observation,65,0.0,within_support,0.1739489129488823,0.0,2.1820377150721577
train_1m:66,train_1m,train_observation,66,0.0,within_support,0.147698569536417,0.0,2.1820377150721577
train_1m:67,train_1m,train_observation,67,0.0,within_support,0.0695638185493837,0.0,2.1820377150721577
train_1m:68,train_1m,train_observation,68,0.0,within_support,0.0876994734354754,0.0,2.1820377150721577
train_1m:69,train_1m,train_observation,69,0.0,within_support,0.2083893098892381,0.0,2.1820377150721577
train_1m:70,train_1m,train_observation,70,0.0,within_support,0.2724007460979242,0.0,2.1820377150721577
train_1m:71,train_1m,train_observation,71,0.0,within_support,0.1559740852494346,0.0,2.1820377150721577
train_1m:72,train_1m,train_observation,72,0.0,within_support,0.0173142869013383,0.0,2.1820377150721577
train_1m:73,train_1m,train_observation,73,0.0,within_support,0.0845428429972554,0.0,2.1820377150721577
train_1m:74,train_1m,train_observation,74,0.0,within_support,0.1033361533349091,0.0,2.1820377150721577
train_1m:75,train_1m,train_observation,75,0.0,within_support,0.0681710986211613,0.0,2.1820377150721577
train_1m:76,train_1m,train_observation,76,0.0,within_support,0.1754414966653545,0.0,2.1820377150721577
train_1m:77,train_1m,train_observation,77,0.0,within_support,0.1475606418333818,0.0,2.1820377150721577
train_1m:78,train_1m,train_observation,78,0.0,within_support,0.1863964456853622,0.0,2.1820377150721577
train_1m:79,train_1m,train_observation,79,0.0,within_support,0.1345536697384718,0.0,2.1820377150721577
train_1m:80,train_1m,train_observation,80,0.0,within_support,0.0816475067925186,0.0,2.1820377150721577
train_1m:81,train_1m,train_observation,81,0.0,within_support,0.139222504385278,0.0,2.1820377150721577
train_1m:82,train_1m,train_observation,82,0.0,within_support,0.1762272348858845,0.0,2.1820377150721577
train_1m:83,train_1m,train_observation,83,0.0,within_support,0.2258092333950561,0.0,2.1820377150721577
train_1m:84,train_1m,train_observation,84,0.0,within_support,0.0512668345577355,0.0,2.1820377150721577
train_1m:85,train_1m,train_observation,85,0.0,within_support,0.1673214000601536,0.0,2.1820377150721577
train_1m:86,train_1m,train_observation,86,0.0,within_support,0.1103608512987983,0.0,2.1820377150721577
train_1m:87,train_1m,train_observation,87,0.0,within_support,0.1049164147389921,0.0,2.1820377150721577
train_1m:88,train_1m,train_observation,88,0.0,within_support,0.1714253000421156,0.0,2.1820377150721577
train_1m:89,train_1m,train_observation,89,0.0,within_support,0.0741257064035067,0.0,2.1820377150721577
train_1m:90,train_1m,train_observation,90,0.0,within_support,0.1395037555718915,0.0,2.1820377150721577
train_1m:91,train_1m,train_observation,91,0.0,within_support,0.1386212225931734,0.0,2.1820377150721577
train_1m:92,train_1m,train_observation,92,0.0,within_support,0.0522290391936294,0.0,2.1820377150721577
train_1m:93,train_1m,train_observation,93,0.0,within_support,0.1588301511958935,0.0,2.1820377150721577
train_1m:94,train_1m,train_observation,94,0.0,within_support,0.0802921721290944,0.0,2.1820377150721577
train_1m:95,train_1m,train_observation,95,0.0,within_support,0.0664998674762026,0.0,2.1820377150721577
train_1m:96,train_1m,train_observation,96,0.0,within_support,0.1880267518580067,0.0,2.1820377150721577
train_1m:97,train_1m,train_observation,97,0.0,within_support,0.1025152975083781,0.0,2.1820377150721577
train_1m:98,train_1m,train_observation,98,0.0,within_support,0.061004420721773,0.0,2.1820377150721577
train_1m:99,train_1m,train_observation,99,0.0,within_support,0.079526017361565,0.0,2.1820377150721577
train_1m:100,train_1m,train_observation,100,0.0,within_support,0.1174629979850956,0.0,2.1820377150721577
train_1m:101,train_1m,train_observation,101,0.0,within_support,0.1809637016473429,0.0,2.1820377150721577
train_1m:102,train_1m,train_observation,102,0.0,within_support,0.0987230846554889,0.0,2.1820377150721577
train_1m:103,train_1m,train_observation,103,0.0,within_support,0.2163522008240815,0.0,2.1820377150721577
train_1m:104,train_1m,train_observation,104,0.0,within_support,0.178623905724153,0.0,2.1820377150721577
train_1m:105,train_1m,train_observation,105,0.0,within_support,0.0930812884397714,0.0,2.1820377150721577
train_1m:106,train_1m,train_observation,106,0.0,within_support,0.1308790189832527,0.0,2.1820377150721577
train_1m:107,train_1m,train_observation,107,0.0,within_support,0.0589871653811076,0.0,2.1820377150721577
train_1m:108,train_1m,train_observation,108,0.0,within_support,0.1240193214886783,0.0,2.1820377150721577
train_1m:109,train_1m,train_observation,109,0.0,within_support,0.1553252452097167,0.0,2.1820377150721577
train_1m:110,train_1m,train_observation,110,0.0,within_support,0.1389028470045198,0.0,2.1820377150721577
train_1m:111,train_1m,train_observation,111,0.0,within_support,0.1304310793872131,0.0,2.1820377150721577
train_1m:112,train_1m,train_observation,112,0.0,within_support,0.1855978601648984,0.0,2.1820377150721577
train_1m:113,train_1m,train_observation,113,0.0,within_support,0.2251345339560592,0.0,2.1820377150721577
train_1m:114,train_1m,train_observation,114,0.0,within_support,0.087660471409588,0.0,2.1820377150721577
train_1m:115,train_1m,train_observation,115,0.0,within_support,0.0665408548976744,0.0,2.1820377150721577
train_1m:116,train_1m,train_observation,116,0.0,within_support,0.1804867529729868,0.0,2.1820377150721577
train_1m:117,train_1m,train_observation,117,0.0,within_support,0.1846378149128034,0.0,2.1820377150721577
train_1m:118,train_1m,train_observation,118,0.0,within_support,0.1303118625147701,0.0,2.1820377150721577
train_1m:119,train_1m,train_observation,119,0.0,within_support,0.1248511056675138,0.0,2.1820377150721577
train_1m:120,train_1m,train_observation,120,0.0,within_support,0.1576918254162507,0.0,2.1820377150721577
train_1m:121,train_1m,train_observation,121,0.0,within_support,0.0392761709537238,0.0,2.1820377150721577
train_1m:122,train_1m,train_observation,122,0.0,within_support,0.1643247055203307,0.0,2.1820377150721577
train_1m:123,train_1m,train_observation,123,0.0,within_support,0.1244571541016766,0.0,2.1820377150721577
train_1m:124,train_1m,train_observation,124,0.0,within_support,0.1792715391010363,0.0,2.1820377150721577
train_1m:125,train_1m,train_observation,125,0.0,within_support,0.054633247759991,0.0,2.1820377150721577
train_1m:126,train_1m,train_observation,126,0.0,within_support,0.1939564382166499,0.0,2.1820377150721577
train_1m:127,train_1m,train_observation,127,0.0,within_support,0.1040775368101677,0.0,2.1820377150721577
train_1m:128,train_1m,train_observation,128,0.0,within_support,0.1795020155380592,0.0,2.1820377150721577
train_1m:129,train_1m,train_observation,129,0.0,within_support,0.0834208010097877,0.0,2.1820377150721577
train_1m:130,train_1m,train_observation,130,0.0,within_support,0.1776987163610736,0.0,2.1820377150721577
train_1m:131,train_1m,train_observation,131,0.0,within_support,0.264531244906919,0.0,2.1820377150721577
train_1m:132,train_1m,train_observation,132,0.0,within_support,0.0842507613707534,0.0,2.1820377150721577
train_1m:133,train_1m,train_observation,133,0.0,within_support,0.146666450772076,0.0,2.1820377150721577
train_1m:134,train_1m,train_observation,134,0.0,within_support,0.0522071876361152,0.0,2.1820377150721577
train_1m:135,train_1m,train_observation,135,0.0,within_support,0.0569515975095205,0.0,2.1820377150721577
train_1m:136,train_1m,train_observation,136,0.0,within_support,0.0467082238360467,0.0,2.1820377150721577
train_1m:137,train_1m,train_observation,137,0.0,within_support,0.0248485930461505,0.0,2.1820377150721577
train_1m:138,train_1m,train_observation,138,0.0,within_support,0.1723629607689296,0.0,2.1820377150721577
train_1m:139,train_1m,train_observation,139,0.0,within_support,0.0301076988919718,0.0,2.1820377150721577
train_1m:140,train_1m,train_observation,140,0.0,within_support,0.1049017079513659,0.0,2.1820377150721577
train_1m:141,train_1m,train_observation,141,0.0,within_support,0.1254383363334829,0.0,2.1820377150721577
train_1m:142,train_1m,train_observation,142,0.0,within_support,0.0679541854017182,0.0,2.1820377150721577
train_1m:143,train_1m,train_observation,143,0.0,within_support,0.031020490835742,0.0,2.1820377150721577
train_1m:144,train_1m,train_observation,144,0.0,within_support,0.0754398931086402,0.0,2.1820377150721577
train_1m:145,train_1m,train_observation,145,0.0,within_support,0.2620107143087931,0.0,2.1820377150721577
train_1m:146,train_1m,train_observation,146,0.0,within_support,0.1214171957675582,0.0,2.1820377150721577
train_1m:147,train_1m,train_observation,147,0.0,within_support,0.1057266321138978,0.0,2.1820377150721577
train_1m:148,train_1m,train_observation,148,0.0,within_support,0.0455350087996082,0.0,2.1820377150721577
train_1m:149,train_1m,train_observation,149,0.0,within_support,0.105254199558511,0.0,2.1820377150721577
train_1m:150,train_1m,train_observation,150,0.0,within_support,0.2449713156740819,0.0,2.1820377150721577
train_1m:151,train_1m,train_observation,151,0.0,within_support,0.1045330189855525,0.0,2.1820377150721577
train_1m:152,train_1m,train_observation,152,0.0,within_support,0.1767981328343894,0.0,2.1820377150721577
train_1m:153,train_1m,train_observation,153,0.0,within_support,0.1545370770191466,0.0,2.1820377150721577
train_1m:154,train_1m,train_observation,154,0.0,within_support,0.0577346163357567,0.0,2.1820377150721577
train_1m:155,train_1m,train_observation,155,0.0,within_support,0.1544427631408896,0.0,2.1820377150721577
train_1m:156,train_1m,train_observation,156,0.0,within_support,0.0780876586931171,0.0,2.1820377150721577
train_1m:157,train_1m,train_observation,157,0.0,within_support,0.1273176776738609,0.0,2.1820377150721577
train_1m:158,train_1m,train_observation,158,0.0,within_support,0.2460160496783694,0.0,2.1820377150721577
train_1m:159,train_1m,train_observation,159,0.0,within_support,0.1010034289560989,0.0,2.1820377150721577
train_1m:160,train_1m,train_observation,160,0.0,within_support,0.1994456627630471,0.0,2.1820377150721577
train_1m:161,train_1m,train_observation,161,0.0,within_support,0.1750103323615681,0.0,2.1820377150721577
train_1m:162,train_1m,train_observation,162,0.0,within_support,0.1468395802584923,0.0,2.1820377150721577
train_1m:163,train_1m,train_observation,163,0.0,within_support,0.16001911335778,0.0,2.1820377150721577
train_1m:164,train_1m,train_observation,164,0.0,within_support,0.0993619054986159,0.0,2.1820377150721577
train_1m:165,train_1m,train_observation,165,0.0,within_support,0.1162780052145118,0.0,2.1820377150721577
train_1m:166,train_1m,train_observation,166,0.0,within_support,0.1887506599343629,0.0,2.1820377150721577
train_1m:167,train_1m,train_observation,167,0.0,within_support,0.1014426655196182,0.0,2.1820377150721577
train_1m:168,train_1m,train_observation,168,0.0,within_support,0.0985198826770995,0.0,2.1820377150721577
train_1m:169,train_1m,train_observation,169,0.0,within_support,0.1280767190073169,0.0,2.1820377150721577
train_1m:170,train_1m,train_observation,170,0.0,within_support,0.0134887336538875,0.0,2.1820377150721577
train_1m:171,train_1m,train_observation,171,0.0,within_support,0.2233451069571265,0.0,2.1820377150721577
train_1m:172,train_1m,train_observation,172,0.0,within_support,0.0443418516823298,0.0,2.1820377150721577
train_1m:173,train_1m,train_observation,173,0.0,within_support,0.1812118728209978,0.0,2.1820377150721577
train_1m:174,train_1m,train_observation,174,0.0,within_support,0.1764699342086643,0.0,2.1820377150721577
train_1m:175,train_1m,train_observation,175,0.0,within_support,0.086018271292079,0.0,2.1820377150721577
train_1m:176,train_1m,train_observation,176,0.0,within_support,0.1526672060212405,0.0,2.1820377150721577
train_1m:177,train_1m,train_observation,177,0.0,within_support,0.097408090391385,0.0,2.1820377150721577
train_1m:178,train_1m,train_observation,178,0.0,within_support,0.2564978233796515,0.0,2.1820377150721577
train_1m:179,train_1m,train_observation,179,0.0,within_support,0.0646826942908318,0.0,2.1820377150721577
train_1m:180,train_1m,train_observation,180,0.0,within_support,0.1710218488518657,0.0,2.1820377150721577
train_1m:181,train_1m,train_observation,181,0.0,within_support,0.1107659045149027,0.0,2.1820377150721577
train_1m:182,train_1m,train_observation,182,0.0,within_support,0.1435028102739335,0.0,2.1820377150721577
train_1m:183,train_1m,train_observation,183,0.0,within_support,0.1070586767570509,0.0,2.1820377150721577
train_1m:184,train_1m,train_observation,184,0.0,within_support,0.1190283872715833,0.0,2.1820377150721577
train_1m:185,train_1m,train_observation,185,0.0,within_support,0.1090605497395117,0.0,2.1820377150721577
train_1m:186,train_1m,train_observation,186,0.0,within_support,0.0435998959025261,0.0,2.1820377150721577
train_1m:187,train_1m,train_observation,187,0.0,within_support,0.1708031781529422,0.0,2.1820377150721577
train_1m:188,train_1m,train_observation,188,0.0,within_support,0.0972149859484424,0.0,2.1820377150721577
train_1m:189,train_1m,train_observation,189,0.0,within_support,0.2090458899955321,0.0,2.1820377150721577
train_1m:190,train_1m,train_observation,190,0.0,within_support,0.0716112462772202,0.0,2.1820377150721577
train_1m:191,train_1m,train_observation,191,0.0,within_support,0.1179513855076008,0.0,2.1820377150721577
train_1m:192,train_1m,train_observation,192,0.0,within_support,0.2336651470219463,0.0,2.1820377150721577
train_1m:193,train_1m,train_observation,193,0.0,within_support,0.1772195395936307,0.0,2.1820377150721577
train_1m:194,train_1m,train_observation,194,0.0,within_support,0.1623318382937395,0.0,2.1820377150721577
train_1m:195,train_1m,train_observation,195,0.0,within_support,0.0523371678143325,0.0,2.1820377150721577
train_1m:196,train_1m,train_observation,196,0.0,within_support,0.0698387602003353,0.0,2.1820377150721577
train_1m:197,train_1m,train_observation,197,0.0,within_support,0.0769291723460142,0.0,2.1820377150721577
train_1m:198,train_1m,train_observation,198,0.0,within_support,0.1335435566574672,0.0,2.1820377150721577
train_1m:199,train_1m,train_observation,199,0.0,within_support,0.192805743208965,0.0,2.1820377150721577
train_1m:200,train_1m,train_observation,200,0.0,within_support,0.0829040764224045,0.0,2.1820377150721577
train_1m:201,train_1m,train_observation,201,0.0,within_support,0.0982304406220075,0.0,2.1820377150721577
train_1m:202,train_1m,train_observation,202,0.0,within_support,0.1071928197736488,0.0,2.1820377150721577
train_1m:203,train_1m,train_observation,203,0.0,within_support,0.2107071957700634,0.0,2.1820377150721577
train_1m:204,train_1m,train_observation,204,0.0,within_support,0.057709008868665,0.0,2.1820377150721577
train_1m:205,train_1m,train_observation,205,0.0,within_support,0.1371382244277366,0.0,2.1820377150721577
train_1m:206,train_1m,train_observation,206,0.0,within_support,0.120268180122902,0.0,2.1820377150721577
train_1m:207,train_1m,train_observation,207,0.0,within_support,0.2036425535151254,0.0,2.1820377150721577
train_1m:208,train_1m,train_observation,208,0.0,within_support,0.1904343410856814,0.0,2.1820377150721577
train_1m:209,train_1m,train_observation,209,0.0,within_support,0.1490853941603262,0.0,2.1820377150721577
train_1m:210,train_1m,train_observation,210,0.0,within_support,0.1911787236965507,0.0,2.1820377150721577
train_1m:211,train_1m,train_observation,211,0.0,within_support,0.0627186357671919,0.0,2.1820377150721577
train_1m:212,train_1m,train_observation,212,0.0,within_support,0.0725403918495381,0.0,2.1820377150721577
train_1m:213,train_1m,train_observation,213,0.0,within_support,0.1398236038996797,0.0,2.1820377150721577
train_1m:214,train_1m,train_observation,214,0.0,within_support,0.0652241814371462,0.0,2.1820377150721577
train_1m:215,train_1m,train_observation,215,0.0,within_support,0.1545078831215875,0.0,2.1820377150721577
train_1m:216,train_1m,train_observation,216,0.0,within_support,0.1207515941339271,0.0,2.1820377150721577
train_1m:217,train_1m,train_observation,217,0.0,within_support,0.2471798491038943,0.0,2.1820377150721577
train_1m:218,train_1m,train_observation,218,0.0,within_support,0.0699411823666826,0.0,2.1820377150721577
train_1m:219,train_1m,train_observation,219,0.0,within_support,0.1821803623047436,0.0,2.1820377150721577
train_1m:220,train_1m,train_observation,220,0.0,within_support,0.1158496597639642,0.0,2.1820377150721577
train_1m:221,train_1m,train_observation,221,0.0,within_support,0.1304559961856899,0.0,2.1820377150721577
train_1m:222,train_1m,train_observation,222,0.0,within_support,0.2667546504026203,0.0,2.1820377150721577
train_1m:223,train_1m,train_observation,223,0.0,within_support,0.2090680199767695,0.0,2.1820377150721577
train_1m:224,train_1m,train_observation,224,0.0,within_support,0.1408341702073932,0.0,2.1820377150721577
train_1m:225,train_1m,train_observation,225,0.0,within_support,0.0606728299661751,0.0,2.1820377150721577
train_1m:226,train_1m,train_observation,226,0.0,within_support,0.1220702502232522,0.0,2.1820377150721577
train_1m:227,train_1m,train_observation,227,0.0,within_support,0.0635601150916794,0.0,2.1820377150721577
train_1m:228,train_1m,train_observation,228,0.0,within_support,0.1337889844916659,0.0,2.1820377150721577
train_1m:229,train_1m,train_observation,229,0.0,within_support,0.1181583624242941,0.0,2.1820377150721577
train_1m:230,train_1m,train_observation,230,0.0,within_support,0.1871480794875177,0.0,2.1820377150721577
train_1m:231,train_1m,train_observation,231,0.0,within_support,0.1935259093600123,0.0,2.1820377150721577
train_1m:232,train_1m,train_observation,232,0.0,within_support,0.1059248718847914,0.0,2.1820377150721577
train_1m:233,train_1m,train_observation,233,0.0,within_support,0.1464220831792828,0.0,2.1820377150721577
train_1m:234,train_1m,train_observation,234,0.0,within_support,0.0728982237650785,0.0,2.1820377150721577
train_1m:235,train_1m,train_observation,235,0.0,within_support,0.0944366033489516,0.0,2.1820377150721577
train_1m:236,train_1m,train_observation,236,0.0,within_support,0.089523642813738,0.0,2.1820377150721577
train_1m:237,train_1m,train_observation,237,0.0,within_support,0.2255019955079624,0.0,2.1820377150721577
train_1m:238,train_1m,train_observation,238,0.0,within_support,0.2475237884028123,0.0,2.1820377150721577
train_1m:239,train_1m,train_observation,239,0.0,within_support,0.0606840315128584,0.0,2.1820377150721577
train_1m:240,train_1m,train_observation,240,0.0,within_support,0.1770453891870552,0.0,2.1820377150721577
train_1m:241,train_1m,train_observation,241,0.0,within_support,0.1561927042033145,0.0,2.1820377150721577
train_1m:242,train_1m,train_observation,242,0.0,within_support,0.1257638306684823,0.0,2.1820377150721577
train_1m:243,train_1m,train_observation,243,0.0,within_support,0.1486941194161053,0.0,2.1820377150721577
train_1m:244,train_1m,train_observation,244,0.0,within_support,0.0686708624784777,0.0,2.1820377150721577
train_1m:245,train_1m,train_observation,245,0.0,within_support,0.118670555910497,0.0,2.1820377150721577
train_1m:246,train_1m,train_observation,246,0.0,within_support,0.1047023920835475,0.0,2.1820377150721577
train_1m:247,train_1m,train_observation,247,0.0,within_support,0.1447977500176905,0.0,2.1820377150721577
train_1m:248,train_1m,train_observation,248,0.0,within_support,0.1485479826342996,0.0,2.1820377150721577
train_1m:249,train_1m,train_observation,249,0.0,within_support,0.1579691620634117,0.0,2.1820377150721577
train_1m:250,train_1m,train_observation,250,0.0,within_support,0.1619036627464112,0.0,2.1820377150721577
train_1m:251,train_1m,train_observation,251,0.0,within_support,0.1370815482629002,0.0,2.1820377150721577
train_1m:252,train_1m,train_observation,252,0.0,within_support,0.07327892703489,0.0,2.1820377150721577
train_1m:253,train_1m,train_observation,253,0.0,within_support,0.1802388944884595,0.0,2.1820377150721577
train_1m:254,train_1m,train_observation,254,0.0,within_support,0.1714715273967111,0.0,2.1820377150721577
train_1m:255,train_1m,train_observation,255,0.0,within_support,0.1910523429934252,0.0,2.1820377150721577
train_1m:256,train_1m,train_observation,256,0.0,within_support,0.1392426391299505,0.0,2.1820377150721577
train_1m:257,train_1m,train_observation,257,0.0,within_support,0.0761556266475232,0.0,2.1820377150721577
train_1m:258,train_1m,train_observation,258,0.0,within_support,0.1350804149235097,0.0,2.1820377150721577
train_1m:259,train_1m,train_observation,259,0.0,within_support,0.1459276259122379,0.0,2.1820377150721577
train_1m:260,train_1m,train_observation,260,0.0,within_support,0.2150180998490462,0.0,2.1820377150721577
train_1m:261,train_1m,train_observation,261,0.0,within_support,0.0925197176237699,0.0,2.1820377150721577
train_1m:262,train_1m,train_observation,262,0.0,within_support,0.1832750656429272,0.0,2.1820377150721577
train_1m:263,train_1m,train_observation,263,0.0,within_support,0.1257371826447267,0.0,2.1820377150721577
train_1m:264,train_1m,train_observation,264,0.0,within_support,0.1684858615666865,0.0,2.1820377150721577
train_1m:265,train_1m,train_observation,265,0.0,within_support,0.200311131650734,0.0,2.1820377150721577
train_1m:266,train_1m,train_observation,266,0.0,within_support,0.1503833403618051,0.0,2.1820377150721577
train_1m:267,train_1m,train_observation,267,0.0,within_support,0.188434189375,0.0,2.1820377150721577
train_1m:268,train_1m,train_observation,268,0.0,within_support,0.1111144075782417,0.0,2.1820377150721577
train_1m:269,train_1m,train_observation,269,0.0,within_support,0.1768433090264914,0.0,2.1820377150721577
train_1m:270,train_1m,train_observation,270,0.0,within_support,0.0289410421233744,0.0,2.1820377150721577
train_1m:271,train_1m,train_observation,271,0.0,within_support,0.0969205491710709,0.0,2.1820377150721577
train_1m:272,train_1m,train_observation,272,0.0,within_support,0.0919173979272452,0.0,2.1820377150721577
train_1m:273,train_1m,train_observation,273,0.0,within_support,0.1571028320620409,0.0,2.1820377150721577
train_1m:274,train_1m,train_observation,274,0.0,within_support,0.1420145619573939,0.0,2.1820377150721577
train_1m:275,train_1m,train_observation,275,0.0,within_support,0.1752791563898416,0.0,2.1820377150721577
train_1m:276,train_1m,train_observation,276,0.0,within_support,0.2091471368143186,0.0,2.1820377150721577
train_1m:277,train_1m,train_observation,277,0.0,within_support,0.2019983151175495,0.0,2.1820377150721577
train_1m:278,train_1m,train_observation,278,0.0,within_support,0.2288470087992147,0.0,2.1820377150721577
train_1m:279,train_1m,train_observation,279,0.0,within_support,0.2199474238885921,0.0,2.1820377150721577
train_1m:280,train_1m,train_observation,280,0.0,within_support,0.2098091509686369,0.0,2.1820377150721577
train_1m:281,train_1m,train_observation,281,0.0,within_support,0.0946904583062364,0.0,2.1820377150721577
train_1m:282,train_1m,train_observation,282,0.0,within_support,0.11887315081179,0.0,2.1820377150721577
train_1m:283,train_1m,train_observation,283,0.0,within_support,0.2450287867076975,0.0,2.1820377150721577
train_1m:284,train_1m,train_observation,284,0.0,within_support,0.1578015845990122,0.0,2.1820377150721577
train_1m:285,train_1m,train_observation,285,0.0,within_support,0.1947826932237439,0.0,2.1820377150721577
train_1m:286,train_1m,train_observation,286,0.0,within_support,0.1868029534335782,0.0,2.1820377150721577
train_1m:287,train_1m,train_observation,287,0.0,within_support,0.1163571608747652,0.0,2.1820377150721577
train_1m:288,train_1m,train_observation,288,0.0,within_support,0.13262535920721,0.0,2.1820377150721577
train_1m:289,train_1m,train_observation,289,0.0,within_support,0.1629167498004761,0.0,2.1820377150721577
train_1m:290,train_1m,train_observation,290,0.0,within_support,0.1105969991232694,0.0,2.1820377150721577
train_1m:291,train_1m,train_observation,291,0.0,within_support,0.1967400601540859,0.0,2.1820377150721577
train_1m:292,train_1m,train_observation,292,0.0,within_support,0.2780464906845928,0.0,2.1820377150721577
train_1m:293,train_1m,train_observation,293,0.0,within_support,0.1051428981882123,0.0,2.1820377150721577
train_1m:294,train_1m,train_observation,294,0.0,within_support,0.2821199689942083,0.0,2.1820377150721577
train_1m:295,train_1m,train_observation,295,0.0,within_support,0.1221611232888273,0.0,2.1820377150721577
train_1m:296,train_1m,train_observation,296,0.0,within_support,0.1758189277763748,0.0,2.1820377150721577
train_1m:297,train_1m,train_observation,297,0.0,within_support,0.1621594684779967,0.0,2.1820377150721577
train_1m:298,train_1m,train_observation,298,0.0,within_support,0.0990060800389314,0.0,2.1820377150721577
train_1m:299,train_1m,train_observation,299,0.0,within_support,0.1361807724168653,0.0,2.1820377150721577
train_1m:300,train_1m,train_observation,300,0.0,within_support,0.2553149855366367,0.0,2.1820377150721577
train_1m:301,train_1m,train_observation,301,0.0,within_support,0.0811071735282725,0.0,2.1820377150721577
train_1m:302,train_1m,train_observation,302,0.0,within_support,0.1477726573731747,0.0,2.1820377150721577
train_1m:303,train_1m,train_observation,303,0.0,within_support,0.2373919912455877,0.0,2.1820377150721577
train_1m:304,train_1m,train_observation,304,0.0,within_support,0.1839491100226936,0.0,2.1820377150721577
train_1m:305,train_1m,train_observation,305,0.0,within_support,0.26566918984336,0.0,2.1820377150721577
train_1m:306,train_1m,train_observation,306,0.0,within_support,0.145847497786961,0.0,2.1820377150721577
train_1m:307,train_1m,train_observation,307,0.0,within_support,0.1835354321139718,0.0,2.1820377150721577
train_1m:308,train_1m,train_observation,308,0.0,within_support,0.0518620105078716,0.0,2.1820377150721577
train_1m:309,train_1m,train_observation,309,0.0,within_support,0.1889961829666402,0.0,2.1820377150721577
train_1m:310,train_1m,train_observation,310,0.0,within_support,0.1419082656406491,0.0,2.1820377150721577
train_1m:311,train_1m,train_observation,311,0.0,within_support,0.0557686022148863,0.0,2.1820377150721577
train_1m:312,train_1m,train_observation,312,0.0,within_support,0.1772308341514858,0.0,2.1820377150721577
train_1m:313,train_1m,train_observation,313,0.0,within_support,0.1965168764546486,0.0,2.1820377150721577
train_1m:314,train_1m,train_observation,314,0.0,within_support,0.0943449092623758,0.0,2.1820377150721577
train_1m:315,train_1m,train_observation,315,0.0,within_support,0.14335884109369,0.0,2.1820377150721577
train_1m:316,train_1m,train_observation,316,0.0,within_support,0.1142563222157313,0.0,2.1820377150721577
train_1m:317,train_1m,train_observation,317,0.0,within_support,0.2185049752341981,0.0,2.1820377150721577
train_1m:318,train_1m,train_observation,318,0.0,within_support,0.1929418645283758,0.0,2.1820377150721577
train_1m:319,train_1m,train_observation,319,0.0,within_support,0.1627710595177351,0.0,2.1820377150721577
train_1m:320,train_1m,train_observation,320,0.0,within_support,0.1715599465248313,0.0,2.1820377150721577
train_1m:321,train_1m,train_observation,321,0.0,within_support,0.1760646027289569,0.0,2.1820377150721577
train_1m:322,train_1m,train_observation,322,0.0,within_support,0.2250488800001798,0.0,2.1820377150721577
train_1m:323,train_1m,train_observation,323,0.0,within_support,0.0439264798127049,0.0,2.1820377150721577
train_1m:324,train_1m,train_observation,324,0.0,within_support,0.0972990976842619,0.0,2.1820377150721577
train_1m:325,train_1m,train_observation,325,0.0,within_support,0.1480977280587354,0.0,2.1820377150721577
train_1m:326,train_1m,train_observation,326,0.0,within_support,0.1384370457654798,0.0,2.1820377150721577
train_1m:327,train_1m,train_observation,327,0.0,within_support,0.1424317496379648,0.0,2.1820377150721577
train_1m:328,train_1m,train_observation,328,0.0,within_support,0.3330129753558649,0.0,2.1820377150721577
train_1m:329,train_1m,train_observation,329,0.0,within_support,0.193651799797041,0.0,2.1820377150721577
train_1m:330,train_1m,train_observation,330,0.0,within_support,0.0946129178882076,0.0,2.1820377150721577
train_1m:331,train_1m,train_observation,331,0.0,within_support,0.097638223077811,0.0,2.1820377150721577
train_1m:332,train_1m,train_observation,332,0.0,within_support,0.1373439350840111,0.0,2.1820377150721577
train_1m:333,train_1m,train_observation,333,0.0,within_support,0.0979142306214611,0.0,2.1820377150721577
train_1m:334,train_1m,train_observation,334,0.0,within_support,0.107067772564396,0.0,2.1820377150721577
train_1m:335,train_1m,train_observation,335,0.0,within_support,0.2059963173726945,0.0,2.1820377150721577
train_1m:336,train_1m,train_observation,336,0.0,within_support,0.1821555222951688,0.0,2.1820377150721577
train_1m:337,train_1m,train_observation,337,0.0,within_support,0.181287590192708,0.0,2.1820377150721577
train_1m:338,train_1m,train_observation,338,0.0,within_support,0.1374870388065376,0.0,2.1820377150721577
train_1m:339,train_1m,train_observation,339,0.0,within_support,0.1232083836601505,0.0,2.1820377150721577
train_1m:340,train_1m,train_observation,340,0.0,within_support,0.0591410663560778,0.0,2.1820377150721577
train_1m:341,train_1m,train_observation,341,0.0,within_support,0.1581423478348858,0.0,2.1820377150721577
train_1m:342,train_1m,train_observation,342,0.0,within_support,0.1368209433864056,0.0,2.1820377150721577
train_1m:343,train_1m,train_observation,343,0.0,within_support,0.102540025315578,0.0,2.1820377150721577
train_1m:344,train_1m,train_observation,344,0.0,within_support,0.2285422847013841,0.0,2.1820377150721577
train_1m:345,train_1m,train_observation,345,0.0,within_support,0.1726337753394314,0.0,2.1820377150721577
train_1m:346,train_1m,train_observation,346,0.0,within_support,0.0340119703599931,0.0,2.1820377150721577
train_1m:347,train_1m,train_observation,347,0.0,within_support,0.1678936533055157,0.0,2.1820377150721577
train_1m:348,train_1m,train_observation,348,0.0,within_support,0.1822790046383872,0.0,2.1820377150721577
train_1m:349,train_1m,train_observation,349,0.0,within_support,0.0211284139232578,0.0,2.1820377150721577
train_1m:350,train_1m,train_observation,350,0.0,within_support,0.0673118084661254,0.0,2.1820377150721577
train_1m:351,train_1m,train_observation,351,0.0,within_support,0.1091619939846033,0.0,2.1820377150721577
train_1m:352,train_1m,train_observation,352,0.0,within_support,0.2561175202232255,0.0,2.1820377150721577
train_1m:353,train_1m,train_observation,353,0.0,within_support,0.0772738904704091,0.0,2.1820377150721577
train_1m:354,train_1m,train_observation,354,0.0,within_support,0.0981903002795498,0.0,2.1820377150721577
train_1m:355,train_1m,train_observation,355,0.0,within_support,0.1174085668908642,0.0,2.1820377150721577
train_1m:356,train_1m,train_observation,356,0.0,within_support,0.0639556733079209,0.0,2.1820377150721577
train_1m:357,train_1m,train_observation,357,0.0,within_support,0.0831761910062742,0.0,2.1820377150721577
train_1m:358,train_1m,train_observation,358,0.0,within_support,0.1299390518207946,0.0,2.1820377150721577
train_1m:359,train_1m,train_observation,359,0.0,within_support,0.1124825979053212,0.0,2.1820377150721577
train_1m:360,train_1m,train_observation,360,0.0,within_support,0.1367199466982798,0.0,2.1820377150721577
train_1m:361,train_1m,train_observation,361,0.0,within_support,0.2058269652238794,0.0,2.1820377150721577
train_1m:362,train_1m,train_observation,362,0.0,within_support,0.2071040618390321,0.0,2.1820377150721577
train_1m:363,train_1m,train_observation,363,0.0,within_support,0.0974349753148315,0.0,2.1820377150721577
train_1m:364,train_1m,train_observation,364,0.0,within_support,0.1959049006995285,0.0,2.1820377150721577
train_1m:365,train_1m,train_observation,365,0.0,within_support,0.0601455631531011,0.0,2.1820377150721577
train_1m:366,train_1m,train_observation,366,0.0,within_support,0.1480120337757867,0.0,2.1820377150721577
train_1m:367,train_1m,train_observation,367,0.0,within_support,0.0353755225992973,0.0,2.1820377150721577
train_1m:368,train_1m,train_observation,368,0.0,within_support,0.0570494795531886,0.0,2.1820377150721577
train_1m:369,train_1m,train_observation,369,0.0,within_support,0.1895790232741561,0.0,2.1820377150721577
train_1m:370,train_1m,train_observation,370,0.0,within_support,0.1401493404353484,0.0,2.1820377150721577
train_1m:371,train_1m,train_observation,371,0.0,within_support,0.0927310642948626,0.0,2.1820377150721577
train_1m:372,train_1m,train_observation,372,0.0,within_support,0.1565193107660918,0.0,2.1820377150721577
train_1m:373,train_1m,train_observation,373,0.0,within_support,0.2210441429821695,0.0,2.1820377150721577
train_1m:374,train_1m,train_observation,374,0.0,within_support,0.1439684372177263,0.0,2.1820377150721577
train_1m:375,train_1m,train_observation,375,0.0,within_support,0.1363764169126964,0.0,2.1820377150721577
train_1m:376,train_1m,train_observation,376,0.0,within_support,0.142136323875459,0.0,2.1820377150721577
train_1m:377,train_1m,train_observation,377,0.0,within_support,0.1576185277898336,0.0,2.1820377150721577
train_1m:378,train_1m,train_observation,378,0.0,within_support,0.2632698852098095,0.0,2.1820377150721577
train_1m:379,train_1m,train_observation,379,0.0,within_support,0.0379776286450699,0.0,2.1820377150721577
train_1m:380,train_1m,train_observation,380,0.0,within_support,0.1893809791959261,0.0,2.1820377150721577
train_1m:381,train_1m,train_observation,381,0.0,within_support,0.0679535437454478,0.0,2.1820377150721577
train_1m:382,train_1m,train_observation,382,0.0,within_support,0.2430700892174086,0.0,2.1820377150721577
train_1m:383,train_1m,train_observation,383,0.0,within_support,0.210463082063026,0.0,2.1820377150721577
train_1m:384,train_1m,train_observation,384,0.0,within_support,0.0551679402611834,0.0,2.1820377150721577
train_1m:385,train_1m,train_observation,385,0.0,within_support,0.0808679224768899,0.0,2.1820377150721577
train_1m:386,train_1m,train_observation,386,0.0,within_support,0.2184314395031052,0.0,2.1820377150721577
train_1m:387,train_1m,train_observation,387,0.0,within_support,0.2838412971371359,0.0,2.1820377150721577
train_1m:388,train_1m,train_observation,388,0.0,within_support,0.1699203971186065,0.0,2.1820377150721577
train_1m:389,train_1m,train_observation,389,0.0,within_support,0.2300144027517388,0.0,2.1820377150721577
train_1m:390,train_1m,train_observation,390,0.0,within_support,0.1013840206332174,0.0,2.1820377150721577
train_1m:391,train_1m,train_observation,391,0.0,within_support,0.1892023176848078,0.0,2.1820377150721577
train_1m:392,train_1m,train_observation,392,0.0,within_support,0.1336107977946745,0.0,2.1820377150721577
train_1m:393,train_1m,train_observation,393,0.0,within_support,0.049568139780907,0.0,2.1820377150721577
train_1m:394,train_1m,train_observation,394,0.0,within_support,0.2072239749297356,0.0,2.1820377150721577
train_1m:395,train_1m,train_observation,395,0.0,within_support,0.1063132888838981,0.0,2.1820377150721577
train_1m:396,train_1m,train_observation,396,0.0,within_support,0.1780086452114919,0.0,2.1820377150721577
train_1m:397,train_1m,train_observation,397,0.0,within_support,0.1191695148955065,0.0,2.1820377150721577
train_1m:398,train_1m,train_observation,398,0.0,within_support,0.1225651815797004,0.0,2.1820377150721577
train_1m:399,train_1m,train_observation,399,0.0,within_support,0.180687336217837,0.0,2.1820377150721577
train_1m:400,train_1m,train_observation,400,0.0,within_support,0.0640056471261202,0.0,2.1820377150721577
train_1m:401,train_1m,train_observation,401,0.0,within_support,0.0489386382457039,0.0,2.1820377150721577
train_1m:402,train_1m,train_observation,402,0.0,within_support,0.135987874642547,0.0,2.1820377150721577
train_1m:403,train_1m,train_observation,403,0.0,within_support,0.0720052401304325,0.0,2.1820377150721577
train_1m:404,train_1m,train_observation,404,0.0,within_support,0.072765600159331,0.0,2.1820377150721577
train_1m:405,train_1m,train_observation,405,0.0,within_support,0.1281237627517989,0.0,2.1820377150721577
train_1m:406,train_1m,train_observation,406,0.0,within_support,0.1304908730687581,0.0,2.1820377150721577
train_1m:407,train_1m,train_observation,407,0.0,within_support,0.0806688115066254,0.0,2.1820377150721577
train_1m:408,train_1m,train_observation,408,0.0,within_support,0.2080510325562333,0.0,2.1820377150721577
train_1m:409,train_1m,train_observation,409,0.0,within_support,0.0737830871308283,0.0,2.1820377150721577
train_1m:410,train_1m,train_observation,410,0.0,within_support,0.1548395528960827,0.0,2.1820377150721577
train_1m:411,train_1m,train_observation,411,0.0,within_support,0.1284787978912212,0.0,2.1820377150721577
train_1m:412,train_1m,train_observation,412,0.0,within_support,0.2078729898671878,0.0,2.1820377150721577
train_1m:413,train_1m,train_observation,413,0.0,within_support,0.1548382017382481,0.0,2.1820377150721577
train_1m:414,train_1m,train_observation,414,0.0,within_support,0.0725943620602618,0.0,2.1820377150721577
train_1m:415,train_1m,train_observation,415,0.0,within_support,0.0793091837889983,0.0,2.1820377150721577
train_1m:416,train_1m,train_observation,416,0.0,within_support,0.1310848079039635,0.0,2.1820377150721577
train_1m:417,train_1m,train_observation,417,0.0,within_support,0.0530815434402731,0.0,2.1820377150721577
train_1m:418,train_1m,train_observation,418,0.0,within_support,0.2367228888940371,0.0,2.1820377150721577
train_1m:419,train_1m,train_observation,419,0.0,within_support,0.0511477512101595,0.0,2.1820377150721577
train_1m:420,train_1m,train_observation,420,0.0,within_support,0.0726303462843837,0.0,2.1820377150721577
train_1m:421,train_1m,train_observation,421,0.0,within_support,0.1571974782806002,0.0,2.1820377150721577
train_1m:422,train_1m,train_observation,422,0.0,within_support,0.0621906669244767,0.0,2.1820377150721577
train_1m:423,train_1m,train_observation,423,0.0,within_support,0.2129296661517887,0.0,2.1820377150721577
train_1m:424,train_1m,train_observation,424,0.0,within_support,0.0423733475862182,0.0,2.1820377150721577
train_1m:425,train_1m,train_observation,425,0.0,within_support,0.0631558345107293,0.0,2.1820377150721577
train_1m:426,train_1m,train_observation,426,0.0,within_support,0.0965901921703291,0.0,2.1820377150721577
train_1m:427,train_1m,train_observation,427,0.0,within_support,0.1184473915817298,0.0,2.1820377150721577
train_1m:428,train_1m,train_observation,428,0.0,within_support,0.0626441471034817,0.0,2.1820377150721577
train_1m:429,train_1m,train_observation,429,0.0,within_support,0.2605649730650898,0.0,2.1820377150721577
train_1m:430,train_1m,train_observation,430,0.0,within_support,0.1034354035337766,0.0,2.1820377150721577
train_1m:431,train_1m,train_observation,431,0.0,within_support,0.0663351867012666,0.0,2.1820377150721577
train_1m:432,train_1m,train_observation,432,0.0,within_support,0.1415264634350057,0.0,2.1820377150721577
train_1m:433,train_1m,train_observation,433,0.0,within_support,0.1344593342223423,0.0,2.1820377150721577
train_1m:434,train_1m,train_observation,434,0.0,within_support,0.0325886188021342,0.0,2.1820377150721577
train_1m:435,train_1m,train_observation,435,0.0,within_support,0.2916245275269446,0.0,2.1820377150721577
train_1m:436,train_1m,train_observation,436,0.0,within_support,0.2384263310672535,0.0,2.1820377150721577
train_1m:437,train_1m,train_observation,437,0.0,within_support,0.1238932758165489,0.0,2.1820377150721577
train_1m:438,train_1m,train_observation,438,0.0,within_support,0.0383284833694189,0.0,2.1820377150721577
train_1m:439,train_1m,train_observation,439,0.0,within_support,0.0795325453889973,0.0,2.1820377150721577
train_1m:440,train_1m,train_observation,440,0.0,within_support,0.0633130441933413,0.0,2.1820377150721577
train_1m:441,train_1m,train_observation,441,0.0,within_support,0.1445271850829975,0.0,2.1820377150721577
train_1m:442,train_1m,train_observation,442,0.0,within_support,0.0500450953281364,0.0,2.1820377150721577
train_1m:443,train_1m,train_observation,443,0.0,within_support,0.095993798083422,0.0,2.1820377150721577
train_1m:444,train_1m,train_observation,444,0.0,within_support,0.2332019775572416,0.0,2.1820377150721577
train_1m:445,train_1m,train_observation,445,0.0,within_support,0.0489903552820363,0.0,2.1820377150721577
train_1m:446,train_1m,train_observation,446,0.0,within_support,0.112874521376084,0.0,2.1820377150721577
train_1m:447,train_1m,train_observation,447,0.0,within_support,0.136742357276787,0.0,2.1820377150721577
train_1m:448,train_1m,train_observation,448,0.0,within_support,0.0692630747411818,0.0,2.1820377150721577
train_1m:449,train_1m,train_observation,449,0.0,within_support,0.1366350905622048,0.0,2.1820377150721577
train_1m:450,train_1m,train_observation,450,0.0,within_support,0.2214837968846759,0.0,2.1820377150721577
train_1m:451,train_1m,train_observation,451,0.0,within_support,0.1062331280139416,0.0,2.1820377150721577
train_1m:452,train_1m,train_observation,452,0.0,within_support,0.1446069643965901,0.0,2.1820377150721577
train_1m:453,train_1m,train_observation,453,0.0,within_support,0.1878302829085175,0.0,2.1820377150721577
train_1m:454,train_1m,train_observation,454,0.0,within_support,0.0779829219011335,0.0,2.1820377150721577
train_1m:455,train_1m,train_observation,455,0.0,within_support,0.1026023305536544,0.0,2.1820377150721577
train_1m:456,train_1m,train_observation,456,0.0,within_support,0.1721626164981999,0.0,2.1820377150721577
train_1m:457,train_1m,train_observation,457,0.0,within_support,0.1613128909914989,0.0,2.1820377150721577
train_1m:458,train_1m,train_observation,458,0.0,within_support,0.1723146356761004,0.0,2.1820377150721577
train_1m:459,train_1m,train_observation,459,0.0,within_support,0.1307410866774279,0.0,2.1820377150721577
train_1m:460,train_1m,train_observation,460,0.0,within_support,0.1837640922430466,0.0,2.1820377150721577
train_1m:461,train_1m,train_observation,461,0.0,within_support,0.1366668358258458,0.0,2.1820377150721577
train_1m:462,train_1m,train_observation,462,0.0,within_support,0.0881180032804127,0.0,2.1820377150721577
train_1m:463,train_1m,train_observation,463,0.0,within_support,0.1669326776052028,0.0,2.1820377150721577
train_1m:464,train_1m,train_observation,464,0.0,within_support,0.1568807073597942,0.0,2.1820377150721577
train_1m:465,train_1m,train_observation,465,0.0,within_support,0.2916440708139085,0.0,2.1820377150721577
train_1m:466,train_1m,train_observation,466,0.0,within_support,0.0508565130954353,0.0,2.1820377150721577
train_1m:467,train_1m,train_observation,467,0.0,within_support,0.1069133439180766,0.0,2.1820377150721577
train_1m:468,train_1m,train_observation,468,0.0,within_support,0.2135087387469277,0.0,2.1820377150721577
train_1m:469,train_1m,train_observation,469,0.0,within_support,0.0882421416589965,0.0,2.1820377150721577
train_1m:470,train_1m,train_observation,470,0.0,within_support,0.1099237148600049,0.0,2.1820377150721577
train_1m:471,train_1m,train_observation,471,0.0,within_support,0.1092954425731524,0.0,2.1820377150721577
train_1m:472,train_1m,train_observation,472,0.0,within_support,0.1486580579643861,0.0,2.1820377150721577
train_1m:473,train_1m,train_observation,473,0.0,within_support,0.1607689964313058,0.0,2.1820377150721577
train_1m:474,train_1m,train_observation,474,0.0,within_support,0.182469618742154,0.0,2.1820377150721577
train_1m:475,train_1m,train_observation,475,0.0,within_support,0.0713763193871923,0.0,2.1820377150721577
train_1m:476,train_1m,train_observation,476,0.0,within_support,0.1426613903352575,0.0,2.1820377150721577
train_1m:477,train_1m,train_observation,477,0.0,within_support,0.0437294166942146,0.0,2.1820377150721577
train_1m:478,train_1m,train_observation,478,0.0,within_support,0.0615381877151343,0.0,2.1820377150721577
train_1m:479,train_1m,train_observation,479,0.0,within_support,0.0585278568521771,0.0,2.1820377150721577
train_1m:480,train_1m,train_observation,480,0.0,within_support,0.2726573360505153,0.0,2.1820377150721577
train_1m:481,train_1m,train_observation,481,0.0,within_support,0.2085346938923475,0.0,2.1820377150721577
train_1m:482,train_1m,train_observation,482,0.0,within_support,0.1685355080894255,0.0,2.1820377150721577
train_1m:483,train_1m,train_observation,483,0.0,within_support,0.0971051977913835,0.0,2.1820377150721577
train_1m:484,train_1m,train_observation,484,0.0,within_support,0.1664967700072088,0.0,2.1820377150721577
train_1m:485,train_1m,train_observation,485,0.0,within_support,0.0702831069678555,0.0,2.1820377150721577
train_1m:486,train_1m,train_observation,486,0.0,within_support,0.0964070030423965,0.0,2.1820377150721577
train_1m:487,train_1m,train_observation,487,0.0,within_support,0.2754161223561343,0.0,2.1820377150721577
train_1m:488,train_1m,train_observation,488,0.0,within_support,0.2534966535336972,0.0,2.1820377150721577
train_1m:489,train_1m,train_observation,489,0.0,within_support,0.0975536466005396,0.0,2.1820377150721577
train_1m:490,train_1m,train_observation,490,0.0,within_support,0.1660127876923227,0.0,2.1820377150721577
train_1m:491,train_1m,train_observation,491,0.0,within_support,0.1819665937438848,0.0,2.1820377150721577
train_1m:492,train_1m,train_observation,492,0.0,within_support,0.1000053766989349,0.0,2.1820377150721577
train_1m:493,train_1m,train_observation,493,0.0,within_support,0.1306992728330786,0.0,2.1820377150721577
train_1m:494,train_1m,train_observation,494,0.0,within_support,0.1251906861660655,0.0,2.1820377150721577
train_1m:495,train_1m,train_observation,495,0.0,within_support,0.0466705781139661,0.0,2.1820377150721577
train_1m:496,train_1m,train_observation,496,0.0,within_support,0.0916942555167152,0.0,2.1820377150721577
train_1m:497,train_1m,train_observation,497,0.0,within_support,0.0525255847034036,0.0,2.1820377150721577
train_1m:498,train_1m,train_observation,498,0.0,within_support,0.1445782394874691,0.0,2.1820377150721577
train_1m:499,train_1m,train_observation,499,0.0,within_support,0.0968996217420668,0.0,2.1820377150721577
train_1m:500,train_1m,train_observation,500,0.0,within_support,0.1335860271116198,0.0,2.1820377150721577
train_1m:501,train_1m,train_observation,501,0.0,within_support,0.1433648854108648,0.0,2.1820377150721577
train_1m:502,train_1m,train_observation,502,0.0,within_support,0.1124472077390623,0.0,2.1820377150721577
train_1m:503,train_1m,train_observation,503,0.0,within_support,0.1209957493105969,0.0,2.1820377150721577
train_1m:504,train_1m,train_observation,504,0.0,within_support,0.0724911369913143,0.0,2.1820377150721577
train_1m:505,train_1m,train_observation,505,0.0,within_support,0.1004326060101821,0.0,2.1820377150721577
train_1m:506,train_1m,train_observation,506,0.0,within_support,0.1091369154792624,0.0,2.1820377150721577
train_1m:507,train_1m,train_observation,507,0.0,within_support,0.0519910581878325,0.0,2.1820377150721577
train_1m:508,train_1m,train_observation,508,0.0,within_support,0.1251108754152527,0.0,2.1820377150721577
train_1m:509,train_1m,train_observation,509,0.0,within_support,0.2250987747093037,0.0,2.1820377150721577
train_1m:510,train_1m,train_observation,510,0.0,within_support,0.2302423184267755,0.0,2.1820377150721577
train_1m:511,train_1m,train_observation,511,0.0,within_support,0.1099848599763553,0.0,2.1820377150721577
train_1m:512,train_1m,train_observation,512,0.0,within_support,0.2589230508666444,0.0,2.1820377150721577
test_1m:1,test_1m,held_out_observation,1,0.0962067301498045,within_support,0.1663000787217435,0.0,2.1820377150721577
test_1m:2,test_1m,held_out_observation,2,0.1447000444235756,within_support,0.0445035657564104,0.0,2.1820377150721577
test_1m:3,test_1m,held_out_observation,3,0.109077953776187,within_support,0.0693900245877041,0.0,2.1820377150721577
test_1m:4,test_1m,held_out_observation,4,0.2464671023461137,within_support,0.1330044107626895,0.0,2.1820377150721577
test_1m:5,test_1m,held_out_observation,5,0.1366417837007301,within_support,0.1194710701827355,0.0,2.1820377150721577
test_1m:6,test_1m,held_out_observation,6,0.1874951275853502,within_support,0.0463007780032796,0.0,2.1820377150721577
test_1m:7,test_1m,held_out_observation,7,0.0119230170894238,within_support,0.2694304960797549,0.0,2.1820377150721577
test_1m:8,test_1m,held_out_observation,8,0.1395492744517147,within_support,0.1944182019399757,0.0,2.1820377150721577
test_1m:9,test_1m,held_out_observation,9,0.1500050690510789,within_support,0.1310937272797501,0.0,2.1820377150721577
test_1m:10,test_1m,held_out_observation,10,0.0388594235100866,within_support,0.2020899088234411,0.0,2.1820377150721577
test_1m:11,test_1m,held_out_observation,11,0.095894921701727,within_support,0.1519795786130907,0.0,2.1820377150721577
test_1m:12,test_1m,held_out_observation,12,0.0541103038990829,within_support,0.1222357223902338,0.0,2.1820377150721577
test_1m:13,test_1m,held_out_observation,13,0.2441407718227662,within_support,0.1494657958200776,0.0,2.1820377150721577
test_1m:14,test_1m,held_out_observation,14,0.1053365905542016,within_support,0.1998028619933337,0.0,2.1820377150721577
test_1m:15,test_1m,held_out_observation,15,0.1715632651179206,within_support,0.1118716266998599,0.0,2.1820377150721577
test_1m:16,test_1m,held_out_observation,16,0.1357481356229022,within_support,0.1615575431879804,0.0,2.1820377150721577
test_1m:17,test_1m,held_out_observation,17,0.2263054419122246,within_support,0.097776298968219,0.0,2.1820377150721577
test_1m:18,test_1m,held_out_observation,18,0.2780183598129632,low_confidence_extrapolation,0.062782622613283,0.0,2.1820377150721577
test_1m:19,test_1m,held_out_observation,19,0.1499975178661721,within_support,0.1993385382915164,0.0,2.1820377150721577
test_1m:20,test_1m,held_out_observation,20,0.1727494147783204,within_support,0.1618639428664457,0.0,2.1820377150721577
test_1m:21,test_1m,held_out_observation,21,0.1709856202508937,within_support,0.109393124987472,0.0,2.1820377150721577
test_1m:22,test_1m,held_out_observation,22,0.2225695472432751,within_support,0.1567276576366627,0.0,2.1820377150721577
test_1m:23,test_1m,held_out_observation,23,0.2736927594133886,low_confidence_extrapolation,0.0887142254650218,0.0,2.1820377150721577
test_1m:24,test_1m,held_out_observation,24,0.2009527307602461,within_support,0.1613802454274623,0.0,2.1820377150721577
test_1m:25,test_1m,held_out_observation,25,0.1914471206364827,within_support,0.0686189445988082,0.0,2.1820377150721577
test_1m:26,test_1m,held_out_observation,26,0.0808060684662813,within_support,0.2473590256228923,0.0,2.1820377150721577
test_1m:27,test_1m,held_out_observation,27,0.2290196498119757,within_support,0.1473660378494784,0.0,2.1820377150721577
test_1m:28,test_1m,held_out_observation,28,0.1928012122435378,within_support,0.0367956959992946,0.0,2.1820377150721577
test_1m:29,test_1m,held_out_observation,29,0.0937151900162594,within_support,0.1598497604956291,0.0,2.1820377150721577
test_1m:30,test_1m,held_out_observation,30,0.2054114193646907,within_support,0.1441249712211113,0.0,2.1820377150721577
test_1m:31,test_1m,held_out_observation,31,0.2287443988385289,within_support,0.1853702389983119,0.0,2.1820377150721577
test_1m:32,test_1m,held_out_observation,32,0.1916298515367582,within_support,0.0481476201874295,0.0,2.1820377150721577
test_1m:33,test_1m,held_out_observation,33,0.2332777803673195,within_support,0.0384569505361568,0.0,2.1820377150721577
test_1m:34,test_1m,held_out_observation,34,0.205655050995593,within_support,0.1720319613037646,0.0,2.1820377150721577
test_1m:35,test_1m,held_out_observation,35,0.2620859861366003,low_confidence_extrapolation,0.0290787396881388,0.0,2.1820377150721577
test_1m:36,test_1m,held_out_observation,36,0.1736087555395752,within_support,0.0502481279320462,0.0,2.1820377150721577
test_1m:37,test_1m,held_out_observation,37,0.1882073324820263,within_support,0.1298772062426836,0.0,2.1820377150721577
test_1m:38,test_1m,held_out_observation,38,0.1915512531771288,within_support,0.1783097281968045,0.0,2.1820377150721577
test_1m:39,test_1m,held_out_observation,39,0.1770550013145845,within_support,0.1319412232044514,0.0,2.1820377150721577
test_1m:40,test_1m,held_out_observation,40,0.2195674537987935,within_support,0.0400414065834946,0.0,2.1820377150721577
test_1m:41,test_1m,held_out_observation,41,0.208794356782142,within_support,0.0371430868200744,0.0,2.1820377150721577
test_1m:42,test_1m,held_out_observation,42,0.1066374889853317,within_support,0.1920904515586856,0.0,2.1820377150721577
test_1m:43,test_1m,held_out_observation,43,0.1843940344336266,within_support,0.198738959588809,0.0,2.1820377150721577
test_1m:44,test_1m,held_out_observation,44,0.1976158795528489,within_support,0.0891562410526895,0.0,2.1820377150721577
test_1m:45,test_1m,held_out_observation,45,0.2429897117163605,within_support,0.0457636152962642,0.0,2.1820377150721577
test_1m:46,test_1m,held_out_observation,46,0.1074345185654172,within_support,0.0999528252798867,0.0,2.1820377150721577
test_1m:47,test_1m,held_out_observation,47,0.2187443345889113,within_support,0.0761147577211229,0.0,2.1820377150721577
test_1m:48,test_1m,held_out_observation,48,0.2072483557378226,within_support,0.1050741823934287,0.0,2.1820377150721577
test_1m:49,test_1m,held_out_observation,49,0.0870057469366247,within_support,0.1763320106470655,0.0,2.1820377150721577
test_1m:50,test_1m,held_out_observation,50,0.2424324404920217,within_support,0.0687044968342241,0.0,2.1820377150721577
test_1m:51,test_1m,held_out_observation,51,0.2673200329193456,low_confidence_extrapolation,0.0958839843404403,0.0,2.1820377150721577
test_1m:52,test_1m,held_out_observation,52,0.0744864372694551,within_support,0.2096079695549398,0.0,2.1820377150721577
test_1m:53,test_1m,held_out_observation,53,0.2051189385226211,within_support,0.0472679003183951,0.0,2.1820377150721577
test_1m:54,test_1m,held_out_observation,54,0.1284716838370641,within_support,0.1837637550370845,0.0,2.1820377150721577
test_1m:55,test_1m,held_out_observation,55,0.1805125973985279,within_support,0.1612727007518068,0.0,2.1820377150721577
test_1m:56,test_1m,held_out_observation,56,0.19936270416727,within_support,0.0580266241536626,0.0,2.1820377150721577
test_1m:57,test_1m,held_out_observation,57,0.0919331060733214,within_support,0.2552687615392328,0.0,2.1820377150721577
test_1m:58,test_1m,held_out_observation,58,0.1728872464931985,within_support,0.0266297775308046,0.0,2.1820377150721577
test_1m:59,test_1m,held_out_observation,59,0.2733557609063129,low_confidence_extrapolation,0.040912372592717,0.0,2.1820377150721577
test_1m:60,test_1m,held_out_observation,60,0.1696866474507875,within_support,0.1576066856341269,0.0,2.1820377150721577
test_1m:61,test_1m,held_out_observation,61,0.1867190402717408,within_support,0.2010119095878119,0.0,2.1820377150721577
test_1m:62,test_1m,held_out_observation,62,0.2064362438957921,within_support,0.1416448518066685,0.0,2.1820377150721577
test_1m:63,test_1m,held_out_observation,63,0.1174374086240996,within_support,0.2154465672218924,0.0,2.1820377150721577
test_1m:64,test_1m,held_out_observation,64,0.1607669120186116,within_support,0.029179733717453,0.0,2.1820377150721577
test_1m:65,test_1m,held_out_observation,65,0.1297511442551147,within_support,0.166934164044355,0.0,2.1820377150721577
test_1m:66,test_1m,held_out_observation,66,0.2076002194275371,within_support,0.2145977193175545,0.0,2.1820377150721577
test_1m:67,test_1m,held_out_observation,67,0.1317456182457161,within_support,0.2558999825936535,0.0,2.1820377150721577
test_1m:68,test_1m,held_out_observation,68,0.1987842857886433,within_support,0.0462936922725123,0.0,2.1820377150721577
test_1m:69,test_1m,held_out_observation,69,0.2259557478799776,within_support,0.0495978039609376,0.0,2.1820377150721577
test_1m:70,test_1m,held_out_observation,70,0.1984771621890975,within_support,0.1665027015289624,0.0,2.1820377150721577
test_1m:71,test_1m,held_out_observation,71,0.2237003938880806,within_support,0.1066116836840889,0.0,2.1820377150721577
test_1m:72,test_1m,held_out_observation,72,0.1842843970153046,within_support,0.0967404663015905,0.0,2.1820377150721577
test_1m:73,test_1m,held_out_observation,73,0.2704567323490657,low_confidence_extrapolation,0.1858511243282206,0.0,2.1820377150721577
test_1m:74,test_1m,held_out_observation,74,0.2784150721312106,low_confidence_extrapolation,0.1893271645031844,0.0,2.1820377150721577
test_1m:75,test_1m,held_out_observation,75,0.2085592251708308,within_support,0.0857237614080536,0.0,2.1820377150721577
test_1m:76,test_1m,held_out_observation,76,0.2331784357515534,within_support,0.0873816487969462,0.0,2.1820377150721577
test_1m:77,test_1m,held_out_observation,77,0.0736870111380271,within_support,0.1732183374748792,0.0,2.1820377150721577
test_1m:78,test_1m,held_out_observation,78,0.1935027670251045,within_support,0.0868154721276386,0.0,2.1820377150721577
test_1m:79,test_1m,held_out_observation,79,0.0847310776852027,within_support,0.2458419429871786,0.0,2.1820377150721577
test_1m:80,test_1m,held_out_observation,80,0.2491834487398001,within_support,0.1575103342967668,0.0,2.1820377150721577
test_1m:81,test_1m,held_out_observation,81,0.1329484826035272,within_support,0.053282370088219,0.0,2.1820377150721577
test_1m:82,test_1m,held_out_observation,82,0.188605134367434,within_support,0.1216677439490917,0.0,2.1820377150721577
test_1m:83,test_1m,held_out_observation,83,0.1454434593381826,within_support,0.1580597339614251,0.0,2.1820377150721577
test_1m:84,test_1m,held_out_observation,84,0.1706882648381549,within_support,0.0775403952040577,0.0,2.1820377150721577
test_1m:85,test_1m,held_out_observation,85,0.2605971663906866,low_confidence_extrapolation,0.188377617735064,0.0,2.1820377150721577
test_1m:86,test_1m,held_out_observation,86,0.0406362024628316,within_support,0.1405335077601866,0.0,2.1820377150721577
test_1m:87,test_1m,held_out_observation,87,0.0392537014030159,within_support,0.3022214662341104,0.0,2.1820377150721577
test_1m:88,test_1m,held_out_observation,88,0.1768970147149926,within_support,0.1209592997152161,0.0,2.1820377150721577
test_1m:89,test_1m,held_out_observation,89,0.1671944975171132,within_support,0.1196317786185599,0.0,2.1820377150721577
test_1m:90,test_1m,held_out_observation,90,0.1914188372583624,within_support,0.1078576489264725,0.0,2.1820377150721577
test_1m:91,test_1m,held_out_observation,91,0.1789144225116434,within_support,0.1120480314550739,0.0,2.1820377150721577
test_1m:92,test_1m,held_out_observation,92,0.2302708850383105,within_support,0.0967131625038039,0.0,2.1820377150721577
test_1m:93,test_1m,held_out_observation,93,0.2238341381590232,within_support,0.1082628547192446,0.0,2.1820377150721577
test_1m:94,test_1m,held_out_observation,94,0.1764304776545021,within_support,0.1856956908411414,0.0,2.1820377150721577
test_1m:95,test_1m,held_out_observation,95,0.163645959314613,within_support,0.0985372272480582,0.0,2.1820377150721577
test_1m:96,test_1m,held_out_observation,96,0.0806721761203948,within_support,0.1627370398101076,0.0,2.1820377150721577
test_1m:97,test_1m,held_out_observation,97,0.2413564537977332,within_support,0.1967858878585838,0.0,2.1820377150721577
test_1m:98,test_1m,held_out_observation,98,0.2368332746891787,within_support,0.1198962908557737,0.0,2.1820377150721577
test_1m:99,test_1m,held_out_observation,99,0.1795505596497477,within_support,0.1327138902112769,0.0,2.1820377150721577
test_1m:100,test_1m,held_out_observation,100,0.2328113029826734,within_support,0.1359211865057061,0.0,2.1820377150721577
test_1m:101,test_1m,held_out_observation,101,0.2084788307307412,within_support,0.226799961042101,0.0,2.1820377150721577
test_1m:102,test_1m,held_out_observation,102,0.1504676222826697,within_support,0.1274857578575983,0.0,2.1820377150721577
test_1m:103,test_1m,held_out_observation,103,0.2269278192280927,within_support,0.1248671125904228,0.0,2.1820377150721577
test_1m:104,test_1m,held_out_observation,104,0.1596570156897443,within_support,0.0770188508222594,0.0,2.1820377150721577
test_1m:105,test_1m,held_out_observation,105,0.1573658158559221,within_support,0.1475516404841861,0.0,2.1820377150721577
test_1m:106,test_1m,held_out_observation,106,0.1371073303128936,within_support,0.1770127722228464,0.0,2.1820377150721577
test_1m:107,test_1m,held_out_observation,107,0.1504050880603409,within_support,0.0800174452555563,0.0,2.1820377150721577
test_1m:108,test_1m,held_out_observation,108,0.2296654537751561,within_support,0.1369861796395458,0.0,2.1820377150721577
test_1m:109,test_1m,held_out_observation,109,0.0569912273951,within_support,0.1311797644811771,0.0,2.1820377150721577
test_1m:110,test_1m,held_out_observation,110,0.1378332325674763,within_support,0.1182647335313721,0.0,2.1820377150721577
test_1m:111,test_1m,held_out_observation,111,0.0676546356304936,within_support,0.1375682872517727,0.0,2.1820377150721577
test_1m:112,test_1m,held_out_observation,112,0.2251268934983874,within_support,0.1127351095460414,0.0,2.1820377150721577
test_1m:113,test_1m,held_out_observation,113,0.2092819110710254,within_support,0.1060884920747955,0.0,2.1820377150721577
test_1m:114,test_1m,held_out_observation,114,0.1536684743205319,within_support,0.0952809244569928,0.0,2.1820377150721577
test_1m:115,test_1m,held_out_observation,115,0.1693478837741169,within_support,0.149641216039217,0.0,2.1820377150721577
test_1m:116,test_1m,held_out_observation,116,0.2028130006693581,within_support,0.1173307394533752,0.0,2.1820377150721577
test_1m:117,test_1m,held_out_observation,117,0.0769025357189214,within_support,0.1727545958391008,0.0,2.1820377150721577
test_1m:118,test_1m,held_out_observation,118,0.1608726726484912,within_support,0.2145185622685078,0.0,2.1820377150721577
test_1m:119,test_1m,held_out_observation,119,0.1819730619524698,within_support,0.0403489843608995,0.0,2.1820377150721577
test_1m:120,test_1m,held_out_observation,120,0.172772566778513,within_support,0.1639428276216554,0.0,2.1820377150721577
test_1m:121,test_1m,held_out_observation,121,0.10321769940602,within_support,0.1609673209533111,0.0,2.1820377150721577
test_1m:122,test_1m,held_out_observation,122,0.12168812596141,within_support,0.0500896565190518,0.0,2.1820377150721577
test_1m:123,test_1m,held_out_observation,123,0.136716363456279,within_support,0.167386905780188,0.0,2.1820377150721577
test_1m:124,test_1m,held_out_observation,124,0.2696793400985799,low_confidence_extrapolation,0.0970635751026241,0.0,2.1820377150721577
test_1m:125,test_1m,held_out_observation,125,0.1964563565144427,within_support,0.0976771212567387,0.0,2.1820377150721577
test_1m:126,test_1m,held_out_observation,126,0.1409839799017792,within_support,0.0853753722062242,0.0,2.1820377150721577
test_1m:127,test_1m,held_out_observation,127,0.1792588045886134,within_support,0.0997475340266151,0.0,2.1820377150721577
test_1m:128,test_1m,held_out_observation,128,0.2020997746519819,within_support,0.0856309498952789,0.0,2.1820377150721577
test_1m:129,test_1m,held_out_observation,129,0.1035590384786586,within_support,0.1463852769453269,0.0,2.1820377150721577
test_1m:130,test_1m,held_out_observation,130,0.1749042893932722,within_support,0.0542057338867528,0.0,2.1820377150721577
test_1m:131,test_1m,held_out_observation,131,0.2075943211822997,within_support,0.0825356632239719,0.0,2.1820377150721577
test_1m:132,test_1m,held_out_observation,132,0.1858945514633046,within_support,0.1360785585467971,0.0,2.1820377150721577
test_1m:133,test_1m,held_out_observation,133,0.1400122340812996,within_support,0.0609005605508011,0.0,2.1820377150721577
test_1m:134,test_1m,held_out_observation,134,0.1081323406811972,within_support,0.1792537100945758,0.0,2.1820377150721577
test_1m:135,test_1m,held_out_observation,135,0.1919374898241612,within_support,0.2488624793869418,0.0,2.1820377150721577
test_1m:136,test_1m,held_out_observation,136,0.1585459229089216,within_support,0.2150080095550633,0.0,2.1820377150721577
test_1m:137,test_1m,held_out_observation,137,0.2272195520040056,within_support,0.1574127246068322,0.0,2.1820377150721577
test_1m:138,test_1m,held_out_observation,138,0.1035482736817916,within_support,0.2252088425724016,0.0,2.1820377150721577
test_1m:139,test_1m,held_out_observation,139,0.0770454411370329,within_support,0.2193393907530569,0.0,2.1820377150721577
test_1m:140,test_1m,held_out_observation,140,0.1932536833783316,within_support,0.0835677311556593,0.0,2.1820377150721577
test_1m:141,test_1m,held_out_observation,141,0.2322457589127806,within_support,0.1298578142473717,0.0,2.1820377150721577
test_1m:142,test_1m,held_out_observation,142,0.0968642162439077,within_support,0.1419245675722765,0.0,2.1820377150721577
test_1m:143,test_1m,held_out_observation,143,0.1441537325945577,within_support,0.0443807003885584,0.0,2.1820377150721577
test_1m:144,test_1m,held_out_observation,144,0.1177500582511499,within_support,0.1314261573904862,0.0,2.1820377150721577
test_1m:145,test_1m,held_out_observation,145,0.0740070296801283,within_support,0.1047386277779436,0.0,2.1820377150721577
test_1m:146,test_1m,held_out_observation,146,0.2306269245006152,within_support,0.1509896671436621,0.0,2.1820377150721577
test_1m:147,test_1m,held_out_observation,147,0.0855711146372641,within_support,0.1424238250294742,0.0,2.1820377150721577
test_1m:148,test_1m,held_out_observation,148,0.2206969369493371,within_support,0.1155996843296299,0.0,2.1820377150721577
test_1m:149,test_1m,held_out_observation,149,0.1557204871729492,within_support,0.1666145077071057,0.0,2.1820377150721577
test_1m:150,test_1m,held_out_observation,150,0.2480747465687506,within_support,0.1605366875187629,0.0,2.1820377150721577
test_1m:151,test_1m,held_out_observation,151,0.097319549749156,within_support,0.1287299639151529,0.0,2.1820377150721577
test_1m:152,test_1m,held_out_observation,152,0.2231583889376041,within_support,0.037856908212201,0.0,2.1820377150721577
test_1m:153,test_1m,held_out_observation,153,0.1530499161778243,within_support,0.0741755912541864,0.0,2.1820377150721577
test_1m:154,test_1m,held_out_observation,154,0.2367403641122485,within_support,0.1314804189405433,0.0,2.1820377150721577
test_1m:155,test_1m,held_out_observation,155,0.1759233158524455,within_support,0.0431489395231996,0.0,2.1820377150721577
test_1m:156,test_1m,held_out_observation,156,0.1034214677907831,within_support,0.1481222518268912,0.0,2.1820377150721577
test_1m:157,test_1m,held_out_observation,157,0.1411269042443228,within_support,0.0810016113204998,0.0,2.1820377150721577
test_1m:158,test_1m,held_out_observation,158,0.1491375204299709,within_support,0.113675900309377,0.0,2.1820377150721577
test_1m:159,test_1m,held_out_observation,159,0.1146397461639272,within_support,0.1461512313846382,0.0,2.1820377150721577
test_1m:160,test_1m,held_out_observation,160,0.2190046527749762,within_support,0.0787676114614704,0.0,2.1820377150721577
test_1m:161,test_1m,held_out_observation,161,0.1325603182849016,within_support,0.1582745410286842,0.0,2.1820377150721577
test_1m:162,test_1m,held_out_observation,162,0.1855824540565731,within_support,0.1532096046390604,0.0,2.1820377150721577
test_1m:163,test_1m,held_out_observation,163,0.1369388691569131,within_support,0.0766900695184233,0.0,2.1820377150721577
test_1m:164,test_1m,held_out_observation,164,0.1621400472454709,within_support,0.0667996996737639,0.0,2.1820377150721577
test_1m:165,test_1m,held_out_observation,165,0.2001253497192975,within_support,0.0441894475232758,0.0,2.1820377150721577
test_1m:166,test_1m,held_out_observation,166,0.2148943801758042,within_support,0.1317994936711542,0.0,2.1820377150721577
test_1m:167,test_1m,held_out_observation,167,0.2056321096304921,within_support,0.0722310999327972,0.0,2.1820377150721577
test_1m:168,test_1m,held_out_observation,168,0.2159259132202524,within_support,0.117333879475313,0.0,2.1820377150721577
test_1m:169,test_1m,held_out_observation,169,0.150705009870276,within_support,0.08532372085703,0.0,2.1820377150721577
test_1m:170,test_1m,held_out_observation,170,0.1743586809248935,within_support,0.1457458297680197,0.0,2.1820377150721577
test_1m:171,test_1m,held_out_observation,171,0.2384552101031817,within_support,0.1456071459899895,0.0,2.1820377150721577
test_1m:172,test_1m,held_out_observation,172,0.2013845433975211,within_support,0.0528113172780034,0.0,2.1820377150721577
test_1m:173,test_1m,held_out_observation,173,0.2059665119569211,within_support,0.1233055442954947,0.0,2.1820377150721577
test_1m:174,test_1m,held_out_observation,174,0.2060777713914712,within_support,0.1768592029267563,0.0,2.1820377150721577
test_1m:175,test_1m,held_out_observation,175,0.0910364777098284,within_support,0.1677638840328453,0.0,2.1820377150721577
test_1m:176,test_1m,held_out_observation,176,0.2498567117023081,within_support,0.0516332405053105,0.0,2.1820377150721577
test_1m:177,test_1m,held_out_observation,177,0.1759938129365446,within_support,0.159689582308983,0.0,2.1820377150721577
test_1m:178,test_1m,held_out_observation,178,0.2290633100258529,within_support,0.1127507255277387,0.0,2.1820377150721577
test_1m:179,test_1m,held_out_observation,179,0.1951919225310209,within_support,0.0953909017330164,0.0,2.1820377150721577
test_1m:180,test_1m,held_out_observation,180,0.1616715759351989,within_support,0.1832160108304145,0.0,2.1820377150721577
test_1m:181,test_1m,held_out_observation,181,0.2394869516278496,within_support,0.1019726835096529,0.0,2.1820377150721577
test_1m:182,test_1m,held_out_observation,182,0.179503529934657,within_support,0.1329759206253629,0.0,2.1820377150721577
test_1m:183,test_1m,held_out_observation,183,0.117337121150981,within_support,0.1597003185123915,0.0,2.1820377150721577
test_1m:184,test_1m,held_out_observation,184,0.1215829773316395,within_support,0.1361144924206847,0.0,2.1820377150721577
test_1m:185,test_1m,held_out_observation,185,0.0475887748353313,within_support,0.2022944049938174,0.0,2.1820377150721577
test_1m:186,test_1m,held_out_observation,186,0.1180423652762007,within_support,0.2038994310315579,0.0,2.1820377150721577
test_1m:187,test_1m,held_out_observation,187,0.137058616817942,within_support,0.1536986245716857,0.0,2.1820377150721577
test_1m:188,test_1m,held_out_observation,188,0.2968334629055395,low_confidence_extrapolation,0.0942448207905983,0.0,2.1820377150721577
test_1m:189,test_1m,held_out_observation,189,0.1656215278081962,within_support,0.1678125838214418,0.0,2.1820377150721577
test_1m:190,test_1m,held_out_observation,190,0.1736768336631426,within_support,0.1138035213609079,0.0,2.1820377150721577
test_1m:191,test_1m,held_out_observation,191,0.1109011512547724,within_support,0.1514813434949058,0.0,2.1820377150721577
test_1m:192,test_1m,held_out_observation,192,0.1992385504865963,within_support,0.0316216719392136,0.0,2.1820377150721577
test_1m:193,test_1m,held_out_observation,193,0.1082855182338103,within_support,0.1242386300791099,0.0,2.1820377150721577
test_1m:194,test_1m,held_out_observation,194,0.1532383763944267,within_support,0.1780975776038295,0.0,2.1820377150721577
test_1m:195,test_1m,held_out_observation,195,0.2195278017861481,within_support,0.1246564443122084,0.0,2.1820377150721577
test_1m:196,test_1m,held_out_observation,196,0.2377014934744837,within_support,0.0840052517802558,0.0,2.1820377150721577
test_1m:197,test_1m,held_out_observation,197,0.170600764175347,within_support,0.1836527412442963,0.0,2.1820377150721577
test_1m:198,test_1m,held_out_observation,198,0.1156723558579384,within_support,0.1815212282570422,0.0,2.1820377150721577
test_1m:199,test_1m,held_out_observation,199,0.1537380008404947,within_support,0.024997392372681,0.0,2.1820377150721577
test_1m:200,test_1m,held_out_observation,200,0.223006638937183,within_support,0.0974550156229296,0.0,2.1820377150721577
test_1m:201,test_1m,held_out_observation,201,0.1646120996815841,within_support,0.141247145992459,0.0,2.1820377150721577
test_1m:202,test_1m,held_out_observation,202,0.1616972479666862,within_support,0.1890017765173757,0.0,2.1820377150721577
test_1m:203,test_1m,held_out_observation,203,0.2408814940748465,within_support,0.0660401103916388,0.0,2.1820377150721577
test_1m:204,test_1m,held_out_observation,204,0.1780960042234876,within_support,0.0417709705347943,0.0,2.1820377150721577
test_1m:205,test_1m,held_out_observation,205,0.1634318008133075,within_support,0.1063566284258091,0.0,2.1820377150721577
test_1m:206,test_1m,held_out_observation,206,0.2331589145277703,within_support,0.0906367319644091,0.0,2.1820377150721577
test_1m:207,test_1m,held_out_observation,207,0.1293676930303698,within_support,0.0900787042106994,0.0,2.1820377150721577
test_1m:208,test_1m,held_out_observation,208,0.0778331548891601,within_support,0.2092016191589349,0.0,2.1820377150721577
test_1m:209,test_1m,held_out_observation,209,0.1612513565834408,within_support,0.1556555002083469,0.0,2.1820377150721577
test_1m:210,test_1m,held_out_observation,210,0.217746635030594,within_support,0.1412250184261175,0.0,2.1820377150721577
test_1m:211,test_1m,held_out_observation,211,0.1974612939242368,within_support,0.1495136748035179,0.0,2.1820377150721577
test_1m:212,test_1m,held_out_observation,212,0.1507362601327812,within_support,0.1392747645636426,0.0,2.1820377150721577
test_1m:213,test_1m,held_out_observation,213,0.1958009193032556,within_support,0.2156165965999078,0.0,2.1820377150721577
test_1m:214,test_1m,held_out_observation,214,0.1514208586837691,within_support,0.1328687211968738,0.0,2.1820377150721577
test_1m:215,test_1m,held_out_observation,215,0.1526122739978397,within_support,0.1992075512378912,0.0,2.1820377150721577
test_1m:216,test_1m,held_out_observation,216,0.0975499871860575,within_support,0.1935281046936179,0.0,2.1820377150721577
test_1m:217,test_1m,held_out_observation,217,0.0629603049547887,within_support,0.1745761784266889,0.0,2.1820377150721577
test_1m:218,test_1m,held_out_observation,218,0.1208463897089408,within_support,0.2521374320186768,0.0,2.1820377150721577
test_1m:219,test_1m,held_out_observation,219,0.1900850315904789,within_support,0.0458555851190306,0.0,2.1820377150721577
test_1m:220,test_1m,held_out_observation,220,0.192366707527209,within_support,0.1082380579439074,0.0,2.1820377150721577
test_1m:221,test_1m,held_out_observation,221,0.1235951063100139,within_support,0.1091379074247508,0.0,2.1820377150721577
test_1m:222,test_1m,held_out_observation,222,0.1852781692482954,within_support,0.1159319614272937,0.0,2.1820377150721577
test_1m:223,test_1m,held_out_observation,223,0.1818969360676618,within_support,0.1111648958971321,0.0,2.1820377150721577
test_1m:224,test_1m,held_out_observation,224,0.1073332114260616,within_support,0.1586037992188271,0.0,2.1820377150721577
test_1m:225,test_1m,held_out_observation,225,0.243751024586697,within_support,0.0766486984325446,0.0,2.1820377150721577
test_1m:226,test_1m,held_out_observation,226,0.1961463359760986,within_support,0.0455484165273533,0.0,2.1820377150721577
test_1m:227,test_1m,held_out_observation,227,0.2081682012219926,within_support,0.1831197415096491,0.0,2.1820377150721577
test_1m:228,test_1m,held_out_observation,228,0.1115813340992442,within_support,0.1618834170342327,0.0,2.1820377150721577
test_1m:229,test_1m,held_out_observation,229,0.1913877536407186,within_support,0.1726903160897826,0.0,2.1820377150721577
test_1m:230,test_1m,held_out_observation,230,0.219323917281349,within_support,0.0792529862935683,0.0,2.1820377150721577
test_1m:231,test_1m,held_out_observation,231,0.2048483543818343,within_support,0.1338228814563521,0.0,2.1820377150721577
test_1m:232,test_1m,held_out_observation,232,0.2158648881319203,within_support,0.0556435555678442,0.0,2.1820377150721577
test_1m:233,test_1m,held_out_observation,233,0.1474168820164518,within_support,0.1732226120733251,0.0,2.1820377150721577
test_1m:234,test_1m,held_out_observation,234,0.1045003646588844,within_support,0.2357993270792007,0.0,2.1820377150721577
test_1m:235,test_1m,held_out_observation,235,0.0756073792106724,within_support,0.1018745173940148,0.0,2.1820377150721577
test_1m:236,test_1m,held_out_observation,236,0.1782538892299469,within_support,0.1057269020871901,0.0,2.1820377150721577
test_1m:237,test_1m,held_out_observation,237,0.2551401877301295,within_support,0.2221377590455278,0.0,2.1820377150721577
test_1m:238,test_1m,held_out_observation,238,0.2104374352780861,within_support,0.2401207077929913,0.0,2.1820377150721577
test_1m:239,test_1m,held_out_observation,239,0.2389811708064047,within_support,0.0170953365558576,0.0,2.1820377150721577
test_1m:240,test_1m,held_out_observation,240,0.1458531993561562,within_support,0.0657928441883766,0.0,2.1820377150721577
test_1m:241,test_1m,held_out_observation,241,0.1067585761587308,within_support,0.1990067935514495,0.0,2.1820377150721577
test_1m:242,test_1m,held_out_observation,242,0.1912926995504546,within_support,0.0812892027304546,0.0,2.1820377150721577
test_1m:243,test_1m,held_out_observation,243,0.2456657140638268,within_support,0.0481141130520813,0.0,2.1820377150721577
test_1m:244,test_1m,held_out_observation,244,0.2663828575651294,low_confidence_extrapolation,0.0743205207769012,0.0,2.1820377150721577
test_1m:245,test_1m,held_out_observation,245,0.2287464332205458,within_support,0.0454526859686955,0.0,2.1820377150721577
test_1m:246,test_1m,held_out_observation,246,0.1176520293067654,within_support,0.1341708664895429,0.0,2.1820377150721577
test_1m:247,test_1m,held_out_observation,247,0.1603223013613003,within_support,0.1741542999023234,0.0,2.1820377150721577
test_1m:248,test_1m,held_out_observation,248,0.2962367195322364,low_confidence_extrapolation,0.199040741891697,0.0,2.1820377150721577
test_1m:249,test_1m,held_out_observation,249,0.2030861885998159,within_support,0.1154744475874094,0.0,2.1820377150721577
test_1m:250,test_1m,held_out_observation,250,0.0920050073519604,within_support,0.1327215708060684,0.0,2.1820377150721577
test_1m:251,test_1m,held_out_observation,251,0.1530014045457891,within_support,0.1588814974914695,0.0,2.1820377150721577
test_1m:252,test_1m,held_out_observation,252,0.1383628179624845,within_support,0.0552909329062107,0.0,2.1820377150721577
test_1m:253,test_1m,held_out_observation,253,0.241321326857707,within_support,0.0407396176182309,0.0,2.1820377150721577
test_1m:254,test_1m,held_out_observation,254,0.1573022568178855,within_support,0.0697780771401772,0.0,2.1820377150721577
test_1m:255,test_1m,held_out_observation,255,0.1600562757583191,within_support,0.1513864849830635,0.0,2.1820377150721577
test_1m:256,test_1m,held_out_observation,256,0.0834174616235692,within_support,0.2099809032302185,0.0,2.1820377150721577
test_60m:1,test_60m,cross_scale_observation,1,0.0962067301498045,within_support,0.1663000787217435,0.0,2.1820377150721577
test_60m:2,test_60m,cross_scale_observation,2,0.1447000444235756,within_support,0.0445035657564104,0.0,2.1820377150721577
test_60m:3,test_60m,cross_scale_observation,3,0.109077953776187,within_support,0.0693900245877041,0.0,2.1820377150721577
test_60m:4,test_60m,cross_scale_observation,4,0.2464671023461137,within_support,0.1330044107626895,0.0,2.1820377150721577
test_60m:5,test_60m,cross_scale_observation,5,0.1366417837007301,within_support,0.1194710701827355,0.0,2.1820377150721577
test_60m:6,test_60m,cross_scale_observation,6,0.1874951275853502,within_support,0.0463007780032796,0.0,2.1820377150721577
test_60m:7,test_60m,cross_scale_observation,7,0.0119230170894238,within_support,0.2694304960797549,0.0,2.1820377150721577
test_60m:8,test_60m,cross_scale_observation,8,0.1395492744517147,within_support,0.1944182019399757,0.0,2.1820377150721577
test_60m:9,test_60m,cross_scale_observation,9,0.1500050690510789,within_support,0.1310937272797501,0.0,2.1820377150721577
test_60m:10,test_60m,cross_scale_observation,10,0.0388594235100866,within_support,0.2020899088234411,0.0,2.1820377150721577
test_60m:11,test_60m,cross_scale_observation,11,0.095894921701727,within_support,0.1519795786130907,0.0,2.1820377150721577
test_60m:12,test_60m,cross_scale_observation,12,0.0541103038990829,within_support,0.1222357223902338,0.0,2.1820377150721577
test_60m:13,test_60m,cross_scale_observation,13,0.2441407718227662,within_support,0.1494657958200776,0.0,2.1820377150721577
test_60m:14,test_60m,cross_scale_observation,14,0.1053365905542016,within_support,0.1998028619933337,0.0,2.1820377150721577
test_60m:15,test_60m,cross_scale_observation,15,0.1715632651179206,within_support,0.1118716266998599,0.0,2.1820377150721577
test_60m:16,test_60m,cross_scale_observation,16,0.1357481356229022,within_support,0.1615575431879804,0.0,2.1820377150721577
test_60m:17,test_60m,cross_scale_observation,17,0.2263054419122246,within_support,0.097776298968219,0.0,2.1820377150721577
test_60m:18,test_60m,cross_scale_observation,18,0.2780183598129632,low_confidence_extrapolation,0.062782622613283,0.0,2.1820377150721577
test_60m:19,test_60m,cross_scale_observation,19,0.1499975178661721,within_support,0.1993385382915164,0.0,2.1820377150721577
test_60m:20,test_60m,cross_scale_observation,20,0.1727494147783204,within_support,0.1618639428664457,0.0,2.1820377150721577
test_60m:21,test_60m,cross_scale_observation,21,0.1709856202508937,within_support,0.109393124987472,0.0,2.1820377150721577
test_60m:22,test_60m,cross_scale_observation,22,0.2225695472432751,within_support,0.1567276576366627,0.0,2.1820377150721577
test_60m:23,test_60m,cross_scale_observation,23,0.2736927594133886,low_confidence_extrapolation,0.0887142254650218,0.0,2.1820377150721577
test_60m:24,test_60m,cross_scale_observation,24,0.2009527307602461,within_support,0.1613802454274623,0.0,2.1820377150721577
test_60m:25,test_60m,cross_scale_observation,25,0.1914471206364827,within_support,0.0686189445988082,0.0,2.1820377150721577
test_60m:26,test_60m,cross_scale_observation,26,0.0808060684662813,within_support,0.2473590256228923,0.0,2.1820377150721577
test_60m:27,test_60m,cross_scale_observation,27,0.2290196498119757,within_support,0.1473660378494784,0.0,2.1820377150721577
test_60m:28,test_60m,cross_scale_observation,28,0.1928012122435378,within_support,0.0367956959992946,0.0,2.1820377150721577
test_60m:29,test_60m,cross_scale_observation,29,0.0937151900162594,within_support,0.1598497604956291,0.0,2.1820377150721577
test_60m:30,test_60m,cross_scale_observation,30,0.2054114193646907,within_support,0.1441249712211113,0.0,2.1820377150721577
test_60m:31,test_60m,cross_scale_observation,31,0.2287443988385289,within_support,0.1853702389983119,0.0,2.1820377150721577
test_60m:32,test_60m,cross_scale_observation,32,0.1916298515367582,within_support,0.0481476201874295,0.0,2.1820377150721577
test_60m:33,test_60m,cross_scale_observation,33,0.2332777803673195,within_support,0.0384569505361568,0.0,2.1820377150721577
test_60m:34,test_60m,cross_scale_observation,34,0.205655050995593,within_support,0.1720319613037646,0.0,2.1820377150721577
test_60m:35,test_60m,cross_scale_observation,35,0.2620859861366003,low_confidence_extrapolation,0.0290787396881388,0.0,2.1820377150721577
test_60m:36,test_60m,cross_scale_observation,36,0.1736087555395752,within_support,0.0502481279320462,0.0,2.1820377150721577
test_60m:37,test_60m,cross_scale_observation,37,0.1882073324820263,within_support,0.1298772062426836,0.0,2.1820377150721577
test_60m:38,test_60m,cross_scale_observation,38,0.1915512531771288,within_support,0.1783097281968045,0.0,2.1820377150721577
test_60m:39,test_60m,cross_scale_observation,39,0.1770550013145845,within_support,0.1319412232044514,0.0,2.1820377150721577
test_60m:40,test_60m,cross_scale_observation,40,0.2195674537987935,within_support,0.0400414065834946,0.0,2.1820377150721577
test_60m:41,test_60m,cross_scale_observation,41,0.208794356782142,within_support,0.0371430868200744,0.0,2.1820377150721577
test_60m:42,test_60m,cross_scale_observation,42,0.1066374889853317,within_support,0.1920904515586856,0.0,2.1820377150721577
test_60m:43,test_60m,cross_scale_observation,43,0.1843940344336266,within_support,0.198738959588809,0.0,2.1820377150721577
test_60m:44,test_60m,cross_scale_observation,44,0.1976158795528489,within_support,0.0891562410526895,0.0,2.1820377150721577
test_60m:45,test_60m,cross_scale_observation,45,0.2429897117163605,within_support,0.0457636152962642,0.0,2.1820377150721577
test_60m:46,test_60m,cross_scale_observation,46,0.1074345185654172,within_support,0.0999528252798867,0.0,2.1820377150721577
test_60m:47,test_60m,cross_scale_observation,47,0.2187443345889113,within_support,0.0761147577211229,0.0,2.1820377150721577
test_60m:48,test_60m,cross_scale_observation,48,0.2072483557378226,within_support,0.1050741823934287,0.0,2.1820377150721577
test_60m:49,test_60m,cross_scale_observation,49,0.0870057469366247,within_support,0.1763320106470655,0.0,2.1820377150721577
test_60m:50,test_60m,cross_scale_observation,50,0.2424324404920217,within_support,0.0687044968342241,0.0,2.1820377150721577
test_60m:51,test_60m,cross_scale_observation,51,0.2673200329193456,low_confidence_extrapolation,0.0958839843404403,0.0,2.1820377150721577
test_60m:52,test_60m,cross_scale_observation,52,0.0744864372694551,within_support,0.2096079695549398,0.0,2.1820377150721577
test_60m:53,test_60m,cross_scale_observation,53,0.2051189385226211,within_support,0.0472679003183951,0.0,2.1820377150721577
test_60m:54,test_60m,cross_scale_observation,54,0.1284716838370641,within_support,0.1837637550370845,0.0,2.1820377150721577
test_60m:55,test_60m,cross_scale_observation,55,0.1805125973985279,within_support,0.1612727007518068,0.0,2.1820377150721577
test_60m:56,test_60m,cross_scale_observation,56,0.19936270416727,within_support,0.0580266241536626,0.0,2.1820377150721577
test_60m:57,test_60m,cross_scale_observation,57,0.0919331060733214,within_support,0.2552687615392328,0.0,2.1820377150721577
test_60m:58,test_60m,cross_scale_observation,58,0.1728872464931985,within_support,0.0266297775308046,0.0,2.1820377150721577
test_60m:59,test_60m,cross_scale_observation,59,0.2733557609063129,low_confidence_extrapolation,0.040912372592717,0.0,2.1820377150721577
test_60m:60,test_60m,cross_scale_observation,60,0.1696866474507875,within_support,0.1576066856341269,0.0,2.1820377150721577
test_60m:61,test_60m,cross_scale_observation,61,0.1867190402717408,within_support,0.2010119095878119,0.0,2.1820377150721577
test_60m:62,test_60m,cross_scale_observation,62,0.2064362438957921,within_support,0.1416448518066685,0.0,2.1820377150721577
test_60m:63,test_60m,cross_scale_observation,63,0.1174374086240996,within_support,0.2154465672218924,0.0,2.1820377150721577
test_60m:64,test_60m,cross_scale_observation,64,0.1607669120186116,within_support,0.029179733717453,0.0,2.1820377150721577
test_60m:65,test_60m,cross_scale_observation,65,0.1297511442551147,within_support,0.166934164044355,0.0,2.1820377150721577
test_60m:66,test_60m,cross_scale_observation,66,0.2076002194275371,within_support,0.2145977193175545,0.0,2.1820377150721577
test_60m:67,test_60m,cross_scale_observation,67,0.1317456182457161,within_support,0.2558999825936535,0.0,2.1820377150721577
test_60m:68,test_60m,cross_scale_observation,68,0.1987842857886433,within_support,0.0462936922725123,0.0,2.1820377150721577
test_60m:69,test_60m,cross_scale_observation,69,0.2259557478799776,within_support,0.0495978039609376,0.0,2.1820377150721577
test_60m:70,test_60m,cross_scale_observation,70,0.1984771621890975,within_support,0.1665027015289624,0.0,2.1820377150721577
test_60m:71,test_60m,cross_scale_observation,71,0.2237003938880806,within_support,0.1066116836840889,0.0,2.1820377150721577
test_60m:72,test_60m,cross_scale_observation,72,0.1842843970153046,within_support,0.0967404663015905,0.0,2.1820377150721577
test_60m:73,test_60m,cross_scale_observation,73,0.2704567323490657,low_confidence_extrapolation,0.1858511243282206,0.0,2.1820377150721577
test_60m:74,test_60m,cross_scale_observation,74,0.2784150721312106,low_confidence_extrapolation,0.1893271645031844,0.0,2.1820377150721577
test_60m:75,test_60m,cross_scale_observation,75,0.2085592251708308,within_support,0.0857237614080536,0.0,2.1820377150721577
test_60m:76,test_60m,cross_scale_observation,76,0.2331784357515534,within_support,0.0873816487969462,0.0,2.1820377150721577
test_60m:77,test_60m,cross_scale_observation,77,0.0736870111380271,within_support,0.1732183374748792,0.0,2.1820377150721577
test_60m:78,test_60m,cross_scale_observation,78,0.1935027670251045,within_support,0.0868154721276386,0.0,2.1820377150721577
test_60m:79,test_60m,cross_scale_observation,79,0.0847310776852027,within_support,0.2458419429871786,0.0,2.1820377150721577
test_60m:80,test_60m,cross_scale_observation,80,0.2491834487398001,within_support,0.1575103342967668,0.0,2.1820377150721577
test_60m:81,test_60m,cross_scale_observation,81,0.1329484826035272,within_support,0.053282370088219,0.0,2.1820377150721577
test_60m:82,test_60m,cross_scale_observation,82,0.188605134367434,within_support,0.1216677439490917,0.0,2.1820377150721577
test_60m:83,test_60m,cross_scale_observation,83,0.1454434593381826,within_support,0.1580597339614251,0.0,2.1820377150721577
test_60m:84,test_60m,cross_scale_observation,84,0.1706882648381549,within_support,0.0775403952040577,0.0,2.1820377150721577
test_60m:85,test_60m,cross_scale_observation,85,0.2605971663906866,low_confidence_extrapolation,0.188377617735064,0.0,2.1820377150721577
test_60m:86,test_60m,cross_scale_observation,86,0.0406362024628316,within_support,0.1405335077601866,0.0,2.1820377150721577
test_60m:87,test_60m,cross_scale_observation,87,0.0392537014030159,within_support,0.3022214662341104,0.0,2.1820377150721577
test_60m:88,test_60m,cross_scale_observation,88,0.1768970147149926,within_support,0.1209592997152161,0.0,2.1820377150721577
test_60m:89,test_60m,cross_scale_observation,89,0.1671944975171132,within_support,0.1196317786185599,0.0,2.1820377150721577
test_60m:90,test_60m,cross_scale_observation,90,0.1914188372583624,within_support,0.1078576489264725,0.0,2.1820377150721577
test_60m:91,test_60m,cross_scale_observation,91,0.1789144225116434,within_support,0.1120480314550739,0.0,2.1820377150721577
test_60m:92,test_60m,cross_scale_observation,92,0.2302708850383105,within_support,0.0967131625038039,0.0,2.1820377150721577
test_60m:93,test_60m,cross_scale_observation,93,0.2238341381590232,within_support,0.1082628547192446,0.0,2.1820377150721577
test_60m:94,test_60m,cross_scale_observation,94,0.1764304776545021,within_support,0.1856956908411414,0.0,2.1820377150721577
test_60m:95,test_60m,cross_scale_observation,95,0.163645959314613,within_support,0.0985372272480582,0.0,2.1820377150721577
test_60m:96,test_60m,cross_scale_observation,96,0.0806721761203948,within_support,0.1627370398101076,0.0,2.1820377150721577
test_60m:97,test_60m,cross_scale_observation,97,0.2413564537977332,within_support,0.1967858878585838,0.0,2.1820377150721577
test_60m:98,test_60m,cross_scale_observation,98,0.2368332746891787,within_support,0.1198962908557737,0.0,2.1820377150721577
test_60m:99,test_60m,cross_scale_observation,99,0.1795505596497477,within_support,0.1327138902112769,0.0,2.1820377150721577
test_60m:100,test_60m,cross_scale_observation,100,0.2328113029826734,within_support,0.1359211865057061,0.0,2.1820377150721577
test_60m:101,test_60m,cross_scale_observation,101,0.2084788307307412,within_support,0.226799961042101,0.0,2.1820377150721577
test_60m:102,test_60m,cross_scale_observation,102,0.1504676222826697,within_support,0.1274857578575983,0.0,2.1820377150721577
test_60m:103,test_60m,cross_scale_observation,103,0.2269278192280927,within_support,0.1248671125904228,0.0,2.1820377150721577
test_60m:104,test_60m,cross_scale_observation,104,0.1596570156897443,within_support,0.0770188508222594,0.0,2.1820377150721577
test_60m:105,test_60m,cross_scale_observation,105,0.1573658158559221,within_support,0.1475516404841861,0.0,2.1820377150721577
test_60m:106,test_60m,cross_scale_observation,106,0.1371073303128936,within_support,0.1770127722228464,0.0,2.1820377150721577
test_60m:107,test_60m,cross_scale_observation,107,0.1504050880603409,within_support,0.0800174452555563,0.0,2.1820377150721577
test_60m:108,test_60m,cross_scale_observation,108,0.2296654537751561,within_support,0.1369861796395458,0.0,2.1820377150721577
test_60m:109,test_60m,cross_scale_observation,109,0.0569912273951,within_support,0.1311797644811771,0.0,2.1820377150721577
test_60m:110,test_60m,cross_scale_observation,110,0.1378332325674763,within_support,0.1182647335313721,0.0,2.1820377150721577
test_60m:111,test_60m,cross_scale_observation,111,0.0676546356304936,within_support,0.1375682872517727,0.0,2.1820377150721577
test_60m:112,test_60m,cross_scale_observation,112,0.2251268934983874,within_support,0.1127351095460414,0.0,2.1820377150721577
test_60m:113,test_60m,cross_scale_observation,113,0.2092819110710254,within_support,0.1060884920747955,0.0,2.1820377150721577
test_60m:114,test_60m,cross_scale_observation,114,0.1536684743205319,within_support,0.0952809244569928,0.0,2.1820377150721577
test_60m:115,test_60m,cross_scale_observation,115,0.1693478837741169,within_support,0.149641216039217,0.0,2.1820377150721577
test_60m:116,test_60m,cross_scale_observation,116,0.2028130006693581,within_support,0.1173307394533752,0.0,2.1820377150721577
test_60m:117,test_60m,cross_scale_observation,117,0.0769025357189214,within_support,0.1727545958391008,0.0,2.1820377150721577
test_60m:118,test_60m,cross_scale_observation,118,0.1608726726484912,within_support,0.2145185622685078,0.0,2.1820377150721577
test_60m:119,test_60m,cross_scale_observation,119,0.1819730619524698,within_support,0.0403489843608995,0.0,2.1820377150721577
test_60m:120,test_60m,cross_scale_observation,120,0.172772566778513,within_support,0.1639428276216554,0.0,2.1820377150721577
test_60m:121,test_60m,cross_scale_observation,121,0.10321769940602,within_support,0.1609673209533111,0.0,2.1820377150721577
test_60m:122,test_60m,cross_scale_observation,122,0.12168812596141,within_support,0.0500896565190518,0.0,2.1820377150721577
test_60m:123,test_60m,cross_scale_observation,123,0.136716363456279,within_support,0.167386905780188,0.0,2.1820377150721577
test_60m:124,test_60m,cross_scale_observation,124,0.2696793400985799,low_confidence_extrapolation,0.0970635751026241,0.0,2.1820377150721577
test_60m:125,test_60m,cross_scale_observation,125,0.1964563565144427,within_support,0.0976771212567387,0.0,2.1820377150721577
test_60m:126,test_60m,cross_scale_observation,126,0.1409839799017792,within_support,0.0853753722062242,0.0,2.1820377150721577
test_60m:127,test_60m,cross_scale_observation,127,0.1792588045886134,within_support,0.0997475340266151,0.0,2.1820377150721577
test_60m:128,test_60m,cross_scale_observation,128,0.2020997746519819,within_support,0.0856309498952789,0.0,2.1820377150721577
test_60m:129,test_60m,cross_scale_observation,129,0.1035590384786586,within_support,0.1463852769453269,0.0,2.1820377150721577
test_60m:130,test_60m,cross_scale_observation,130,0.1749042893932722,within_support,0.0542057338867528,0.0,2.1820377150721577
test_60m:131,test_60m,cross_scale_observation,131,0.2075943211822997,within_support,0.0825356632239719,0.0,2.1820377150721577
test_60m:132,test_60m,cross_scale_observation,132,0.1858945514633046,within_support,0.1360785585467971,0.0,2.1820377150721577
test_60m:133,test_60m,cross_scale_observation,133,0.1400122340812996,within_support,0.0609005605508011,0.0,2.1820377150721577
test_60m:134,test_60m,cross_scale_observation,134,0.1081323406811972,within_support,0.1792537100945758,0.0,2.1820377150721577
test_60m:135,test_60m,cross_scale_observation,135,0.1919374898241612,within_support,0.2488624793869418,0.0,2.1820377150721577
test_60m:136,test_60m,cross_scale_observation,136,0.1585459229089216,within_support,0.2150080095550633,0.0,2.1820377150721577
test_60m:137,test_60m,cross_scale_observation,137,0.2272195520040056,within_support,0.1574127246068322,0.0,2.1820377150721577
test_60m:138,test_60m,cross_scale_observation,138,0.1035482736817916,within_support,0.2252088425724016,0.0,2.1820377150721577
test_60m:139,test_60m,cross_scale_observation,139,0.0770454411370329,within_support,0.2193393907530569,0.0,2.1820377150721577
test_60m:140,test_60m,cross_scale_observation,140,0.1932536833783316,within_support,0.0835677311556593,0.0,2.1820377150721577
test_60m:141,test_60m,cross_scale_observation,141,0.2322457589127806,within_support,0.1298578142473717,0.0,2.1820377150721577
test_60m:142,test_60m,cross_scale_observation,142,0.0968642162439077,within_support,0.1419245675722765,0.0,2.1820377150721577
test_60m:143,test_60m,cross_scale_observation,143,0.1441537325945577,within_support,0.0443807003885584,0.0,2.1820377150721577
test_60m:144,test_60m,cross_scale_observation,144,0.1177500582511499,within_support,0.1314261573904862,0.0,2.1820377150721577
test_60m:145,test_60m,cross_scale_observation,145,0.0740070296801283,within_support,0.1047386277779436,0.0,2.1820377150721577
test_60m:146,test_60m,cross_scale_observation,146,0.2306269245006152,within_support,0.1509896671436621,0.0,2.1820377150721577
test_60m:147,test_60m,cross_scale_observation,147,0.0855711146372641,within_support,0.1424238250294742,0.0,2.1820377150721577
test_60m:148,test_60m,cross_scale_observation,148,0.2206969369493371,within_support,0.1155996843296299,0.0,2.1820377150721577
test_60m:149,test_60m,cross_scale_observation,149,0.1557204871729492,within_support,0.1666145077071057,0.0,2.1820377150721577
test_60m:150,test_60m,cross_scale_observation,150,0.2480747465687506,within_support,0.1605366875187629,0.0,2.1820377150721577
test_60m:151,test_60m,cross_scale_observation,151,0.097319549749156,within_support,0.1287299639151529,0.0,2.1820377150721577
test_60m:152,test_60m,cross_scale_observation,152,0.2231583889376041,within_support,0.037856908212201,0.0,2.1820377150721577
test_60m:153,test_60m,cross_scale_observation,153,0.1530499161778243,within_support,0.0741755912541864,0.0,2.1820377150721577
test_60m:154,test_60m,cross_scale_observation,154,0.2367403641122485,within_support,0.1314804189405433,0.0,2.1820377150721577
test_60m:155,test_60m,cross_scale_observation,155,0.1759233158524455,within_support,0.0431489395231996,0.0,2.1820377150721577
test_60m:156,test_60m,cross_scale_observation,156,0.1034214677907831,within_support,0.1481222518268912,0.0,2.1820377150721577
test_60m:157,test_60m,cross_scale_observation,157,0.1411269042443228,within_support,0.0810016113204998,0.0,2.1820377150721577
test_60m:158,test_60m,cross_scale_observation,158,0.1491375204299709,within_support,0.113675900309377,0.0,2.1820377150721577
test_60m:159,test_60m,cross_scale_observation,159,0.1146397461639272,within_support,0.1461512313846382,0.0,2.1820377150721577
test_60m:160,test_60m,cross_scale_observation,160,0.2190046527749762,within_support,0.0787676114614704,0.0,2.1820377150721577
test_60m:161,test_60m,cross_scale_observation,161,0.1325603182849016,within_support,0.1582745410286842,0.0,2.1820377150721577
test_60m:162,test_60m,cross_scale_observation,162,0.1855824540565731,within_support,0.1532096046390604,0.0,2.1820377150721577
test_60m:163,test_60m,cross_scale_observation,163,0.1369388691569131,within_support,0.0766900695184233,0.0,2.1820377150721577
test_60m:164,test_60m,cross_scale_observation,164,0.1621400472454709,within_support,0.0667996996737639,0.0,2.1820377150721577
test_60m:165,test_60m,cross_scale_observation,165,0.2001253497192975,within_support,0.0441894475232758,0.0,2.1820377150721577
test_60m:166,test_60m,cross_scale_observation,166,0.2148943801758042,within_support,0.1317994936711542,0.0,2.1820377150721577
test_60m:167,test_60m,cross_scale_observation,167,0.2056321096304921,within_support,0.0722310999327972,0.0,2.1820377150721577
test_60m:168,test_60m,cross_scale_observation,168,0.2159259132202524,within_support,0.117333879475313,0.0,2.1820377150721577
test_60m:169,test_60m,cross_scale_observation,169,0.150705009870276,within_support,0.08532372085703,0.0,2.1820377150721577
test_60m:170,test_60m,cross_scale_observation,170,0.1743586809248935,within_support,0.1457458297680197,0.0,2.1820377150721577
test_60m:171,test_60m,cross_scale_observation,171,0.2384552101031817,within_support,0.1456071459899895,0.0,2.1820377150721577
test_60m:172,test_60m,cross_scale_observation,172,0.2013845433975211,within_support,0.0528113172780034,0.0,2.1820377150721577
test_60m:173,test_60m,cross_scale_observation,173,0.2059665119569211,within_support,0.1233055442954947,0.0,2.1820377150721577
test_60m:174,test_60m,cross_scale_observation,174,0.2060777713914712,within_support,0.1768592029267563,0.0,2.1820377150721577
test_60m:175,test_60m,cross_scale_observation,175,0.0910364777098284,within_support,0.1677638840328453,0.0,2.1820377150721577
test_60m:176,test_60m,cross_scale_observation,176,0.2498567117023081,within_support,0.0516332405053105,0.0,2.1820377150721577
test_60m:177,test_60m,cross_scale_observation,177,0.1759938129365446,within_support,0.159689582308983,0.0,2.1820377150721577
test_60m:178,test_60m,cross_scale_observation,178,0.2290633100258529,within_support,0.1127507255277387,0.0,2.1820377150721577
test_60m:179,test_60m,cross_scale_observation,179,0.1951919225310209,within_support,0.0953909017330164,0.0,2.1820377150721577
test_60m:180,test_60m,cross_scale_observation,180,0.1616715759351989,within_support,0.1832160108304145,0.0,2.1820377150721577
test_60m:181,test_60m,cross_scale_observation,181,0.2394869516278496,within_support,0.1019726835096529,0.0,2.1820377150721577
test_60m:182,test_60m,cross_scale_observation,182,0.179503529934657,within_support,0.1329759206253629,0.0,2.1820377150721577
test_60m:183,test_60m,cross_scale_observation,183,0.117337121150981,within_support,0.1597003185123915,0.0,2.1820377150721577
test_60m:184,test_60m,cross_scale_observation,184,0.1215829773316395,within_support,0.1361144924206847,0.0,2.1820377150721577
test_60m:185,test_60m,cross_scale_observation,185,0.0475887748353313,within_support,0.2022944049938174,0.0,2.1820377150721577
test_60m:186,test_60m,cross_scale_observation,186,0.1180423652762007,within_support,0.2038994310315579,0.0,2.1820377150721577
test_60m:187,test_60m,cross_scale_observation,187,0.137058616817942,within_support,0.1536986245716857,0.0,2.1820377150721577
test_60m:188,test_60m,cross_scale_observation,188,0.2968334629055395,low_confidence_extrapolation,0.0942448207905983,0.0,2.1820377150721577
test_60m:189,test_60m,cross_scale_observation,189,0.1656215278081962,within_support,0.1678125838214418,0.0,2.1820377150721577
test_60m:190,test_60m,cross_scale_observation,190,0.1736768336631426,within_support,0.1138035213609079,0.0,2.1820377150721577
test_60m:191,test_60m,cross_scale_observation,191,0.1109011512547724,within_support,0.1514813434949058,0.0,2.1820377150721577
test_60m:192,test_60m,cross_scale_observation,192,0.1992385504865963,within_support,0.0316216719392136,0.0,2.1820377150721577
test_60m:193,test_60m,cross_scale_observation,193,0.1082855182338103,within_support,0.1242386300791099,0.0,2.1820377150721577
test_60m:194,test_60m,cross_scale_observation,194,0.1532383763944267,within_support,0.1780975776038295,0.0,2.1820377150721577
test_60m:195,test_60m,cross_scale_observation,195,0.2195278017861481,within_support,0.1246564443122084,0.0,2.1820377150721577
test_60m:196,test_60m,cross_scale_observation,196,0.2377014934744837,within_support,0.0840052517802558,0.0,2.1820377150721577
test_60m:197,test_60m,cross_scale_observation,197,0.170600764175347,within_support,0.1836527412442963,0.0,2.1820377150721577
test_60m:198,test_60m,cross_scale_observation,198,0.1156723558579384,within_support,0.1815212282570422,0.0,2.1820377150721577
test_60m:199,test_60m,cross_scale_observation,199,0.1537380008404947,within_support,0.024997392372681,0.0,2.1820377150721577
test_60m:200,test_60m,cross_scale_observation,200,0.223006638937183,within_support,0.0974550156229296,0.0,2.1820377150721577
test_60m:201,test_60m,cross_scale_observation,201,0.1646120996815841,within_support,0.141247145992459,0.0,2.1820377150721577
test_60m:202,test_60m,cross_scale_observation,202,0.1616972479666862,within_support,0.1890017765173757,0.0,2.1820377150721577
test_60m:203,test_60m,cross_scale_observation,203,0.2408814940748465,within_support,0.0660401103916388,0.0,2.1820377150721577
test_60m:204,test_60m,cross_scale_observation,204,0.1780960042234876,within_support,0.0417709705347943,0.0,2.1820377150721577
test_60m:205,test_60m,cross_scale_observation,205,0.1634318008133075,within_support,0.1063566284258091,0.0,2.1820377150721577
test_60m:206,test_60m,cross_scale_observation,206,0.2331589145277703,within_support,0.0906367319644091,0.0,2.1820377150721577
test_60m:207,test_60m,cross_scale_observation,207,0.1293676930303698,within_support,0.0900787042106994,0.0,2.1820377150721577
test_60m:208,test_60m,cross_scale_observation,208,0.0778331548891601,within_support,0.2092016191589349,0.0,2.1820377150721577
test_60m:209,test_60m,cross_scale_observation,209,0.1612513565834408,within_support,0.1556555002083469,0.0,2.1820377150721577
test_60m:210,test_60m,cross_scale_observation,210,0.217746635030594,within_support,0.1412250184261175,0.0,2.1820377150721577
test_60m:211,test_60m,cross_scale_observation,211,0.1974612939242368,within_support,0.1495136748035179,0.0,2.1820377150721577
test_60m:212,test_60m,cross_scale_observation,212,0.1507362601327812,within_support,0.1392747645636426,0.0,2.1820377150721577
test_60m:213,test_60m,cross_scale_observation,213,0.1958009193032556,within_support,0.2156165965999078,0.0,2.1820377150721577
test_60m:214,test_60m,cross_scale_observation,214,0.1514208586837691,within_support,0.1328687211968738,0.0,2.1820377150721577
test_60m:215,test_60m,cross_scale_observation,215,0.1526122739978397,within_support,0.1992075512378912,0.0,2.1820377150721577
test_60m:216,test_60m,cross_scale_observation,216,0.0975499871860575,within_support,0.1935281046936179,0.0,2.1820377150721577
test_60m:217,test_60m,cross_scale_observation,217,0.0629603049547887,within_support,0.1745761784266889,0.0,2.1820377150721577
test_60m:218,test_60m,cross_scale_observation,218,0.1208463897089408,within_support,0.2521374320186768,0.0,2.1820377150721577
test_60m:219,test_60m,cross_scale_observation,219,0.1900850315904789,within_support,0.0458555851190306,0.0,2.1820377150721577
test_60m:220,test_60m,cross_scale_observation,220,0.192366707527209,within_support,0.1082380579439074,0.0,2.1820377150721577
test_60m:221,test_60m,cross_scale_observation,221,0.1235951063100139,within_support,0.1091379074247508,0.0,2.1820377150721577
test_60m:222,test_60m,cross_scale_observation,222,0.1852781692482954,within_support,0.1159319614272937,0.0,2.1820377150721577
test_60m:223,test_60m,cross_scale_observation,223,0.1818969360676618,within_support,0.1111648958971321,0.0,2.1820377150721577
test_60m:224,test_60m,cross_scale_observation,224,0.1073332114260616,within_support,0.1586037992188271,0.0,2.1820377150721577
test_60m:225,test_60m,cross_scale_observation,225,0.243751024586697,within_support,0.0766486984325446,0.0,2.1820377150721577
test_60m:226,test_60m,cross_scale_observation,226,0.1961463359760986,within_support,0.0455484165273533,0.0,2.1820377150721577
test_60m:227,test_60m,cross_scale_observation,227,0.2081682012219926,within_support,0.1831197415096491,0.0,2.1820377150721577
test_60m:228,test_60m,cross_scale_observation,228,0.1115813340992442,within_support,0.1618834170342327,0.0,2.1820377150721577
test_60m:229,test_60m,cross_scale_observation,229,0.1913877536407186,within_support,0.1726903160897826,0.0,2.1820377150721577
test_60m:230,test_60m,cross_scale_observation,230,0.219323917281349,within_support,0.0792529862935683,0.0,2.1820377150721577
test_60m:231,test_60m,cross_scale_observation,231,0.2048483543818343,within_support,0.1338228814563521,0.0,2.1820377150721577
test_60m:232,test_60m,cross_scale_observation,232,0.2158648881319203,within_support,0.0556435555678442,0.0,2.1820377150721577
test_60m:233,test_60m,cross_scale_observation,233,0.1474168820164518,within_support,0.1732226120733251,0.0,2.1820377150721577
test_60m:234,test_60m,cross_scale_observation,234,0.1045003646588844,within_support,0.2357993270792007,0.0,2.1820377150721577
test_60m:235,test_60m,cross_scale_observation,235,0.0756073792106724,within_support,0.1018745173940148,0.0,2.1820377150721577
test_60m:236,test_60m,cross_scale_observation,236,0.1782538892299469,within_support,0.1057269020871901,0.0,2.1820377150721577
test_60m:237,test_60m,cross_scale_observation,237,0.2551401877301295,within_support,0.2221377590455278,0.0,2.1820377150721577
test_60m:238,test_60m,cross_scale_observation,238,0.2104374352780861,within_support,0.2401207077929913,0.0,2.1820377150721577
test_60m:239,test_60m,cross_scale_observation,239,0.2389811708064047,within_support,0.0170953365558576,0.0,2.1820377150721577
test_60m:240,test_60m,cross_scale_observation,240,0.1458531993561562,within_support,0.0657928441883766,0.0,2.1820377150721577
test_60m:241,test_60m,cross_scale_observation,241,0.1067585761587308,within_support,0.1990067935514495,0.0,2.1820377150721577
test_60m:242,test_60m,cross_scale_observation,242,0.1912926995504546,within_support,0.0812892027304546,0.0,2.1820377150721577
test_60m:243,test_60m,cross_scale_observation,243,0.2456657140638268,within_support,0.0481141130520813,0.0,2.1820377150721577
test_60m:244,test_60m,cross_scale_observation,244,0.2663828575651294,low_confidence_extrapolation,0.0743205207769012,0.0,2.1820377150721577
test_60m:245,test_60m,cross_scale_observation,245,0.2287464332205458,within_support,0.0454526859686955,0.0,2.1820377150721577
test_60m:246,test_60m,cross_scale_observation,246,0.1176520293067654,within_support,0.1341708664895429,0.0,2.1820377150721577
test_60m:247,test_60m,cross_scale_observation,247,0.1603223013613003,within_support,0.1741542999023234,0.0,2.1820377150721577
test_60m:248,test_60m,cross_scale_observation,248,0.2962367195322364,low_confidence_extrapolation,0.199040741891697,0.0,2.1820377150721577
test_60m:249,test_60m,cross_scale_observation,249,0.2030861885998159,within_support,0.1154744475874094,0.0,2.1820377150721577
test_60m:250,test_60m,cross_scale_observation,250,0.0920050073519604,within_support,0.1327215708060684,0.0,2.1820377150721577
test_60m:251,test_60m,cross_scale_observation,251,0.1530014045457891,within_support,0.1588814974914695,0.0,2.1820377150721577
test_60m:252,test_60m,cross_scale_observation,252,0.1383628179624845,within_support,0.0552909329062107,0.0,2.1820377150721577
test_60m:253,test_60m,cross_scale_observation,253,0.241321326857707,within_support,0.0407396176182309,0.0,2.1820377150721577
test_60m:254,test_60m,cross_scale_observation,254,0.1573022568178855,within_support,0.0697780771401772,0.0,2.1820377150721577
test_60m:255,test_60m,cross_scale_observation,255,0.1600562757583191,within_support,0.1513864849830635,0.0,2.1820377150721577
test_60m:256,test_60m,cross_scale_observation,256,0.0834174616235692,within_support,0.2099809032302185,0.0,2.1820377150721577
test_1b:0,test_1b,cross_scale_observation,0,0.1920464661494081,within_support,0.1152202503486309,0.0,2.1820377150721577
test_1b:1,test_1b,cross_scale_observation,1,0.2537879739756908,within_support,0.1002456415639342,0.0,2.1820377150721577
test_1b:2,test_1b,cross_scale_observation,2,0.1762228941833616,within_support,0.045742692153934,0.0,2.1820377150721577
test_1b:3,test_1b,cross_scale_observation,3,0.2829107574443777,low_confidence_extrapolation,0.106751422670318,0.0,2.1820377150721577
test_1b:4,test_1b,cross_scale_observation,4,0.2320336730114769,within_support,0.0547140301250585,0.0,2.1820377150721577
test_1b:5,test_1b,cross_scale_observation,5,0.2858302440293457,low_confidence_extrapolation,0.0441543153897639,0.0,2.1820377150721577
test_1b:6,test_1b,cross_scale_observation,6,0.2217643690952,within_support,0.0438590072279467,0.0,2.1820377150721577
test_1b:7,test_1b,cross_scale_observation,7,0.1916156999826393,within_support,0.0576477319248649,0.0,2.1820377150721577
test_1b:8,test_1b,cross_scale_observation,8,0.2152693041158855,within_support,0.0617404615645954,0.0,2.1820377150721577
test_1b:9,test_1b,cross_scale_observation,9,0.2384533497353308,within_support,0.0775972467418819,0.0,2.1820377150721577
test_1b:10,test_1b,cross_scale_observation,10,0.188495384382103,within_support,0.1033379444887939,0.0,2.1820377150721577
test_1b:11,test_1b,cross_scale_observation,11,0.2023079148682628,within_support,0.0835237676111235,0.0,2.1820377150721577
test_1b:12,test_1b,cross_scale_observation,12,0.2270276089901774,within_support,0.0098897356203977,0.0,2.1820377150721577
test_1b:13,test_1b,cross_scale_observation,13,0.1324159282795926,within_support,0.1256509386128242,0.0,2.1820377150721577
test_1b:14,test_1b,cross_scale_observation,14,0.195606748349846,within_support,0.1097202977065385,0.0,2.1820377150721577
test_1b:15,test_1b,cross_scale_observation,15,0.2289775796995238,within_support,0.0538721887657039,0.0,2.1820377150721577
test_1b:16,test_1b,cross_scale_observation,16,0.2327170705569798,within_support,0.0624270849567197,0.0,2.1820377150721577
test_1b:17,test_1b,cross_scale_observation,17,0.2934996632184253,low_confidence_extrapolation,0.0615619055408818,0.0,2.1820377150721577
test_1b:18,test_1b,cross_scale_observation,18,0.1560422719781327,within_support,0.1281988063826344,0.0,2.1820377150721577
test_1b:19,test_1b,cross_scale_observation,19,0.2075620389184881,within_support,0.0366636058981293,0.0,2.1820377150721577
test_1b:20,test_1b,cross_scale_observation,20,0.2726497435753259,low_confidence_extrapolation,0.0876630324925725,0.0,2.1820377150721577
test_1b:21,test_1b,cross_scale_observation,21,0.2225686287641901,within_support,0.0962242781305558,0.0,2.1820377150721577
test_1b:22,test_1b,cross_scale_observation,22,0.1772332772568203,within_support,0.1273351892319692,0.0,2.1820377150721577
test_1b:23,test_1b,cross_scale_observation,23,0.2377979381587048,within_support,0.0822948351540995,0.0,2.1820377150721577
test_1b:24,test_1b,cross_scale_observation,24,0.255814652844757,within_support,0.0989779322829788,0.0,2.1820377150721577
test_1b:25,test_1b,cross_scale_observation,25,0.2303388807822075,within_support,0.1029023237597709,0.0,2.1820377150721577
test_1b:26,test_1b,cross_scale_observation,26,0.1490133262285262,within_support,0.0469358713070117,0.0,2.1820377150721577
test_1b:27,test_1b,cross_scale_observation,27,0.2133142015897012,within_support,0.1038708372021718,0.0,2.1820377150721577
test_1b:28,test_1b,cross_scale_observation,28,0.203301477116387,within_support,0.1009899413713873,0.0,2.1820377150721577
test_1b:29,test_1b,cross_scale_observation,29,0.222807021413801,within_support,0.0128198119748611,0.0,2.1820377150721577
test_1b:30,test_1b,cross_scale_observation,30,0.2421993027178726,within_support,0.0550213443644914,0.0,2.1820377150721577
test_1b:31,test_1b,cross_scale_observation,31,0.2513248012719308,within_support,0.0424237325159593,0.0,2.1820377150721577
test_1b:32,test_1b,cross_scale_observation,32,0.2010164644209962,within_support,0.0451317050623882,0.0,2.1820377150721577
test_1b:33,test_1b,cross_scale_observation,33,0.1426830596130655,within_support,0.1315672393086913,0.0,2.1820377150721577
test_1b:34,test_1b,cross_scale_observation,34,0.2039194072819155,within_support,0.1087307765484432,0.0,2.1820377150721577
test_1b:35,test_1b,cross_scale_observation,35,0.2446875558748339,within_support,0.1179962212017935,0.0,2.1820377150721577
test_1b:36,test_1b,cross_scale_observation,36,0.3238061586812177,low_confidence_extrapolation,0.1238562158422428,0.0,2.1820377150721577
test_1b:37,test_1b,cross_scale_observation,37,0.2321852708506721,within_support,0.1053281843871759,0.0,2.1820377150721577
test_1b:38,test_1b,cross_scale_observation,38,0.2084341979624781,within_support,0.1071454600392094,0.0,2.1820377150721577
test_1b:39,test_1b,cross_scale_observation,39,0.2642347441196937,low_confidence_extrapolation,0.0447577411188298,0.0,2.1820377150721577
test_1b:40,test_1b,cross_scale_observation,40,0.1862243648133733,within_support,0.1048153120025177,0.0,2.1820377150721577
test_1b:41,test_1b,cross_scale_observation,41,0.1535812127342589,within_support,0.1179459449961742,0.0,2.1820377150721577
test_1b:42,test_1b,cross_scale_observation,42,0.1039233894372722,within_support,0.0843115855131776,0.0,2.1820377150721577
test_1b:43,test_1b,cross_scale_observation,43,0.2309560455527205,within_support,0.0532408236634466,0.0,2.1820377150721577
test_1b:44,test_1b,cross_scale_observation,44,0.1852947819997001,within_support,0.0353274472438254,0.0,2.1820377150721577
test_1b:45,test_1b,cross_scale_observation,45,0.2678751536856753,low_confidence_extrapolation,0.0114461468416429,0.0,2.1820377150721577
test_1b:46,test_1b,cross_scale_observation,46,0.2292150987335113,within_support,0.0767782664003145,0.0,2.1820377150721577
test_1b:47,test_1b,cross_scale_observation,47,0.1918208811199051,within_support,0.0362091920388806,0.0,2.1820377150721577
test_1b:48,test_1b,cross_scale_observation,48,0.2178919602366393,within_support,0.0491516569955282,0.0,2.1820377150721577
test_1b:49,test_1b,cross_scale_observation,49,0.1504472924316425,within_support,0.040174757105774,0.0,2.1820377150721577
test_1b:50,test_1b,cross_scale_observation,50,0.2421589119407461,within_support,0.0361633754937302,0.0,2.1820377150721577
test_1b:51,test_1b,cross_scale_observation,51,0.2159675901611165,within_support,0.097526238166903,0.0,2.1820377150721577
test_1b:52,test_1b,cross_scale_observation,52,0.1507381836164945,within_support,0.1023337253053234,0.0,2.1820377150721577
test_1b:53,test_1b,cross_scale_observation,53,0.2658987776868091,low_confidence_extrapolation,0.0533613426542061,0.0,2.1820377150721577
test_1b:54,test_1b,cross_scale_observation,54,0.2002120536681085,within_support,0.1074667661754552,0.0,2.1820377150721577
test_1b:55,test_1b,cross_scale_observation,55,0.2049963492282011,within_support,0.1132590581291069,0.0,2.1820377150721577
test_1b:56,test_1b,cross_scale_observation,56,0.1768841428732378,within_support,0.10891624600384,0.0,2.1820377150721577
test_1b:57,test_1b,cross_scale_observation,57,0.2162600665836991,within_support,0.0762230087823164,0.0,2.1820377150721577
test_1b:58,test_1b,cross_scale_observation,58,0.1744118714336021,within_support,0.101969474307588,0.0,2.1820377150721577
test_1b:59,test_1b,cross_scale_observation,59,0.2411985191496713,within_support,0.0206656759921598,0.0,2.1820377150721577
test_1b:60,test_1b,cross_scale_observation,60,0.2710000820479866,low_confidence_extrapolation,0.1139022536631896,0.0,2.1820377150721577
test_1b:61,test_1b,cross_scale_observation,61,0.2452492801392035,within_support,0.0617470863876956,0.0,2.1820377150721577
test_1b:62,test_1b,cross_scale_observation,62,0.2331694662686347,within_support,0.0342966456632278,0.0,2.1820377150721577
test_1b:63,test_1b,cross_scale_observation,63,0.1714432767096597,within_support,0.0425751916477562,0.0,2.1820377150721577
est_10b:1,est_10b,estimated_reference,1,0.0,within_support,0.249044436794672,0.0,2.1820377150721577
est_10b:2,est_10b,estimated_reference,2,0.0,within_support,0.1197512699561166,0.0,2.1820377150721577
est_10b:3,est_10b,estimated_reference,3,0.0,within_support,0.1858544308191581,0.0,2.1820377150721577
est_10b:4,est_10b,estimated_reference,4,0.0,within_support,0.1304490600572983,0.0,2.1820377150721577
est_10b:5,est_10b,estimated_reference,5,0.0,within_support,0.0502720144330895,0.0,2.1820377150721577
est_10b:6,est_10b,estimated_reference,6,0.0,within_support,0.1527848766381631,0.0,2.1820377150721577
est_10b:7,est_10b,estimated_reference,7,0.0,within_support,0.0916489931171592,0.0,2.1820377150721577
est_10b:8,est_10b,estimated_reference,8,0.0,within_support,0.2484059915687805,0.0,2.1820377150721577
est_10b:9,est_10b,estimated_reference,9,0.0,within_support,0.2799986359754035,0.0,2.1820377150721577
est_10b:10,est_10b,estimated_reference,10,0.0,within_support,0.1602258731312403,0.0,2.1820377150721577
est_10b:11,est_10b,estimated_reference,11,0.0,within_support,0.2615217277406388,0.0,2.1820377150721577
est_10b:12,est_10b,estimated_reference,12,0.0,within_support,0.2132445208104099,0.0,2.1820377150721577
est_10b:13,est_10b,estimated_reference,13,0.0,within_support,0.2072793111592754,0.0,2.1820377150721577
est_10b:14,est_10b,estimated_reference,14,0.0,within_support,0.0346681693381294,0.0,2.1820377150721577
est_10b:15,est_10b,estimated_reference,15,0.0,within_support,0.0622304339890736,0.0,2.1820377150721577
est_10b:16,est_10b,estimated_reference,16,0.0,within_support,0.0175383448783891,0.0,2.1820377150721577
est_10b:17,est_10b,estimated_reference,17,0.0,within_support,0.0736813234191406,0.0,2.1820377150721577
est_10b:18,est_10b,estimated_reference,18,0.0,within_support,0.0430566128386553,0.0,2.1820377150721577
est_10b:19,est_10b,estimated_reference,19,0.0,within_support,0.0479713214376926,0.0,2.1820377150721577
est_10b:20,est_10b,estimated_reference,20,0.0,within_support,0.1232078273895582,0.0,2.1820377150721577
est_10b:21,est_10b,estimated_reference,21,0.0,within_support,0.149140778309933,0.0,2.1820377150721577
est_10b:22,est_10b,estimated_reference,22,0.0,within_support,0.1075123886289131,0.0,2.1820377150721577
est_10b:23,est_10b,estimated_reference,23,0.0,within_support,0.1285972842688524,0.0,2.1820377150721577
est_10b:24,est_10b,estimated_reference,24,0.0,within_support,0.2600925392672028,0.0,2.1820377150721577
est_10b:25,est_10b,estimated_reference,25,0.0,within_support,0.1331739992834687,0.0,2.1820377150721577
est_10b:26,est_10b,estimated_reference,26,0.0,within_support,0.1561019112416078,0.0,2.1820377150721577
est_10b:27,est_10b,estimated_reference,27,0.0,within_support,0.0591863178176938,0.0,2.1820377150721577
est_10b:28,est_10b,estimated_reference,28,0.0,within_support,0.0767199412862922,0.0,2.1820377150721577
est_10b:29,est_10b,estimated_reference,29,0.0,within_support,0.2695343909311014,0.0,2.1820377150721577
est_10b:30,est_10b,estimated_reference,30,0.0,within_support,0.1817932497966559,0.0,2.1820377150721577
est_10b:31,est_10b,estimated_reference,31,0.0,within_support,0.129076723485921,0.0,2.1820377150721577
est_10b:32,est_10b,estimated_reference,32,0.0,within_support,0.2934943331534769,0.0,2.1820377150721577
est_10b:33,est_10b,estimated_reference,33,0.0,within_support,0.2195414862086901,0.0,2.1820377150721577
est_10b:34,est_10b,estimated_reference,34,0.0,within_support,0.1853803340909328,0.0,2.1820377150721577
est_10b:35,est_10b,estimated_reference,35,0.0,within_support,0.1009648806999716,0.0,2.1820377150721577
est_10b:36,est_10b,estimated_reference,36,0.0,within_support,0.0929407391035172,0.0,2.1820377150721577
est_10b:37,est_10b,estimated_reference,37,0.0,within_support,0.0521513657802718,0.0,2.1820377150721577
est_10b:38,est_10b,estimated_reference,38,0.0,within_support,0.194300875010484,0.0,2.1820377150721577
est_10b:39,est_10b,estimated_reference,39,0.0,within_support,0.0687963383614815,0.0,2.1820377150721577
est_10b:40,est_10b,estimated_reference,40,0.0,within_support,0.1498476404536816,0.0,2.1820377150721577
est_10b:41,est_10b,estimated_reference,41,0.0,within_support,0.1042372736888059,0.0,2.1820377150721577
est_10b:42,est_10b,estimated_reference,42,0.0,within_support,0.0848314791335141,0.0,2.1820377150721577
est_10b:43,est_10b,estimated_reference,43,0.0,within_support,0.0706355992867465,0.0,2.1820377150721577
est_10b:44,est_10b,estimated_reference,44,0.0,within_support,0.0727060351770862,0.0,2.1820377150721577
est_10b:45,est_10b,estimated_reference,45,0.0,within_support,0.1815263967446377,0.0,2.1820377150721577
est_10b:46,est_10b,estimated_reference,46,0.0,within_support,0.0544771809380193,0.0,2.1820377150721577
est_10b:47,est_10b,estimated_reference,47,0.0,within_support,0.2032715167545438,0.0,2.1820377150721577
est_10b:48,est_10b,estimated_reference,48,0.0,within_support,0.147161115284902,0.0,2.1820377150721577
est_10b:49,est_10b,estimated_reference,49,0.0,within_support,0.2177472234173594,0.0,2.1820377150721577
est_10b:50,est_10b,estimated_reference,50,0.0,within_support,0.1031376578155502,0.0,2.1820377150721577
est_10b:51,est_10b,estimated_reference,51,0.0,within_support,0.2173579019113433,0.0,2.1820377150721577
est_10b:52,est_10b,estimated_reference,52,0.0,within_support,0.0945691521454232,0.0,2.1820377150721577
est_10b:53,est_10b,estimated_reference,53,0.0,within_support,0.1782080621776893,0.0,2.1820377150721577
est_10b:54,est_10b,estimated_reference,54,0.0,within_support,0.134797815493225,0.0,2.1820377150721577
est_10b:55,est_10b,estimated_reference,55,0.0,within_support,0.1485900700761069,0.0,2.1820377150721577
est_10b:56,est_10b,estimated_reference,56,0.0,within_support,0.0386043805304912,0.0,2.1820377150721577
est_10b:57,est_10b,estimated_reference,57,0.0,within_support,0.2487399008555379,0.0,2.1820377150721577
est_10b:58,est_10b,estimated_reference,58,0.0,within_support,0.1677717189450452,0.0,2.1820377150721577
est_10b:59,est_10b,estimated_reference,59,0.0,within_support,0.2130343425713219,0.0,2.1820377150721577
est_10b:60,est_10b,estimated_reference,60,0.0,within_support,0.1420270134266791,0.0,2.1820377150721577
est_10b:61,est_10b,estimated_reference,61,0.0,within_support,0.0994810577730224,0.0,2.1820377150721577
est_10b:62,est_10b,estimated_reference,62,0.0,within_support,0.0738059039092795,0.0,2.1820377150721577
est_10b:63,est_10b,estimated_reference,63,0.0,within_support,0.1251988400187609,0.0,2.1820377150721577
est_70b:1,est_70b,estimated_reference,1,0.0,within_support,0.249044436794672,0.0,2.1820377150721577
est_70b:2,est_70b,estimated_reference,2,0.0,within_support,0.1197512699561166,0.0,2.1820377150721577
est_70b:3,est_70b,estimated_reference,3,0.0,within_support,0.1858544308191581,0.0,2.1820377150721577
est_70b:4,est_70b,estimated_reference,4,0.0,within_support,0.1304490600572983,0.0,2.1820377150721577
est_70b:5,est_70b,estimated_reference,5,0.0,within_support,0.0502720144330895,0.0,2.1820377150721577
est_70b:6,est_70b,estimated_reference,6,0.0,within_support,0.1527848766381631,0.0,2.1820377150721577
est_70b:7,est_70b,estimated_reference,7,0.0,within_support,0.0916489931171592,0.0,2.1820377150721577
est_70b:8,est_70b,estimated_reference,8,0.0,within_support,0.2484059915687805,0.0,2.1820377150721577
est_70b:9,est_70b,estimated_reference,9,0.0,within_support,0.2799986359754035,0.0,2.1820377150721577
est_70b:10,est_70b,estimated_reference,10,0.0,within_support,0.1602258731312403,0.0,2.1820377150721577
est_70b:11,est_70b,estimated_reference,11,0.0,within_support,0.2615217277406388,0.0,2.1820377150721577
est_70b:12,est_70b,estimated_reference,12,0.0,within_support,0.2132445208104099,0.0,2.1820377150721577
est_70b:13,est_70b,estimated_reference,13,0.0,within_support,0.2072793111592754,0.0,2.1820377150721577
est_70b:14,est_70b,estimated_reference,14,0.0,within_support,0.0346681693381294,0.0,2.1820377150721577
est_70b:15,est_70b,estimated_reference,15,0.0,within_support,0.0622304339890736,0.0,2.1820377150721577
est_70b:16,est_70b,estimated_reference,16,0.0,within_support,0.0175383448783891,0.0,2.1820377150721577
est_70b:17,est_70b,estimated_reference,17,0.0,within_support,0.0736813234191406,0.0,2.1820377150721577
est_70b:18,est_70b,estimated_reference,18,0.0,within_support,0.0430566128386553,0.0,2.1820377150721577
est_70b:19,est_70b,estimated_reference,19,0.0,within_support,0.0479713214376926,0.0,2.1820377150721577
est_70b:20,est_70b,estimated_reference,20,0.0,within_support,0.1232078273895582,0.0,2.1820377150721577
est_70b:21,est_70b,estimated_reference,21,0.0,within_support,0.149140778309933,0.0,2.1820377150721577
est_70b:22,est_70b,estimated_reference,22,0.0,within_support,0.1075123886289131,0.0,2.1820377150721577
est_70b:23,est_70b,estimated_reference,23,0.0,within_support,0.1285972842688524,0.0,2.1820377150721577
est_70b:24,est_70b,estimated_reference,24,0.0,within_support,0.2600925392672028,0.0,2.1820377150721577
est_70b:25,est_70b,estimated_reference,25,0.0,within_support,0.1331739992834687,0.0,2.1820377150721577
est_70b:26,est_70b,estimated_reference,26,0.0,within_support,0.1561019112416078,0.0,2.1820377150721577
est_70b:27,est_70b,estimated_reference,27,0.0,within_support,0.0591863178176938,0.0,2.1820377150721577
est_70b:28,est_70b,estimated_reference,28,0.0,within_support,0.0767199412862922,0.0,2.1820377150721577
est_70b:29,est_70b,estimated_reference,29,0.0,within_support,0.2695343909311014,0.0,2.1820377150721577
est_70b:30,est_70b,estimated_reference,30,0.0,within_support,0.1817932497966559,0.0,2.1820377150721577
est_70b:31,est_70b,estimated_reference,31,0.0,within_support,0.129076723485921,0.0,2.1820377150721577
est_70b:32,est_70b,estimated_reference,32,0.0,within_support,0.2934943331534769,0.0,2.1820377150721577
est_70b:33,est_70b,estimated_reference,33,0.0,within_support,0.2195414862086901,0.0,2.1820377150721577
est_70b:34,est_70b,estimated_reference,34,0.0,within_support,0.1853803340909328,0.0,2.1820377150721577
est_70b:35,est_70b,estimated_reference,35,0.0,within_support,0.1009648806999716,0.0,2.1820377150721577
est_70b:36,est_70b,estimated_reference,36,0.0,within_support,0.0929407391035172,0.0,2.1820377150721577
est_70b:37,est_70b,estimated_reference,37,0.0,within_support,0.0521513657802718,0.0,2.1820377150721577
est_70b:38,est_70b,estimated_reference,38,0.0,within_support,0.194300875010484,0.0,2.1820377150721577
est_70b:39,est_70b,estimated_reference,39,0.0,within_support,0.0687963383614815,0.0,2.1820377150721577
est_70b:40,est_70b,estimated_reference,40,0.0,within_support,0.1498476404536816,0.0,2.1820377150721577
est_70b:41,est_70b,estimated_reference,41,0.0,within_support,0.1042372736888059,0.0,2.1820377150721577
est_70b:42,est_70b,estimated_reference,42,0.0,within_support,0.0848314791335141,0.0,2.1820377150721577
est_70b:43,est_70b,estimated_reference,43,0.0,within_support,0.0706355992867465,0.0,2.1820377150721577
est_70b:44,est_70b,estimated_reference,44,0.0,within_support,0.0727060351770862,0.0,2.1820377150721577
est_70b:45,est_70b,estimated_reference,45,0.0,within_support,0.1815263967446377,0.0,2.1820377150721577
est_70b:46,est_70b,estimated_reference,46,0.0,within_support,0.0544771809380193,0.0,2.1820377150721577
est_70b:47,est_70b,estimated_reference,47,0.0,within_support,0.2032715167545438,0.0,2.1820377150721577
est_70b:48,est_70b,estimated_reference,48,0.0,within_support,0.147161115284902,0.0,2.1820377150721577
est_70b:49,est_70b,estimated_reference,49,0.0,within_support,0.2177472234173594,0.0,2.1820377150721577
est_70b:50,est_70b,estimated_reference,50,0.0,within_support,0.1031376578155502,0.0,2.1820377150721577
est_70b:51,est_70b,estimated_reference,51,0.0,within_support,0.2173579019113433,0.0,2.1820377150721577
est_70b:52,est_70b,estimated_reference,52,0.0,within_support,0.0945691521454232,0.0,2.1820377150721577
est_70b:53,est_70b,estimated_reference,53,0.0,within_support,0.1782080621776893,0.0,2.1820377150721577
est_70b:54,est_70b,estimated_reference,54,0.0,within_support,0.134797815493225,0.0,2.1820377150721577
est_70b:55,est_70b,estimated_reference,55,0.0,within_support,0.1485900700761069,0.0,2.1820377150721577
est_70b:56,est_70b,estimated_reference,56,0.0,within_support,0.0386043805304912,0.0,2.1820377150721577
est_70b:57,est_70b,estimated_reference,57,0.0,within_support,0.2487399008555379,0.0,2.1820377150721577
est_70b:58,est_70b,estimated_reference,58,0.0,within_support,0.1677717189450452,0.0,2.1820377150721577
est_70b:59,est_70b,estimated_reference,59,0.0,within_support,0.2130343425713219,0.0,2.1820377150721577
est_70b:60,est_70b,estimated_reference,60,0.0,within_support,0.1420270134266791,0.0,2.1820377150721577
est_70b:61,est_70b,estimated_reference,61,0.0,within_support,0.0994810577730224,0.0,2.1820377150721577
est_70b:62,est_70b,estimated_reference,62,0.0,within_support,0.0738059039092795,0.0,2.1820377150721577
est_70b:63,est_70b,estimated_reference,63,0.0,within_support,0.1251988400187609,0.0,2.1820377150721577
p0,reference,reference,0,0.0,within_support,0.0,0.5,2.1820377150721577
train_1m:1,train_1m,train_observation,1,0.0,within_support,0.249044436794672,0.5,2.307975373789707
train_1m:2,train_1m,train_observation,2,0.0,within_support,0.1197512699561166,0.5,2.2406387644551424
train_1m:3,train_1m,train_observation,3,0.0,within_support,0.1858544308191581,0.5,2.274521719188226
train_1m:4,train_1m,train_observation,4,0.0,within_support,0.1304490600572983,0.5,2.2460465356704926
train_1m:5,train_1m,train_observation,5,0.0,within_support,0.0502720144330895,0.5,2.2062120480430485
train_1m:6,train_1m,train_observation,6,0.0,within_support,0.1527848766381631,0.5,2.257431046888549
train_1m:7,train_1m,train_observation,7,0.0,within_support,0.0916489931171592,0.5,2.2265699942423627
train_1m:8,train_1m,train_observation,8,0.0,within_support,0.2484059915687805,0.5,2.307632059244498
train_1m:9,train_1m,train_observation,9,0.0,within_support,0.2799986359754035,0.5,2.3247526939866088
train_1m:10,train_1m,train_observation,10,0.0,within_support,0.1602258731312403,0.5,2.2612520256579463
train_1m:11,train_1m,train_observation,11,0.0,within_support,0.2615217277406388,0.5,2.314706900715575
train_1m:12,train_1m,train_observation,12,0.0,within_support,0.2132445208104099,0.5,2.28889272070041
train_1m:13,train_1m,train_observation,13,0.0,within_support,0.2072793111592754,0.5,2.2857461156769117
train_1m:14,train_1m,train_observation,14,0.0,within_support,0.0346681693381294,0.5,2.198643482801229
train_1m:15,train_1m,train_observation,15,0.0,within_support,0.0622304339890736,0.5,2.212052518014759
train_1m:16,train_1m,train_observation,16,0.0,within_support,0.0175383448783891,0.5,2.190402461169135
train_1m:17,train_1m,train_observation,17,0.0,within_support,0.0736813234191406,0.5,2.2176779361614662
train_1m:18,train_1m,train_observation,18,0.0,within_support,0.0430566128386553,0.5,2.202704914246575
train_1m:19,train_1m,train_observation,19,0.0,within_support,0.0479713214376926,0.5,2.2050923938965563
train_1m:20,train_1m,train_observation,20,0.0,within_support,0.1232078273895582,0.5,2.2423829044629424
train_1m:21,train_1m,train_observation,21,0.0,within_support,0.149140778309933,0.5,2.2555649685464196
train_1m:22,train_1m,train_observation,22,0.0,within_support,0.1075123886289131,0.5,2.2344873384612187
train_1m:23,train_1m,train_observation,23,0.0,within_support,0.1285972842688524,0.5,2.24510838502783
train_1m:24,train_1m,train_observation,24,0.0,within_support,0.2600925392672028,0.5,2.3139337189067426
train_1m:25,train_1m,train_observation,25,0.0,within_support,0.1331739992834687,0.5,2.247428630773635
train_1m:26,train_1m,train_observation,26,0.0,within_support,0.1561019112416078,0.5,2.259132600247616
train_1m:27,train_1m,train_observation,27,0.0,within_support,0.0591863178176938,0.5,2.2105624623790767
train_1m:28,train_1m,train_observation,28,0.0,within_support,0.0767199412862922,0.5,2.219176117222442
train_1m:29,train_1m,train_observation,29,0.0,within_support,0.2695343909311014,0.5,2.3190519472055557
train_1m:30,train_1m,train_observation,30,0.0,within_support,0.1817932497966559,0.5,2.272407607991217
train_1m:31,train_1m,train_observation,31,0.0,within_support,0.129076723485921,0.5,2.2453511962306685
train_1m:32,train_1m,train_observation,32,0.0,within_support,0.2934943331534769,0.5,2.3321491030256674
train_1m:33,train_1m,train_observation,33,0.0,within_support,0.2195414862086901,0.5,2.292224522771721
train_1m:34,train_1m,train_observation,34,0.0,within_support,0.1853803340909328,0.5,2.2742746993541587
train_1m:35,train_1m,train_observation,35,0.0,within_support,0.1009648806999716,0.5,2.2312118963914287
train_1m:36,train_1m,train_observation,36,0.0,within_support,0.0929407391035172,0.5,2.227212352435478
train_1m:37,train_1m,train_observation,37,0.0,within_support,0.0521513657802718,0.5,2.207127608520013
train_1m:38,train_1m,train_observation,38,0.0,within_support,0.194300875010484,0.5,2.278932420425302
train_1m:39,train_1m,train_observation,39,0.0,within_support,0.0687963383614815,0.5,2.215274175480122
train_1m:40,train_1m,train_observation,40,0.0,within_support,0.1498476404536816,0.5,2.255926674406382
train_1m:41,train_1m,train_observation,41,0.0,within_support,0.1042372736888059,0.5,2.2328475962145156
train_1m:42,train_1m,train_observation,42,0.0,within_support,0.0848314791335141,0.5,2.2231866519664982
train_1m:43,train_1m,train_observation,43,0.0,within_support,0.0706355992867465,0.5,2.216178533832508
train_1m:44,train_1m,train_observation,44,0.0,within_support,0.0727060351770862,0.5,2.217197555669934
train_1m:45,train_1m,train_observation,45,0.0,within_support,0.1815263967446377,0.5,2.2722688437171996
train_1m:46,train_1m,train_observation,46,0.0,within_support,0.0544771809380193,0.5,2.2082618638593714
train_1m:47,train_1m,train_observation,47,0.0,within_support,0.2032715167545438,0.5,2.283637297865803
train_1m:48,train_1m,train_observation,48,0.0,within_support,0.147161115284902,0.5,2.2545526424729974
train_1m:49,train_1m,train_observation,49,0.0,within_support,0.2177472234173594,0.5,2.291274087275019
train_1m:50,train_1m,train_observation,50,0.0,within_support,0.1031376578155502,0.5,2.2322976565848376
train_1m:51,train_1m,train_observation,51,0.0,within_support,0.2173579019113433,0.5,2.2910679730821277
train_1m:52,train_1m,train_observation,52,0.0,within_support,0.0945691521454232,0.5,2.2280227194884987
train_1m:53,train_1m,train_observation,53,0.0,within_support,0.1782080621776893,0.5,2.2705448469089484
train_1m:54,train_1m,train_observation,54,0.0,within_support,0.134797815493225,0.5,2.248253129745472
train_1m:55,train_1m,train_observation,55,0.0,within_support,0.1485900700761069,0.5,2.255283256219258
train_1m:56,train_1m,train_observation,56,0.0,within_support,0.0386043805304912,0.5,2.200547156422064
train_1m:57,train_1m,train_observation,57,0.0,within_support,0.2487399008555379,0.5,2.3078116003900266
train_1m:58,train_1m,train_observation,58,0.0,within_support,0.1677717189450452,0.5,2.265141390056053
train_1m:59,train_1m,train_observation,59,0.0,within_support,0.2130343425713219,0.5,2.288781693611538
train_1m:60,train_1m,train_observation,60,0.0,within_support,0.1420270134266791,0.5,2.2519319179899977
train_1m:61,train_1m,train_observation,61,0.0,within_support,0.0994810577730224,0.5,2.2304710915834685
train_1m:62,train_1m,train_observation,62,0.0,within_support,0.0738059039092795,0.5,2.217739315445951
train_1m:63,train_1m,train_observation,63,0.0,within_support,0.1251988400187609,0.5,2.243388916107978
train_1m:64,train_1m,train_observation,64,0.0,within_support,0.1335538788266912,0.5,2.247621456103558
train_1m:65,train_1m,train_observation,65,0.0,within_support,0.1739489129488823,0.5,2.26833624999714
train_1m:66,train_1m,train_observation,66,0.0,within_support,0.147698569536417,0.5,2.254827377511808
train_1m:67,train_1m,train_observation,67,0.0,within_support,0.0695638185493837,0.5,2.215651441771591
train_1m:68,train_1m,train_observation,68,0.0,within_support,0.0876994734354754,0.5,2.224608552428921
train_1m:69,train_1m,train_observation,69,0.0,within_support,0.2083893098892381,0.5,2.2863309215136125
train_1m:70,train_1m,train_observation,70,0.0,within_support,0.2724007460979242,0.5,2.3206105249242874
train_1m:71,train_1m,train_observation,71,0.0,within_support,0.1559740852494346,0.5,2.259066976510746
train_1m:72,train_1m,train_observation,72,0.0,within_support,0.0173142869013383,0.5,2.190295135636836
train_1m:73,train_1m,train_observation,73,0.0,within_support,0.0845428429972554,0.5,2.223043664210672
train_1m:74,train_1m,train_observation,74,0.0,within_support,0.1033361533349091,0.5,2.232396905754302
train_1m:75,train_1m,train_observation,75,0.0,within_support,0.0681710986211613,0.5,2.214966936588112
train_1m:76,train_1m,train_observation,76,0.0,within_support,0.1754414966653545,0.5,2.269109699304825
train_1m:77,train_1m,train_observation,77,0.0,within_support,0.1475606418333818,0.5,2.254756864798039
train_1m:78,train_1m,train_observation,78,0.0,within_support,0.1863964456853622,0.5,2.274804198332564
train_1m:79,train_1m,train_observation,79,0.0,within_support,0.1345536697384718,0.5,2.2481291210304883
train_1m:80,train_1m,train_observation,80,0.0,within_support,0.0816475067925186,0.5,2.2216104817295137
train_1m:81,train_1m,train_observation,81,0.0,within_support,0.139222504385278,0.5,2.250503182863283
train_1m:82,train_1m,train_observation,82,0.0,within_support,0.1762272348858845,0.5,2.269517096836217
train_1m:83,train_1m,train_observation,83,0.0,within_support,0.2258092333950561,0.5,2.2955512987144013
train_1m:84,train_1m,train_observation,84,0.0,within_support,0.0512668345577355,0.5,2.2066965857403744
train_1m:85,train_1m,train_observation,85,0.0,within_support,0.1673214000601536,0.5,2.2649088696898882
train_1m:86,train_1m,train_observation,86,0.0,within_support,0.1103608512987983,0.5,2.2359156548498023
train_1m:87,train_1m,train_observation,87,0.0,within_support,0.1049164147389921,0.5,2.233187399145892
train_1m:88,train_1m,train_observation,88,0.0,within_support,0.1714253000421156,0.5,2.2670298388983348
train_1m:89,train_1m,train_observation,89,0.0,within_support,0.0741257064035067,0.5,2.217896895730914
train_1m:90,train_1m,train_observation,90,0.0,within_support,0.1395037555718915,0.5,2.2506463737066094
train_1m:91,train_1m,train_observation,91,0.0,within_support,0.1386212225931734,0.5,2.2501971252989317
train_1m:92,train_1m,train_observation,92,0.0,within_support,0.0522290391936294,0.5,2.2071654670645042
train_1m:93,train_1m,train_observation,93,0.0,within_support,0.1588301511958935,0.5,2.260534233772437
train_1m:94,train_1m,train_observation,94,0.0,within_support,0.0802921721290944,0.5,2.220940307852531
train_1m:95,train_1m,train_observation,95,0.0,within_support,0.0664998674762026,0.5,2.2141461754000398
train_1m:96,train_1m,train_observation,96,0.0,within_support,0.1880267518580067,0.5,2.275654318327516
train_1m:97,train_1m,train_observation,97,0.0,within_support,0.1025152975083781,0.5,2.2319865358627693
train_1m:98,train_1m,train_observation,98,0.0,within_support,0.061004420721773,0.5,2.211452127537947
train_1m:99,train_1m,train_observation,99,0.0,within_support,0.079526017361565,0.5,2.2205616673093926
train_1m:100,train_1m,train_observation,100,0.0,within_support,0.1174629979850956,0.5,2.2394857853404084
train_1m:101,train_1m,train_observation,101,0.0,within_support,0.1809637016473429,0.5,2.271976301493052
train_1m:102,train_1m,train_observation,102,0.0,within_support,0.0987230846554889,0.5,2.230092882364268
train_1m:103,train_1m,train_observation,103,0.0,within_support,0.2163522008240815,0.5,2.2905357214961075
train_1m:104,train_1m,train_observation,104,0.0,within_support,0.178623905724153,0.5,2.2707607361846813
train_1m:105,train_1m,train_observation,105,0.0,within_support,0.0930812884397714,0.5,2.227282269703158
train_1m:106,train_1m,train_observation,106,0.0,within_support,0.1308790189832527,0.5,2.2462644866723958
train_1m:107,train_1m,train_observation,107,0.0,within_support,0.0589871653811076,0.5,2.2104650588457413
train_1m:108,train_1m,train_observation,108,0.0,within_support,0.1240193214886783,0.5,2.242792812354727
train_1m:109,train_1m,train_observation,109,0.0,within_support,0.1553252452097167,0.5,2.25873393750342
train_1m:110,train_1m,train_observation,110,0.0,within_support,0.1389028470045198,0.5,2.2503404630724555
train_1m:111,train_1m,train_observation,111,0.0,within_support,0.1304310793872131,0.5,2.2460374220878165
train_1m:112,train_1m,train_observation,112,0.0,within_support,0.1855978601648984,0.5,2.2743880302525064
train_1m:113,train_1m,train_observation,113,0.0,within_support,0.2251345339560592,0.5,2.2951926828379685
train_1m:114,train_1m,train_observation,114,0.0,within_support,0.087660471409588,0.5,2.2245892022406797
train_1m:115,train_1m,train_observation,115,0.0,within_support,0.0665408548976744,0.5,2.214166296599881
train_1m:116,train_1m,train_observation,116,0.0,within_support,0.1804867529729868,0.5,2.2717284028237774
train_1m:117,train_1m,train_observation,117,0.0,within_support,0.1846378149128034,0.5,2.2738879403335526
train_1m:118,train_1m,train_observation,118,0.0,within_support,0.1303118625147701,0.5,2.245976998557828
train_1m:119,train_1m,train_observation,119,0.0,within_support,0.1248511056675138,0.5,2.243213141965719
train_1m:120,train_1m,train_observation,120,0.0,within_support,0.1576918254162507,0.5,2.2599491863393997
train_1m:121,train_1m,train_observation,121,0.0,within_support,0.0392761709537238,0.5,2.200872429521395
train_1m:122,train_1m,train_observation,122,0.0,within_support,0.1643247055203307,0.5,2.2633628710785474
train_1m:123,train_1m,train_observation,123,0.0,within_support,0.1244571541016766,0.5,2.2430140426827325
train_1m:124,train_1m,train_observation,124,0.0,within_support,0.1792715391010363,0.5,2.2710970508401123
train_1m:125,train_1m,train_observation,125,0.0,within_support,0.054633247759991,0.5,2.2083380218829913
train_1m:126,train_1m,train_observation,126,0.0,within_support,0.1939564382166499,0.5,2.2787521922836764
train_1m:127,train_1m,train_observation,127,0.0,within_support,0.1040775368101677,0.5,2.232767689872282
train_1m:128,train_1m,train_observation,128,0.0,within_support,0.1795020155380592,0.5,2.2712167630476454
train_1m:129,train_1m,train_observation,129,0.0,within_support,0.0834208010097877,0.5,2.2224880106530045
train_1m:130,train_1m,train_observation,130,0.0,within_support,0.1776987163610736,0.5,2.2702804761631845
train_1m:131,train_1m,train_observation,131,0.0,within_support,0.264531244906919,0.5,2.316336838042545
train_1m:132,train_1m,train_observation,132,0.0,within_support,0.0842507613707534,0.5,2.2228989905950054
train_1m:133,train_1m,train_observation,133,0.0,within_support,0.146666450772076,0.5,2.2542998458646517
train_1m:134,train_1m,train_observation,134,0.0,within_support,0.0522071876361152,0.5,2.207154816319654
train_1m:135,train_1m,train_observation,135,0.0,within_support,0.0569515975095205,0.5,2.209470038270031
train_1m:136,train_1m,train_observation,136,0.0,within_support,0.0467082238360467,0.5,2.2044782428692136
train_1m:137,train_1m,train_observation,137,0.0,within_support,0.0248485930461505,0.5,2.1939107313297
train_1m:138,train_1m,train_observation,138,0.0,within_support,0.1723629607689296,0.5,2.2675150498898002
train_1m:139,train_1m,train_observation,139,0.0,within_support,0.0301076988919718,0.5,2.1964425780183476
train_1m:140,train_1m,train_observation,140,0.0,within_support,0.1049017079513659,0.5,2.2331800394969608
train_1m:141,train_1m,train_observation,141,0.0,within_support,0.1254383363334829,0.5,2.2435099954312303
train_1m:142,train_1m,train_observation,142,0.0,within_support,0.0679541854017182,0.5,2.2148603692300286
train_1m:143,train_1m,train_observation,143,0.0,within_support,0.031020490835742,0.5,2.196882694137657
train_1m:144,train_1m,train_observation,144,0.0,within_support,0.0754398931086402,0.5,2.218544715981501
train_1m:145,train_1m,train_observation,145,0.0,within_support,0.2620107143087931,0.5,2.3149715661998127
train_1m:146,train_1m,train_observation,146,0.0,within_support,0.1214171957675582,0.5,2.2414789955836443
train_1m:147,train_1m,train_observation,147,0.0,within_support,0.1057266321138978,0.5,2.233592936064933
train_1m:148,train_1m,train_observation,148,0.0,within_support,0.0455350087996082,0.5,2.2039081424342712
train_1m:149,train_1m,train_observation,149,0.0,within_support,0.105254199558511,0.5,2.2333564501197163
train_1m:150,train_1m,train_observation,150,0.0,within_support,0.2449713156740819,0.5,2.3057869922504706
train_1m:151,train_1m,train_observation,151,0.0,within_support,0.1045330189855525,0.5,2.232995555885732
train_1m:152,train_1m,train_observation,152,0.0,within_support,0.1767981328343894,0.5,2.2698132022106527
train_1m:153,train_1m,train_observation,153,0.0,within_support,0.1545370770191466,0.5,2.258329528939102
train_1m:154,train_1m,train_observation,154,0.0,within_support,0.0577346163357567,0.5,2.209852671486168
train_1m:155,train_1m,train_observation,155,0.0,within_support,0.1544427631408896,0.5,2.258281147227584
train_1m:156,train_1m,train_observation,156,0.0,within_support,0.0780876586931171,0.5,2.2198512092327873
train_1m:157,train_1m,train_observation,157,0.0,within_support,0.1273176776738609,0.5,2.244460615289972
train_1m:158,train_1m,train_observation,158,0.0,within_support,0.2460160496783694,0.5,2.3063478756355575
train_1m:159,train_1m,train_observation,159,0.0,within_support,0.1010034289560989,0.5,2.231231149095279
train_1m:160,train_1m,train_observation,160,0.0,within_support,0.1994456627630471,0.5,2.281628151925806
train_1m:161,train_1m,train_observation,161,0.0,within_support,0.1750103323615681,0.5,2.268886212859975
train_1m:162,train_1m,train_observation,162,0.0,within_support,0.1468395802584923,0.5,2.2543883159848246
train_1m:163,train_1m,train_observation,163,0.0,within_support,0.16001911335778,0.5,2.261145661631485
train_1m:164,train_1m,train_observation,164,0.0,within_support,0.0993619054986159,0.5,2.2304116281474022
train_1m:165,train_1m,train_observation,165,0.0,within_support,0.1162780052145118,0.5,2.2388892277470407
train_1m:166,train_1m,train_observation,166,0.0,within_support,0.1887506599343629,0.5,2.276032021015803
train_1m:167,train_1m,train_observation,167,0.0,within_support,0.1014426655196182,0.5,2.2314505494651065
train_1m:168,train_1m,train_observation,168,0.0,within_support,0.0985198826770995,0.5,2.2299915141305706
train_1m:169,train_1m,train_observation,169,0.0,within_support,0.1280767190073169,0.5,2.244844811509221
train_1m:170,train_1m,train_observation,170,0.0,within_support,0.0134887336538875,0.5,2.188464519540057
train_1m:171,train_1m,train_observation,171,0.0,within_support,0.2233451069571265,0.5,2.294242153288599
train_1m:172,train_1m,train_observation,172,0.0,within_support,0.0443418516823298,0.5,2.203328694441629
train_1m:173,train_1m,train_observation,173,0.0,within_support,0.1812118728209978,0.5,2.272105314236967
train_1m:174,train_1m,train_observation,174,0.0,within_support,0.1764699342086643,0.5,2.269642966402947
train_1m:175,train_1m,train_observation,175,0.0,within_support,0.086018271292079,0.5,2.2237747950774778
train_1m:176,train_1m,train_observation,176,0.0,within_support,0.1526672060212405,0.5,2.2573707367074096
train_1m:177,train_1m,train_observation,177,0.0,within_support,0.097408090391385,0.5,2.229437073772636
train_1m:178,train_1m,train_observation,178,0.0,within_support,0.2564978233796515,0.5,2.311991441405417
train_1m:179,train_1m,train_observation,179,0.0,within_support,0.0646826942908318,0.5,2.21325451831626
train_1m:180,train_1m,train_observation,180,0.0,within_support,0.1710218488518657,0.5,2.266821135129149
train_1m:181,train_1m,train_observation,181,0.0,within_support,0.1107659045149027,0.5,2.2361189276088442
train_1m:182,train_1m,train_observation,182,0.0,within_support,0.1435028102739335,0.5,2.25268455601955
train_1m:183,train_1m,train_observation,183,0.0,within_support,0.1070586767570509,0.5,2.2342600196032727
train_1m:184,train_1m,train_observation,184,0.0,within_support,0.1190283872715833,0.5,2.24027438694808
train_1m:185,train_1m,train_observation,185,0.0,within_support,0.1090605497395117,0.5,2.235263386912729
train_1m:186,train_1m,train_observation,186,0.0,within_support,0.0435998959025261,0.5,2.2029685433440434
train_1m:187,train_1m,train_observation,187,0.0,within_support,0.1708031781529422,0.5,2.2667080351986746
train_1m:188,train_1m,train_observation,188,0.0,within_support,0.0972149859484424,0.5,2.229340805814097
train_1m:189,train_1m,train_observation,189,0.0,within_support,0.2090458899955321,0.5,2.2866769953256347
train_1m:190,train_1m,train_observation,190,0.0,within_support,0.0716112462772202,0.5,2.2166585938454486
train_1m:191,train_1m,train_observation,191,0.0,within_support,0.1179513855076008,0.5,2.2397317557797445
train_1m:192,train_1m,train_observation,192,0.0,within_support,0.2336651470219463,0.5,2.2997357868420423
train_1m:193,train_1m,train_observation,193,0.0,within_support,0.1772195395936307,0.5,2.270031825811165
train_1m:194,train_1m,train_observation,194,0.0,within_support,0.1623318382937395,0.5,2.2623360300085125
train_1m:195,train_1m,train_observation,195,0.0,within_support,0.0523371678143325,0.5,2.207218172130173
train_1m:196,train_1m,train_observation,196,0.0,within_support,0.0698387602003353,0.5,2.215786628651
train_1m:197,train_1m,train_observation,197,0.0,within_support,0.0769291723460142,0.5,2.2192793617305213
train_1m:198,train_1m,train_observation,198,0.0,within_support,0.1335435566574672,0.5,2.2476162161278435
train_1m:199,train_1m,train_observation,199,0.0,within_support,0.192805743208965,0.5,2.2781503108190506
train_1m:200,train_1m,train_observation,200,0.0,within_support,0.0829040764224045,0.5,2.2222322249969944
train_1m:201,train_1m,train_observation,201,0.0,within_support,0.0982304406220075,0.5,2.2298471424232766
train_1m:202,train_1m,train_observation,202,0.0,within_support,0.1071928197736488,0.5,2.234327222608287
train_1m:203,train_1m,train_observation,203,0.0,within_support,0.2107071957700634,0.5,2.287553152987752
train_1m:204,train_1m,train_observation,204,0.0,within_support,0.057709008868665,0.5,2.209840155665852
train_1m:205,train_1m,train_observation,205,0.0,within_support,0.1371382244277366,0.5,2.249442659792094
train_1m:206,train_1m,train_observation,206,0.0,within_support,0.120268180122902,0.5,2.2408993998658504
train_1m:207,train_1m,train_observation,207,0.0,within_support,0.2036425535151254,0.5,2.2838323522148256
train_1m:208,train_1m,train_observation,208,0.0,within_support,0.1904343410856814,0.5,2.2769110190729887
train_1m:209,train_1m,train_observation,209,0.0,within_support,0.1490853941603262,0.5,2.2555366335246294
train_1m:210,train_1m,train_observation,210,0.0,within_support,0.1911787236965507,0.5,2.2772998742611508
train_1m:211,train_1m,train_observation,211,0.0,within_support,0.0627186357671919,0.5,2.2122916975924545
train_1m:212,train_1m,train_observation,212,0.0,within_support,0.0725403918495381,0.5,2.2171159909328173
train_1m:213,train_1m,train_observation,213,0.0,within_support,0.1398236038996797,0.5,2.250809239632135
train_1m:214,train_1m,train_observation,214,0.0,within_support,0.0652241814371462,0.5,2.2135201324476714
train_1m:215,train_1m,train_observation,215,0.0,within_support,0.1545078831215875,0.5,2.25831455263073
train_1m:216,train_1m,train_observation,216,0.0,within_support,0.1207515941339271,0.5,2.2411432068756816
train_1m:217,train_1m,train_observation,217,0.0,within_support,0.2471798491038943,0.5,2.306973026409059
train_1m:218,train_1m,train_observation,218,0.0,within_support,0.0699411823666826,0.5,2.215836993662313
train_1m:219,train_1m,train_observation,219,0.0,within_support,0.1821803623047436,0.5,2.2726089404055694
train_1m:220,train_1m,train_observation,220,0.0,within_support,0.1158496597639642,0.5,2.2386736739565
train_1m:221,train_1m,train_observation,221,0.0,within_support,0.1304559961856899,0.5,2.246050051299944
train_1m:222,train_1m,train_observation,222,0.0,within_support,0.2667546504026203,0.5,2.317542598103082
train_1m:223,train_1m,train_observation,223,0.0,within_support,0.2090680199767695,0.5,2.286688661695759
train_1m:224,train_1m,train_observation,224,0.0,within_support,0.1408341702073932,0.5,2.2513239885164174
train_1m:225,train_1m,train_observation,225,0.0,within_support,0.0606728299661751,0.5,2.21128980758115
train_1m:226,train_1m,train_observation,226,0.0,within_support,0.1220702502232522,0.5,2.2418085630068134
train_1m:227,train_1m,train_observation,227,0.0,within_support,0.0635601150916794,0.5,2.21270409180128
train_1m:228,train_1m,train_observation,228,0.0,within_support,0.1337889844916659,0.5,2.2477408131437135
train_1m:229,train_1m,train_observation,229,0.0,within_support,0.1181583624242941,0.5,2.2398360153108277
train_1m:230,train_1m,train_observation,230,0.0,within_support,0.1871480794875177,0.5,2.2751960502270245
train_1m:231,train_1m,train_observation,231,0.0,within_support,0.1935259093600123,0.5,2.2785269597139024
train_1m:232,train_1m,train_observation,232,0.0,within_support,0.1059248718847914,0.5,2.233692185746327
train_1m:233,train_1m,train_observation,233,0.0,within_support,0.1464220831792828,0.5,2.254174985712975
train_1m:234,train_1m,train_observation,234,0.0,within_support,0.0728982237650785,0.5,2.2172922000741444
train_1m:235,train_1m,train_observation,235,0.0,within_support,0.0944366033489516,0.5,2.227956732943157
train_1m:236,train_1m,train_observation,236,0.0,within_support,0.089523642813738,0.5,2.2255140045604342
train_1m:237,train_1m,train_observation,237,0.0,within_support,0.2255019955079624,0.5,2.2953879807988984
train_1m:238,train_1m,train_observation,238,0.0,within_support,0.2475237884028123,0.5,2.307157847756062
train_1m:239,train_1m,train_observation,239,0.0,within_support,0.0606840315128584,0.5,2.211295290511271
train_1m:240,train_1m,train_observation,240,0.0,within_support,0.1770453891870552,0.5,2.2699414719153923
train_1m:241,train_1m,train_observation,241,0.0,within_support,0.1561927042033145,0.5,2.2591792143906257
train_1m:242,train_1m,train_observation,242,0.0,within_support,0.1257638306684823,0.5,2.2436745750028315
train_1m:243,train_1m,train_observation,243,0.0,within_support,0.1486941194161053,0.5,2.255336476249193
train_1m:244,train_1m,train_observation,244,0.0,within_support,0.0686708624784777,0.5,2.215212509713313
train_1m:245,train_1m,train_observation,245,0.0,within_support,0.118670555910497,0.5,2.240094066573974
train_1m:246,train_1m,train_observation,246,0.0,within_support,0.1047023920835475,0.5,2.233080302126277
train_1m:247,train_1m,train_observation,247,0.0,within_support,0.1447977500176905,0.5,2.2533454167824454
train_1m:248,train_1m,train_observation,248,0.0,within_support,0.1485479826342996,0.5,2.2552617297676587
train_1m:249,train_1m,train_observation,249,0.0,within_support,0.1579691620634117,0.5,2.260091694023176
train_1m:250,train_1m,train_observation,250,0.0,within_support,0.1619036627464112,0.5,2.262115542571821
train_1m:251,train_1m,train_observation,251,0.0,within_support,0.1370815482629002,0.5,2.2494138372652595
train_1m:252,train_1m,train_observation,252,0.0,within_support,0.07327892703489,0.5,2.217479706499305
train_1m:253,train_1m,train_observation,253,0.0,within_support,0.1802388944884595,0.5,2.271599599329893
train_1m:254,train_1m,train_observation,254,0.0,within_support,0.1714715273967111,0.5,2.2670537548218133
train_1m:255,train_1m,train_observation,255,0.0,within_support,0.1910523429934252,0.5,2.277233844528018
train_1m:256,train_1m,train_observation,256,0.0,within_support,0.1392426391299505,0.5,2.2505134332124506
train_1m:257,train_1m,train_observation,257,0.0,within_support,0.0761556266475232,0.5,2.21889771151413
train_1m:258,train_1m,train_observation,258,0.0,within_support,0.1350804149235097,0.5,2.2483966891019325
train_1m:259,train_1m,train_observation,259,0.0,within_support,0.1459276259122379,0.5,2.2539223883598103
train_1m:260,train_1m,train_observation,260,0.0,within_support,0.2150180998490462,0.5,2.28983008227996
train_1m:261,train_1m,train_observation,261,0.0,within_support,0.0925197176237699,0.5,2.2270029417052135
train_1m:262,train_1m,train_observation,262,0.0,within_support,0.1832750656429272,0.5,2.2731784929950196
train_1m:263,train_1m,train_observation,263,0.0,within_support,0.1257371826447267,0.5,2.243661099966453
train_1m:264,train_1m,train_observation,264,0.0,within_support,0.1684858615666865,0.5,2.265510242124031
train_1m:265,train_1m,train_observation,265,0.0,within_support,0.200311131650734,0.5,2.282082316306264
train_1m:266,train_1m,train_observation,266,0.0,within_support,0.1503833403618051,0.5,2.256200880626209
train_1m:267,train_1m,train_observation,267,0.0,within_support,0.188434189375,0.5,2.2758668840868688
train_1m:268,train_1m,train_observation,268,0.0,within_support,0.1111144075782417,0.5,2.236293854071176
train_1m:269,train_1m,train_observation,269,0.0,within_support,0.1768433090264914,0.5,2.269836637176077
train_1m:270,train_1m,train_observation,270,0.0,within_support,0.0289410421233744,0.5,2.1958803495778905
train_1m:271,train_1m,train_observation,271,0.0,within_support,0.0969205491710709,0.5,2.2291940387462255
train_1m:272,train_1m,train_observation,272,0.0,within_support,0.0919173979272452,0.5,2.2267034321816666
train_1m:273,train_1m,train_observation,273,0.0,within_support,0.1571028320620409,0.5,2.2596466013667835
train_1m:274,train_1m,train_observation,274,0.0,within_support,0.1420145619573939,0.5,2.251925570257923
train_1m:275,train_1m,train_observation,275,0.0,within_support,0.1752791563898416,0.5,2.2690255474188166
train_1m:276,train_1m,train_observation,276,0.0,within_support,0.2091471368143186,0.5,2.2867303711605436
train_1m:277,train_1m,train_observation,277,0.0,within_support,0.2019983151175495,0.5,2.282968249718345
train_1m:278,train_1m,train_observation,278,0.0,within_support,0.2288470087992147,0.5,2.297167434851988
train_1m:279,train_1m,train_observation,279,0.0,within_support,0.2199474238885921,0.5,2.292439669542524
train_1m:280,train_1m,train_observation,280,0.0,within_support,0.2098091509686369,0.5,2.28707944189675
train_1m:281,train_1m,train_observation,281,0.0,within_support,0.0946904583062364,0.5,2.228083112964033
train_1m:282,train_1m,train_observation,282,0.0,within_support,0.11887315081179,0.5,2.240196155363795
train_1m:283,train_1m,train_observation,283,0.0,within_support,0.2450287867076975,0.5,2.305817838946729
train_1m:284,train_1m,train_observation,284,0.0,within_support,0.1578015845990122,0.5,2.260005583039151
train_1m:285,train_1m,train_observation,285,0.0,within_support,0.1947826932237439,0.5,2.279184586111737
train_1m:286,train_1m,train_observation,286,0.0,within_support,0.1868029534335782,0.5,2.2750161061617096
train_1m:287,train_1m,train_observation,287,0.0,within_support,0.1163571608747652,0.5,2.238929065843789
train_1m:288,train_1m,train_observation,288,0.0,within_support,0.13262535920721,0.5,2.247150207912479
train_1m:289,train_1m,train_observation,289,0.0,within_support,0.1629167498004761,0.5,2.262637304351061
train_1m:290,train_1m,train_observation,290,0.0,within_support,0.1105969991232694,0.5,2.236034158767153
train_1m:291,train_1m,train_observation,291,0.0,within_support,0.1967400601540859,0.5,2.280209623887459
train_1m:292,train_1m,train_observation,292,0.0,within_support,0.2780464906845928,0.5,2.3236869332943897
train_1m:293,train_1m,train_observation,293,0.0,within_support,0.1051428981882123,0.5,2.2333007440331323
train_1m:294,train_1m,train_observation,294,0.0,within_support,0.2821199689942083,0.5,2.3259120016006865
train_1m:295,train_1m,train_observation,295,0.0,within_support,0.1221611232888273,0.5,2.2418544311149295
train_1m:296,train_1m,train_observation,296,0.0,within_support,0.1758189277763748,0.5,2.269305373644113
train_1m:297,train_1m,train_observation,297,0.0,within_support,0.1621594684779967,0.5,2.2622472631240216
train_1m:298,train_1m,train_observation,298,0.0,within_support,0.0990060800389314,0.5,2.2302340730626535
train_1m:299,train_1m,train_observation,299,0.0,within_support,0.1361807724168653,0.5,2.2489558595150605
train_1m:300,train_1m,train_observation,300,0.0,within_support,0.2553149855366367,0.5,2.311353099801403
train_1m:301,train_1m,train_observation,301,0.0,within_support,0.0811071735282725,0.5,2.22134324808491
train_1m:302,train_1m,train_observation,302,0.0,within_support,0.1477726573731747,0.5,2.2548652554088378
train_1m:303,train_1m,train_observation,303,0.0,within_support,0.2373919912455877,0.5,2.3017266630015403
train_1m:304,train_1m,train_observation,304,0.0,within_support,0.1839491100226936,0.5,2.273529340115215
train_1m:305,train_1m,train_observation,305,0.0,within_support,0.26566918984336,0.5,2.316953781834166
train_1m:306,train_1m,train_observation,306,0.0,within_support,0.145847497786961,0.5,2.253881460161475
train_1m:307,train_1m,train_observation,307,0.0,within_support,0.1835354321139718,0.5,2.2733140024394656
train_1m:308,train_1m,train_observation,308,0.0,within_support,0.0518620105078716,0.5,2.206986587752738
train_1m:309,train_1m,train_observation,309,0.0,within_support,0.1889961829666402,0.5,2.2761601549455257
train_1m:310,train_1m,train_observation,310,0.0,within_support,0.1419082656406491,0.5,2.2518713822345537
train_1m:311,train_1m,train_observation,311,0.0,within_support,0.0557686022148863,0.5,2.2088922349570312
train_1m:312,train_1m,train_observation,312,0.0,within_support,0.1772308341514858,0.5,2.270037686001997
train_1m:313,train_1m,train_observation,313,0.0,within_support,0.1965168764546486,0.5,2.2800926959293895
train_1m:314,train_1m,train_observation,314,0.0,within_support,0.0943449092623758,0.5,2.227911087588603
train_1m:315,train_1m,train_observation,315,0.0,within_support,0.14335884109369,0.5,2.2526111090800107
train_1m:316,train_1m,train_observation,316,0.0,within_support,0.1142563222157313,0.5,2.237872273093611
train_1m:317,train_1m,train_observation,317,0.0,within_support,0.2185049752341981,0.5,2.2916753705262387
train_1m:318,train_1m,train_observation,318,0.0,within_support,0.1929418645283758,0.5,2.2782214922523076
train_1m:319,train_1m,train_observation,319,0.0,within_support,0.1627710595177351,0.5,2.262562254427411
train_1m:320,train_1m,train_observation,320,0.0,within_support,0.1715599465248313,0.5,2.2670995003831518
train_1m:321,train_1m,train_observation,321,0.0,within_support,0.1760646027289569,0.5,2.2694327605279643
train_1m:322,train_1m,train_observation,322,0.0,within_support,0.2250488800001798,0.5,2.2951471647477266
train_1m:323,train_1m,train_observation,323,0.0,within_support,0.0439264798127049,0.5,2.2031270532485863
train_1m:324,train_1m,train_observation,324,0.0,within_support,0.0972990976842619,0.5,2.229382736721216
train_1m:325,train_1m,train_observation,325,0.0,within_support,0.1480977280587354,0.5,2.255031466534404
train_1m:326,train_1m,train_observation,326,0.0,within_support,0.1384370457654798,0.5,2.2501033961288393
train_1m:327,train_1m,train_observation,327,0.0,within_support,0.1424317496379648,0.5,2.252138273155385
train_1m:328,train_1m,train_observation,328,0.0,within_support,0.3330129753558649,0.5,2.35409684320083
train_1m:329,train_1m,train_observation,329,0.0,within_support,0.193651799797041,0.5,2.278592814689149
train_1m:330,train_1m,train_observation,330,0.0,within_support,0.0946129178882076,0.5,2.228044508275321
train_1m:331,train_1m,train_observation,331,0.0,within_support,0.097638223077811,0.5,2.229551813484716
train_1m:332,train_1m,train_observation,332,0.0,within_support,0.1373439350840111,0.5,2.2495472803124192
train_1m:333,train_1m,train_observation,333,0.0,within_support,0.0979142306214611,0.5,2.2296894429283447
train_1m:334,train_1m,train_observation,334,0.0,within_support,0.107067772564396,0.5,2.2342645762808626
train_1m:335,train_1m,train_observation,335,0.0,within_support,0.2059963173726945,0.5,2.2850705711873944
train_1m:336,train_1m,train_observation,336,0.0,within_support,0.1821555222951688,0.5,2.272596020254583
train_1m:337,train_1m,train_observation,337,0.0,within_support,0.181287590192708,0.5,2.2721446793926603
train_1m:338,train_1m,train_observation,338,0.0,within_support,0.1374870388065376,0.5,2.2496200664860284
train_1m:339,train_1m,train_observation,339,0.0,within_support,0.1232083836601505,0.5,2.2423831853934897
train_1m:340,train_1m,train_observation,340,0.0,within_support,0.0591410663560778,0.5,2.2105403294746915
train_1m:341,train_1m,train_observation,341,0.0,within_support,0.1581423478348858,0.5,2.2601806944611287
train_1m:342,train_1m,train_observation,342,0.0,within_support,0.1368209433864056,0.5,2.249281317796119
train_1m:343,train_1m,train_observation,343,0.0,within_support,0.102540025315578,0.5,2.231998895558192
train_1m:344,train_1m,train_observation,344,0.0,within_support,0.2285422847013841,0.5,2.2970052068662725
train_1m:345,train_1m,train_observation,345,0.0,within_support,0.1726337753394314,0.5,2.2676552305612008
train_1m:346,train_1m,train_observation,346,0.0,within_support,0.0340119703599931,0.5,2.198326488855981
train_1m:347,train_1m,train_observation,347,0.0,within_support,0.1678936533055157,0.5,2.2652043593862174
train_1m:348,train_1m,train_observation,348,0.0,within_support,0.1822790046383872,0.5,2.2726602492903316
train_1m:349,train_1m,train_observation,349,0.0,within_support,0.0211284139232578,0.5,2.192123773236128
train_1m:350,train_1m,train_observation,350,0.0,within_support,0.0673118084661254,0.5,2.214544843468366
train_1m:351,train_1m,train_observation,351,0.0,within_support,0.1091619939846033,0.5,2.2353142589570396
train_1m:352,train_1m,train_observation,352,0.0,within_support,0.2561175202232255,0.5,2.3117861621809404
train_1m:353,train_1m,train_observation,353,0.0,within_support,0.0772738904704091,0.5,2.2194494855275972
train_1m:354,train_1m,train_observation,354,0.0,within_support,0.0981903002795498,0.5,2.229827122346057
train_1m:355,train_1m,train_observation,355,0.0,within_support,0.1174085668908642,0.5,2.239458375501374
train_1m:356,train_1m,train_observation,356,0.0,within_support,0.0639556733079209,0.5,2.2128980078821248
train_1m:357,train_1m,train_observation,357,0.0,within_support,0.0831761910062742,0.5,2.2223669171572604
train_1m:358,train_1m,train_observation,358,0.0,within_support,0.1299390518207946,0.5,2.2457880675200816
train_1m:359,train_1m,train_observation,359,0.0,within_support,0.1124825979053212,0.5,2.236980893757547
train_1m:360,train_1m,train_observation,360,0.0,within_support,0.1367199466982798,0.5,2.2492299648905223
train_1m:361,train_1m,train_observation,361,0.0,within_support,0.2058269652238794,0.5,2.2849814332828684
train_1m:362,train_1m,train_observation,362,0.0,within_support,0.2071040618390321,0.5,2.2856538147612886
train_1m:363,train_1m,train_observation,363,0.0,within_support,0.0974349753148315,0.5,2.2294504773950536
train_1m:364,train_1m,train_observation,364,0.0,within_support,0.1959049006995285,0.5,2.279772143232108
train_1m:365,train_1m,train_observation,365,0.0,within_support,0.0601455631531011,0.5,2.2110317559000747
train_1m:366,train_1m,train_observation,366,0.0,within_support,0.1480120337757867,0.5,2.254987647770525
train_1m:367,train_1m,train_observation,367,0.0,within_support,0.0353755225992973,0.5,2.1989853046537657
train_1m:368,train_1m,train_observation,368,0.0,within_support,0.0570494795531886,0.5,2.2095178615217037
train_1m:369,train_1m,train_observation,369,0.0,within_support,0.1895790232741561,0.5,2.2764643915216523
train_1m:370,train_1m,train_observation,370,0.0,within_support,0.1401493404353484,0.5,2.2509751305896124
train_1m:371,train_1m,train_observation,371,0.0,within_support,0.0927310642948626,0.5,2.2271080573415896
train_1m:372,train_1m,train_observation,372,0.0,within_support,0.1565193107660918,0.5,2.2593469154272556
train_1m:373,train_1m,train_observation,373,0.0,within_support,0.2210441429821695,0.5,2.2930211485291045
train_1m:374,train_1m,train_observation,374,0.0,within_support,0.1439684372177263,0.5,2.252922135244998
train_1m:375,train_1m,train_observation,375,0.0,within_support,0.1363764169126964,0.5,2.249055312705348
train_1m:376,train_1m,train_observation,376,0.0,within_support,0.142136323875459,0.5,2.2519876459164108
train_1m:377,train_1m,train_observation,377,0.0,within_support,0.1576185277898336,0.5,2.2599115261186142
train_1m:378,train_1m,train_observation,378,0.0,within_support,0.2632698852098095,0.5,2.3156533942536126
train_1m:379,train_1m,train_observation,379,0.0,within_support,0.0379776286450699,0.5,2.2002437889582716
train_1m:380,train_1m,train_observation,380,0.0,within_support,0.1893809791959261,0.5,2.2763610046285256
train_1m:381,train_1m,train_observation,381,0.0,within_support,0.0679535437454478,0.5,2.21486005400768
train_1m:382,train_1m,train_observation,382,0.0,within_support,0.2430700892174086,0.5,2.304767037625328
train_1m:383,train_1m,train_observation,383,0.0,within_support,0.210463082063026,0.5,2.2874243640052914
train_1m:384,train_1m,train_observation,384,0.0,within_support,0.0551679402611834,0.5,2.2085989880285357
train_1m:385,train_1m,train_observation,385,0.0,within_support,0.0808679224768899,0.5,2.221224944299336
train_1m:386,train_1m,train_observation,386,0.0,within_support,0.2184314395031052,0.5,2.2916364214872136
train_1m:387,train_1m,train_observation,387,0.0,within_support,0.2838412971371359,0.5,2.326853610838058
train_1m:388,train_1m,train_observation,388,0.0,within_support,0.1699203971186065,0.5,2.2662515726468655
train_1m:389,train_1m,train_observation,389,0.0,within_support,0.2300144027517388,0.5,2.2977891568786557
train_1m:390,train_1m,train_observation,390,0.0,within_support,0.1013840206332174,0.5,2.2314212533292492
train_1m:391,train_1m,train_observation,391,0.0,within_support,0.1892023176848078,0.5,2.2762677449903443
train_1m:392,train_1m,train_observation,392,0.0,within_support,0.1336107977946745,0.5,2.247650351098135
train_1m:393,train_1m,train_observation,393,0.0,within_support,0.049568139780907,0.5,2.20586936398676
train_1m:394,train_1m,train_observation,394,0.0,within_support,0.2072239749297356,0.5,2.285716970127223
train_1m:395,train_1m,train_observation,395,0.0,within_support,0.1063132888838981,0.5,2.2338866770819372
train_1m:396,train_1m,train_observation,396,0.0,within_support,0.1780086452114919,0.5,2.2704413335487668
train_1m:397,train_1m,train_observation,397,0.0,within_support,0.1191695148955065,0.5,2.2403455136386947
train_1m:398,train_1m,train_observation,398,0.0,within_support,0.1225651815797004,0.5,2.2420584044552596
train_1m:399,train_1m,train_observation,399,0.0,within_support,0.180687336217837,0.5,2.2718326506949875
train_1m:400,train_1m,train_observation,400,0.0,within_support,0.0640056471261202,0.5,2.212922509475061
train_1m:401,train_1m,train_observation,401,0.0,within_support,0.0489386382457039,0.5,2.2055629909108276
train_1m:402,train_1m,train_observation,402,0.0,within_support,0.135987874642547,0.5,2.2488578121072536
train_1m:403,train_1m,train_observation,403,0.0,within_support,0.0720052401304325,0.5,2.216852522048316
train_1m:404,train_1m,train_observation,404,0.0,within_support,0.072765600159331,0.5,2.2172268878243573
train_1m:405,train_1m,train_observation,405,0.0,within_support,0.1281237627517989,0.5,2.2448686279610177
train_1m:406,train_1m,train_observation,406,0.0,within_support,0.1304908730687581,0.5,2.246067729098292
train_1m:407,train_1m,train_observation,407,0.0,within_support,0.0806688115066254,0.5,2.2211264995900457
train_1m:408,train_1m,train_observation,408,0.0,within_support,0.2080510325562333,0.5,2.2861526647989434
train_1m:409,train_1m,train_observation,409,0.0,within_support,0.0737830871308283,0.5,2.2177280736121476
train_1m:410,train_1m,train_observation,410,0.0,within_support,0.1548395528960827,0.5,2.2584847102619294
train_1m:411,train_1m,train_observation,411,0.0,within_support,0.1284787978912212,0.5,2.2450483867662108
train_1m:412,train_1m,train_observation,412,0.0,within_support,0.2078729898671878,0.5,2.286058856537763
train_1m:413,train_1m,train_observation,413,0.0,within_support,0.1548382017382481,0.5,2.258484017015753
train_1m:414,train_1m,train_observation,414,0.0,within_support,0.0725943620602618,0.5,2.2171425657621056
train_1m:415,train_1m,train_observation,415,0.0,within_support,0.0793091837889983,0.5,2.22045453254908
train_1m:416,train_1m,train_observation,416,0.0,within_support,0.1310848079039635,0.5,2.246368819965337
train_1m:417,train_1m,train_observation,417,0.0,within_support,0.0530815434402731,0.5,2.2075810800128854
train_1m:418,train_1m,train_observation,418,0.0,within_support,0.2367228888940371,0.5,2.3013689559585178
train_1m:419,train_1m,train_observation,419,0.0,within_support,0.0511477512101595,0.5,2.2066385722332336
train_1m:420,train_1m,train_observation,420,0.0,within_support,0.0726303462843837,0.5,2.2171602847242102
train_1m:421,train_1m,train_observation,421,0.0,within_support,0.1571974782806002,0.5,2.259695218187366
train_1m:422,train_1m,train_observation,422,0.0,within_support,0.0621906669244767,0.5,2.2120330379252504
train_1m:423,train_1m,train_observation,423,0.0,within_support,0.2129296661517887,0.5,2.2887264024290968
train_1m:424,train_1m,train_observation,424,0.0,within_support,0.0423733475862182,0.5,2.2023734601879306
train_1m:425,train_1m,train_observation,425,0.0,within_support,0.0631558345107293,0.5,2.212505939347274
train_1m:426,train_1m,train_observation,426,0.0,within_support,0.0965901921703291,0.5,2.22902939234566
train_1m:427,train_1m,train_observation,427,0.0,within_support,0.1184473915817298,0.5,2.2399816246947957
train_1m:428,train_1m,train_observation,428,0.0,within_support,0.0626441471034817,0.5,2.2122552003679963
train_1m:429,train_1m,train_observation,429,0.0,within_support,0.2605649730650898,0.5,2.31418924143477
train_1m:430,train_1m,train_observation,430,0.0,within_support,0.1034354035337766,0.5,2.232446535252735
train_1m:431,train_1m,train_observation,431,0.0,within_support,0.0663351867012666,0.5,2.21406533585721
train_1m:432,train_1m,train_observation,432,0.0,within_support,0.1415264634350057,0.5,2.2516767698239106
train_1m:433,train_1m,train_observation,433,0.0,within_support,0.1344593342223423,0.5,2.2480812093383293
train_1m:434,train_1m,train_observation,434,0.0,within_support,0.0325886188021342,0.5,2.1976392593125125
train_1m:435,train_1m,train_observation,435,0.0,within_support,0.2916245275269446,0.5,2.3311213624212472
train_1m:436,train_1m,train_observation,436,0.0,within_support,0.2384263310672535,0.5,2.30227986422494
train_1m:437,train_1m,train_observation,437,0.0,within_support,0.1238932758165489,0.5,2.24272913232306
train_1m:438,train_1m,train_observation,438,0.0,within_support,0.0383284833694189,0.5,2.2004136018760083
train_1m:439,train_1m,train_observation,439,0.0,within_support,0.0795325453889973,0.5,2.220564892906335
train_1m:440,train_1m,train_observation,440,0.0,within_support,0.0633130441933413,0.5,2.2125829887078643
train_1m:441,train_1m,train_observation,441,0.0,within_support,0.1445271850829975,0.5,2.2532073010562748
train_1m:442,train_1m,train_observation,442,0.0,within_support,0.0500450953281364,0.5,2.2061015584388435
train_1m:443,train_1m,train_observation,443,0.0,within_support,0.095993798083422,0.5,2.2287322247602503
train_1m:444,train_1m,train_observation,444,0.0,within_support,0.2332019775572416,0.5,2.2994886212918475
train_1m:445,train_1m,train_observation,445,0.0,within_support,0.0489903552820363,0.5,2.2055881575196556
train_1m:446,train_1m,train_observation,446,0.0,within_support,0.112874521376084,0.5,2.2371777855784316
train_1m:447,train_1m,train_observation,447,0.0,within_support,0.136742357276787,0.5,2.2492413595781477
train_1m:448,train_1m,train_observation,448,0.0,within_support,0.0692630747411818,0.5,2.2155035894332373
train_1m:449,train_1m,train_observation,449,0.0,within_support,0.1366350905622048,0.5,2.2491868208353845
train_1m:450,train_1m,train_observation,450,0.0,within_support,0.2214837968846759,0.5,2.2932543419845604
train_1m:451,train_1m,train_observation,451,0.0,within_support,0.1062331280139416,0.5,2.2338465351823955
train_1m:452,train_1m,train_observation,452,0.0,within_support,0.1446069643965901,0.5,2.2532480241909685
train_1m:453,train_1m,train_observation,453,0.0,within_support,0.1878302829085175,0.5,2.2755518332471185
train_1m:454,train_1m,train_observation,454,0.0,within_support,0.0779829219011335,0.5,2.219799495846204
train_1m:455,train_1m,train_observation,455,0.0,within_support,0.1026023305536544,0.5,2.2320300382517306
train_1m:456,train_1m,train_observation,456,0.0,within_support,0.1721626164981999,0.5,2.2674113586945204
train_1m:457,train_1m,train_observation,457,0.0,within_support,0.1613128909914989,0.5,2.2618114042955275
train_1m:458,train_1m,train_observation,458,0.0,within_support,0.1723146356761004,0.5,2.267490037559482
train_1m:459,train_1m,train_observation,459,0.0,within_support,0.1307410866774279,0.5,2.2461945621349013
train_1m:460,train_1m,train_observation,460,0.0,within_support,0.1837640922430466,0.5,2.273433024659787
train_1m:461,train_1m,train_observation,461,0.0,within_support,0.1366668358258458,0.5,2.2492029611085913
train_1m:462,train_1m,train_observation,462,0.0,within_support,0.0881180032804127,0.5,2.224816222607921
train_1m:463,train_1m,train_observation,463,0.0,within_support,0.1669326776052028,0.5,2.2647081964932734
train_1m:464,train_1m,train_observation,464,0.0,within_support,0.1568807073597942,0.5,2.259532511846919
train_1m:465,train_1m,train_observation,465,0.0,within_support,0.2916440708139085,0.5,2.3311320994411067
train_1m:466,train_1m,train_observation,466,0.0,within_support,0.0508565130954353,0.5,2.206496705114767
train_1m:467,train_1m,train_observation,467,0.0,within_support,0.1069133439180766,0.5,2.2341872158048957
train_1m:468,train_1m,train_observation,468,0.0,within_support,0.2135087387469277,0.5,2.2890323109253794
train_1m:469,train_1m,train_observation,469,0.0,within_support,0.0882421416589965,0.5,2.2248778271440908
train_1m:470,train_1m,train_observation,470,0.0,within_support,0.1099237148600049,0.5,2.2356963275623096
train_1m:471,train_1m,train_observation,471,0.0,within_support,0.1092954425731524,0.5,2.2353811844014184
train_1m:472,train_1m,train_observation,472,0.0,within_support,0.1486580579643861,0.5,2.2553180309216154
train_1m:473,train_1m,train_observation,473,0.0,within_support,0.1607689964313058,0.5,2.2615314785283847
train_1m:474,train_1m,train_observation,474,0.0,within_support,0.182469618742154,0.5,2.272759404531268
train_1m:475,train_1m,train_observation,475,0.0,within_support,0.0713763193871923,0.5,2.216542978369495
train_1m:476,train_1m,train_observation,476,0.0,within_support,0.1426613903352575,0.5,2.252255374266381
train_1m:477,train_1m,train_observation,477,0.0,within_support,0.0437294166942146,0.5,2.203031404116574
train_1m:478,train_1m,train_observation,478,0.0,within_support,0.0615381877151343,0.5,2.211713473127042
train_1m:479,train_1m,train_observation,479,0.0,within_support,0.0585278568521771,0.5,2.2102404524564854
train_1m:480,train_1m,train_observation,480,0.0,within_support,0.2726573360505153,0.5,2.3207501544105344
train_1m:481,train_1m,train_observation,481,0.0,within_support,0.2085346938923475,0.5,2.2864075415114593
train_1m:482,train_1m,train_observation,482,0.0,within_support,0.1685355080894255,0.5,2.265535889269197
train_1m:483,train_1m,train_observation,483,0.0,within_support,0.0971051977913835,0.5,2.229286077495607
train_1m:484,train_1m,train_observation,484,0.0,within_support,0.1664967700072088,0.5,2.264483210932815
train_1m:485,train_1m,train_observation,485,0.0,within_support,0.0702831069678555,0.5,2.216005150128571
train_1m:486,train_1m,train_observation,486,0.0,within_support,0.0964070030423965,0.5,2.2289381045619217
train_1m:487,train_1m,train_observation,487,0.0,within_support,0.2754161223561343,0.5,2.322252545432102
train_1m:488,train_1m,train_observation,488,0.0,within_support,0.2534966535336972,0.5,2.310372537295129
train_1m:489,train_1m,train_observation,489,0.0,within_support,0.0975536466005396,0.5,2.2295096437524067
train_1m:490,train_1m,train_observation,490,0.0,within_support,0.1660127876923227,0.5,2.2642334699456965
train_1m:491,train_1m,train_observation,491,0.0,within_support,0.1819665937438848,0.5,2.2724977572102905
train_1m:492,train_1m,train_observation,492,0.0,within_support,0.1000053766989349,0.5,2.230732797212487
train_1m:493,train_1m,train_observation,493,0.0,within_support,0.1306992728330786,0.5,2.246173365633285
train_1m:494,train_1m,train_observation,494,0.0,within_support,0.1251906861660655,0.5,2.243384794116185
train_1m:495,train_1m,train_observation,495,0.0,within_support,0.0466705781139661,0.5,2.204459944488035
train_1m:496,train_1m,train_observation,496,0.0,within_support,0.0916942555167152,0.5,2.226592495271306
train_1m:497,train_1m,train_observation,497,0.0,within_support,0.0525255847034036,0.5,2.207310018865014
train_1m:498,train_1m,train_observation,498,0.0,within_support,0.1445782394874691,0.5,2.2532333614517066
train_1m:499,train_1m,train_observation,499,0.0,within_support,0.0968996217420668,0.5,2.229183607932282
train_1m:500,train_1m,train_observation,500,0.0,within_support,0.1335860271116198,0.5,2.247637776124793
train_1m:501,train_1m,train_observation,501,0.0,within_support,0.1433648854108648,0.5,2.2526141925266905
train_1m:502,train_1m,train_observation,502,0.0,within_support,0.1124472077390623,0.5,2.2369631165881745
train_1m:503,train_1m,train_observation,503,0.0,within_support,0.1209957493105969,0.5,2.2412663675010123
train_1m:504,train_1m,train_observation,504,0.0,within_support,0.0724911369913143,0.5,2.2170917385600184
train_1m:505,train_1m,train_observation,505,0.0,within_support,0.1004326060101821,0.5,2.2309460928059046
train_1m:506,train_1m,train_observation,506,0.0,within_support,0.1091369154792624,0.5,2.235301682401409
train_1m:507,train_1m,train_observation,507,0.0,within_support,0.0519910581878325,0.5,2.2070494781689334
train_1m:508,train_1m,train_observation,508,0.0,within_support,0.1251108754152527,0.5,2.243344448522813
train_1m:509,train_1m,train_observation,509,0.0,within_support,0.2250987747093037,0.5,2.2951736794783755
train_1m:510,train_1m,train_observation,510,0.0,within_support,0.2302423184267755,0.5,2.2979105808681197
train_1m:511,train_1m,train_observation,511,0.0,within_support,0.1099848599763553,0.5,2.2357270034126167
train_1m:512,train_1m,train_observation,512,0.0,within_support,0.2589230508666444,0.5,2.3133014440811146
test_1m:1,test_1m,held_out_observation,1,0.0962067301498045,within_support,0.1663000787217435,0.5,2.264381708455609
test_1m:2,test_1m,held_out_observation,2,0.1447000444235756,within_support,0.0445035657564104,0.5,2.203407209444546
test_1m:3,test_1m,held_out_observation,3,0.109077953776187,within_support,0.0693900245877041,0.5,2.2155659980868236
test_1m:4,test_1m,held_out_observation,4,0.2464671023461137,within_support,0.1330044107626895,0.5,2.2473425601460124
test_1m:5,test_1m,held_out_observation,5,0.1366417837007301,within_support,0.1194710701827355,0.5,2.24049751083743
test_1m:6,test_1m,held_out_observation,6,0.1874951275853502,within_support,0.0463007780032796,0.5,2.204280214792713
test_1m:7,test_1m,held_out_observation,7,0.0119230170894238,within_support,0.2694304960797549,0.5,2.318995496423997
test_1m:8,test_1m,held_out_observation,8,0.1395492744517147,within_support,0.1944182019399757,0.5,2.278993819369987
test_1m:9,test_1m,held_out_observation,9,0.1500050690510789,within_support,0.1310937272797501,0.5,2.2463733422583534
test_1m:10,test_1m,held_out_observation,10,0.0388594235100866,within_support,0.2020899088234411,0.5,2.283016366604704
test_1m:11,test_1m,held_out_observation,11,0.095894921701727,within_support,0.1519795786130907,0.5,2.2570183752891584
test_1m:12,test_1m,held_out_observation,12,0.0541103038990829,within_support,0.1222357223902338,0.5,2.2418920865101737
test_1m:13,test_1m,held_out_observation,13,0.2441407718227662,within_support,0.1494657958200776,0.5,2.255731266199531
test_1m:14,test_1m,held_out_observation,14,0.1053365905542016,within_support,0.1998028619933337,0.5,2.281815572358711
test_1m:15,test_1m,held_out_observation,15,0.1715632651179206,within_support,0.1118716266998599,0.5,2.236674035186125
test_1m:16,test_1m,held_out_observation,16,0.1357481356229022,within_support,0.1615575431879804,0.5,2.261937344065397
test_1m:17,test_1m,held_out_observation,17,0.2263054419122246,within_support,0.097776298968219,0.5,2.2296206617938408
test_1m:18,test_1m,held_out_observation,18,0.2780183598129632,low_confidence_extrapolation,0.062782622613283,0.5,2.2123230503247515
test_1m:19,test_1m,held_out_observation,19,0.1499975178661721,within_support,0.1993385382915164,0.5,2.2815719508406844
test_1m:20,test_1m,held_out_observation,20,0.1727494147783204,within_support,0.1618639428664457,0.5,2.2620950913569127
test_1m:21,test_1m,held_out_observation,21,0.1709856202508937,within_support,0.109393124987472,0.5,2.235430175678276
test_1m:22,test_1m,held_out_observation,22,0.2225695472432751,within_support,0.1567276576366627,0.5,2.259453908559855
test_1m:23,test_1m,held_out_observation,23,0.2736927594133886,low_confidence_extrapolation,0.0887142254650218,0.5,2.225112136948437
test_1m:24,test_1m,held_out_observation,24,0.2009527307602461,within_support,0.1613802454274623,0.5,2.2618460748454092
test_1m:25,test_1m,held_out_observation,25,0.1914471206364827,within_support,0.0686189445988082,0.5,2.2151869955363814
test_1m:26,test_1m,held_out_observation,26,0.0808060684662813,within_support,0.2473590256228923,0.5,2.307069305844525
test_1m:27,test_1m,held_out_observation,27,0.2290196498119757,within_support,0.1473660378494784,0.5,2.254657385766569
test_1m:28,test_1m,held_out_observation,28,0.1928012122435378,within_support,0.0367956959992946,0.5,2.199671955307002
test_1m:29,test_1m,held_out_observation,29,0.0937151900162594,within_support,0.1598497604956291,0.5,2.261058549141698
test_1m:30,test_1m,held_out_observation,30,0.2054114193646907,within_support,0.1441249712211113,0.5,2.253002016816658
test_1m:31,test_1m,held_out_observation,31,0.2287443988385289,within_support,0.1853702389983119,0.5,2.2742694401188333
test_1m:32,test_1m,held_out_observation,32,0.1916298515367582,within_support,0.0481476201874295,0.5,2.2051781458017903
test_1m:33,test_1m,held_out_observation,33,0.2332777803673195,within_support,0.0384569505361568,0.5,2.200475787154368
test_1m:34,test_1m,held_out_observation,34,0.205655050995593,within_support,0.1720319613037646,0.5,2.267343741726008
test_1m:35,test_1m,held_out_observation,35,0.2620859861366003,low_confidence_extrapolation,0.0290787396881388,0.5,2.195946690918202
test_1m:36,test_1m,held_out_observation,36,0.1736087555395752,within_support,0.0502481279320462,0.5,2.206200416831961
test_1m:37,test_1m,held_out_observation,37,0.1882073324820263,within_support,0.1298772062426836,0.5,2.2457567291496883
test_1m:38,test_1m,held_out_observation,38,0.1915512531771288,within_support,0.1783097281968045,0.5,2.270597623679229
test_1m:39,test_1m,held_out_observation,39,0.1770550013145845,within_support,0.1319412232044514,0.5,2.2468031308096506
test_1m:40,test_1m,held_out_observation,40,0.2195674537987935,within_support,0.0400414065834946,0.5,2.2012430808369805
test_1m:41,test_1m,held_out_observation,41,0.208794356782142,within_support,0.0371430868200744,0.5,2.199839992223888
test_1m:42,test_1m,held_out_observation,42,0.1066374889853317,within_support,0.1920904515586856,0.5,2.277776345528582
test_1m:43,test_1m,held_out_observation,43,0.1843940344336266,within_support,0.198738959588809,0.5,2.281257447343631
test_1m:44,test_1m,held_out_observation,44,0.1976158795528489,within_support,0.0891562410526895,0.5,2.225331573106196
test_1m:45,test_1m,held_out_observation,45,0.2429897117163605,within_support,0.0457636152962642,0.5,2.204019202967568
test_1m:46,test_1m,held_out_observation,46,0.1074345185654172,within_support,0.0999528252798867,0.5,2.230706563896065
test_1m:47,test_1m,held_out_observation,47,0.2187443345889113,within_support,0.0761147577211229,0.5,2.218877551801361
test_1m:48,test_1m,held_out_observation,48,0.2072483557378226,within_support,0.1050741823934287,0.5,2.233266353479486
test_1m:49,test_1m,held_out_observation,49,0.0870057469366247,within_support,0.1763320106470655,0.5,2.269571434132165
test_1m:50,test_1m,held_out_observation,50,0.2424324404920217,within_support,0.0687044968342241,0.5,2.2152290391105725
test_1m:51,test_1m,held_out_observation,51,0.2673200329193456,low_confidence_extrapolation,0.0958839843404403,0.5,2.228677517102143
test_1m:52,test_1m,held_out_observation,52,0.0744864372694551,within_support,0.2096079695549398,0.5,2.286973349550265
test_1m:53,test_1m,held_out_observation,53,0.2051189385226211,within_support,0.0472679003183951,0.5,2.2047503243305977
test_1m:54,test_1m,held_out_observation,54,0.1284716838370641,within_support,0.1837637550370845,0.5,2.2734328491272473
test_1m:55,test_1m,held_out_observation,55,0.1805125973985279,within_support,0.1612727007518068,0.5,2.2617907170129916
test_1m:56,test_1m,held_out_observation,56,0.19936270416727,within_support,0.0580266241536626,0.5,2.2099954035877074
test_1m:57,test_1m,held_out_observation,57,0.0919331060733214,within_support,0.2552687615392328,0.5,2.3113281617801906
test_1m:58,test_1m,held_out_observation,58,0.1728872464931985,within_support,0.0266297775308046,0.5,2.1947674863833173
test_1m:59,test_1m,held_out_observation,59,0.2733557609063129,low_confidence_extrapolation,0.040912372592717,0.5,2.2016651165652608
test_1m:60,test_1m,held_out_observation,60,0.1696866474507875,within_support,0.1576066856341269,0.5,2.259905441764622
test_1m:61,test_1m,held_out_observation,61,0.1867190402717408,within_support,0.2010119095878119,0.5,2.282450201307581
test_1m:62,test_1m,held_out_observation,62,0.2064362438957921,within_support,0.1416448518066685,0.5,2.2517371108298705
test_1m:63,test_1m,held_out_observation,63,0.1174374086240996,within_support,0.2154465672218924,0.5,2.2900566580312844
test_1m:64,test_1m,held_out_observation,64,0.1607669120186116,within_support,0.029179733717453,0.5,2.1959953517576594
test_1m:65,test_1m,held_out_observation,65,0.1297511442551147,within_support,0.166934164044355,0.5,2.2647089637749582
test_1m:66,test_1m,held_out_observation,66,0.2076002194275371,within_support,0.2145977193175545,0.5,2.2896078300615557
test_1m:67,test_1m,held_out_observation,67,0.1317456182457161,within_support,0.2558999825936535,0.5,2.3116687577331883
test_1m:68,test_1m,held_out_observation,68,0.1987842857886433,within_support,0.0462936922725123,0.5,2.2042767713209392
test_1m:69,test_1m,held_out_observation,69,0.2259557478799776,within_support,0.0495978039609376,0.5,2.205883803671707
test_1m:70,test_1m,held_out_observation,70,0.1984771621890975,within_support,0.1665027015289624,0.5,2.2644862720478445
test_1m:71,test_1m,held_out_observation,71,0.2237003938880806,within_support,0.1066116836840889,0.5,2.2340361174231047
test_1m:72,test_1m,held_out_observation,72,0.1842843970153046,within_support,0.0967404663015905,0.5,2.2291042839957558
test_1m:73,test_1m,held_out_observation,73,0.2704567323490657,low_confidence_extrapolation,0.1858511243282206,0.5,2.2745199961959974
test_1m:74,test_1m,held_out_observation,74,0.2784150721312106,low_confidence_extrapolation,0.1893271645031844,0.5,2.2763329129853576
test_1m:75,test_1m,held_out_observation,75,0.2085592251708308,within_support,0.0857237614080536,0.5,2.223628811133267
test_1m:76,test_1m,held_out_observation,76,0.2331784357515534,within_support,0.0873816487969462,0.5,2.224450880159922
test_1m:77,test_1m,held_out_observation,77,0.0736870111380271,within_support,0.1732183374748792,0.5,2.2679578798532507
test_1m:78,test_1m,held_out_observation,78,0.1935027670251045,within_support,0.0868154721276386,0.5,2.2241700629327785
test_1m:79,test_1m,held_out_observation,79,0.0847310776852027,within_support,0.2458419429871786,0.5,2.3062543831234765
test_1m:80,test_1m,held_out_observation,80,0.2491834487398001,within_support,0.1575103342967668,0.5,2.2598559389711914
test_1m:81,test_1m,held_out_observation,81,0.1329484826035272,within_support,0.053282370088219,0.5,2.207679012823499
test_1m:82,test_1m,held_out_observation,82,0.188605134367434,within_support,0.1216677439490917,0.5,2.241605423340111
test_1m:83,test_1m,held_out_observation,83,0.1454434593381826,within_support,0.1580597339614251,0.5,2.2601382381014474
test_1m:84,test_1m,held_out_observation,84,0.1706882648381549,within_support,0.0775403952040577,0.5,2.219581029889649
test_1m:85,test_1m,held_out_observation,85,0.2605971663906866,low_confidence_extrapolation,0.188377617735064,0.5,2.275837367294888
test_1m:86,test_1m,held_out_observation,86,0.0406362024628316,within_support,0.1405335077601866,0.5,2.2511708138793995
test_1m:87,test_1m,held_out_observation,87,0.0392537014030159,within_support,0.3022214662341104,0.5,2.3369587093302746
test_1m:88,test_1m,held_out_observation,88,0.1768970147149926,within_support,0.1209592997152161,0.5,2.2412479800634397
test_1m:89,test_1m,held_out_observation,89,0.1671944975171132,within_support,0.1196317786185599,0.5,2.240578524356992
test_1m:90,test_1m,held_out_observation,90,0.1914188372583624,within_support,0.1078576489264725,0.5,2.2346603554342517
test_1m:91,test_1m,held_out_observation,91,0.1789144225116434,within_support,0.1120480314550739,0.5,2.236762624353514
test_1m:92,test_1m,held_out_observation,92,0.2302708850383105,within_support,0.0967131625038039,0.5,2.2290906762688856
test_1m:93,test_1m,held_out_observation,93,0.2238341381590232,within_support,0.1082628547192446,0.5,2.234863450417384
test_1m:94,test_1m,held_out_observation,94,0.1764304776545021,within_support,0.1856956908411414,0.5,2.27443900396964
test_1m:95,test_1m,held_out_observation,95,0.163645959314613,within_support,0.0985372272480582,0.5,2.2300001661468762
test_1m:96,test_1m,held_out_observation,96,0.0806721761203948,within_support,0.1627370398101076,0.5,2.2625447305287256
test_1m:97,test_1m,held_out_observation,97,0.2413564537977332,within_support,0.1967858878585838,0.5,2.280233635050954
test_1m:98,test_1m,held_out_observation,98,0.2368332746891787,within_support,0.1198962908557737,0.5,2.2407118798049837
test_1m:99,test_1m,held_out_observation,99,0.1795505596497477,within_support,0.1327138902112769,0.5,2.24719513029656
test_1m:100,test_1m,held_out_observation,100,0.2328113029826734,within_support,0.1359211865057061,0.5,2.2488239176019835
test_1m:101,test_1m,held_out_observation,101,0.2084788307307412,within_support,0.226799961042101,0.5,2.2960781090292306
test_1m:102,test_1m,held_out_observation,102,0.1504676222826697,within_support,0.1274857578575983,0.5,2.244545678155682
test_1m:103,test_1m,held_out_observation,103,0.2269278192280927,within_support,0.1248671125904228,0.5,2.243221232537741
test_1m:104,test_1m,held_out_observation,104,0.1596570156897443,within_support,0.0770188508222594,0.5,2.2193236166422277
test_1m:105,test_1m,held_out_observation,105,0.1573658158559221,within_support,0.1475516404841861,0.5,2.254752263211618
test_1m:106,test_1m,held_out_observation,106,0.1371073303128936,within_support,0.1770127722228464,0.5,2.269924550235414
test_1m:107,test_1m,held_out_observation,107,0.1504050880603409,within_support,0.0800174452555563,0.5,2.2208045186919474
test_1m:108,test_1m,held_out_observation,108,0.2296654537751561,within_support,0.1369861796395458,0.5,2.2493653396255193
test_1m:109,test_1m,held_out_observation,109,0.0569912273951,within_support,0.1311797644811771,0.5,2.2464169657899946
test_1m:110,test_1m,held_out_observation,110,0.1378332325674763,within_support,0.1182647335313721,0.5,2.2398896013373544
test_1m:111,test_1m,held_out_observation,111,0.0676546356304936,within_support,0.1375682872517727,0.5,2.2496613938186494
test_1m:112,test_1m,held_out_observation,112,0.2251268934983874,within_support,0.1127351095460414,0.5,2.2371077443996428
test_1m:113,test_1m,held_out_observation,113,0.2092819110710254,within_support,0.1060884920747955,0.5,2.233774110381341
test_1m:114,test_1m,held_out_observation,114,0.1536684743205319,within_support,0.0952809244569928,0.5,2.2283771347101937
test_1m:115,test_1m,held_out_observation,115,0.1693478837741169,within_support,0.149641216039217,0.5,2.255821032503606
test_1m:116,test_1m,held_out_observation,116,0.2028130006693581,within_support,0.1173307394533752,0.5,2.2394191852732384
test_1m:117,test_1m,held_out_observation,117,0.0769025357189214,within_support,0.1727545958391008,0.5,2.2677177765204277
test_1m:118,test_1m,held_out_observation,118,0.1608726726484912,within_support,0.2145185622685078,0.5,2.2895659855148383
test_1m:119,test_1m,held_out_observation,119,0.1819730619524698,within_support,0.0403489843608995,0.5,2.2013920998883743
test_1m:120,test_1m,held_out_observation,120,0.172772566778513,within_support,0.1639428276216554,0.5,2.2631660261259547
test_1m:121,test_1m,held_out_observation,121,0.10321769940602,within_support,0.1609673209533111,0.5,2.2616335412293345
test_1m:122,test_1m,held_out_observation,122,0.12168812596141,within_support,0.0500896565190518,0.5,2.206123254822181
test_1m:123,test_1m,held_out_observation,123,0.136716363456279,within_support,0.167386905780188,0.5,2.2649426900541814
test_1m:124,test_1m,held_out_observation,124,0.2696793400985799,low_confidence_extrapolation,0.0970635751026241,0.5,2.22926532977925
test_1m:125,test_1m,held_out_observation,125,0.1964563565144427,within_support,0.0976771212567387,0.5,2.229571208669772
test_1m:126,test_1m,held_out_observation,126,0.1409839799017792,within_support,0.0853753722062242,0.5,2.223456147807182
test_1m:127,test_1m,held_out_observation,127,0.1792588045886134,within_support,0.0997475340266151,0.5,2.230604090483061
test_1m:128,test_1m,held_out_observation,128,0.2020997746519819,within_support,0.0856309498952789,0.5,2.2235828103722164
test_1m:129,test_1m,held_out_observation,129,0.1035590384786586,within_support,0.1463852769453269,0.5,2.2541561808098063
test_1m:130,test_1m,held_out_observation,130,0.1749042893932722,within_support,0.0542057338867528,0.5,2.2081294163517935
test_1m:131,test_1m,held_out_observation,131,0.2075943211822997,within_support,0.0825356632239719,0.5,2.2220498958347585
test_1m:132,test_1m,held_out_observation,132,0.1858945514633046,within_support,0.1360785585467971,0.5,2.2489039043681363
test_1m:133,test_1m,held_out_observation,133,0.1400122340812996,within_support,0.0609005605508011,0.5,2.21140128312207
test_1m:134,test_1m,held_out_observation,134,0.1081323406811972,within_support,0.1792537100945758,0.5,2.2710877908165745
test_1m:135,test_1m,held_out_observation,135,0.1919374898241612,within_support,0.2488624793869418,0.5,2.307877517699078
test_1m:136,test_1m,held_out_observation,136,0.1585459229089216,within_support,0.2150080095550633,0.5,2.289824747065577
test_1m:137,test_1m,held_out_observation,137,0.2272195520040056,within_support,0.1574127246068322,0.5,2.2598057921008623
test_1m:138,test_1m,held_out_observation,138,0.1035482736817916,within_support,0.2252088425724016,0.5,2.2952321733849743
test_1m:139,test_1m,held_out_observation,139,0.0770454411370329,within_support,0.2193393907530569,0.5,2.2921174285601618
test_1m:140,test_1m,held_out_observation,140,0.1932536833783316,within_support,0.0835677311556593,0.5,2.2225607551295785
test_1m:141,test_1m,held_out_observation,141,0.2322457589127806,within_support,0.1298578142473717,0.5,2.2457469030439565
test_1m:142,test_1m,held_out_observation,142,0.0968642162439077,within_support,0.1419245675722765,0.5,2.251879692490305
test_1m:143,test_1m,held_out_observation,143,0.1441537325945577,within_support,0.0443807003885584,0.5,2.203347555586583
test_1m:144,test_1m,held_out_observation,144,0.1177500582511499,within_support,0.1314261573904862,0.5,2.24654190502586
test_1m:145,test_1m,held_out_observation,145,0.0740070296801283,within_support,0.1047386277779436,0.5,2.2330984336758624
test_1m:146,test_1m,held_out_observation,146,0.2306269245006152,within_support,0.1509896671436621,0.5,2.2565113269174253
test_1m:147,test_1m,held_out_observation,147,0.0855711146372641,within_support,0.1424238250294742,0.5,2.252134232384927
test_1m:148,test_1m,held_out_observation,148,0.2206969369493371,within_support,0.1155996843296299,0.5,2.2385479016025887
test_1m:149,test_1m,held_out_observation,149,0.1557204871729492,within_support,0.1666145077071057,0.5,2.264543974212768
test_1m:150,test_1m,held_out_observation,150,0.2480747465687506,within_support,0.1605366875187629,0.5,2.261411939490133
test_1m:151,test_1m,held_out_observation,151,0.097319549749156,within_support,0.1287299639151529,0.5,2.245175574591393
test_1m:152,test_1m,held_out_observation,152,0.2231583889376041,within_support,0.037856908212201,0.5,2.200185367421313
test_1m:153,test_1m,held_out_observation,153,0.1530499161778243,within_support,0.0741755912541864,0.5,2.2179214783894885
test_1m:154,test_1m,held_out_observation,154,0.2367403641122485,within_support,0.1314804189405433,0.5,2.246569421670714
test_1m:155,test_1m,held_out_observation,155,0.1759233158524455,within_support,0.0431489395231996,0.5,2.202749710887865
test_1m:156,test_1m,held_out_observation,156,0.1034214677907831,within_support,0.1481222518268912,0.5,2.2550440068204036
test_1m:157,test_1m,held_out_observation,157,0.1411269042443228,within_support,0.0810016113204998,0.5,2.2212910484138444
test_1m:158,test_1m,held_out_observation,158,0.1491375204299709,within_support,0.113675900309377,0.5,2.2375804969450295
test_1m:159,test_1m,held_out_observation,159,0.1146397461639272,within_support,0.1461512313846382,0.5,2.254036611225339
test_1m:160,test_1m,held_out_observation,160,0.2190046527749762,within_support,0.0787676114614704,0.5,2.220186999154239
test_1m:161,test_1m,held_out_observation,161,0.1325603182849016,within_support,0.1582745410286842,0.5,2.260248633936122
test_1m:162,test_1m,held_out_observation,162,0.1855824540565731,within_support,0.1532096046390604,0.5,2.2576487639113836
test_1m:163,test_1m,held_out_observation,163,0.1369388691569131,within_support,0.0766900695184233,0.5,2.219161377959384
test_1m:164,test_1m,held_out_observation,164,0.1621400472454709,within_support,0.0667996996737639,0.5,2.2142933760232815
test_1m:165,test_1m,held_out_observation,165,0.2001253497192975,within_support,0.0441894475232758,0.5,2.2032547053753615
test_1m:166,test_1m,held_out_observation,166,0.2148943801758042,within_support,0.1317994936711542,0.5,2.2467312431731
test_1m:167,test_1m,held_out_observation,167,0.2056321096304921,within_support,0.0722310999327972,0.5,2.2169637100102144
test_1m:168,test_1m,held_out_observation,168,0.2159259132202524,within_support,0.117333879475313,0.5,2.2394207664107184
test_1m:169,test_1m,held_out_observation,169,0.150705009870276,within_support,0.08532372085703,0.5,2.2234305517157544
test_1m:170,test_1m,held_out_observation,170,0.1743586809248935,within_support,0.1457458297680197,0.5,2.25382953208109
test_1m:171,test_1m,held_out_observation,171,0.2384552101031817,within_support,0.1456071459899895,0.5,2.2537587020429513
test_1m:172,test_1m,held_out_observation,172,0.2013845433975211,within_support,0.0528113172780034,0.5,2.2074493201515866
test_1m:173,test_1m,held_out_observation,173,0.2059665119569211,within_support,0.1233055442954947,0.5,2.2424322551405877
test_1m:174,test_1m,held_out_observation,174,0.2060777713914712,within_support,0.1768592029267563,0.5,2.269844882197904
test_1m:175,test_1m,held_out_observation,175,0.0910364777098284,within_support,0.1677638840328453,0.5,2.2651373440827465
test_1m:176,test_1m,held_out_observation,176,0.2498567117023081,within_support,0.0516332405053105,0.5,2.2068751083854137
test_1m:177,test_1m,held_out_observation,177,0.1759938129365446,within_support,0.159689582308983,0.5,2.260976162750418
test_1m:178,test_1m,held_out_observation,178,0.2290633100258529,within_support,0.1127507255277387,0.5,2.2371155897016894
test_1m:179,test_1m,held_out_observation,179,0.1951919225310209,within_support,0.0953909017330164,0.5,2.228431907322323
test_1m:180,test_1m,held_out_observation,180,0.1616715759351989,within_support,0.1832160108304145,0.5,2.2731477599832672
test_1m:181,test_1m,held_out_observation,181,0.2394869516278496,within_support,0.1019726835096529,0.5,2.2317153596697397
test_1m:182,test_1m,held_out_observation,182,0.179503529934657,within_support,0.1329759206253629,0.5,2.2473281013691953
test_1m:183,test_1m,held_out_observation,183,0.117337121150981,within_support,0.1597003185123915,0.5,2.2609816846259476
test_1m:184,test_1m,held_out_observation,184,0.1215829773316395,within_support,0.1361144924206847,0.5,2.248922169196196
test_1m:185,test_1m,held_out_observation,185,0.0475887748353313,within_support,0.2022944049938174,0.5,2.2831238024518044
test_1m:186,test_1m,held_out_observation,186,0.1180423652762007,within_support,0.2038994310315579,0.5,2.283967414149581
test_1m:187,test_1m,held_out_observation,187,0.137058616817942,within_support,0.1536986245716857,0.5,2.2578994944675914
test_1m:188,test_1m,held_out_observation,188,0.2968334629055395,low_confidence_extrapolation,0.0942448207905983,0.5,2.2278612658943824
test_1m:189,test_1m,held_out_observation,189,0.1656215278081962,within_support,0.1678125838214418,0.5,2.2651624930637
test_1m:190,test_1m,held_out_observation,190,0.1736768336631426,within_support,0.1138035213609079,0.5,2.2376446443581246
test_1m:191,test_1m,held_out_observation,191,0.1109011512547724,within_support,0.1514813434949058,0.5,2.2567631399815924
test_1m:192,test_1m,held_out_observation,192,0.1992385504865963,within_support,0.0316216719392136,0.5,2.1971726722198075
test_1m:193,test_1m,held_out_observation,193,0.1082855182338103,within_support,0.1242386300791099,0.5,2.242903619680138
test_1m:194,test_1m,held_out_observation,194,0.1532383763944267,within_support,0.1780975776038295,0.5,2.270487495300518
test_1m:195,test_1m,held_out_observation,195,0.2195278017861481,within_support,0.1246564443122084,0.5,2.243114757111849
test_1m:196,test_1m,held_out_observation,196,0.2377014934744837,within_support,0.0840052517802558,0.5,2.2227774013419204
test_1m:197,test_1m,held_out_observation,197,0.170600764175347,within_support,0.1836527412442963,0.5,2.2733750625137774
test_1m:198,test_1m,held_out_observation,198,0.1156723558579384,within_support,0.1815212282570422,0.5,2.2722661562731137
test_1m:199,test_1m,held_out_observation,199,0.1537380008404947,within_support,0.024997392372681,0.5,2.1939822750448674
test_1m:200,test_1m,held_out_observation,200,0.223006638937183,within_support,0.0974550156229296,0.5,2.2294604687150814
test_1m:201,test_1m,held_out_observation,201,0.1646120996815841,within_support,0.141247145992459,0.5,2.2515344195275055
test_1m:202,test_1m,held_out_observation,202,0.1616972479666862,within_support,0.1890017765173757,0.5,2.276163074299472
test_1m:203,test_1m,held_out_observation,203,0.2408814940748465,within_support,0.0660401103916388,0.5,2.213920503575425
test_1m:204,test_1m,held_out_observation,204,0.1780960042234876,within_support,0.0417709705347943,0.5,2.2020813391485916
test_1m:205,test_1m,held_out_observation,205,0.1634318008133075,within_support,0.1063566284258091,0.5,2.2339083807542357
test_1m:206,test_1m,held_out_observation,206,0.2331589145277703,within_support,0.0906367319644091,0.5,2.2260669078621413
test_1m:207,test_1m,held_out_observation,207,0.1293676930303698,within_support,0.0900787042106994,0.5,2.225789681009922
test_1m:208,test_1m,held_out_observation,208,0.0778331548891601,within_support,0.2092016191589349,0.5,2.28675909457018
test_1m:209,test_1m,held_out_observation,209,0.1612513565834408,within_support,0.1556555002083469,0.5,2.2589034385052864
test_1m:210,test_1m,held_out_observation,210,0.217746635030594,within_support,0.1412250184261175,0.5,2.2515231433672085
test_1m:211,test_1m,held_out_observation,211,0.1974612939242368,within_support,0.1495136748035179,0.5,2.2557557661252963
test_1m:212,test_1m,held_out_observation,212,0.1507362601327812,within_support,0.1392747645636426,0.5,2.2505297880865838
test_1m:213,test_1m,held_out_observation,213,0.1958009193032556,within_support,0.2156165965999078,0.5,2.290146583895152
test_1m:214,test_1m,held_out_observation,214,0.1514208586837691,within_support,0.1328687211968738,0.5,2.2472736993838356
test_1m:215,test_1m,held_out_observation,215,0.1526122739978397,within_support,0.1992075512378912,0.5,2.281503234736534
test_1m:216,test_1m,held_out_observation,216,0.0975499871860575,within_support,0.1935281046936179,0.5,2.2785281080868285
test_1m:217,test_1m,held_out_observation,217,0.0629603049547887,within_support,0.1745761784266889,0.5,2.2686612254690335
test_1m:218,test_1m,held_out_observation,218,0.1208463897089408,within_support,0.2521374320186768,0.5,2.30964013898105
test_1m:219,test_1m,held_out_observation,219,0.1900850315904789,within_support,0.0458555851190306,0.5,2.2040638868954106
test_1m:220,test_1m,held_out_observation,220,0.192366707527209,within_support,0.1082380579439074,0.5,2.234851020734202
test_1m:221,test_1m,held_out_observation,221,0.1235951063100139,within_support,0.1091379074247508,0.5,2.2353021798466246
test_1m:222,test_1m,held_out_observation,222,0.1852781692482954,within_support,0.1159319614272937,0.5,2.2387150865611343
test_1m:223,test_1m,held_out_observation,223,0.1818969360676618,within_support,0.1111648958971321,0.5,2.236319198537042
test_1m:224,test_1m,held_out_observation,224,0.1073332114260616,within_support,0.1586037992188271,0.5,2.260417872674721
test_1m:225,test_1m,held_out_observation,225,0.243751024586697,within_support,0.0766486984325446,0.5,2.219140965091289
test_1m:226,test_1m,held_out_observation,226,0.1961463359760986,within_support,0.0455484165273533,0.5,2.203914655763093
test_1m:227,test_1m,held_out_observation,227,0.2081682012219926,within_support,0.1831197415096491,0.5,2.2730976619276513
test_1m:228,test_1m,held_out_observation,228,0.1115813340992442,within_support,0.1618834170342327,0.5,2.262105118284867
test_1m:229,test_1m,held_out_observation,229,0.1913877536407186,within_support,0.1726903160897826,0.5,2.2676844999206733
test_1m:230,test_1m,held_out_observation,230,0.219323917281349,within_support,0.0792529862935683,0.5,2.2204267679636276
test_1m:231,test_1m,held_out_observation,231,0.2048483543818343,within_support,0.1338228814563521,0.5,2.247758022909663
test_1m:232,test_1m,held_out_observation,232,0.2158648881319203,within_support,0.0556435555678442,0.5,2.2088311791415025
test_1m:233,test_1m,held_out_observation,233,0.1474168820164518,within_support,0.1732226120733251,0.5,2.2679600932957054
test_1m:234,test_1m,held_out_observation,234,0.1045003646588844,within_support,0.2357993270792007,0.5,2.3008754095635675
test_1m:235,test_1m,held_out_observation,235,0.0756073792106724,within_support,0.1018745173940148,0.5,2.2316663081351193
test_1m:236,test_1m,held_out_observation,236,0.1782538892299469,within_support,0.1057269020871901,0.5,2.2335930712216525
test_1m:237,test_1m,held_out_observation,237,0.2551401877301295,within_support,0.2221377590455278,0.5,2.293601299887717
test_1m:238,test_1m,held_out_observation,238,0.2104374352780861,within_support,0.2401207077929913,0.5,2.303186694767013
test_1m:239,test_1m,held_out_observation,239,0.2389811708064047,within_support,0.0170953365558576,0.5,2.1901902683151286
test_1m:240,test_1m,held_out_observation,240,0.1458531993561562,within_support,0.0657928441883766,0.5,2.2137991543787314
test_1m:241,test_1m,held_out_observation,241,0.1067585761587308,within_support,0.1990067935514495,0.5,2.2813979255351193
test_1m:242,test_1m,held_out_observation,242,0.1912926995504546,within_support,0.0812892027304546,0.5,2.221433266547664
test_1m:243,test_1m,held_out_observation,243,0.2456657140638268,within_support,0.0481141130520813,0.5,2.2051618473126005
test_1m:244,test_1m,held_out_observation,244,0.2663828575651294,low_confidence_extrapolation,0.0743205207769012,0.5,2.2179929014056845
test_1m:245,test_1m,held_out_observation,245,0.2287464332205458,within_support,0.0454526859686955,0.5,2.2038681518523404
test_1m:246,test_1m,held_out_observation,246,0.1176520293067654,within_support,0.1341708664895429,0.5,2.2479347146227227
test_1m:247,test_1m,held_out_observation,247,0.1603223013613003,within_support,0.1741542999023234,0.5,2.2684426462280136
test_1m:248,test_1m,held_out_observation,248,0.2962367195322364,low_confidence_extrapolation,0.199040741891697,0.5,2.2814157326914826
test_1m:249,test_1m,held_out_observation,249,0.2030861885998159,within_support,0.1154744475874094,0.5,2.238484896041874
test_1m:250,test_1m,held_out_observation,250,0.0920050073519604,within_support,0.1327215708060684,0.5,2.2471990276761487
test_1m:251,test_1m,held_out_observation,251,0.1530014045457891,within_support,0.1588814974914695,0.5,2.260560631271577
test_1m:252,test_1m,held_out_observation,252,0.1383628179624845,within_support,0.0552909329062107,0.5,2.2086590266380006
test_1m:253,test_1m,held_out_observation,253,0.241321326857707,within_support,0.0407396176182309,0.5,2.2015813917152856
test_1m:254,test_1m,held_out_observation,254,0.1573022568178855,within_support,0.0697780771401772,0.5,2.2157567896181236
test_1m:255,test_1m,held_out_observation,255,0.1600562757583191,within_support,0.1513864849830635,0.5,2.256714553178125
test_1m:256,test_1m,held_out_observation,256,0.0834174616235692,within_support,0.2099809032302185,0.5,2.2871700233229846
test_60m:1,test_60m,cross_scale_observation,1,0.0962067301498045,within_support,0.1663000787217435,0.5,2.264381708455609
test_60m:2,test_60m,cross_scale_observation,2,0.1447000444235756,within_support,0.0445035657564104,0.5,2.203407209444546
test_60m:3,test_60m,cross_scale_observation,3,0.109077953776187,within_support,0.0693900245877041,0.5,2.2155659980868236
test_60m:4,test_60m,cross_scale_observation,4,0.2464671023461137,within_support,0.1330044107626895,0.5,2.2473425601460124
test_60m:5,test_60m,cross_scale_observation,5,0.1366417837007301,within_support,0.1194710701827355,0.5,2.24049751083743
test_60m:6,test_60m,cross_scale_observation,6,0.1874951275853502,within_support,0.0463007780032796,0.5,2.204280214792713
test_60m:7,test_60m,cross_scale_observation,7,0.0119230170894238,within_support,0.2694304960797549,0.5,2.318995496423997
test_60m:8,test_60m,cross_scale_observation,8,0.1395492744517147,within_support,0.1944182019399757,0.5,2.278993819369987
test_60m:9,test_60m,cross_scale_observation,9,0.1500050690510789,within_support,0.1310937272797501,0.5,2.2463733422583534
test_60m:10,test_60m,cross_scale_observation,10,0.0388594235100866,within_support,0.2020899088234411,0.5,2.283016366604704
test_60m:11,test_60m,cross_scale_observation,11,0.095894921701727,within_support,0.1519795786130907,0.5,2.2570183752891584
test_60m:12,test_60m,cross_scale_observation,12,0.0541103038990829,within_support,0.1222357223902338,0.5,2.2418920865101737
test_60m:13,test_60m,cross_scale_observation,13,0.2441407718227662,within_support,0.1494657958200776,0.5,2.255731266199531
test_60m:14,test_60m,cross_scale_observation,14,0.1053365905542016,within_support,0.1998028619933337,0.5,2.281815572358711
test_60m:15,test_60m,cross_scale_observation,15,0.1715632651179206,within_support,0.1118716266998599,0.5,2.236674035186125
test_60m:16,test_60m,cross_scale_observation,16,0.1357481356229022,within_support,0.1615575431879804,0.5,2.261937344065397
test_60m:17,test_60m,cross_scale_observation,17,0.2263054419122246,within_support,0.097776298968219,0.5,2.2296206617938408
test_60m:18,test_60m,cross_scale_observation,18,0.2780183598129632,low_confidence_extrapolation,0.062782622613283,0.5,2.2123230503247515
test_60m:19,test_60m,cross_scale_observation,19,0.1499975178661721,within_support,0.1993385382915164,0.5,2.2815719508406844
test_60m:20,test_60m,cross_scale_observation,20,0.1727494147783204,within_support,0.1618639428664457,0.5,2.2620950913569127
test_60m:21,test_60m,cross_scale_observation,21,0.1709856202508937,within_support,0.109393124987472,0.5,2.235430175678276
test_60m:22,test_60m,cross_scale_observation,22,0.2225695472432751,within_support,0.1567276576366627,0.5,2.259453908559855
test_60m:23,test_60m,cross_scale_observation,23,0.2736927594133886,low_confidence_extrapolation,0.0887142254650218,0.5,2.225112136948437
test_60m:24,test_60m,cross_scale_observation,24,0.2009527307602461,within_support,0.1613802454274623,0.5,2.2618460748454092
test_60m:25,test_60m,cross_scale_observation,25,0.1914471206364827,within_support,0.0686189445988082,0.5,2.2151869955363814
test_60m:26,test_60m,cross_scale_observation,26,0.0808060684662813,within_support,0.2473590256228923,0.5,2.307069305844525
test_60m:27,test_60m,cross_scale_observation,27,0.2290196498119757,within_support,0.1473660378494784,0.5,2.254657385766569
test_60m:28,test_60m,cross_scale_observation,28,0.1928012122435378,within_support,0.0367956959992946,0.5,2.199671955307002
test_60m:29,test_60m,cross_scale_observation,29,0.0937151900162594,within_support,0.1598497604956291,0.5,2.261058549141698
test_60m:30,test_60m,cross_scale_observation,30,0.2054114193646907,within_support,0.1441249712211113,0.5,2.253002016816658
test_60m:31,test_60m,cross_scale_observation,31,0.2287443988385289,within_support,0.1853702389983119,0.5,2.2742694401188333
test_60m:32,test_60m,cross_scale_observation,32,0.1916298515367582,within_support,0.0481476201874295,0.5,2.2051781458017903
test_60m:33,test_60m,cross_scale_observation,33,0.2332777803673195,within_support,0.0384569505361568,0.5,2.200475787154368
test_60m:34,test_60m,cross_scale_observation,34,0.205655050995593,within_support,0.1720319613037646,0.5,2.267343741726008
test_60m:35,test_60m,cross_scale_observation,35,0.2620859861366003,low_confidence_extrapolation,0.0290787396881388,0.5,2.195946690918202
test_60m:36,test_60m,cross_scale_observation,36,0.1736087555395752,within_support,0.0502481279320462,0.5,2.206200416831961
test_60m:37,test_60m,cross_scale_observation,37,0.1882073324820263,within_support,0.1298772062426836,0.5,2.2457567291496883
test_60m:38,test_60m,cross_scale_observation,38,0.1915512531771288,within_support,0.1783097281968045,0.5,2.270597623679229
test_60m:39,test_60m,cross_scale_observation,39,0.1770550013145845,within_support,0.1319412232044514,0.5,2.2468031308096506
test_60m:40,test_60m,cross_scale_observation,40,0.2195674537987935,within_support,0.0400414065834946,0.5,2.2012430808369805
test_60m:41,test_60m,cross_scale_observation,41,0.208794356782142,within_support,0.0371430868200744,0.5,2.199839992223888
test_60m:42,test_60m,cross_scale_observation,42,0.1066374889853317,within_support,0.1920904515586856,0.5,2.277776345528582
test_60m:43,test_60m,cross_scale_observation,43,0.1843940344336266,within_support,0.198738959588809,0.5,2.281257447343631
test_60m:44,test_60m,cross_scale_observation,44,0.1976158795528489,within_support,0.0891562410526895,0.5,2.225331573106196
test_60m:45,test_60m,cross_scale_observation,45,0.2429897117163605,within_support,0.0457636152962642,0.5,2.204019202967568
test_60m:46,test_60m,cross_scale_observation,46,0.1074345185654172,within_support,0.0999528252798867,0.5,2.230706563896065
test_60m:47,test_60m,cross_scale_observation,47,0.2187443345889113,within_support,0.0761147577211229,0.5,2.218877551801361
test_60m:48,test_60m,cross_scale_observation,48,0.2072483557378226,within_support,0.1050741823934287,0.5,2.233266353479486
test_60m:49,test_60m,cross_scale_observation,49,0.0870057469366247,within_support,0.1763320106470655,0.5,2.269571434132165
test_60m:50,test_60m,cross_scale_observation,50,0.2424324404920217,within_support,0.0687044968342241,0.5,2.2152290391105725
test_60m:51,test_60m,cross_scale_observation,51,0.2673200329193456,low_confidence_extrapolation,0.0958839843404403,0.5,2.228677517102143
test_60m:52,test_60m,cross_scale_observation,52,0.0744864372694551,within_support,0.2096079695549398,0.5,2.286973349550265
test_60m:53,test_60m,cross_scale_observation,53,0.2051189385226211,within_support,0.0472679003183951,0.5,2.2047503243305977
test_60m:54,test_60m,cross_scale_observation,54,0.1284716838370641,within_support,0.1837637550370845,0.5,2.2734328491272473
test_60m:55,test_60m,cross_scale_observation,55,0.1805125973985279,within_support,0.1612727007518068,0.5,2.2617907170129916
test_60m:56,test_60m,cross_scale_observation,56,0.19936270416727,within_support,0.0580266241536626,0.5,2.2099954035877074
test_60m:57,test_60m,cross_scale_observation,57,0.0919331060733214,within_support,0.2552687615392328,0.5,2.3113281617801906
test_60m:58,test_60m,cross_scale_observation,58,0.1728872464931985,within_support,0.0266297775308046,0.5,2.1947674863833173
test_60m:59,test_60m,cross_scale_observation,59,0.2733557609063129,low_confidence_extrapolation,0.040912372592717,0.5,2.2016651165652608
test_60m:60,test_60m,cross_scale_observation,60,0.1696866474507875,within_support,0.1576066856341269,0.5,2.259905441764622
test_60m:61,test_60m,cross_scale_observation,61,0.1867190402717408,within_support,0.2010119095878119,0.5,2.282450201307581
test_60m:62,test_60m,cross_scale_observation,62,0.2064362438957921,within_support,0.1416448518066685,0.5,2.2517371108298705
test_60m:63,test_60m,cross_scale_observation,63,0.1174374086240996,within_support,0.2154465672218924,0.5,2.2900566580312844
test_60m:64,test_60m,cross_scale_observation,64,0.1607669120186116,within_support,0.029179733717453,0.5,2.1959953517576594
test_60m:65,test_60m,cross_scale_observation,65,0.1297511442551147,within_support,0.166934164044355,0.5,2.2647089637749582
test_60m:66,test_60m,cross_scale_observation,66,0.2076002194275371,within_support,0.2145977193175545,0.5,2.2896078300615557
test_60m:67,test_60m,cross_scale_observation,67,0.1317456182457161,within_support,0.2558999825936535,0.5,2.3116687577331883
test_60m:68,test_60m,cross_scale_observation,68,0.1987842857886433,within_support,0.0462936922725123,0.5,2.2042767713209392
test_60m:69,test_60m,cross_scale_observation,69,0.2259557478799776,within_support,0.0495978039609376,0.5,2.205883803671707
test_60m:70,test_60m,cross_scale_observation,70,0.1984771621890975,within_support,0.1665027015289624,0.5,2.2644862720478445
test_60m:71,test_60m,cross_scale_observation,71,0.2237003938880806,within_support,0.1066116836840889,0.5,2.2340361174231047
test_60m:72,test_60m,cross_scale_observation,72,0.1842843970153046,within_support,0.0967404663015905,0.5,2.2291042839957558
test_60m:73,test_60m,cross_scale_observation,73,0.2704567323490657,low_confidence_extrapolation,0.1858511243282206,0.5,2.2745199961959974
test_60m:74,test_60m,cross_scale_observation,74,0.2784150721312106,low_confidence_extrapolation,0.1893271645031844,0.5,2.2763329129853576
test_60m:75,test_60m,cross_scale_observation,75,0.2085592251708308,within_support,0.0857237614080536,0.5,2.223628811133267
test_60m:76,test_60m,cross_scale_observation,76,0.2331784357515534,within_support,0.0873816487969462,0.5,2.224450880159922
test_60m:77,test_60m,cross_scale_observation,77,0.0736870111380271,within_support,0.1732183374748792,0.5,2.2679578798532507
test_60m:78,test_60m,cross_scale_observation,78,0.1935027670251045,within_support,0.0868154721276386,0.5,2.2241700629327785
test_60m:79,test_60m,cross_scale_observation,79,0.0847310776852027,within_support,0.2458419429871786,0.5,2.3062543831234765
test_60m:80,test_60m,cross_scale_observation,80,0.2491834487398001,within_support,0.1575103342967668,0.5,2.2598559389711914
test_60m:81,test_60m,cross_scale_observation,81,0.1329484826035272,within_support,0.053282370088219,0.5,2.207679012823499
test_60m:82,test_60m,cross_scale_observation,82,0.188605134367434,within_support,0.1216677439490917,0.5,2.241605423340111
test_60m:83,test_60m,cross_scale_observation,83,0.1454434593381826,within_support,0.1580597339614251,0.5,2.2601382381014474
test_60m:84,test_60m,cross_scale_observation,84,0.1706882648381549,within_support,0.0775403952040577,0.5,2.219581029889649
test_60m:85,test_60m,cross_scale_observation,85,0.2605971663906866,low_confidence_extrapolation,0.188377617735064,0.5,2.275837367294888
test_60m:86,test_60m,cross_scale_observation,86,0.0406362024628316,within_support,0.1405335077601866,0.5,2.2511708138793995
test_60m:87,test_60m,cross_scale_observation,87,0.0392537014030159,within_support,0.3022214662341104,0.5,2.3369587093302746
test_60m:88,test_60m,cross_scale_observation,88,0.1768970147149926,within_support,0.1209592997152161,0.5,2.2412479800634397
test_60m:89,test_60m,cross_scale_observation,89,0.1671944975171132,within_support,0.1196317786185599,0.5,2.240578524356992
test_60m:90,test_60m,cross_scale_observation,90,0.1914188372583624,within_support,0.1078576489264725,0.5,2.2346603554342517
test_60m:91,test_60m,cross_scale_observation,91,0.1789144225116434,within_support,0.1120480314550739,0.5,2.236762624353514
test_60m:92,test_60m,cross_scale_observation,92,0.2302708850383105,within_support,0.0967131625038039,0.5,2.2290906762688856
test_60m:93,test_60m,cross_scale_observation,93,0.2238341381590232,within_support,0.1082628547192446,0.5,2.234863450417384
test_60m:94,test_60m,cross_scale_observation,94,0.1764304776545021,within_support,0.1856956908411414,0.5,2.27443900396964
test_60m:95,test_60m,cross_scale_observation,95,0.163645959314613,within_support,0.0985372272480582,0.5,2.2300001661468762
test_60m:96,test_60m,cross_scale_observation,96,0.0806721761203948,within_support,0.1627370398101076,0.5,2.2625447305287256
test_60m:97,test_60m,cross_scale_observation,97,0.2413564537977332,within_support,0.1967858878585838,0.5,2.280233635050954
test_60m:98,test_60m,cross_scale_observation,98,0.2368332746891787,within_support,0.1198962908557737,0.5,2.2407118798049837
test_60m:99,test_60m,cross_scale_observation,99,0.1795505596497477,within_support,0.1327138902112769,0.5,2.24719513029656
test_60m:100,test_60m,cross_scale_observation,100,0.2328113029826734,within_support,0.1359211865057061,0.5,2.2488239176019835
test_60m:101,test_60m,cross_scale_observation,101,0.2084788307307412,within_support,0.226799961042101,0.5,2.2960781090292306
test_60m:102,test_60m,cross_scale_observation,102,0.1504676222826697,within_support,0.1274857578575983,0.5,2.244545678155682
test_60m:103,test_60m,cross_scale_observation,103,0.2269278192280927,within_support,0.1248671125904228,0.5,2.243221232537741
test_60m:104,test_60m,cross_scale_observation,104,0.1596570156897443,within_support,0.0770188508222594,0.5,2.2193236166422277
test_60m:105,test_60m,cross_scale_observation,105,0.1573658158559221,within_support,0.1475516404841861,0.5,2.254752263211618
test_60m:106,test_60m,cross_scale_observation,106,0.1371073303128936,within_support,0.1770127722228464,0.5,2.269924550235414
test_60m:107,test_60m,cross_scale_observation,107,0.1504050880603409,within_support,0.0800174452555563,0.5,2.2208045186919474
test_60m:108,test_60m,cross_scale_observation,108,0.2296654537751561,within_support,0.1369861796395458,0.5,2.2493653396255193
test_60m:109,test_60m,cross_scale_observation,109,0.0569912273951,within_support,0.1311797644811771,0.5,2.2464169657899946
test_60m:110,test_60m,cross_scale_observation,110,0.1378332325674763,within_support,0.1182647335313721,0.5,2.2398896013373544
test_60m:111,test_60m,cross_scale_observation,111,0.0676546356304936,within_support,0.1375682872517727,0.5,2.2496613938186494
test_60m:112,test_60m,cross_scale_observation,112,0.2251268934983874,within_support,0.1127351095460414,0.5,2.2371077443996428
test_60m:113,test_60m,cross_scale_observation,113,0.2092819110710254,within_support,0.1060884920747955,0.5,2.233774110381341
test_60m:114,test_60m,cross_scale_observation,114,0.1536684743205319,within_support,0.0952809244569928,0.5,2.2283771347101937
test_60m:115,test_60m,cross_scale_observation,115,0.1693478837741169,within_support,0.149641216039217,0.5,2.255821032503606
test_60m:116,test_60m,cross_scale_observation,116,0.2028130006693581,within_support,0.1173307394533752,0.5,2.2394191852732384
test_60m:117,test_60m,cross_scale_observation,117,0.0769025357189214,within_support,0.1727545958391008,0.5,2.2677177765204277
test_60m:118,test_60m,cross_scale_observation,118,0.1608726726484912,within_support,0.2145185622685078,0.5,2.2895659855148383
test_60m:119,test_60m,cross_scale_observation,119,0.1819730619524698,within_support,0.0403489843608995,0.5,2.2013920998883743
test_60m:120,test_60m,cross_scale_observation,120,0.172772566778513,within_support,0.1639428276216554,0.5,2.2631660261259547
test_60m:121,test_60m,cross_scale_observation,121,0.10321769940602,within_support,0.1609673209533111,0.5,2.2616335412293345
test_60m:122,test_60m,cross_scale_observation,122,0.12168812596141,within_support,0.0500896565190518,0.5,2.206123254822181
test_60m:123,test_60m,cross_scale_observation,123,0.136716363456279,within_support,0.167386905780188,0.5,2.2649426900541814
test_60m:124,test_60m,cross_scale_observation,124,0.2696793400985799,low_confidence_extrapolation,0.0970635751026241,0.5,2.22926532977925
test_60m:125,test_60m,cross_scale_observation,125,0.1964563565144427,within_support,0.0976771212567387,0.5,2.229571208669772
test_60m:126,test_60m,cross_scale_observation,126,0.1409839799017792,within_support,0.0853753722062242,0.5,2.223456147807182
test_60m:127,test_60m,cross_scale_observation,127,0.1792588045886134,within_support,0.0997475340266151,0.5,2.230604090483061
test_60m:128,test_60m,cross_scale_observation,128,0.2020997746519819,within_support,0.0856309498952789,0.5,2.2235828103722164
test_60m:129,test_60m,cross_scale_observation,129,0.1035590384786586,within_support,0.1463852769453269,0.5,2.2541561808098063
test_60m:130,test_60m,cross_scale_observation,130,0.1749042893932722,within_support,0.0542057338867528,0.5,2.2081294163517935
test_60m:131,test_60m,cross_scale_observation,131,0.2075943211822997,within_support,0.0825356632239719,0.5,2.2220498958347585
test_60m:132,test_60m,cross_scale_observation,132,0.1858945514633046,within_support,0.1360785585467971,0.5,2.2489039043681363
test_60m:133,test_60m,cross_scale_observation,133,0.1400122340812996,within_support,0.0609005605508011,0.5,2.21140128312207
test_60m:134,test_60m,cross_scale_observation,134,0.1081323406811972,within_support,0.1792537100945758,0.5,2.2710877908165745
test_60m:135,test_60m,cross_scale_observation,135,0.1919374898241612,within_support,0.2488624793869418,0.5,2.307877517699078
test_60m:136,test_60m,cross_scale_observation,136,0.1585459229089216,within_support,0.2150080095550633,0.5,2.289824747065577
test_60m:137,test_60m,cross_scale_observation,137,0.2272195520040056,within_support,0.1574127246068322,0.5,2.2598057921008623
test_60m:138,test_60m,cross_scale_observation,138,0.1035482736817916,within_support,0.2252088425724016,0.5,2.2952321733849743
test_60m:139,test_60m,cross_scale_observation,139,0.0770454411370329,within_support,0.2193393907530569,0.5,2.2921174285601618
test_60m:140,test_60m,cross_scale_observation,140,0.1932536833783316,within_support,0.0835677311556593,0.5,2.2225607551295785
test_60m:141,test_60m,cross_scale_observation,141,0.2322457589127806,within_support,0.1298578142473717,0.5,2.2457469030439565
test_60m:142,test_60m,cross_scale_observation,142,0.0968642162439077,within_support,0.1419245675722765,0.5,2.251879692490305
test_60m:143,test_60m,cross_scale_observation,143,0.1441537325945577,within_support,0.0443807003885584,0.5,2.203347555586583
test_60m:144,test_60m,cross_scale_observation,144,0.1177500582511499,within_support,0.1314261573904862,0.5,2.24654190502586
test_60m:145,test_60m,cross_scale_observation,145,0.0740070296801283,within_support,0.1047386277779436,0.5,2.2330984336758624
test_60m:146,test_60m,cross_scale_observation,146,0.2306269245006152,within_support,0.1509896671436621,0.5,2.2565113269174253
test_60m:147,test_60m,cross_scale_observation,147,0.0855711146372641,within_support,0.1424238250294742,0.5,2.252134232384927
test_60m:148,test_60m,cross_scale_observation,148,0.2206969369493371,within_support,0.1155996843296299,0.5,2.2385479016025887
test_60m:149,test_60m,cross_scale_observation,149,0.1557204871729492,within_support,0.1666145077071057,0.5,2.264543974212768
test_60m:150,test_60m,cross_scale_observation,150,0.2480747465687506,within_support,0.1605366875187629,0.5,2.261411939490133
test_60m:151,test_60m,cross_scale_observation,151,0.097319549749156,within_support,0.1287299639151529,0.5,2.245175574591393
test_60m:152,test_60m,cross_scale_observation,152,0.2231583889376041,within_support,0.037856908212201,0.5,2.200185367421313
test_60m:153,test_60m,cross_scale_observation,153,0.1530499161778243,within_support,0.0741755912541864,0.5,2.2179214783894885
test_60m:154,test_60m,cross_scale_observation,154,0.2367403641122485,within_support,0.1314804189405433,0.5,2.246569421670714
test_60m:155,test_60m,cross_scale_observation,155,0.1759233158524455,within_support,0.0431489395231996,0.5,2.202749710887865
test_60m:156,test_60m,cross_scale_observation,156,0.1034214677907831,within_support,0.1481222518268912,0.5,2.2550440068204036
test_60m:157,test_60m,cross_scale_observation,157,0.1411269042443228,within_support,0.0810016113204998,0.5,2.2212910484138444
test_60m:158,test_60m,cross_scale_observation,158,0.1491375204299709,within_support,0.113675900309377,0.5,2.2375804969450295
test_60m:159,test_60m,cross_scale_observation,159,0.1146397461639272,within_support,0.1461512313846382,0.5,2.254036611225339
test_60m:160,test_60m,cross_scale_observation,160,0.2190046527749762,within_support,0.0787676114614704,0.5,2.220186999154239
test_60m:161,test_60m,cross_scale_observation,161,0.1325603182849016,within_support,0.1582745410286842,0.5,2.260248633936122
test_60m:162,test_60m,cross_scale_observation,162,0.1855824540565731,within_support,0.1532096046390604,0.5,2.2576487639113836
test_60m:163,test_60m,cross_scale_observation,163,0.1369388691569131,within_support,0.0766900695184233,0.5,2.219161377959384
test_60m:164,test_60m,cross_scale_observation,164,0.1621400472454709,within_support,0.0667996996737639,0.5,2.2142933760232815
test_60m:165,test_60m,cross_scale_observation,165,0.2001253497192975,within_support,0.0441894475232758,0.5,2.2032547053753615
test_60m:166,test_60m,cross_scale_observation,166,0.2148943801758042,within_support,0.1317994936711542,0.5,2.2467312431731
test_60m:167,test_60m,cross_scale_observation,167,0.2056321096304921,within_support,0.0722310999327972,0.5,2.2169637100102144
test_60m:168,test_60m,cross_scale_observation,168,0.2159259132202524,within_support,0.117333879475313,0.5,2.2394207664107184
test_60m:169,test_60m,cross_scale_observation,169,0.150705009870276,within_support,0.08532372085703,0.5,2.2234305517157544
test_60m:170,test_60m,cross_scale_observation,170,0.1743586809248935,within_support,0.1457458297680197,0.5,2.25382953208109
test_60m:171,test_60m,cross_scale_observation,171,0.2384552101031817,within_support,0.1456071459899895,0.5,2.2537587020429513
test_60m:172,test_60m,cross_scale_observation,172,0.2013845433975211,within_support,0.0528113172780034,0.5,2.2074493201515866
test_60m:173,test_60m,cross_scale_observation,173,0.2059665119569211,within_support,0.1233055442954947,0.5,2.2424322551405877
test_60m:174,test_60m,cross_scale_observation,174,0.2060777713914712,within_support,0.1768592029267563,0.5,2.269844882197904
test_60m:175,test_60m,cross_scale_observation,175,0.0910364777098284,within_support,0.1677638840328453,0.5,2.2651373440827465
test_60m:176,test_60m,cross_scale_observation,176,0.2498567117023081,within_support,0.0516332405053105,0.5,2.2068751083854137
test_60m:177,test_60m,cross_scale_observation,177,0.1759938129365446,within_support,0.159689582308983,0.5,2.260976162750418
test_60m:178,test_60m,cross_scale_observation,178,0.2290633100258529,within_support,0.1127507255277387,0.5,2.2371155897016894
test_60m:179,test_60m,cross_scale_observation,179,0.1951919225310209,within_support,0.0953909017330164,0.5,2.228431907322323
test_60m:180,test_60m,cross_scale_observation,180,0.1616715759351989,within_support,0.1832160108304145,0.5,2.2731477599832672
test_60m:181,test_60m,cross_scale_observation,181,0.2394869516278496,within_support,0.1019726835096529,0.5,2.2317153596697397
test_60m:182,test_60m,cross_scale_observation,182,0.179503529934657,within_support,0.1329759206253629,0.5,2.2473281013691953
test_60m:183,test_60m,cross_scale_observation,183,0.117337121150981,within_support,0.1597003185123915,0.5,2.2609816846259476
test_60m:184,test_60m,cross_scale_observation,184,0.1215829773316395,within_support,0.1361144924206847,0.5,2.248922169196196
test_60m:185,test_60m,cross_scale_observation,185,0.0475887748353313,within_support,0.2022944049938174,0.5,2.2831238024518044
test_60m:186,test_60m,cross_scale_observation,186,0.1180423652762007,within_support,0.2038994310315579,0.5,2.283967414149581
test_60m:187,test_60m,cross_scale_observation,187,0.137058616817942,within_support,0.1536986245716857,0.5,2.2578994944675914
test_60m:188,test_60m,cross_scale_observation,188,0.2968334629055395,low_confidence_extrapolation,0.0942448207905983,0.5,2.2278612658943824
test_60m:189,test_60m,cross_scale_observation,189,0.1656215278081962,within_support,0.1678125838214418,0.5,2.2651624930637
test_60m:190,test_60m,cross_scale_observation,190,0.1736768336631426,within_support,0.1138035213609079,0.5,2.2376446443581246
test_60m:191,test_60m,cross_scale_observation,191,0.1109011512547724,within_support,0.1514813434949058,0.5,2.2567631399815924
test_60m:192,test_60m,cross_scale_observation,192,0.1992385504865963,within_support,0.0316216719392136,0.5,2.1971726722198075
test_60m:193,test_60m,cross_scale_observation,193,0.1082855182338103,within_support,0.1242386300791099,0.5,2.242903619680138
test_60m:194,test_60m,cross_scale_observation,194,0.1532383763944267,within_support,0.1780975776038295,0.5,2.270487495300518
test_60m:195,test_60m,cross_scale_observation,195,0.2195278017861481,within_support,0.1246564443122084,0.5,2.243114757111849
test_60m:196,test_60m,cross_scale_observation,196,0.2377014934744837,within_support,0.0840052517802558,0.5,2.2227774013419204
test_60m:197,test_60m,cross_scale_observation,197,0.170600764175347,within_support,0.1836527412442963,0.5,2.2733750625137774
test_60m:198,test_60m,cross_scale_observation,198,0.1156723558579384,within_support,0.1815212282570422,0.5,2.2722661562731137
test_60m:199,test_60m,cross_scale_observation,199,0.1537380008404947,within_support,0.024997392372681,0.5,2.1939822750448674
test_60m:200,test_60m,cross_scale_observation,200,0.223006638937183,within_support,0.0974550156229296,0.5,2.2294604687150814
test_60m:201,test_60m,cross_scale_observation,201,0.1646120996815841,within_support,0.141247145992459,0.5,2.2515344195275055
test_60m:202,test_60m,cross_scale_observation,202,0.1616972479666862,within_support,0.1890017765173757,0.5,2.276163074299472
test_60m:203,test_60m,cross_scale_observation,203,0.2408814940748465,within_support,0.0660401103916388,0.5,2.213920503575425
test_60m:204,test_60m,cross_scale_observation,204,0.1780960042234876,within_support,0.0417709705347943,0.5,2.2020813391485916
test_60m:205,test_60m,cross_scale_observation,205,0.1634318008133075,within_support,0.1063566284258091,0.5,2.2339083807542357
test_60m:206,test_60m,cross_scale_observation,206,0.2331589145277703,within_support,0.0906367319644091,0.5,2.2260669078621413
test_60m:207,test_60m,cross_scale_observation,207,0.1293676930303698,within_support,0.0900787042106994,0.5,2.225789681009922
test_60m:208,test_60m,cross_scale_observation,208,0.0778331548891601,within_support,0.2092016191589349,0.5,2.28675909457018
test_60m:209,test_60m,cross_scale_observation,209,0.1612513565834408,within_support,0.1556555002083469,0.5,2.2589034385052864
test_60m:210,test_60m,cross_scale_observation,210,0.217746635030594,within_support,0.1412250184261175,0.5,2.2515231433672085
test_60m:211,test_60m,cross_scale_observation,211,0.1974612939242368,within_support,0.1495136748035179,0.5,2.2557557661252963
test_60m:212,test_60m,cross_scale_observation,212,0.1507362601327812,within_support,0.1392747645636426,0.5,2.2505297880865838
test_60m:213,test_60m,cross_scale_observation,213,0.1958009193032556,within_support,0.2156165965999078,0.5,2.290146583895152
test_60m:214,test_60m,cross_scale_observation,214,0.1514208586837691,within_support,0.1328687211968738,0.5,2.2472736993838356
test_60m:215,test_60m,cross_scale_observation,215,0.1526122739978397,within_support,0.1992075512378912,0.5,2.281503234736534
test_60m:216,test_60m,cross_scale_observation,216,0.0975499871860575,within_support,0.1935281046936179,0.5,2.2785281080868285
test_60m:217,test_60m,cross_scale_observation,217,0.0629603049547887,within_support,0.1745761784266889,0.5,2.2686612254690335
test_60m:218,test_60m,cross_scale_observation,218,0.1208463897089408,within_support,0.2521374320186768,0.5,2.30964013898105
test_60m:219,test_60m,cross_scale_observation,219,0.1900850315904789,within_support,0.0458555851190306,0.5,2.2040638868954106
test_60m:220,test_60m,cross_scale_observation,220,0.192366707527209,within_support,0.1082380579439074,0.5,2.234851020734202
test_60m:221,test_60m,cross_scale_observation,221,0.1235951063100139,within_support,0.1091379074247508,0.5,2.2353021798466246
test_60m:222,test_60m,cross_scale_observation,222,0.1852781692482954,within_support,0.1159319614272937,0.5,2.2387150865611343
test_60m:223,test_60m,cross_scale_observation,223,0.1818969360676618,within_support,0.1111648958971321,0.5,2.236319198537042
test_60m:224,test_60m,cross_scale_observation,224,0.1073332114260616,within_support,0.1586037992188271,0.5,2.260417872674721
test_60m:225,test_60m,cross_scale_observation,225,0.243751024586697,within_support,0.0766486984325446,0.5,2.219140965091289
test_60m:226,test_60m,cross_scale_observation,226,0.1961463359760986,within_support,0.0455484165273533,0.5,2.203914655763093
test_60m:227,test_60m,cross_scale_observation,227,0.2081682012219926,within_support,0.1831197415096491,0.5,2.2730976619276513
test_60m:228,test_60m,cross_scale_observation,228,0.1115813340992442,within_support,0.1618834170342327,0.5,2.262105118284867
test_60m:229,test_60m,cross_scale_observation,229,0.1913877536407186,within_support,0.1726903160897826,0.5,2.2676844999206733
test_60m:230,test_60m,cross_scale_observation,230,0.219323917281349,within_support,0.0792529862935683,0.5,2.2204267679636276
test_60m:231,test_60m,cross_scale_observation,231,0.2048483543818343,within_support,0.1338228814563521,0.5,2.247758022909663
test_60m:232,test_60m,cross_scale_observation,232,0.2158648881319203,within_support,0.0556435555678442,0.5,2.2088311791415025
test_60m:233,test_60m,cross_scale_observation,233,0.1474168820164518,within_support,0.1732226120733251,0.5,2.2679600932957054
test_60m:234,test_60m,cross_scale_observation,234,0.1045003646588844,within_support,0.2357993270792007,0.5,2.3008754095635675
test_60m:235,test_60m,cross_scale_observation,235,0.0756073792106724,within_support,0.1018745173940148,0.5,2.2316663081351193
test_60m:236,test_60m,cross_scale_observation,236,0.1782538892299469,within_support,0.1057269020871901,0.5,2.2335930712216525
test_60m:237,test_60m,cross_scale_observation,237,0.2551401877301295,within_support,0.2221377590455278,0.5,2.293601299887717
test_60m:238,test_60m,cross_scale_observation,238,0.2104374352780861,within_support,0.2401207077929913,0.5,2.303186694767013
test_60m:239,test_60m,cross_scale_observation,239,0.2389811708064047,within_support,0.0170953365558576,0.5,2.1901902683151286
test_60m:240,test_60m,cross_scale_observation,240,0.1458531993561562,within_support,0.0657928441883766,0.5,2.2137991543787314
test_60m:241,test_60m,cross_scale_observation,241,0.1067585761587308,within_support,0.1990067935514495,0.5,2.2813979255351193
test_60m:242,test_60m,cross_scale_observation,242,0.1912926995504546,within_support,0.0812892027304546,0.5,2.221433266547664
test_60m:243,test_60m,cross_scale_observation,243,0.2456657140638268,within_support,0.0481141130520813,0.5,2.2051618473126005
test_60m:244,test_60m,cross_scale_observation,244,0.2663828575651294,low_confidence_extrapolation,0.0743205207769012,0.5,2.2179929014056845
test_60m:245,test_60m,cross_scale_observation,245,0.2287464332205458,within_support,0.0454526859686955,0.5,2.2038681518523404
test_60m:246,test_60m,cross_scale_observation,246,0.1176520293067654,within_support,0.1341708664895429,0.5,2.2479347146227227
test_60m:247,test_60m,cross_scale_observation,247,0.1603223013613003,within_support,0.1741542999023234,0.5,2.2684426462280136
test_60m:248,test_60m,cross_scale_observation,248,0.2962367195322364,low_confidence_extrapolation,0.199040741891697,0.5,2.2814157326914826
test_60m:249,test_60m,cross_scale_observation,249,0.2030861885998159,within_support,0.1154744475874094,0.5,2.238484896041874
test_60m:250,test_60m,cross_scale_observation,250,0.0920050073519604,within_support,0.1327215708060684,0.5,2.2471990276761487
test_60m:251,test_60m,cross_scale_observation,251,0.1530014045457891,within_support,0.1588814974914695,0.5,2.260560631271577
test_60m:252,test_60m,cross_scale_observation,252,0.1383628179624845,within_support,0.0552909329062107,0.5,2.2086590266380006
test_60m:253,test_60m,cross_scale_observation,253,0.241321326857707,within_support,0.0407396176182309,0.5,2.2015813917152856
test_60m:254,test_60m,cross_scale_observation,254,0.1573022568178855,within_support,0.0697780771401772,0.5,2.2157567896181236
test_60m:255,test_60m,cross_scale_observation,255,0.1600562757583191,within_support,0.1513864849830635,0.5,2.256714553178125
test_60m:256,test_60m,cross_scale_observation,256,0.0834174616235692,within_support,0.2099809032302185,0.5,2.2871700233229846
test_1b:0,test_1b,cross_scale_observation,0,0.1920464661494081,within_support,0.1152202503486309,0.5,2.2383570236609796
test_1b:1,test_1b,cross_scale_observation,1,0.2537879739756908,within_support,0.1002456415639342,0.5,2.2308527446042867
test_1b:2,test_1b,cross_scale_observation,2,0.1762228941833616,within_support,0.045742692153934,0.5,2.2040090376571695
test_1b:3,test_1b,cross_scale_observation,3,0.2829107574443777,low_confidence_extrapolation,0.106751422670318,0.5,2.2341061083519715
test_1b:4,test_1b,cross_scale_observation,4,0.2320336730114769,within_support,0.0547140301250585,0.5,2.2083774446730895
test_1b:5,test_1b,cross_scale_observation,5,0.2858302440293457,low_confidence_extrapolation,0.0441543153897639,0.5,2.2032376502509954
test_1b:6,test_1b,cross_scale_observation,6,0.2217643690952,within_support,0.0438590072279467,0.5,2.2030943028115604
test_1b:7,test_1b,cross_scale_observation,7,0.1916156999826393,within_support,0.0576477319248649,0.5,2.209810206801445
test_1b:8,test_1b,cross_scale_observation,8,0.2152693041158855,within_support,0.0617404615645954,0.5,2.2118125296576365
test_1b:9,test_1b,cross_scale_observation,9,0.2384533497353308,within_support,0.0775972467418819,0.5,2.2196090935707184
test_1b:10,test_1b,cross_scale_observation,10,0.188495384382103,within_support,0.1033379444887939,0.5,2.23239780138881
test_1b:11,test_1b,cross_scale_observation,11,0.2023079148682628,within_support,0.0835237676111235,0.5,2.2225389884094713
test_1b:12,test_1b,cross_scale_observation,12,0.2270276089901774,within_support,0.0098897356203977,0.5,2.18674550908958
test_1b:13,test_1b,cross_scale_observation,13,0.1324159282795926,within_support,0.1256509386128242,0.5,2.2436174904035293
test_1b:14,test_1b,cross_scale_observation,14,0.195606748349846,within_support,0.1097202977065385,0.5,2.2355942821035484
test_1b:15,test_1b,cross_scale_observation,15,0.2289775796995238,within_support,0.0538721887657039,0.5,2.207966693866704
test_1b:16,test_1b,cross_scale_observation,16,0.2327170705569798,within_support,0.0624270849567197,0.5,2.2121488541390106
test_1b:17,test_1b,cross_scale_observation,17,0.2934996632184253,low_confidence_extrapolation,0.0615619055408818,0.5,2.2117250875827135
test_1b:18,test_1b,cross_scale_observation,18,0.1560422719781327,within_support,0.1281988063826344,0.5,2.2449066208458914
test_1b:19,test_1b,cross_scale_observation,19,0.2075620389184881,within_support,0.0366636058981293,0.5,2.199608069471459
test_1b:20,test_1b,cross_scale_observation,20,0.2726497435753259,low_confidence_extrapolation,0.0876630324925725,0.5,2.2245904728666344
test_1b:21,test_1b,cross_scale_observation,21,0.2225686287641901,within_support,0.0962242781305558,0.5,2.228847056438151
test_1b:22,test_1b,cross_scale_observation,22,0.1772332772568203,within_support,0.1273351892319692,0.5,2.2444694772938805
test_1b:23,test_1b,cross_scale_observation,23,0.2377979381587048,within_support,0.0822948351540995,0.5,2.2219307272139273
test_1b:24,test_1b,cross_scale_observation,24,0.255814652844757,within_support,0.0989779322829788,0.5,2.230220028824612
test_1b:25,test_1b,cross_scale_observation,25,0.2303388807822075,within_support,0.1029023237597709,0.5,2.232180000646852
test_1b:26,test_1b,cross_scale_observation,26,0.1490133262285262,within_support,0.0469358713070117,0.5,2.204588902361297
test_1b:27,test_1b,cross_scale_observation,27,0.2133142015897012,within_support,0.1038708372021718,0.5,2.2326643004937177
test_1b:28,test_1b,cross_scale_observation,28,0.203301477116387,within_support,0.1009899413713873,0.5,2.2312244127568013
test_1b:29,test_1b,cross_scale_observation,29,0.222807021413801,within_support,0.0128198119748611,0.5,2.1881447844870565
test_1b:30,test_1b,cross_scale_observation,30,0.2421993027178726,within_support,0.0550213443644914,0.5,2.208527432362592
test_1b:31,test_1b,cross_scale_observation,31,0.2513248012719308,within_support,0.0424237325159593,0.5,2.202397898204067
test_1b:32,test_1b,cross_scale_observation,32,0.2010164644209962,within_support,0.0451317050623882,0.5,2.203712242259041
test_1b:33,test_1b,cross_scale_observation,33,0.1426830596130655,within_support,0.1315672393086913,0.5,2.2466134508128386
test_1b:34,test_1b,cross_scale_observation,34,0.2039194072819155,within_support,0.1087307765484432,0.5,2.2350980307810264
test_1b:35,test_1b,cross_scale_observation,35,0.2446875558748339,within_support,0.1179962212017935,0.5,2.2397543397424617
test_1b:36,test_1b,cross_scale_observation,36,0.3238061586812177,low_confidence_extrapolation,0.1238562158422428,0.5,2.2427104098705746
test_1b:37,test_1b,cross_scale_observation,37,0.2321852708506721,within_support,0.1053281843871759,0.5,2.2333934810760696
test_1b:38,test_1b,cross_scale_observation,38,0.2084341979624781,within_support,0.1071454600392094,0.5,2.234303495800857
test_1b:39,test_1b,cross_scale_observation,39,0.2642347441196937,low_confidence_extrapolation,0.0447577411188298,0.5,2.2035306288468695
test_1b:40,test_1b,cross_scale_observation,40,0.1862243648133733,within_support,0.1048153120025177,0.5,2.2331368058692234
test_1b:41,test_1b,cross_scale_observation,41,0.1535812127342589,within_support,0.1179459449961742,0.5,2.2397290154014566
test_1b:42,test_1b,cross_scale_observation,42,0.1039233894372722,within_support,0.0843115855131776,0.5,2.2229291162142397
test_1b:43,test_1b,cross_scale_observation,43,0.2309560455527205,within_support,0.0532408236634466,0.5,2.207658751965638
test_1b:44,test_1b,cross_scale_observation,44,0.1852947819997001,within_support,0.0353274472438254,0.5,2.198962068858271
test_1b:45,test_1b,cross_scale_observation,45,0.2678751536856753,low_confidence_extrapolation,0.0114461468416429,0.5,2.1874885272730924
test_1b:46,test_1b,cross_scale_observation,46,0.2292150987335113,within_support,0.0767782664003145,0.5,2.21920489650854
test_1b:47,test_1b,cross_scale_observation,47,0.1918208811199051,within_support,0.0362091920388806,0.5,2.199388322854933
test_1b:48,test_1b,cross_scale_observation,48,0.2178919602366393,within_support,0.0491516569955282,0.5,2.2056666545412247
test_1b:49,test_1b,cross_scale_observation,49,0.1504472924316425,within_support,0.040174757105774,0.5,2.2013076853183335
test_1b:50,test_1b,cross_scale_observation,50,0.2421589119407461,within_support,0.0361633754937302,0.5,2.1993661695434827
test_1b:51,test_1b,cross_scale_observation,51,0.2159675901611165,within_support,0.097526238166903,0.5,2.2294959783221486
test_1b:52,test_1b,cross_scale_observation,52,0.1507381836164945,within_support,0.1023337253053234,0.5,2.231895785341744
test_1b:53,test_1b,cross_scale_observation,53,0.2658987776868091,low_confidence_extrapolation,0.0533613426542061,0.5,2.207717526369564
test_1b:54,test_1b,cross_scale_observation,54,0.2002120536681085,within_support,0.1074667661754552,0.5,2.234464478353847
test_1b:55,test_1b,cross_scale_observation,55,0.2049963492282011,within_support,0.1132590581291069,0.5,2.237371004013758
test_1b:56,test_1b,cross_scale_observation,56,0.1768841428732378,within_support,0.10891624600384,0.5,2.235191026227973
test_1b:57,test_1b,cross_scale_observation,57,0.2162600665836991,within_support,0.0762230087823164,0.5,2.218930950489693
test_1b:58,test_1b,cross_scale_observation,58,0.1744118714336021,within_support,0.101969474307588,0.5,2.2317137560611817
test_1b:59,test_1b,cross_scale_observation,59,0.2411985191496713,within_support,0.0206656759921598,0.5,2.191901733142868
test_1b:60,test_1b,cross_scale_observation,60,0.2710000820479866,low_confidence_extrapolation,0.1139022536631896,0.5,2.23769427394597
test_1b:61,test_1b,cross_scale_observation,61,0.2452492801392035,within_support,0.0617470863876956,0.5,2.2118157741020665
test_1b:62,test_1b,cross_scale_observation,62,0.2331694662686347,within_support,0.0342966456632278,0.5,2.1984639958758754
test_1b:63,test_1b,cross_scale_observation,63,0.1714432767096597,within_support,0.0425751916477562,0.5,2.2024713635736877
est_10b:1,est_10b,estimated_reference,1,0.0,within_support,0.249044436794672,0.5,2.307975373789707
est_10b:2,est_10b,estimated_reference,2,0.0,within_support,0.1197512699561166,0.5,2.2406387644551424
est_10b:3,est_10b,estimated_reference,3,0.0,within_support,0.1858544308191581,0.5,2.274521719188226
est_10b:4,est_10b,estimated_reference,4,0.0,within_support,0.1304490600572983,0.5,2.2460465356704926
est_10b:5,est_10b,estimated_reference,5,0.0,within_support,0.0502720144330895,0.5,2.2062120480430485
est_10b:6,est_10b,estimated_reference,6,0.0,within_support,0.1527848766381631,0.5,2.257431046888549
est_10b:7,est_10b,estimated_reference,7,0.0,within_support,0.0916489931171592,0.5,2.2265699942423627
est_10b:8,est_10b,estimated_reference,8,0.0,within_support,0.2484059915687805,0.5,2.307632059244498
est_10b:9,est_10b,estimated_reference,9,0.0,within_support,0.2799986359754035,0.5,2.3247526939866088
est_10b:10,est_10b,estimated_reference,10,0.0,within_support,0.1602258731312403,0.5,2.2612520256579463
est_10b:11,est_10b,estimated_reference,11,0.0,within_support,0.2615217277406388,0.5,2.314706900715575
est_10b:12,est_10b,estimated_reference,12,0.0,within_support,0.2132445208104099,0.5,2.28889272070041
est_10b:13,est_10b,estimated_reference,13,0.0,within_support,0.2072793111592754,0.5,2.2857461156769117
est_10b:14,est_10b,estimated_reference,14,0.0,within_support,0.0346681693381294,0.5,2.198643482801229
est_10b:15,est_10b,estimated_reference,15,0.0,within_support,0.0622304339890736,0.5,2.212052518014759
est_10b:16,est_10b,estimated_reference,16,0.0,within_support,0.0175383448783891,0.5,2.190402461169135
est_10b:17,est_10b,estimated_reference,17,0.0,within_support,0.0736813234191406,0.5,2.2176779361614662
est_10b:18,est_10b,estimated_reference,18,0.0,within_support,0.0430566128386553,0.5,2.202704914246575
est_10b:19,est_10b,estimated_reference,19,0.0,within_support,0.0479713214376926,0.5,2.2050923938965563
est_10b:20,est_10b,estimated_reference,20,0.0,within_support,0.1232078273895582,0.5,2.2423829044629424
est_10b:21,est_10b,estimated_reference,21,0.0,within_support,0.149140778309933,0.5,2.2555649685464196
est_10b:22,est_10b,estimated_reference,22,0.0,within_support,0.1075123886289131,0.5,2.2344873384612187
est_10b:23,est_10b,estimated_reference,23,0.0,within_support,0.1285972842688524,0.5,2.24510838502783
est_10b:24,est_10b,estimated_reference,24,0.0,within_support,0.2600925392672028,0.5,2.3139337189067426
est_10b:25,est_10b,estimated_reference,25,0.0,within_support,0.1331739992834687,0.5,2.247428630773635
est_10b:26,est_10b,estimated_reference,26,0.0,within_support,0.1561019112416078,0.5,2.259132600247616
est_10b:27,est_10b,estimated_reference,27,0.0,within_support,0.0591863178176938,0.5,2.2105624623790767
est_10b:28,est_10b,estimated_reference,28,0.0,within_support,0.0767199412862922,0.5,2.219176117222442
est_10b:29,est_10b,estimated_reference,29,0.0,within_support,0.2695343909311014,0.5,2.3190519472055557
est_10b:30,est_10b,estimated_reference,30,0.0,within_support,0.1817932497966559,0.5,2.272407607991217
est_10b:31,est_10b,estimated_reference,31,0.0,within_support,0.129076723485921,0.5,2.2453511962306685
est_10b:32,est_10b,estimated_reference,32,0.0,within_support,0.2934943331534769,0.5,2.3321491030256674
est_10b:33,est_10b,estimated_reference,33,0.0,within_support,0.2195414862086901,0.5,2.292224522771721
est_10b:34,est_10b,estimated_reference,34,0.0,within_support,0.1853803340909328,0.5,2.2742746993541587
est_10b:35,est_10b,estimated_reference,35,0.0,within_support,0.1009648806999716,0.5,2.2312118963914287
est_10b:36,est_10b,estimated_reference,36,0.0,within_support,0.0929407391035172,0.5,2.227212352435478
est_10b:37,est_10b,estimated_reference,37,0.0,within_support,0.0521513657802718,0.5,2.207127608520013
est_10b:38,est_10b,estimated_reference,38,0.0,within_support,0.194300875010484,0.5,2.278932420425302
est_10b:39,est_10b,estimated_reference,39,0.0,within_support,0.0687963383614815,0.5,2.215274175480122
est_10b:40,est_10b,estimated_reference,40,0.0,within_support,0.1498476404536816,0.5,2.255926674406382
est_10b:41,est_10b,estimated_reference,41,0.0,within_support,0.1042372736888059,0.5,2.2328475962145156
est_10b:42,est_10b,estimated_reference,42,0.0,within_support,0.0848314791335141,0.5,2.2231866519664982
est_10b:43,est_10b,estimated_reference,43,0.0,within_support,0.0706355992867465,0.5,2.216178533832508
est_10b:44,est_10b,estimated_reference,44,0.0,within_support,0.0727060351770862,0.5,2.217197555669934
est_10b:45,est_10b,estimated_reference,45,0.0,within_support,0.1815263967446377,0.5,2.2722688437171996
est_10b:46,est_10b,estimated_reference,46,0.0,within_support,0.0544771809380193,0.5,2.2082618638593714
est_10b:47,est_10b,estimated_reference,47,0.0,within_support,0.2032715167545438,0.5,2.283637297865803
est_10b:48,est_10b,estimated_reference,48,0.0,within_support,0.147161115284902,0.5,2.2545526424729974
est_10b:49,est_10b,estimated_reference,49,0.0,within_support,0.2177472234173594,0.5,2.291274087275019
est_10b:50,est_10b,estimated_reference,50,0.0,within_support,0.1031376578155502,0.5,2.2322976565848376
est_10b:51,est_10b,estimated_reference,51,0.0,within_support,0.2173579019113433,0.5,2.2910679730821277
est_10b:52,est_10b,estimated_reference,52,0.0,within_support,0.0945691521454232,0.5,2.2280227194884987
est_10b:53,est_10b,estimated_reference,53,0.0,within_support,0.1782080621776893,0.5,2.2705448469089484
est_10b:54,est_10b,estimated_reference,54,0.0,within_support,0.134797815493225,0.5,2.248253129745472
est_10b:55,est_10b,estimated_reference,55,0.0,within_support,0.1485900700761069,0.5,2.255283256219258
est_10b:56,est_10b,estimated_reference,56,0.0,within_support,0.0386043805304912,0.5,2.200547156422064
est_10b:57,est_10b,estimated_reference,57,0.0,within_support,0.2487399008555379,0.5,2.3078116003900266
est_10b:58,est_10b,estimated_reference,58,0.0,within_support,0.1677717189450452,0.5,2.265141390056053
est_10b:59,est_10b,estimated_reference,59,0.0,within_support,0.2130343425713219,0.5,2.288781693611538
est_10b:60,est_10b,estimated_reference,60,0.0,within_support,0.1420270134266791,0.5,2.2519319179899977
est_10b:61,est_10b,estimated_reference,61,0.0,within_support,0.0994810577730224,0.5,2.2304710915834685
est_10b:62,est_10b,estimated_reference,62,0.0,within_support,0.0738059039092795,0.5,2.217739315445951
est_10b:63,est_10b,estimated_reference,63,0.0,within_support,0.1251988400187609,0.5,2.243388916107978
est_70b:1,est_70b,estimated_reference,1,0.0,within_support,0.249044436794672,0.5,2.307975373789707
est_70b:2,est_70b,estimated_reference,2,0.0,within_support,0.1197512699561166,0.5,2.2406387644551424
est_70b:3,est_70b,estimated_reference,3,0.0,within_support,0.1858544308191581,0.5,2.274521719188226
est_70b:4,est_70b,estimated_reference,4,0.0,within_support,0.1304490600572983,0.5,2.2460465356704926
est_70b:5,est_70b,estimated_reference,5,0.0,within_support,0.0502720144330895,0.5,2.2062120480430485
est_70b:6,est_70b,estimated_reference,6,0.0,within_support,0.1527848766381631,0.5,2.257431046888549
est_70b:7,est_70b,estimated_reference,7,0.0,within_support,0.0916489931171592,0.5,2.2265699942423627
est_70b:8,est_70b,estimated_reference,8,0.0,within_support,0.2484059915687805,0.5,2.307632059244498
est_70b:9,est_70b,estimated_reference,9,0.0,within_support,0.2799986359754035,0.5,2.3247526939866088
est_70b:10,est_70b,estimated_reference,10,0.0,within_support,0.1602258731312403,0.5,2.2612520256579463
est_70b:11,est_70b,estimated_reference,11,0.0,within_support,0.2615217277406388,0.5,2.314706900715575
est_70b:12,est_70b,estimated_reference,12,0.0,within_support,0.2132445208104099,0.5,2.28889272070041
est_70b:13,est_70b,estimated_reference,13,0.0,within_support,0.2072793111592754,0.5,2.2857461156769117
est_70b:14,est_70b,estimated_reference,14,0.0,within_support,0.0346681693381294,0.5,2.198643482801229
est_70b:15,est_70b,estimated_reference,15,0.0,within_support,0.0622304339890736,0.5,2.212052518014759
est_70b:16,est_70b,estimated_reference,16,0.0,within_support,0.0175383448783891,0.5,2.190402461169135
est_70b:17,est_70b,estimated_reference,17,0.0,within_support,0.0736813234191406,0.5,2.2176779361614662
est_70b:18,est_70b,estimated_reference,18,0.0,within_support,0.0430566128386553,0.5,2.202704914246575
est_70b:19,est_70b,estimated_reference,19,0.0,within_support,0.0479713214376926,0.5,2.2050923938965563
est_70b:20,est_70b,estimated_reference,20,0.0,within_support,0.1232078273895582,0.5,2.2423829044629424
est_70b:21,est_70b,estimated_reference,21,0.0,within_support,0.149140778309933,0.5,2.2555649685464196
est_70b:22,est_70b,estimated_reference,22,0.0,within_support,0.1075123886289131,0.5,2.2344873384612187
est_70b:23,est_70b,estimated_reference,23,0.0,within_support,0.1285972842688524,0.5,2.24510838502783
est_70b:24,est_70b,estimated_reference,24,0.0,within_support,0.2600925392672028,0.5,2.3139337189067426
est_70b:25,est_70b,estimated_reference,25,0.0,within_support,0.1331739992834687,0.5,2.247428630773635
est_70b:26,est_70b,estimated_reference,26,0.0,within_support,0.1561019112416078,0.5,2.259132600247616
est_70b:27,est_70b,estimated_reference,27,0.0,within_support,0.0591863178176938,0.5,2.2105624623790767
est_70b:28,est_70b,estimated_reference,28,0.0,within_support,0.0767199412862922,0.5,2.219176117222442
est_70b:29,est_70b,estimated_reference,29,0.0,within_support,0.2695343909311014,0.5,2.3190519472055557
est_70b:30,est_70b,estimated_reference,30,0.0,within_support,0.1817932497966559,0.5,2.272407607991217
est_70b:31,est_70b,estimated_reference,31,0.0,within_support,0.129076723485921,0.5,2.2453511962306685
est_70b:32,est_70b,estimated_reference,32,0.0,within_support,0.2934943331534769,0.5,2.3321491030256674
est_70b:33,est_70b,estimated_reference,33,0.0,within_support,0.2195414862086901,0.5,2.292224522771721
est_70b:34,est_70b,estimated_reference,34,0.0,within_support,0.1853803340909328,0.5,2.2742746993541587
est_70b:35,est_70b,estimated_reference,35,0.0,within_support,0.1009648806999716,0.5,2.2312118963914287
est_70b:36,est_70b,estimated_reference,36,0.0,within_support,0.0929407391035172,0.5,2.227212352435478
est_70b:37,est_70b,estimated_reference,37,0.0,within_support,0.0521513657802718,0.5,2.207127608520013
est_70b:38,est_70b,estimated_reference,38,0.0,within_support,0.194300875010484,0.5,2.278932420425302
est_70b:39,est_70b,estimated_reference,39,0.0,within_support,0.0687963383614815,0.5,2.215274175480122
est_70b:40,est_70b,estimated_reference,40,0.0,within_support,0.1498476404536816,0.5,2.255926674406382
est_70b:41,est_70b,estimated_reference,41,0.0,within_support,0.1042372736888059,0.5,2.2328475962145156
est_70b:42,est_70b,estimated_reference,42,0.0,within_support,0.0848314791335141,0.5,2.2231866519664982
est_70b:43,est_70b,estimated_reference,43,0.0,within_support,0.0706355992867465,0.5,2.216178533832508
est_70b:44,est_70b,estimated_reference,44,0.0,within_support,0.0727060351770862,0.5,2.217197555669934
est_70b:45,est_70b,estimated_reference,45,0.0,within_support,0.1815263967446377,0.5,2.2722688437171996
est_70b:46,est_70b,estimated_reference,46,0.0,within_support,0.0544771809380193,0.5,2.2082618638593714
est_70b:47,est_70b,estimated_reference,47,0.0,within_support,0.2032715167545438,0.5,2.283637297865803
est_70b:48,est_70b,estimated_reference,48,0.0,within_support,0.147161115284902,0.5,2.2545526424729974
est_70b:49,est_70b,estimated_reference,49,0.0,within_support,0.2177472234173594,0.5,2.291274087275019
est_70b:50,est_70b,estimated_reference,50,0.0,within_support,0.1031376578155502,0.5,2.2322976565848376
est_70b:51,est_70b,estimated_reference,51,0.0,within_support,0.2173579019113433,0.5,2.2910679730821277
est_70b:52,est_70b,estimated_reference,52,0.0,within_support,0.0945691521454232,0.5,2.2280227194884987
est_70b:53,est_70b,estimated_reference,53,0.0,within_support,0.1782080621776893,0.5,2.2705448469089484
est_70b:54,est_70b,estimated_reference,54,0.0,within_support,0.134797815493225,0.5,2.248253129745472
est_70b:55,est_70b,estimated_reference,55,0.0,within_support,0.1485900700761069,0.5,2.255283256219258
est_70b:56,est_70b,estimated_reference,56,0.0,within_support,0.0386043805304912,0.5,2.200547156422064
est_70b:57,est_70b,estimated_reference,57,0.0,within_support,0.2487399008555379,0.5,2.3078116003900266
est_70b:58,est_70b,estimated_reference,58,0.0,within_support,0.1677717189450452,0.5,2.265141390056053
est_70b:59,est_70b,estimated_reference,59,0.0,within_support,0.2130343425713219,0.5,2.288781693611538
est_70b:60,est_70b,estimated_reference,60,0.0,within_support,0.1420270134266791,0.5,2.2519319179899977
est_70b:61,est_70b,estimated_reference,61,0.0,within_support,0.0994810577730224,0.5,2.2304710915834685
est_70b:62,est_70b,estimated_reference,62,0.0,within_support,0.0738059039092795,0.5,2.217739315445951
est_70b:63,est_70b,estimated_reference,63,0.0,within_support,0.1251988400187609,0.5,2.243388916107978
p0,reference,reference,0,0.0,within_support,0.0,1.0,2.1820377150721577
train_1m:1,train_1m,train_observation,1,0.0,within_support,0.249044436794672,1.0,2.4506132709023283
train_1m:2,train_1m,train_observation,2,0.0,within_support,0.1197512699561166,1.0,2.302855762256444
train_1m:3,train_1m,train_observation,3,0.0,within_support,0.1858544308191581,1.0,2.3760119876335324
train_1m:4,train_1m,train_observation,4,0.0,within_support,0.1304490600572983,1.0,2.3143694650394044
train_1m:5,train_1m,train_observation,5,0.0,within_support,0.0502720144330895,1.0,2.231001728512866
train_1m:6,train_1m,train_observation,6,0.0,within_support,0.1527848766381631,1.0,2.3388095600407226
train_1m:7,train_1m,train_observation,7,0.0,within_support,0.0916489931171592,1.0,2.2731904214596277
train_1m:8,train_1m,train_observation,8,0.0,within_support,0.2484059915687805,1.0,2.4498357139680396
train_1m:9,train_1m,train_observation,9,0.0,within_support,0.2799986359754035,1.0,2.488913882976376
train_1m:10,train_1m,train_observation,10,0.0,within_support,0.1602258731312403,1.0,2.34707355573189
train_1m:11,train_1m,train_observation,11,0.0,within_support,0.2615217277406388,1.0,2.465909335633203
train_1m:12,train_1m,train_observation,12,0.0,within_support,0.2132445208104099,1.0,2.407770403436737
train_1m:13,train_1m,train_observation,13,0.0,within_support,0.2072793111592754,1.0,2.4007795450427536
train_1m:14,train_1m,train_observation,14,0.0,within_support,0.0346681693381294,1.0,2.21553960556325
train_1m:15,train_1m,train_observation,15,0.0,within_support,0.0622304339890736,1.0,2.243015919456606
train_1m:16,train_1m,train_observation,16,0.0,within_support,0.0175383448783891,1.0,2.1988408817269525
train_1m:17,train_1m,train_observation,17,0.0,within_support,0.0736813234191406,1.0,2.2546556524114467
train_1m:18,train_1m,train_observation,18,0.0,within_support,0.0430566128386553,1.0,2.2238218670643723
train_1m:19,train_1m,train_observation,19,0.0,within_support,0.0479713214376926,1.0,2.2287067395832962
train_1m:20,train_1m,train_observation,20,0.0,within_support,0.1232078273895582,1.0,2.3065624879710653
train_1m:21,train_1m,train_observation,21,0.0,within_support,0.149140778309933,1.0,2.3347847887188466
train_1m:22,train_1m,train_observation,22,0.0,within_support,0.1075123886289131,1.0,2.2898336129557526
train_1m:23,train_1m,train_observation,23,0.0,within_support,0.1285972842688524,1.0,2.3123676302979055
train_1m:24,train_1m,train_observation,24,0.0,within_support,0.2600925392672028,1.0,2.4641475819002716
train_1m:25,train_1m,train_observation,25,0.0,within_support,0.1331739992834687,1.0,2.317321969311415
train_1m:26,train_1m,train_observation,26,0.0,within_support,0.1561019112416078,1.0,2.3424858746880064
train_1m:27,train_1m,train_observation,27,0.0,within_support,0.0591863178176938,1.0,2.2399439615382546
train_1m:28,train_1m,train_observation,28,0.0,within_support,0.0767199412862922,1.0,2.2577668244968914
train_1m:29,train_1m,train_observation,29,0.0,within_support,0.2695343909311014,1.0,2.4758332722095595
train_1m:30,train_1m,train_observation,30,0.0,within_support,0.1817932497966559,1.0,2.371376719243221
train_1m:31,train_1m,train_observation,31,0.0,within_support,0.129076723485921,1.0,2.312885565368464
train_1m:32,train_1m,train_observation,32,0.0,within_support,0.2934943331534769,1.0,2.505987266502814
train_1m:33,train_1m,train_observation,33,0.0,within_support,0.2195414862086901,1.0,2.415195444696951
train_1m:34,train_1m,train_observation,34,0.0,within_support,0.1853803340909328,1.0,2.375469901713955
train_1m:35,train_1m,train_observation,35,0.0,within_support,0.1009648806999716,1.0,2.28293223786202
train_1m:36,train_1m,train_observation,36,0.0,within_support,0.0929407391035172,1.0,2.2745358135237703
train_1m:37,train_1m,train_observation,37,0.0,within_support,0.0521513657802718,1.0,2.2328803425259682
train_1m:38,train_1m,train_observation,38,0.0,within_support,0.194300875010484,1.0,2.3857129192512287
train_1m:39,train_1m,train_observation,39,0.0,within_support,0.0687963383614815,1.0,2.249673799944148
train_1m:40,train_1m,train_observation,40,0.0,within_support,0.1498476404536816,1.0,2.3355643455872865
train_1m:41,train_1m,train_observation,41,0.0,within_support,0.1042372736888059,1.0,2.286375842535411
train_1m:42,train_1m,train_observation,42,0.0,within_support,0.0848314791335141,1.0,2.266118495816589
train_1m:43,train_1m,train_observation,43,0.0,within_support,0.0706355992867465,1.0,2.2515466768126675
train_1m:44,train_1m,train_observation,44,0.0,within_support,0.0727060351770862,1.0,2.2536590792747697
train_1m:45,train_1m,train_observation,45,0.0,within_support,0.1815263967446377,1.0,2.3710728025229018
train_1m:46,train_1m,train_observation,46,0.0,within_support,0.0544771809380193,1.0,2.2352101388128345
train_1m:47,train_1m,train_observation,47,0.0,within_support,0.2032715167545438,1.0,2.3961060233332403
train_1m:48,train_1m,train_observation,48,0.0,within_support,0.147161115284902,1.0,2.3326044646911015
train_1m:49,train_1m,train_observation,49,0.0,within_support,0.2177472234173594,1.0,2.4130749816637467
train_1m:50,train_1m,train_observation,50,0.0,within_support,0.1031376578155502,1.0,2.2852174373949175
train_1m:51,train_1m,train_observation,51,0.0,within_support,0.2173579019113433,1.0,2.4126153829183234
train_1m:52,train_1m,train_observation,52,0.0,within_support,0.0945691521454232,1.0,2.276234332624428
train_1m:53,train_1m,train_observation,53,0.0,within_support,0.1782080621776893,1.0,2.3673003457230135
train_1m:54,train_1m,train_observation,54,0.0,within_support,0.134797815493225,1.0,2.3190852230769288
train_1m:55,train_1m,train_observation,55,0.0,within_support,0.1485900700761069,1.0,2.334177826627914
train_1m:56,train_1m,train_observation,56,0.0,within_support,0.0386043805304912,1.0,2.2194173408965847
train_1m:57,train_1m,train_observation,57,0.0,within_support,0.2487399008555379,1.0,2.4502423172861594
train_1m:58,train_1m,train_observation,58,0.0,within_support,0.1677717189450452,1.0,2.355517032038056
train_1m:59,train_1m,train_observation,59,0.0,within_support,0.2130343425713219,1.0,2.407523378049614
train_1m:60,train_1m,train_observation,60,0.0,within_support,0.1420270134266791,1.0,2.3269700355511227
train_1m:61,train_1m,train_observation,61,0.0,within_support,0.0994810577730224,1.0,2.2813744907343585
train_1m:62,train_1m,train_observation,62,0.0,within_support,0.0738059039092795,1.0,2.254783021792845
train_1m:63,train_1m,train_observation,63,0.0,within_support,0.1251988400187609,1.0,2.308703422904658
train_1m:64,train_1m,train_observation,64,0.0,within_support,0.1335538788266912,1.0,2.3177342126931966
train_1m:65,train_1m,train_observation,65,0.0,within_support,0.1739489129488823,1.0,2.362476630503428
train_1m:66,train_1m,train_observation,66,0.0,within_support,0.147698569536417,1.0,2.333195969166021
train_1m:67,train_1m,train_observation,67,0.0,within_support,0.0695638185493837,1.0,2.250454888491042
train_1m:68,train_1m,train_observation,68,0.0,within_support,0.0876994734354754,1.0,2.2690876422233677
train_1m:69,train_1m,train_observation,69,0.0,within_support,0.2083893098892381,1.0,2.402077239226016
train_1m:70,train_1m,train_observation,70,0.0,within_support,0.2724007460979242,1.0,2.4794026986009383
train_1m:71,train_1m,train_observation,71,0.0,within_support,0.1559740852494346,1.0,2.3423439773742816
train_1m:72,train_1m,train_observation,72,0.0,within_support,0.0173142869013383,1.0,2.198624352201609
train_1m:73,train_1m,train_observation,73,0.0,within_support,0.0845428429972554,1.0,2.265820151045804
train_1m:74,train_1m,train_observation,74,0.0,within_support,0.1033361533349091,1.0,2.285426450966569
train_1m:75,train_1m,train_observation,75,0.0,within_support,0.0681710986211613,1.0,2.2490379169042614
train_1m:76,train_1m,train_observation,76,0.0,within_support,0.1754414966653545,1.0,2.3641647238676162
train_1m:77,train_1m,train_observation,77,0.0,within_support,0.1475606418333818,1.0,2.3330441401467166
train_1m:78,train_1m,train_observation,78,0.0,within_support,0.1863964456853622,1.0,2.376632046631409
train_1m:79,train_1m,train_observation,79,0.0,within_support,0.1345536697384718,1.0,2.3188199295401284
train_1m:80,train_1m,train_observation,80,0.0,within_support,0.0816475067925186,1.0,2.2628321861680627
train_1m:81,train_1m,train_observation,81,0.0,within_support,0.139222504385278,1.0,2.3239044170867045
train_1m:82,train_1m,train_observation,82,0.0,within_support,0.1762272348858845,1.0,2.3650543967320408
train_1m:83,train_1m,train_observation,83,0.0,within_support,0.2258092333950561,1.0,2.4226326097704467
train_1m:84,train_1m,train_observation,84,0.0,within_support,0.0512668345577355,1.0,2.2319957185252446
train_1m:85,train_1m,train_observation,85,0.0,within_support,0.1673214000601536,1.0,2.355011354957802
train_1m:86,train_1m,train_observation,86,0.0,within_support,0.1103608512987983,1.0,2.2928501579779743
train_1m:87,train_1m,train_observation,87,0.0,within_support,0.1049164147389921,1.0,2.2870919293815173
train_1m:88,train_1m,train_observation,88,0.0,within_support,0.1714253000421156,1.0,2.3596281813451547
train_1m:89,train_1m,train_observation,89,0.0,within_support,0.0741257064035067,1.0,2.2551100561262545
train_1m:90,train_1m,train_observation,90,0.0,within_support,0.1395037555718915,1.0,2.3242114659986686
train_1m:91,train_1m,train_observation,91,0.0,within_support,0.1386212225931734,1.0,2.3232482723980112
train_1m:92,train_1m,train_observation,92,0.0,within_support,0.0522290391936294,1.0,2.2329580614657205
train_1m:93,train_1m,train_observation,93,0.0,within_support,0.1588301511958935,1.0,2.345518773266014
train_1m:94,train_1m,train_observation,94,0.0,within_support,0.0802921721290944,1.0,2.2614364610539175
train_1m:95,train_1m,train_observation,95,0.0,within_support,0.0664998674762026,1.0,2.2473401871528935
train_1m:96,train_1m,train_observation,96,0.0,within_support,0.1880267518580067,1.0,2.378499125848995
train_1m:97,train_1m,train_observation,97,0.0,within_support,0.1025152975083781,1.0,2.2845623678259184
train_1m:98,train_1m,train_observation,98,0.0,within_support,0.061004420721773,1.0,2.2417775681537444
train_1m:99,train_1m,train_observation,99,0.0,within_support,0.079526017361565,1.0,2.260648310550096
train_1m:100,train_1m,train_observation,100,0.0,within_support,0.1174629979850956,1.0,2.3004089157911105
train_1m:101,train_1m,train_observation,101,0.0,within_support,0.1809637016473429,1.0,2.3704322195048597
train_1m:102,train_1m,train_observation,102,0.0,within_support,0.0987230846554889,1.0,2.2805796468157618
train_1m:103,train_1m,train_observation,103,0.0,within_support,0.2163522008240815,1.0,2.411428968407808
train_1m:104,train_1m,train_observation,104,0.0,within_support,0.178623905724153,1.0,2.3677724126839177
train_1m:105,train_1m,train_observation,105,0.0,within_support,0.0930812884397714,1.0,2.2746823047211997
train_1m:106,train_1m,train_observation,106,0.0,within_support,0.1308790189832527,1.0,2.31483479627272
train_1m:107,train_1m,train_observation,107,0.0,within_support,0.0589871653811076,1.0,2.2397433133556492
train_1m:108,train_1m,train_observation,108,0.0,within_support,0.1240193214886783,1.0,2.307434572598172
train_1m:109,train_1m,train_observation,109,0.0,within_support,0.1553252452097167,1.0,2.341623991459823
train_1m:110,train_1m,train_observation,110,0.0,within_support,0.1389028470045198,1.0,2.3235555440136872
train_1m:111,train_1m,train_observation,111,0.0,within_support,0.1304310793872131,1.0,2.314350009474979
train_1m:112,train_1m,train_observation,112,0.0,within_support,0.1855978601648984,1.0,2.3757185908269363
train_1m:113,train_1m,train_observation,113,0.0,within_support,0.2251345339560592,1.0,2.421829786205297
train_1m:114,train_1m,train_observation,114,0.0,within_support,0.087660471409588,1.0,2.269047207483447
train_1m:115,train_1m,train_observation,115,0.0,within_support,0.0665408548976744,1.0,2.2473817905297713
train_1m:116,train_1m,train_observation,116,0.0,within_support,0.1804867529729868,1.0,2.369889534053753
train_1m:117,train_1m,train_observation,117,0.0,within_support,0.1846378149128034,1.0,2.3746214157449117
train_1m:118,train_1m,train_observation,118,0.0,within_support,0.1303118625147701,1.0,2.314221022489064
train_1m:119,train_1m,train_observation,119,0.0,within_support,0.1248511056675138,1.0,2.3083291970296207
train_1m:120,train_1m,train_observation,120,0.0,within_support,0.1576918254162507,1.0,2.344252326240291
train_1m:121,train_1m,train_observation,121,0.0,within_support,0.0392761709537238,1.0,2.2200806774395225
train_1m:122,train_1m,train_observation,122,0.0,within_support,0.1643247055203307,1.0,2.351652066982106
train_1m:123,train_1m,train_observation,123,0.0,within_support,0.1244571541016766,1.0,2.3079053901579396
train_1m:124,train_1m,train_observation,124,0.0,within_support,0.1792715391010363,1.0,2.368507999265508
train_1m:125,train_1m,train_observation,125,0.0,within_support,0.054633247759991,1.0,2.23536666686301
train_1m:126,train_1m,train_observation,126,0.0,within_support,0.1939564382166499,1.0,2.385315721204564
train_1m:127,train_1m,train_observation,127,0.0,within_support,0.1040775368101677,1.0,2.2862074864805706
train_1m:128,train_1m,train_observation,128,0.0,within_support,0.1795020155380592,1.0,2.3687698909925143
train_1m:129,train_1m,train_observation,129,0.0,within_support,0.0834208010097877,1.0,2.2646611854793113
train_1m:130,train_1m,train_observation,130,0.0,within_support,0.1776987163610736,1.0,2.366722402091086
train_1m:131,train_1m,train_observation,131,0.0,within_support,0.264531244906919,1.0,2.4696273965413367
train_1m:132,train_1m,train_observation,132,0.0,within_support,0.0842507613707534,1.0,2.26551833253982
train_1m:133,train_1m,train_observation,133,0.0,within_support,0.146666450772076,1.0,2.3320603340726143
train_1m:134,train_1m,train_observation,134,0.0,within_support,0.0522071876361152,1.0,2.2329361964901855
train_1m:135,train_1m,train_observation,135,0.0,within_support,0.0569515975095205,1.0,2.2376947471474047
train_1m:136,train_1m,train_observation,136,0.0,within_support,0.0467082238360467,1.0,2.2274490168785204
train_1m:137,train_1m,train_observation,137,0.0,within_support,0.0248485930461505,1.0,2.205932181646844
train_1m:138,train_1m,train_observation,138,0.0,within_support,0.1723629607689296,1.0,2.3606856974114554
train_1m:139,train_1m,train_observation,139,0.0,within_support,0.0301076988919718,1.0,2.2110659300272264
train_1m:140,train_1m,train_observation,140,0.0,within_support,0.1049017079513659,1.0,2.287076417381125
train_1m:141,train_1m,train_observation,141,0.0,within_support,0.1254383363334829,1.0,2.3089612405080517
train_1m:142,train_1m,train_observation,142,0.0,within_support,0.0679541854017182,1.0,2.248817404100857
train_1m:143,train_1m,train_observation,143,0.0,within_support,0.031020490835742,1.0,2.2119597173506813
train_1m:144,train_1m,train_observation,144,0.0,within_support,0.0754398931086402,1.0,2.2564550596356003
train_1m:145,train_1m,train_observation,145,0.0,within_support,0.2620107143087931,1.0,2.4665126853580626
train_1m:146,train_1m,train_observation,146,0.0,within_support,0.1214171957675582,1.0,2.3046406599725797
train_1m:147,train_1m,train_observation,147,0.0,within_support,0.1057266321138978,1.0,2.2879468596240464
train_1m:148,train_1m,train_observation,148,0.0,within_support,0.0455350087996082,1.0,2.226282216480992
train_1m:149,train_1m,train_observation,149,0.0,within_support,0.105254199558511,1.0,2.2874482710905832
train_1m:150,train_1m,train_observation,150,0.0,within_support,0.2449713156740819,1.0,2.44566116022796
train_1m:151,train_1m,train_observation,151,0.0,within_support,0.1045330189855525,1.0,2.286687616826905
train_1m:152,train_1m,train_observation,152,0.0,within_support,0.1767981328343894,1.0,2.3657012496364036
train_1m:153,train_1m,train_observation,153,0.0,within_support,0.1545370770191466,1.0,2.3407500281061937
train_1m:154,train_1m,train_observation,154,0.0,within_support,0.0577346163357567,1.0,2.238482272546733
train_1m:155,train_1m,train_observation,155,0.0,within_support,0.1544427631408896,1.0,2.3406454939342707
train_1m:156,train_1m,train_observation,156,0.0,within_support,0.0780876586931171,1.0,2.2591702876364357
train_1m:157,train_1m,train_observation,157,0.0,within_support,0.1273176776738609,1.0,2.3109864948024583
train_1m:158,train_1m,train_observation,158,0.0,within_support,0.2460160496783694,1.0,2.446929427722008
train_1m:159,train_1m,train_observation,159,0.0,within_support,0.1010034289560989,1.0,2.2829727374082003
train_1m:160,train_1m,train_observation,160,0.0,within_support,0.1994456627630471,1.0,2.3916621042694217
train_1m:161,train_1m,train_observation,161,0.0,within_support,0.1750103323615681,1.0,2.3636768236531456
train_1m:162,train_1m,train_observation,162,0.0,within_support,0.1468395802584923,1.0,2.332250745770527
train_1m:163,train_1m,train_observation,163,0.0,within_support,0.16001911335778,1.0,2.3468430960684756
train_1m:164,train_1m,train_observation,164,0.0,within_support,0.0993619054986159,1.0,2.2812495025102684
train_1m:165,train_1m,train_observation,165,0.0,within_support,0.1162780052145118,1.0,2.2991440032462354
train_1m:166,train_1m,train_observation,166,0.0,within_support,0.1887506599343629,1.0,2.3793291451021528
train_1m:167,train_1m,train_observation,167,0.0,within_support,0.1014426655196182,1.0,2.2834343181268717
train_1m:168,train_1m,train_observation,168,0.0,within_support,0.0985198826770995,1.0,2.2803666626787926
train_1m:169,train_1m,train_observation,169,0.0,within_support,0.1280767190073169,1.0,2.3118055481404136
train_1m:170,train_1m,train_observation,170,0.0,within_support,0.0134887336538875,1.0,2.194934815230337
train_1m:171,train_1m,train_observation,171,0.0,within_support,0.2233451069571265,1.0,2.419703171954226
train_1m:172,train_1m,train_observation,172,0.0,within_support,0.0443418516823298,1.0,2.225096986212972
train_1m:173,train_1m,train_observation,173,0.0,within_support,0.1812118728209978,1.0,2.3707146979551803
train_1m:174,train_1m,train_observation,174,0.0,within_support,0.1764699342086643,1.0,2.365329340792585
train_1m:175,train_1m,train_observation,175,0.0,within_support,0.086018271292079,1.0,2.267346112565759
train_1m:176,train_1m,train_observation,176,0.0,within_support,0.1526672060212405,1.0,2.3386793679302373
train_1m:177,train_1m,train_observation,177,0.0,within_support,0.097408090391385,1.0,2.2792021145093564
train_1m:178,train_1m,train_observation,178,0.0,within_support,0.2564978233796515,1.0,2.459727507938859
train_1m:179,train_1m,train_observation,179,0.0,within_support,0.0646826942908318,1.0,2.245497418269097
train_1m:180,train_1m,train_observation,180,0.0,within_support,0.1710218488518657,1.0,2.3591734645271876
train_1m:181,train_1m,train_observation,181,0.0,within_support,0.1107659045149027,1.0,2.293279810843168
train_1m:182,train_1m,train_observation,182,0.0,within_support,0.1435028102739335,1.0,2.3285866899587524
train_1m:183,train_1m,train_observation,183,0.0,within_support,0.1070586767570509,1.0,2.2893539212366187
train_1m:184,train_1m,train_observation,184,0.0,within_support,0.1190283872715833,1.0,2.302082179581343
train_1m:185,train_1m,train_observation,185,0.0,within_support,0.1090605497395117,1.0,2.291472062126437
train_1m:186,train_1m,train_observation,186,0.0,within_support,0.0435998959025261,1.0,2.224360672481442
train_1m:187,train_1m,train_observation,187,0.0,within_support,0.1708031781529422,1.0,2.358927084490806
train_1m:188,train_1m,train_observation,188,0.0,within_support,0.0972149859484424,1.0,2.2789999789640376
train_1m:189,train_1m,train_observation,189,0.0,within_support,0.2090458899955321,1.0,2.4028455221653204
train_1m:190,train_1m,train_observation,190,0.0,within_support,0.0716112462772202,1.0,2.2525415547412027
train_1m:191,train_1m,train_observation,191,0.0,within_support,0.1179513855076008,1.0,2.3009306781052556
train_1m:192,train_1m,train_observation,192,0.0,within_support,0.2336651470219463,1.0,2.4320203263654974
train_1m:193,train_1m,train_observation,193,0.0,within_support,0.1772195395936307,1.0,2.3661789592936007
train_1m:194,train_1m,train_observation,194,0.0,within_support,0.1623318382937395,1.0,2.3494236340711585
train_1m:195,train_1m,train_observation,195,0.0,within_support,0.0523371678143325,1.0,2.233066263515042
train_1m:196,train_1m,train_observation,196,0.0,within_support,0.0698387602003353,1.0,2.2507348510680574
train_1m:197,train_1m,train_observation,197,0.0,within_support,0.0769291723460142,1.0,2.2579813995339357
train_1m:198,train_1m,train_observation,198,0.0,within_support,0.1335435566574672,1.0,2.317723009056807
train_1m:199,train_1m,train_observation,199,0.0,within_support,0.192805743208965,1.0,2.383989752869258
train_1m:200,train_1m,train_observation,200,0.0,within_support,0.0829040764224045,1.0,2.2641278939570024
train_1m:201,train_1m,train_observation,201,0.0,within_support,0.0982304406220075,1.0,2.280063361579722
train_1m:202,train_1m,train_observation,202,0.0,within_support,0.1071928197736488,1.0,2.289495722712079
train_1m:203,train_1m,train_observation,203,0.0,within_support,0.2107071957700634,1.0,2.4047917174169675
train_1m:204,train_1m,train_observation,204,0.0,within_support,0.057709008868665,1.0,2.2384565079441687
train_1m:205,train_1m,train_observation,205,0.0,within_support,0.1371382244277366,1.0,2.3216316461857254
train_1m:206,train_1m,train_observation,206,0.0,within_support,0.120268180122902,1.0,2.3034092693613255
train_1m:207,train_1m,train_observation,207,0.0,within_support,0.2036425535151254,1.0,2.3965379059950185
train_1m:208,train_1m,train_observation,208,0.0,within_support,0.1904343410856814,1.0,2.3812619474197527
train_1m:209,train_1m,train_observation,209,0.0,within_support,0.1490853941603262,1.0,2.334723732059037
train_1m:210,train_1m,train_observation,210,0.0,within_support,0.1911787236965507,1.0,2.3821175084859076
train_1m:211,train_1m,train_observation,211,0.0,within_support,0.0627186357671919,1.0,2.243509457081237
train_1m:212,train_1m,train_observation,212,0.0,within_support,0.0725403918495381,1.0,2.2534899174476686
train_1m:213,train_1m,train_observation,213,0.0,within_support,0.1398236038996797,1.0,2.324560757333116
train_1m:214,train_1m,train_observation,214,0.0,within_support,0.0652241814371462,1.0,2.246046182298655
train_1m:215,train_1m,train_observation,215,0.0,within_support,0.1545078831215875,1.0,2.340717669567569
train_1m:216,train_1m,train_observation,216,0.0,within_support,0.1207515941339271,1.0,2.303927167769829
train_1m:217,train_1m,train_observation,217,0.0,within_support,0.2471798491038943,1.0,2.4483437971203026
train_1m:218,train_1m,train_observation,218,0.0,within_support,0.0699411823666826,1.0,2.25083916332596
train_1m:219,train_1m,train_observation,219,0.0,within_support,0.1821803623047436,1.0,2.3718177426422433
train_1m:220,train_1m,train_observation,220,0.0,within_support,0.1158496597639642,1.0,2.2986871374939737
train_1m:221,train_1m,train_observation,221,0.0,within_support,0.1304559961856899,1.0,2.314376970208754
train_1m:222,train_1m,train_observation,222,0.0,within_support,0.2667546504026203,1.0,2.472381464104116
train_1m:223,train_1m,train_observation,223,0.0,within_support,0.2090680199767695,1.0,2.402871425870423
train_1m:224,train_1m,train_observation,224,0.0,within_support,0.1408341702073932,1.0,2.325665083732121
train_1m:225,train_1m,train_observation,225,0.0,within_support,0.0606728299661751,1.0,2.241442901181044
train_1m:226,train_1m,train_observation,226,0.0,within_support,0.1220702502232522,1.0,2.305341163927115
train_1m:227,train_1m,train_observation,227,0.0,within_support,0.0635601150916794,1.0,2.2443606992007137
train_1m:228,train_1m,train_observation,228,0.0,within_support,0.1337889844916659,1.0,2.317989426649233
train_1m:229,train_1m,train_observation,229,0.0,within_support,0.1181583624242941,1.0,2.301151876032841
train_1m:230,train_1m,train_observation,230,0.0,within_support,0.1871480794875177,1.0,2.3774924637365524
train_1m:231,train_1m,train_observation,231,0.0,within_support,0.1935259093600123,1.0,2.3848194357447214
train_1m:232,train_1m,train_observation,232,0.0,within_support,0.1059248718847914,1.0,2.288156145002391
train_1m:233,train_1m,train_observation,233,0.0,within_support,0.1464220831792828,1.0,2.3317916292024625
train_1m:234,train_1m,train_observation,234,0.0,within_support,0.0728982237650785,1.0,2.2538553853405747
train_1m:235,train_1m,train_observation,235,0.0,within_support,0.0944366033489516,1.0,2.2760959739390216
train_1m:236,train_1m,train_observation,236,0.0,within_support,0.089523642813738,1.0,2.270980584154926
train_1m:237,train_1m,train_observation,237,0.0,within_support,0.2255019955079624,1.0,2.422266960830055
train_1m:238,train_1m,train_observation,238,0.0,within_support,0.2475237884028123,1.0,2.448762102927101
train_1m:239,train_1m,train_observation,239,0.0,within_support,0.0606840315128584,1.0,2.241454204835173
train_1m:240,train_1m,train_observation,240,0.0,within_support,0.1770453891870552,1.0,2.3659815167648173
train_1m:241,train_1m,train_observation,241,0.0,within_support,0.1561927042033145,1.0,2.3425866733244125
train_1m:242,train_1m,train_observation,242,0.0,within_support,0.1257638306684823,1.0,2.3093117339153286
train_1m:243,train_1m,train_observation,243,0.0,within_support,0.1486941194161053,1.0,2.3342924788116726
train_1m:244,train_1m,train_observation,244,0.0,within_support,0.0686708624784777,1.0,2.2495461562267227
train_1m:245,train_1m,train_observation,245,0.0,within_support,0.118670555910497,1.0,2.3016994582823878
train_1m:246,train_1m,train_observation,246,0.0,within_support,0.1047023920835475,1.0,2.286866211246047
train_1m:247,train_1m,train_observation,247,0.0,within_support,0.1447977500176905,1.0,2.330007191866847
train_1m:248,train_1m,train_observation,248,0.0,within_support,0.1485479826342996,1.0,2.334131453776941
train_1m:249,train_1m,train_observation,249,0.0,within_support,0.1579691620634117,1.0,2.344560744963094
train_1m:250,train_1m,train_observation,250,0.0,within_support,0.1619036627464112,1.0,2.348945425595785
train_1m:251,train_1m,train_observation,251,0.0,within_support,0.1370815482629002,1.0,2.3215699106698677
train_1m:252,train_1m,train_observation,252,0.0,within_support,0.07327892703489,1.0,2.254244356260612
train_1m:253,train_1m,train_observation,253,0.0,within_support,0.1802388944884595,1.0,2.369607615973246
train_1m:254,train_1m,train_observation,254,0.0,within_support,0.1714715273967111,1.0,2.3596802944202553
train_1m:255,train_1m,train_observation,255,0.0,within_support,0.1910523429934252,1.0,2.381972207102682
train_1m:256,train_1m,train_observation,256,0.0,within_support,0.1392426391299505,1.0,2.3239263958182237
train_1m:257,train_1m,train_observation,257,0.0,within_support,0.0761556266475232,1.0,2.2571883204658283
train_1m:258,train_1m,train_observation,258,0.0,within_support,0.1350804149235097,1.0,2.3193923820140783
train_1m:259,train_1m,train_observation,259,0.0,within_support,0.1459276259122379,1.0,2.3312481283108997
train_1m:260,train_1m,train_observation,260,0.0,within_support,0.2150180998490462,1.0,2.4098569842535706
train_1m:261,train_1m,train_observation,261,0.0,within_support,0.0925197176237699,1.0,2.274097116141865
train_1m:262,train_1m,train_observation,262,0.0,within_support,0.1832750656429272,1.0,2.373065823325415
train_1m:263,train_1m,train_observation,263,0.0,within_support,0.1257371826447267,1.0,2.3092830349448463
train_1m:264,train_1m,train_observation,264,0.0,within_support,0.1684858615666865,1.0,2.35631943205318
train_1m:265,train_1m,train_observation,265,0.0,within_support,0.200311131650734,1.0,2.392665901789389
train_1m:266,train_1m,train_observation,266,0.0,within_support,0.1503833403618051,1.0,2.336155504805063
train_1m:267,train_1m,train_observation,267,0.0,within_support,0.188434189375,1.0,2.378966212046309
train_1m:268,train_1m,train_observation,268,0.0,within_support,0.1111144075782417,1.0,2.2936496184662243
train_1m:269,train_1m,train_observation,269,0.0,within_support,0.1768433090264914,1.0,2.3657524520513107
train_1m:270,train_1m,train_observation,270,0.0,within_support,0.0289410421233744,1.0,2.209924750529848
train_1m:271,train_1m,train_observation,271,0.0,within_support,0.0969205491710709,1.0,2.278691847098947
train_1m:272,train_1m,train_observation,272,0.0,within_support,0.0919173979272452,1.0,2.273469830073487
train_1m:273,train_1m,train_observation,273,0.0,within_support,0.1571028320620409,1.0,2.343597606023131
train_1m:274,train_1m,train_observation,274,0.0,within_support,0.1420145619573939,1.0,2.3269564057974934
train_1m:275,train_1m,train_observation,275,0.0,within_support,0.1752791563898416,1.0,2.3639809969195555
train_1m:276,train_1m,train_observation,276,0.0,within_support,0.2091471368143186,1.0,2.4029640388264966
train_1m:277,train_1m,train_observation,277,0.0,within_support,0.2019983151175495,1.0,2.3946252485736172
train_1m:278,train_1m,train_observation,278,0.0,within_support,0.2288470087992147,1.0,2.4262539700735593
train_1m:279,train_1m,train_observation,279,0.0,within_support,0.2199474238885921,1.0,2.4156757105750986
train_1m:280,train_1m,train_observation,280,0.0,within_support,0.2098091509686369,1.0,2.4037392696721858
train_1m:281,train_1m,train_observation,281,0.0,within_support,0.0946904583062364,1.0,2.2763609719590896
train_1m:282,train_1m,train_observation,282,0.0,within_support,0.11887315081179,1.0,2.3019161284065133
train_1m:283,train_1m,train_observation,283,0.0,within_support,0.2450287867076975,1.0,2.4457308934508966
train_1m:284,train_1m,train_observation,284,0.0,within_support,0.1578015845990122,1.0,2.3443743762864666
train_1m:285,train_1m,train_observation,285,0.0,within_support,0.1947826932237439,1.0,2.3862687725660554
train_1m:286,train_1m,train_observation,286,0.0,within_support,0.1868029534335782,1.0,2.3770973075890733
train_1m:287,train_1m,train_observation,287,0.0,within_support,0.1163571608747652,1.0,2.2992284507117784
train_1m:288,train_1m,train_observation,288,0.0,within_support,0.13262535920721,1.0,2.3167268641862444
train_1m:289,train_1m,train_observation,289,0.0,within_support,0.1629167498004761,1.0,2.3500772243204406
train_1m:290,train_1m,train_observation,290,0.0,within_support,0.1105969991232694,1.0,2.2931006263523974
train_1m:291,train_1m,train_observation,291,0.0,within_support,0.1967400601540859,1.0,2.388529660110354
train_1m:292,train_1m,train_observation,292,0.0,within_support,0.2780464906845928,1.0,2.486463247447389
train_1m:293,train_1m,train_observation,293,0.0,within_support,0.1051428981882123,1.0,2.2873308418586458
train_1m:294,train_1m,train_observation,294,0.0,within_support,0.2821199689942083,1.0,2.4915823386746627
train_1m:295,train_1m,train_observation,295,0.0,within_support,0.1221611232888273,1.0,2.305438675892022
train_1m:296,train_1m,train_observation,296,0.0,within_support,0.1758189277763748,1.0,2.364591992971345
train_1m:297,train_1m,train_observation,297,0.0,within_support,0.1621594684779967,1.0,2.349231097971618
train_1m:298,train_1m,train_observation,298,0.0,within_support,0.0990060800389314,1.0,2.2808763377352115
train_1m:299,train_1m,train_observation,299,0.0,within_support,0.1361807724168653,1.0,2.3205891942074333
train_1m:300,train_1m,train_observation,300,0.0,within_support,0.2553149855366367,1.0,2.4582765576446697
train_1m:301,train_1m,train_observation,301,0.0,within_support,0.0811071735282725,1.0,2.2622755236250613
train_1m:302,train_1m,train_observation,302,0.0,within_support,0.1477726573731747,1.0,2.3332775327377653
train_1m:303,train_1m,train_observation,303,0.0,within_support,0.2373919912455877,1.0,2.4364997156744326
train_1m:304,train_1m,train_observation,304,0.0,within_support,0.1839491100226936,1.0,2.3738349870189115
train_1m:305,train_1m,train_observation,305,0.0,within_support,0.26566918984336,1.0,2.4710361707504003
train_1m:306,train_1m,train_observation,306,0.0,within_support,0.145847497786961,1.0,2.331160077835598
train_1m:307,train_1m,train_observation,307,0.0,within_support,0.1835354321139718,1.0,2.3733628705542236
train_1m:308,train_1m,train_observation,308,0.0,within_support,0.0518620105078716,1.0,2.2325908707811193
train_1m:309,train_1m,train_observation,309,0.0,within_support,0.1889961829666402,1.0,2.37961079362932
train_1m:310,train_1m,train_observation,310,0.0,within_support,0.1419082656406491,1.0,2.3268400575530803
train_1m:311,train_1m,train_observation,311,0.0,within_support,0.0557686022148863,1.0,2.236506112233995
train_1m:312,train_1m,train_observation,312,0.0,within_support,0.1772308341514858,1.0,2.366191765653853
train_1m:313,train_1m,train_observation,313,0.0,within_support,0.1965168764546486,1.0,2.3882716446728485
train_1m:314,train_1m,train_observation,314,0.0,within_support,0.0943449092623758,1.0,2.2760002714412053
train_1m:315,train_1m,train_observation,315,0.0,within_support,0.14335884109369,1.0,2.328428874585109
train_1m:316,train_1m,train_observation,316,0.0,within_support,0.1142563222157313,1.0,2.296989428398519
train_1m:317,train_1m,train_observation,317,0.0,within_support,0.2185049752341981,1.0,2.4139700300576923
train_1m:318,train_1m,train_observation,318,0.0,within_support,0.1929418645283758,1.0,2.384146528565685
train_1m:319,train_1m,train_observation,319,0.0,within_support,0.1627710595177351,1.0,2.3499143917212404
train_1m:320,train_1m,train_observation,320,0.0,within_support,0.1715599465248313,1.0,2.3597799778853252
train_1m:321,train_1m,train_observation,321,0.0,within_support,0.1760646027289569,1.0,2.36487019479938
train_1m:322,train_1m,train_observation,322,0.0,within_support,0.2250488800001798,1.0,2.4217279054698393
train_1m:323,train_1m,train_observation,323,0.0,within_support,0.0439264798127049,1.0,2.2246847056421486
train_1m:324,train_1m,train_observation,324,0.0,within_support,0.0972990976842619,1.0,2.279088019636675
train_1m:325,train_1m,train_observation,325,0.0,within_support,0.1480977280587354,1.0,2.3336354756824225
train_1m:326,train_1m,train_observation,326,0.0,within_support,0.1384370457654798,1.0,2.3230473695991796
train_1m:327,train_1m,train_observation,327,0.0,within_support,0.1424317496379648,1.0,2.32741316443611
train_1m:328,train_1m,train_observation,328,0.0,within_support,0.3330129753558649,1.0,2.5573281298549224
train_1m:329,train_1m,train_observation,329,0.0,within_support,0.193651799797041,1.0,2.384964531889181
train_1m:330,train_1m,train_observation,330,0.0,within_support,0.0946129178882076,1.0,2.2762800207381124
train_1m:331,train_1m,train_observation,331,0.0,within_support,0.097638223077811,1.0,2.2794430610173753
train_1m:332,train_1m,train_observation,332,0.0,within_support,0.1373439350840111,1.0,2.321855749558985
train_1m:333,train_1m,train_observation,333,0.0,within_support,0.0979142306214611,1.0,2.279732111160543
train_1m:334,train_1m,train_observation,334,0.0,within_support,0.107067772564396,1.0,2.2893635357383157
train_1m:335,train_1m,train_observation,335,0.0,within_support,0.2059963173726945,1.0,2.3992813967455535
train_1m:336,train_1m,train_observation,336,0.0,within_support,0.1821555222951688,1.0,2.3717894381837477
train_1m:337,train_1m,train_observation,337,0.0,within_support,0.181287590192708,1.0,2.370800896482946
train_1m:338,train_1m,train_observation,338,0.0,within_support,0.1374870388065376,1.0,2.322011675465921
train_1m:339,train_1m,train_observation,339,0.0,within_support,0.1232083836601505,1.0,2.306563085533463
train_1m:340,train_1m,train_observation,340,0.0,within_support,0.0591410663560778,1.0,2.2398983667045522
train_1m:341,train_1m,train_observation,341,0.0,within_support,0.1581423478348858,1.0,2.3447533836507173
train_1m:342,train_1m,train_observation,342,0.0,within_support,0.1368209433864056,1.0,2.3212860872234975
train_1m:343,train_1m,train_observation,343,0.0,within_support,0.102540025315578,1.0,2.2845883874706883
train_1m:344,train_1m,train_observation,344,0.0,within_support,0.2285422847013841,1.0,2.4258902090323176
train_1m:345,train_1m,train_observation,345,0.0,within_support,0.1726337753394314,1.0,2.360991313122818
train_1m:346,train_1m,train_observation,346,0.0,within_support,0.0340119703599931,1.0,2.214894638079669
train_1m:347,train_1m,train_observation,347,0.0,within_support,0.1678936533055157,1.0,2.355653995105551
train_1m:348,train_1m,train_observation,348,0.0,within_support,0.1822790046383872,1.0,2.3719301496128984
train_1m:349,train_1m,train_observation,349,0.0,within_support,0.0211284139232578,1.0,2.2023169474076068
train_1m:350,train_1m,train_observation,350,0.0,within_support,0.0673118084661254,1.0,2.2481646476931454
train_1m:351,train_1m,train_observation,351,0.0,within_support,0.1091619939846033,1.0,2.2915795111313164
train_1m:352,train_1m,train_observation,352,0.0,within_support,0.2561175202232255,1.0,2.4592608147101584
train_1m:353,train_1m,train_observation,353,0.0,within_support,0.0772738904704091,1.0,2.258335020046632
train_1m:354,train_1m,train_observation,354,0.0,within_support,0.0981903002795498,1.0,2.280021306171306
train_1m:355,train_1m,train_observation,355,0.0,within_support,0.1174085668908642,1.0,2.300350780836599
train_1m:356,train_1m,train_observation,356,0.0,within_support,0.0639556733079209,1.0,2.2447610942268232
train_1m:357,train_1m,train_observation,357,0.0,within_support,0.0831761910062742,1.0,2.264408698578409
train_1m:358,train_1m,train_observation,358,0.0,within_support,0.1299390518207946,1.0,2.313817758268076
train_1m:359,train_1m,train_observation,359,0.0,within_support,0.1124825979053212,1.0,2.2951026953102427
train_1m:360,train_1m,train_observation,360,0.0,within_support,0.1367199466982798,1.0,2.3211761121294576
train_1m:361,train_1m,train_observation,361,0.0,within_support,0.2058269652238794,1.0,2.3990837882730016
train_1m:362,train_1m,train_observation,362,0.0,within_support,0.2071040618390321,1.0,2.400574793535057
train_1m:363,train_1m,train_observation,363,0.0,within_support,0.0974349753148315,1.0,2.2792302598816656
train_1m:364,train_1m,train_observation,364,0.0,within_support,0.1959049006995285,1.0,2.3875644547078254
train_1m:365,train_1m,train_observation,365,0.0,within_support,0.0601455631531011,1.0,2.2409109713061035
train_1m:366,train_1m,train_observation,366,0.0,within_support,0.1480120337757867,1.0,2.333541104406539
train_1m:367,train_1m,train_observation,367,0.0,within_support,0.0353755225992973,1.0,2.2162353259396155
train_1m:368,train_1m,train_observation,368,0.0,within_support,0.0570494795531886,1.0,2.2377931588187256
train_1m:369,train_1m,train_observation,369,0.0,within_support,0.1895790232741561,1.0,2.3802796682318785
train_1m:370,train_1m,train_observation,370,0.0,within_support,0.1401493404353484,1.0,2.3249165937456233
train_1m:371,train_1m,train_observation,371,0.0,within_support,0.0927310642948626,1.0,2.27431731277198
train_1m:372,train_1m,train_observation,372,0.0,within_support,0.1565193107660918,1.0,2.3429493486586086
train_1m:373,train_1m,train_observation,373,0.0,within_support,0.2210441429821695,1.0,2.416974216955283
train_1m:374,train_1m,train_observation,374,0.0,within_support,0.1439684372177263,1.0,2.3290972540357755
train_1m:375,train_1m,train_observation,375,0.0,within_support,0.1363764169126964,1.0,2.3208021263559058
train_1m:376,train_1m,train_observation,376,0.0,within_support,0.142136323875459,1.0,2.327089697348484
train_1m:377,train_1m,train_observation,377,0.0,within_support,0.1576185277898336,1.0,2.3441708281852986
train_1m:378,train_1m,train_observation,378,0.0,within_support,0.2632698852098095,1.0,2.4680677072229176
train_1m:379,train_1m,train_observation,379,0.0,within_support,0.0379776286450699,1.0,2.218798877803972
train_1m:380,train_1m,train_observation,380,0.0,within_support,0.1893809791959261,1.0,2.380052346717676
train_1m:381,train_1m,train_observation,381,0.0,within_support,0.0679535437454478,1.0,2.2488167518675235
train_1m:382,train_1m,train_observation,382,0.0,within_support,0.2430700892174086,1.0,2.443356540269356
train_1m:383,train_1m,train_observation,383,0.0,within_support,0.210463082063026,1.0,2.4045055391230212
train_1m:384,train_1m,train_observation,384,0.0,within_support,0.0551679402611834,1.0,2.2359031248099157
train_1m:385,train_1m,train_observation,385,0.0,within_support,0.0808679224768899,1.0,2.262029138286671
train_1m:386,train_1m,train_observation,386,0.0,within_support,0.2184314395031052,1.0,2.4138831407151384
train_1m:387,train_1m,train_observation,387,0.0,within_support,0.2838412971371359,1.0,2.493751786500199
train_1m:388,train_1m,train_observation,388,0.0,within_support,0.1699203971186065,1.0,2.3579329875159414
train_1m:389,train_1m,train_observation,389,0.0,within_support,0.2300144027517388,1.0,2.4276485599650246
train_1m:390,train_1m,train_observation,390,0.0,within_support,0.1013840206332174,1.0,2.283372678221361
train_1m:391,train_1m,train_observation,391,0.0,within_support,0.1892023176848078,1.0,2.379847311774839
train_1m:392,train_1m,train_observation,392,0.0,within_support,0.1336107977946745,1.0,2.317795994364023
train_1m:393,train_1m,train_observation,393,0.0,within_support,0.049568139780907,1.0,2.230299038294115
train_1m:394,train_1m,train_observation,394,0.0,within_support,0.2072239749297356,1.0,2.400714889409634
train_1m:395,train_1m,train_observation,395,0.0,within_support,0.1063132888838981,1.0,2.2885663242857226
train_1m:396,train_1m,train_observation,396,0.0,within_support,0.1780086452114919,1.0,2.3670740365589755
train_1m:397,train_1m,train_observation,397,0.0,within_support,0.1191695148955065,1.0,2.3022331613841756
train_1m:398,train_1m,train_observation,398,0.0,within_support,0.1225651815797004,1.0,2.3058723607178564
train_1m:399,train_1m,train_observation,399,0.0,within_support,0.180687336217837,1.0,2.3701177317049273
train_1m:400,train_1m,train_observation,400,0.0,within_support,0.0640056471261202,1.0,2.244811690384794
train_1m:401,train_1m,train_observation,401,0.0,within_support,0.0489386382457039,1.0,2.2296710148801404
train_1m:402,train_1m,train_observation,402,0.0,within_support,0.135987874642547,1.0,2.3203792922697346
train_1m:403,train_1m,train_observation,403,0.0,within_support,0.0720052401304325,1.0,2.252943589805431
train_1m:404,train_1m,train_observation,404,0.0,within_support,0.072765600159331,1.0,2.2537199163519035
train_1m:405,train_1m,train_observation,405,0.0,within_support,0.1281237627517989,1.0,2.311856331762101
train_1m:406,train_1m,train_observation,406,0.0,within_support,0.1304908730687581,1.0,2.314414709185244
train_1m:407,train_1m,train_observation,407,0.0,within_support,0.0806688115066254,1.0,2.2618241349144492
train_1m:408,train_1m,train_observation,408,0.0,within_support,0.2080510325562333,1.0,2.401681608210339
train_1m:409,train_1m,train_observation,409,0.0,within_support,0.0737830871308283,1.0,2.2547596930450906
train_1m:410,train_1m,train_observation,410,0.0,within_support,0.1548395528960827,1.0,2.341085348206463
train_1m:411,train_1m,train_observation,411,0.0,within_support,0.1284787978912212,1.0,2.312239668496823
train_1m:412,train_1m,train_observation,412,0.0,within_support,0.2078729898671878,1.0,2.4014734327857763
train_1m:413,train_1m,train_observation,413,0.0,within_support,0.1548382017382481,1.0,2.3410838501081552
train_1m:414,train_1m,train_observation,414,0.0,within_support,0.0725943620602618,1.0,2.2535450309848333
train_1m:415,train_1m,train_observation,415,0.0,within_support,0.0793091837889983,1.0,2.2604253614562855
train_1m:416,train_1m,train_observation,416,0.0,within_support,0.1310848079039635,1.0,2.315057586056523
train_1m:417,train_1m,train_observation,417,0.0,within_support,0.0530815434402731,1.0,2.233811462227628
train_1m:418,train_1m,train_observation,418,0.0,within_support,0.2367228888940371,1.0,2.4356942744352965
train_1m:419,train_1m,train_observation,419,0.0,within_support,0.0511477512101595,1.0,2.2318766824390326
train_1m:420,train_1m,train_observation,420,0.0,within_support,0.0726303462843837,1.0,2.2535817791658834
train_1m:421,train_1m,train_observation,421,0.0,within_support,0.1571974782806002,1.0,2.343702787986209
train_1m:422,train_1m,train_observation,422,0.0,within_support,0.0621906669244767,1.0,2.2429757283658156
train_1m:423,train_1m,train_observation,423,0.0,within_support,0.2129296661517887,1.0,2.407400369774634
train_1m:424,train_1m,train_observation,424,0.0,within_support,0.0423733475862182,1.0,2.2231446486112834
train_1m:425,train_1m,train_observation,425,0.0,within_support,0.0631558345107293,1.0,2.243951638778291
train_1m:426,train_1m,train_observation,426,0.0,within_support,0.0965901921703291,1.0,2.2783462322447976
train_1m:427,train_1m,train_observation,427,0.0,within_support,0.1184473915817298,1.0,2.3014608404778825
train_1m:428,train_1m,train_observation,428,0.0,within_support,0.0626441471034817,1.0,2.2434341387090257
train_1m:429,train_1m,train_observation,429,0.0,within_support,0.2605649730650898,1.0,2.464729670194017
train_1m:430,train_1m,train_observation,430,0.0,within_support,0.1034354035337766,1.0,2.285530975880469
train_1m:431,train_1m,train_observation,431,0.0,within_support,0.0663351867012666,1.0,2.2471730487578236
train_1m:432,train_1m,train_observation,432,0.0,within_support,0.1415264634350057,1.0,2.3264222521378874
train_1m:433,train_1m,train_observation,433,0.0,within_support,0.1344593342223423,1.0,2.318717440076273
train_1m:434,train_1m,train_observation,434,0.0,within_support,0.0325886188021342,1.0,2.213497102377344
train_1m:435,train_1m,train_observation,435,0.0,within_support,0.2916245275269446,1.0,2.5036080058012162
train_1m:436,train_1m,train_observation,436,0.0,within_support,0.2384263310672535,1.0,2.4377458775484557
train_1m:437,train_1m,train_observation,437,0.0,within_support,0.1238932758165489,1.0,2.3072990692473674
train_1m:438,train_1m,train_observation,438,0.0,within_support,0.0383284833694189,1.0,2.2191450447146632
train_1m:439,train_1m,train_observation,439,0.0,within_support,0.0795325453889973,1.0,2.2606550234420695
train_1m:440,train_1m,train_observation,440,0.0,within_support,0.0633130441933413,1.0,2.244110687513198
train_1m:441,train_1m,train_observation,441,0.0,within_support,0.1445271850829975,1.0,2.329710239915483
train_1m:442,train_1m,train_observation,442,0.0,within_support,0.0500450953281364,1.0,2.230775137225932
train_1m:443,train_1m,train_observation,443,0.0,within_support,0.095993798083422,1.0,2.2777225821724705
train_1m:444,train_1m,train_observation,444,0.0,within_support,0.2332019775572416,1.0,2.4314647965259306
train_1m:445,train_1m,train_observation,445,0.0,within_support,0.0489903552820363,1.0,2.229722595576368
train_1m:446,train_1m,train_observation,446,0.0,within_support,0.112874521376084,1.0,2.2955193013017015
train_1m:447,train_1m,train_observation,447,0.0,within_support,0.136742357276787,1.0,2.3212005140052376
train_1m:448,train_1m,train_observation,448,0.0,within_support,0.0692630747411818,1.0,2.250148740698169
train_1m:449,train_1m,train_observation,449,0.0,within_support,0.1366350905622048,1.0,2.321083721036621
train_1m:450,train_1m,train_observation,450,0.0,within_support,0.2214837968846759,1.0,2.417495163565841
train_1m:451,train_1m,train_observation,451,0.0,within_support,0.1062331280139416,1.0,2.2884816591030974
train_1m:452,train_1m,train_observation,452,0.0,within_support,0.1446069643965901,1.0,2.3297977914047525
train_1m:453,train_1m,train_observation,453,0.0,within_support,0.1878302829085175,1.0,2.3782739619287563
train_1m:454,train_1m,train_observation,454,0.0,within_support,0.0779829219011335,1.0,2.259062745632863
train_1m:455,train_1m,train_observation,455,0.0,within_support,0.1026023305536544,1.0,2.2846539505308483
train_1m:456,train_1m,train_observation,456,0.0,within_support,0.1721626164981999,1.0,2.360459661071621
train_1m:457,train_1m,train_observation,457,0.0,within_support,0.1613128909914989,1.0,2.34828595737503
train_1m:458,train_1m,train_observation,458,0.0,within_support,0.1723146356761004,1.0,2.3606311709837726
train_1m:459,train_1m,train_observation,459,0.0,within_support,0.1307410866774279,1.0,2.314685494611333
train_1m:460,train_1m,train_observation,460,0.0,within_support,0.1837640922430466,1.0,2.3736238084063093
train_1m:461,train_1m,train_observation,461,0.0,within_support,0.1366668358258458,1.0,2.3211182842615043
train_1m:462,train_1m,train_observation,462,0.0,within_support,0.0881180032804127,1.0,2.269521645766736
train_1m:463,train_1m,train_observation,463,0.0,within_support,0.1669326776052028,1.0,2.354575029511193
train_1m:464,train_1m,train_observation,464,0.0,within_support,0.1568807073597942,1.0,2.3433507941327285
train_1m:465,train_1m,train_observation,465,0.0,within_support,0.2916440708139085,1.0,2.503632850934763
train_1m:466,train_1m,train_observation,466,0.0,within_support,0.0508565130954353,1.0,2.231585619629756
train_1m:467,train_1m,train_observation,467,0.0,within_support,0.1069133439180766,1.0,2.2892003125587372
train_1m:468,train_1m,train_observation,468,0.0,within_support,0.2135087387469277,1.0,2.4080810160949015
train_1m:469,train_1m,train_observation,469,0.0,within_support,0.0882421416589965,1.0,2.2696504086661595
train_1m:470,train_1m,train_observation,470,0.0,within_support,0.1099237148600049,1.0,2.292386668628748
train_1m:471,train_1m,train_observation,471,0.0,within_support,0.1092954425731524,1.0,2.291720875505286
train_1m:472,train_1m,train_observation,472,0.0,within_support,0.1486580579643861,1.0,2.33425274127236
train_1m:473,train_1m,train_observation,473,0.0,within_support,0.1607689964313058,1.0,2.347679161704619
train_1m:474,train_1m,train_observation,474,0.0,within_support,0.182469618742154,1.0,2.3721473935920327
train_1m:475,train_1m,train_observation,475,0.0,within_support,0.0713763193871923,1.0,2.2523019084868063
train_1m:476,train_1m,train_observation,476,0.0,within_support,0.1426613903352575,1.0,2.3276646682679427
train_1m:477,train_1m,train_observation,477,0.0,within_support,0.0437294166942146,1.0,2.2244891690024664
train_1m:478,train_1m,train_observation,478,0.0,within_support,0.0615381877151343,1.0,2.242316520130065
train_1m:479,train_1m,train_observation,479,0.0,within_support,0.0585278568521771,1.0,2.239280707488882
train_1m:480,train_1m,train_observation,480,0.0,within_support,0.2726573360505153,1.0,2.4797227251924174
train_1m:481,train_1m,train_observation,481,0.0,within_support,0.2085346938923475,1.0,2.4022473136778837
train_1m:482,train_1m,train_observation,482,0.0,within_support,0.1685355080894255,1.0,2.3563752354525924
train_1m:483,train_1m,train_observation,483,0.0,within_support,0.0971051977913835,1.0,2.2788850736414052
train_1m:484,train_1m,train_observation,484,0.0,within_support,0.1664967700072088,1.0,2.3540859423228726
train_1m:485,train_1m,train_observation,485,0.0,within_support,0.0702831069678555,1.0,2.2511874751585794
train_1m:486,train_1m,train_observation,486,0.0,within_support,0.0964070030423965,1.0,2.2781546315569523
train_1m:487,train_1m,train_observation,487,0.0,within_support,0.2754161223561343,1.0,2.483168757923682
train_1m:488,train_1m,train_observation,488,0.0,within_support,0.2534966535336972,1.0,2.4560494108373616
train_1m:489,train_1m,train_observation,489,0.0,within_support,0.0975536466005396,1.0,2.279354503888475
train_1m:490,train_1m,train_observation,490,0.0,within_support,0.1660127876923227,1.0,2.353543165131606
train_1m:491,train_1m,train_observation,491,0.0,within_support,0.1819665937438848,1.0,2.3715741826785184
train_1m:492,train_1m,train_observation,492,0.0,within_support,0.1000053766989349,1.0,2.2819246672237226
train_1m:493,train_1m,train_observation,493,0.0,within_support,0.1306992728330786,1.0,2.3146402382419335
train_1m:494,train_1m,train_observation,494,0.0,within_support,0.1251906861660655,1.0,2.308694646375182
train_1m:495,train_1m,train_observation,495,0.0,within_support,0.0466705781139661,1.0,2.2274115557254897
train_1m:496,train_1m,train_observation,496,0.0,within_support,0.0916942555167152,1.0,2.273237534226905
train_1m:497,train_1m,train_observation,497,0.0,within_support,0.0525255847034036,1.0,2.233254836313682
train_1m:498,train_1m,train_observation,498,0.0,within_support,0.1445782394874691,1.0,2.3297662672832953
train_1m:499,train_1m,train_observation,499,0.0,within_support,0.0968996217420668,1.0,2.2786699497291734
train_1m:500,train_1m,train_observation,500,0.0,within_support,0.1335860271116198,1.0,2.3177691070391058
train_1m:501,train_1m,train_observation,501,0.0,within_support,0.1433648854108648,1.0,2.328435499755794
train_1m:502,train_1m,train_observation,502,0.0,within_support,0.1124472077390623,1.0,2.295065084382241
train_1m:503,train_1m,train_observation,503,0.0,within_support,0.1209957493105969,1.0,2.304188834957108
train_1m:504,train_1m,train_observation,504,0.0,within_support,0.0724911369913143,1.0,2.253439621750865
train_1m:505,train_1m,train_observation,505,0.0,within_support,0.1004326060101821,1.0,2.282373179318416
train_1m:506,train_1m,train_observation,506,0.0,within_support,0.1091369154792624,1.0,2.291552947147021
train_1m:507,train_1m,train_observation,507,0.0,within_support,0.0519910581878325,1.0,2.232719960058101
train_1m:508,train_1m,train_observation,508,0.0,within_support,0.1251108754152527,1.0,2.3086087445780654
train_1m:509,train_1m,train_observation,509,0.0,within_support,0.2250987747093037,1.0,2.4217872514594196
train_1m:510,train_1m,train_observation,510,0.0,within_support,0.2302423184267755,1.0,2.427921022148536
train_1m:511,train_1m,train_observation,511,0.0,within_support,0.1099848599763553,1.0,2.2924514877106934
train_1m:512,train_1m,train_observation,512,0.0,within_support,0.2589230508666444,1.0,2.4627078311735557
test_1m:1,test_1m,held_out_observation,1,0.0962067301498045,within_support,0.1663000787217435,1.0,2.3538653250070154
test_1m:2,test_1m,held_out_observation,2,0.1447000444235756,within_support,0.0445035657564104,1.0,2.225257543091353
test_1m:3,test_1m,held_out_observation,3,0.109077953776187,within_support,0.0693900245877041,1.0,2.2502779604426744
test_1m:4,test_1m,held_out_observation,4,0.2464671023461137,within_support,0.1330044107626895,1.0,2.3171379832512797
test_1m:5,test_1m,held_out_observation,5,0.1366417837007301,within_support,0.1194710701827355,1.0,2.3025558440627245
test_1m:6,test_1m,held_out_observation,6,0.1874951275853502,within_support,0.0463007780032796,1.0,2.2270436436245764
test_1m:7,test_1m,held_out_observation,7,0.0119230170894238,within_support,0.2694304960797549,1.0,2.4757040856525134
test_1m:8,test_1m,held_out_observation,8,0.1395492744517147,within_support,0.1944182019399757,1.0,2.3858482497056146
test_1m:9,test_1m,held_out_observation,9,0.1500050690510789,within_support,0.1310937272797501,1.0,2.315067243326373
test_1m:10,test_1m,held_out_observation,10,0.0388594235100866,within_support,0.2020899088234411,1.0,2.394731712096684
test_1m:11,test_1m,held_out_observation,11,0.095894921701727,within_support,0.1519795786130907,1.0,2.3379188753944815
test_1m:12,test_1m,held_out_observation,12,0.0541103038990829,within_support,0.1222357223902338,1.0,2.3055187315915187
test_1m:13,test_1m,held_out_observation,13,0.2441407718227662,within_support,0.1494657958200776,1.0,2.335143163065497
test_1m:14,test_1m,held_out_observation,14,0.1053365905542016,within_support,0.1998028619933337,1.0,2.3920762896750443
test_1m:15,test_1m,held_out_observation,15,0.1715632651179206,within_support,0.1118716266998599,1.0,2.2944535719926114
test_1m:16,test_1m,held_out_observation,16,0.1357481356229022,within_support,0.1615575431879804,1.0,2.3485590110989487
test_1m:17,test_1m,held_out_observation,17,0.2263054419122246,within_support,0.097776298968219,1.0,2.27958765164297
test_1m:18,test_1m,held_out_observation,18,0.2780183598129632,low_confidence_extrapolation,0.062782622613283,1.0,2.2435741611388087
test_1m:19,test_1m,held_out_observation,19,0.1499975178661721,within_support,0.1993385382915164,1.0,2.391537918411692
test_1m:20,test_1m,held_out_observation,20,0.1727494147783204,within_support,0.1618639428664457,1.0,2.348901074768088
test_1m:21,test_1m,held_out_observation,21,0.1709856202508937,within_support,0.109393124987472,1.0,2.2918243641177027
test_1m:22,test_1m,held_out_observation,22,0.2225695472432751,within_support,0.1567276576366627,1.0,2.3431807661902173
test_1m:23,test_1m,held_out_observation,23,0.2736927594133886,low_confidence_extrapolation,0.0887142254650218,1.0,2.2701402249888663
test_1m:24,test_1m,held_out_observation,24,0.2009527307602461,within_support,0.1613802454274623,1.0,2.348361124283324
test_1m:25,test_1m,held_out_observation,25,0.1914471206364827,within_support,0.0686189445988082,1.0,2.249493346051315
test_1m:26,test_1m,held_out_observation,26,0.0808060684662813,within_support,0.2473590256228923,1.0,2.448561697209146
test_1m:27,test_1m,held_out_observation,27,0.2290196498119757,within_support,0.1473660378494784,1.0,2.332829958229442
test_1m:28,test_1m,held_out_observation,28,0.1928012122435378,within_support,0.0367956959992946,1.0,2.2176336304260738
test_1m:29,test_1m,held_out_observation,29,0.0937151900162594,within_support,0.1598497604956291,1.0,2.3466543665880115
test_1m:30,test_1m,held_out_observation,30,0.2054114193646907,within_support,0.1441249712211113,1.0,2.3292689483610376
test_1m:31,test_1m,held_out_observation,31,0.2287443988385289,within_support,0.1853702389983119,1.0,2.375458361700066
test_1m:32,test_1m,held_out_observation,32,0.1916298515367582,within_support,0.0481476201874295,1.0,2.2288824144996973
test_1m:33,test_1m,held_out_observation,33,0.2332777803673195,within_support,0.0384569505361568,1.0,2.2192718257958606
test_1m:34,test_1m,held_out_observation,34,0.205655050995593,within_support,0.1720319613037646,1.0,2.360312275101837
test_1m:35,test_1m,held_out_observation,35,0.2620859861366003,low_confidence_extrapolation,0.0290787396881388,1.0,2.21005937179111
test_1m:36,test_1m,held_out_observation,36,0.1736087555395752,within_support,0.0502481279320462,1.0,2.2309778740979476
test_1m:37,test_1m,held_out_observation,37,0.1882073324820263,within_support,0.1298772062426836,1.0,2.313750875290891
test_1m:38,test_1m,held_out_observation,38,0.1915512531771288,within_support,0.1783097281968045,1.0,2.367415739192886
test_1m:39,test_1m,held_out_observation,39,0.1770550013145845,within_support,0.1319412232044514,1.0,2.3159852450674343
test_1m:40,test_1m,held_out_observation,40,0.2195674537987935,within_support,0.0400414065834946,1.0,2.2208368263767877
test_1m:41,test_1m,held_out_observation,41,0.208794356782142,within_support,0.0371430868200744,1.0,2.217975974254621
test_1m:42,test_1m,held_out_observation,42,0.1066374889853317,within_support,0.1920904515586856,1.0,2.383166277011868
test_1m:43,test_1m,held_out_observation,43,0.1843940344336266,within_support,0.198738959588809,1.0,2.390843092198212
test_1m:44,test_1m,held_out_observation,44,0.1976158795528489,within_support,0.0891562410526895,1.0,2.2705990533230342
test_1m:45,test_1m,held_out_observation,45,0.2429897117163605,within_support,0.0457636152962642,1.0,2.2265094656862647
test_1m:46,test_1m,held_out_observation,46,0.1074345185654172,within_support,0.0999528252798867,1.0,2.281869511145442
test_1m:47,test_1m,held_out_observation,47,0.2187443345889113,within_support,0.0761147577211229,1.0,2.257146436588137
test_1m:48,test_1m,held_out_observation,48,0.2072483557378226,within_support,0.1050741823934287,1.0,2.287258349339365
test_1m:49,test_1m,held_out_observation,49,0.0870057469366247,within_support,0.1763320106470655,1.0,2.365173084688365
test_1m:50,test_1m,held_out_observation,50,0.2424324404920217,within_support,0.0687044968342241,1.0,2.2495803701087222
test_1m:51,test_1m,held_out_observation,51,0.2673200329193456,low_confidence_extrapolation,0.0958839843404403,1.0,2.277607790340861
test_1m:52,test_1m,held_out_observation,52,0.0744864372694551,within_support,0.2096079695549398,1.0,2.403503628222194
test_1m:53,test_1m,held_out_observation,53,0.2051189385226211,within_support,0.0472679003183951,1.0,2.2280061157510627
test_1m:54,test_1m,held_out_observation,54,0.1284716838370641,within_support,0.1837637550370845,1.0,2.3736234235563343
test_1m:55,test_1m,held_out_observation,55,0.1805125973985279,within_support,0.1612727007518068,1.0,2.3482411078624903
test_1m:56,test_1m,held_out_observation,56,0.19936270416727,within_support,0.0580266241536626,1.0,2.2387761188788318
test_1m:57,test_1m,held_out_observation,57,0.0919331060733214,within_support,0.2552687615392328,1.0,2.4582198909460313
test_1m:58,test_1m,held_out_observation,58,0.1728872464931985,within_support,0.0266297775308046,1.0,2.207667886615205
test_1m:59,test_1m,held_out_observation,59,0.2733557609063129,low_confidence_extrapolation,0.040912372592717,1.0,2.221698154583006
test_1m:60,test_1m,held_out_observation,60,0.1696866474507875,within_support,0.1576066856341269,1.0,2.3441576617074724
test_1m:61,test_1m,held_out_observation,61,0.1867190402717408,within_support,0.2010119095878119,1.0,2.39347932241394
test_1m:62,test_1m,held_out_observation,62,0.2064362438957921,within_support,0.1416448518066685,1.0,2.3265517872415193
test_1m:63,test_1m,held_out_observation,63,0.1174374086240996,within_support,0.2154465672218924,1.0,2.410361622932038
test_1m:64,test_1m,held_out_observation,64,0.1607669120186116,within_support,0.029179733717453,1.0,2.210158121295795
test_1m:65,test_1m,held_out_observation,65,0.1297511442551147,within_support,0.166934164044355,1.0,2.354576697656811
test_1m:66,test_1m,held_out_observation,66,0.2076002194275371,within_support,0.2145977193175545,1.0,2.4093620801583393
test_1m:67,test_1m,held_out_observation,67,0.1317456182457161,within_support,0.2558999825936535,1.0,2.45899394078676
test_1m:68,test_1m,held_out_observation,68,0.1987842857886433,within_support,0.0462936922725123,1.0,2.227036595398271
test_1m:69,test_1m,held_out_observation,69,0.2259557478799776,within_support,0.0495978039609376,1.0,2.230328642575186
test_1m:70,test_1m,held_out_observation,70,0.1984771621890975,within_support,0.1665027015289624,1.0,2.354092596044137
test_1m:71,test_1m,held_out_observation,71,0.2237003938880806,within_support,0.1066116836840889,1.0,2.2888815458227993
test_1m:72,test_1m,held_out_observation,72,0.1842843970153046,within_support,0.0967404663015905,1.0,2.2785034327744835
test_1m:73,test_1m,held_out_observation,73,0.2704567323490657,low_confidence_extrapolation,0.1858511243282206,1.0,2.3760082060758263
test_1m:74,test_1m,held_out_observation,74,0.2784150721312106,low_confidence_extrapolation,0.1893271645031844,1.0,2.3799905842196294
test_1m:75,test_1m,held_out_observation,75,0.2085592251708308,within_support,0.0857237614080536,1.0,2.2670413358783685
test_1m:76,test_1m,held_out_observation,76,0.2331784357515534,within_support,0.0873816487969462,1.0,2.268758188435042
test_1m:77,test_1m,held_out_observation,77,0.0736870111380271,within_support,0.1732183374748792,1.0,2.361651276868421
test_1m:78,test_1m,held_out_observation,78,0.1935027670251045,within_support,0.0868154721276386,1.0,2.2681715548015076
test_1m:79,test_1m,held_out_observation,79,0.0847310776852027,within_support,0.2458419429871786,1.0,2.4467179767780625
test_1m:80,test_1m,held_out_observation,80,0.2491834487398001,within_support,0.1575103342967668,1.0,2.3440505410823866
test_1m:81,test_1m,held_out_observation,81,0.1329484826035272,within_support,0.053282370088219,1.0,2.234012605971831
test_1m:82,test_1m,held_out_observation,82,0.188605134367434,within_support,0.1216677439490917,1.0,2.3049093583474156
test_1m:83,test_1m,held_out_observation,83,0.1454434593381826,within_support,0.1580597339614251,1.0,2.344661486096215
test_1m:84,test_1m,held_out_observation,84,0.1706882648381549,within_support,0.0775403952040577,1.0,2.258608490860561
test_1m:85,test_1m,held_out_observation,85,0.2605971663906866,low_confidence_extrapolation,0.188377617735064,1.0,2.3789013469641573
test_1m:86,test_1m,held_out_observation,86,0.0406362024628316,within_support,0.1405335077601866,1.0,2.3253364092674724
test_1m:87,test_1m,held_out_observation,87,0.0392537014030159,within_support,0.3022214662341104,1.0,2.51715126009729
test_1m:88,test_1m,held_out_observation,88,0.1768970147149926,within_support,0.1209592997152161,1.0,2.3041497669603856
test_1m:89,test_1m,held_out_observation,89,0.1671944975171132,within_support,0.1196317786185599,1.0,2.3027278517109897
test_1m:90,test_1m,held_out_observation,90,0.1914188372583624,within_support,0.1078576489264725,1.0,2.290198788942689
test_1m:91,test_1m,held_out_observation,91,0.1789144225116434,within_support,0.1120480314550739,1.0,2.29464095162562
test_1m:92,test_1m,held_out_observation,92,0.2302708850383105,within_support,0.0967131625038039,1.0,2.278474868740558
test_1m:93,test_1m,held_out_observation,93,0.2238341381590232,within_support,0.1082628547192446,1.0,2.2906275291158247
test_1m:94,test_1m,held_out_observation,94,0.1764304776545021,within_support,0.1856956908411414,1.0,2.3758304544768514
test_1m:95,test_1m,held_out_observation,95,0.163645959314613,within_support,0.0985372272480582,1.0,2.280384840529353
test_1m:96,test_1m,held_out_observation,96,0.0806721761203948,within_support,0.1627370398101076,1.0,2.3498763725783216
test_1m:97,test_1m,held_out_observation,97,0.2413564537977332,within_support,0.1967858878585838,1.0,2.3885826471598968
test_1m:98,test_1m,held_out_observation,98,0.2368332746891787,within_support,0.1198962908557737,1.0,2.303011021677217
test_1m:99,test_1m,held_out_observation,99,0.1795505596497477,within_support,0.1327138902112769,1.0,2.3168228709068703
test_1m:100,test_1m,held_out_observation,100,0.2328113029826734,within_support,0.1359211865057061,1.0,2.3203067349141357
test_1m:101,test_1m,held_out_observation,101,0.2084788307307412,within_support,0.226799961042101,1.0,2.423812456784187
test_1m:102,test_1m,held_out_observation,102,0.1504676222826697,within_support,0.1274857578575983,1.0,2.311167810304683
test_1m:103,test_1m,held_out_observation,103,0.2269278192280927,within_support,0.1248671125904228,1.0,2.3083464205544333
test_1m:104,test_1m,held_out_observation,104,0.1596570156897443,within_support,0.0770188508222594,1.0,2.258073382237158
test_1m:105,test_1m,held_out_observation,105,0.1573658158559221,within_support,0.1475516404841861,1.0,2.3330342323066535
test_1m:106,test_1m,held_out_observation,106,0.1371073303128936,within_support,0.1770127722228464,1.0,2.365944541197207
test_1m:107,test_1m,held_out_observation,107,0.1504050880603409,within_support,0.0800174452555563,1.0,2.261153777530456
test_1m:108,test_1m,held_out_observation,108,0.2296654537751561,within_support,0.1369861796395458,1.0,2.3214660366056474
test_1m:109,test_1m,held_out_observation,109,0.0569912273951,within_support,0.1311797644811771,1.0,2.3151604027515797
test_1m:110,test_1m,held_out_observation,110,0.1378332325674763,within_support,0.1182647335313721,1.0,2.30126557351886
test_1m:111,test_1m,held_out_observation,111,0.0676546356304936,within_support,0.1375682872517727,1.0,2.3221002137547124
test_1m:112,test_1m,held_out_observation,112,0.2251268934983874,within_support,0.1127351095460414,1.0,2.2953710908956895
test_1m:113,test_1m,held_out_observation,113,0.2092819110710254,within_support,0.1060884920747955,1.0,2.2883289131073985
test_1m:114,test_1m,held_out_observation,114,0.1536684743205319,within_support,0.0952809244569928,1.0,2.2769776171284395
test_1m:115,test_1m,held_out_observation,115,0.1693478837741169,within_support,0.149641216039217,1.0,2.3353366352216685
test_1m:116,test_1m,held_out_observation,116,0.2028130006693581,within_support,0.1173307394533752,1.0,2.300267662989878
test_1m:117,test_1m,held_out_observation,117,0.0769025357189214,within_support,0.1727545958391008,1.0,2.3611276864132043
test_1m:118,test_1m,held_out_observation,118,0.1608726726484912,within_support,0.2145185622685078,1.0,2.40926891370314
test_1m:119,test_1m,held_out_observation,119,0.1819730619524698,within_support,0.0403489843608995,1.0,2.221140914926435
test_1m:120,test_1m,held_out_observation,120,0.172772566778513,within_support,0.1639428276216554,1.0,2.351224705402913
test_1m:121,test_1m,held_out_observation,121,0.10321769940602,within_support,0.1609673209533111,1.0,2.3479003841201957
test_1m:122,test_1m,held_out_observation,122,0.12168812596141,within_support,0.0500896565190518,1.0,2.2308196299845733
test_1m:123,test_1m,held_out_observation,123,0.136716363456279,within_support,0.167386905780188,1.0,2.3550848992156137
test_1m:124,test_1m,held_out_observation,124,0.2696793400985799,low_confidence_extrapolation,0.0970635751026241,1.0,2.2788415142398586
test_1m:125,test_1m,held_out_observation,125,0.1964563565144427,within_support,0.0976771212567387,1.0,2.2794837924811278
test_1m:126,test_1m,held_out_observation,126,0.1409839799017792,within_support,0.0853753722062242,1.0,2.2666809174800457
test_1m:127,test_1m,held_out_observation,127,0.1792588045886134,within_support,0.0997475340266151,1.0,2.2816540726098253
test_1m:128,test_1m,held_out_observation,128,0.2020997746519819,within_support,0.0856309498952789,1.0,2.266945307495795
test_1m:129,test_1m,held_out_observation,129,0.1035590384786586,within_support,0.1463852769453269,1.0,2.3317511630184242
test_1m:130,test_1m,held_out_observation,130,0.1749042893932722,within_support,0.0542057338867528,1.0,2.23493794773566
test_1m:131,test_1m,held_out_observation,131,0.2075943211822997,within_support,0.0825356632239719,1.0,2.2637478371411364
test_1m:132,test_1m,held_out_observation,132,0.1858945514633046,within_support,0.1360785585467971,1.0,2.3204779650226097
test_1m:133,test_1m,held_out_observation,133,0.1400122340812996,within_support,0.0609005605508011,1.0,2.241672732520384
test_1m:134,test_1m,held_out_observation,134,0.1081323406811972,within_support,0.1792537100945758,1.0,2.3684877425760336
test_1m:135,test_1m,held_out_observation,135,0.1919374898241612,within_support,0.2488624793869418,1.0,2.4503916159626016
test_1m:136,test_1m,held_out_observation,136,0.1585459229089216,within_support,0.2150080095550633,1.0,2.409845102751105
test_1m:137,test_1m,held_out_observation,137,0.2272195520040056,within_support,0.1574127246068322,1.0,2.343942031981147
test_1m:138,test_1m,held_out_observation,138,0.1035482736817916,within_support,0.2252088425724016,1.0,2.4219181793441478
test_1m:139,test_1m,held_out_observation,139,0.0770454411370329,within_support,0.2193393907530569,1.0,2.4149564177414717
test_1m:140,test_1m,held_out_observation,140,0.1932536833783316,within_support,0.0835677311556593,1.0,2.2648128767428126
test_1m:141,test_1m,held_out_observation,141,0.2322457589127806,within_support,0.1298578142473717,1.0,2.3137299046453226
test_1m:142,test_1m,held_out_observation,142,0.0968642162439077,within_support,0.1419245675722765,1.0,2.3268579002765
test_1m:143,test_1m,held_out_observation,143,0.1441537325945577,within_support,0.0443807003885584,1.0,2.225135554555648
test_1m:144,test_1m,held_out_observation,144,0.1177500582511499,within_support,0.1314261573904862,1.0,2.3154272365986177
test_1m:145,test_1m,held_out_observation,145,0.0740070296801283,within_support,0.1047386277779436,1.0,2.286904423678802
test_1m:146,test_1m,held_out_observation,146,0.2306269245006152,within_support,0.1509896671436621,1.0,2.3368249848476035
test_1m:147,test_1m,held_out_observation,147,0.0855711146372641,within_support,0.1424238250294742,1.0,2.327404486389526
test_1m:148,test_1m,held_out_observation,148,0.2206969369493371,within_support,0.1155996843296299,1.0,2.29842060848845
test_1m:149,test_1m,held_out_observation,149,0.1557204871729492,within_support,0.1666145077071057,1.0,2.3542180227005147
test_1m:150,test_1m,held_out_observation,150,0.2480747465687506,within_support,0.1605366875187629,1.0,2.347420086962109
test_1m:151,test_1m,held_out_observation,151,0.097319549749156,within_support,0.1287299639151529,1.0,2.3125109384074327
test_1m:152,test_1m,held_out_observation,152,0.2231583889376041,within_support,0.037856908212201,1.0,2.2186797984131275
test_1m:153,test_1m,held_out_observation,153,0.1530499161778243,within_support,0.0741755912541864,1.0,2.2551610784758145
test_1m:154,test_1m,held_out_observation,154,0.2367403641122485,within_support,0.1314804189405433,1.0,2.3154860085611633
test_1m:155,test_1m,held_out_observation,155,0.1759233158524455,within_support,0.0431489395231996,1.0,2.223913412163209
test_1m:156,test_1m,held_out_observation,156,0.1034214677907831,within_support,0.1481222518268912,1.0,2.3336624840983227
test_1m:157,test_1m,held_out_observation,157,0.1411269042443228,within_support,0.0810016113204998,1.0,2.2621668063646925
test_1m:158,test_1m,held_out_observation,158,0.1491375204299709,within_support,0.113675900309377,1.0,2.296371657829773
test_1m:159,test_1m,held_out_observation,159,0.1146397461639272,within_support,0.1461512313846382,1.0,2.3314938792049764
test_1m:160,test_1m,held_out_observation,160,0.2190046527749762,within_support,0.0787676114614704,1.0,2.259868725866969
test_1m:161,test_1m,held_out_observation,161,0.1325603182849016,within_support,0.1582745410286842,1.0,2.344900447764301
test_1m:162,test_1m,held_out_observation,162,0.1855824540565731,within_support,0.1532096046390604,1.0,2.339279611400899
test_1m:163,test_1m,held_out_observation,163,0.1369388691569131,within_support,0.0766900695184233,1.0,2.257736193435485
test_1m:164,test_1m,held_out_observation,164,0.1621400472454709,within_support,0.0667996996737639,1.0,2.2476445645944736
test_1m:165,test_1m,held_out_observation,165,0.2001253497192975,within_support,0.0441894475232758,1.0,2.2249456963929353
test_1m:166,test_1m,held_out_observation,166,0.2148943801758042,within_support,0.1317994936711542,1.0,2.315831670434494
test_1m:167,test_1m,held_out_observation,167,0.2056321096304921,within_support,0.0722310999327972,1.0,2.253174130728433
test_1m:168,test_1m,held_out_observation,168,0.2159259132202524,within_support,0.117333879475313,1.0,2.3002710163331748
test_1m:169,test_1m,held_out_observation,169,0.150705009870276,within_support,0.08532372085703,1.0,2.266627493398204
test_1m:170,test_1m,held_out_observation,170,0.1743586809248935,within_support,0.1457458297680197,1.0,2.331048367949885
test_1m:171,test_1m,held_out_observation,171,0.2384552101031817,within_support,0.1456071459899895,1.0,2.33089600452758
test_1m:172,test_1m,held_out_observation,172,0.2013845433975211,within_support,0.0528113172780034,1.0,2.2335408731284008
test_1m:173,test_1m,held_out_observation,173,0.2059665119569211,within_support,0.1233055442954947,1.0,2.3066674634743602
test_1m:174,test_1m,held_out_observation,174,0.2060777713914712,within_support,0.1768592029267563,1.0,2.365770466648998
test_1m:175,test_1m,held_out_observation,175,0.0910364777098284,within_support,0.1677638840328453,1.0,2.3555082320248473
test_1m:176,test_1m,held_out_observation,176,0.2498567117023081,within_support,0.0516332405053105,1.0,2.2323620679753726
test_1m:177,test_1m,held_out_observation,177,0.1759938129365446,within_support,0.159689582308983,1.0,2.346475890918624
test_1m:178,test_1m,held_out_observation,178,0.2290633100258529,within_support,0.1127507255277387,1.0,2.2953876914074955
test_1m:179,test_1m,held_out_observation,179,0.1951919225310209,within_support,0.0953909017330164,1.0,2.277092510607244
test_1m:180,test_1m,held_out_observation,180,0.1616715759351989,within_support,0.1832160108304145,1.0,2.372998459555971
test_1m:181,test_1m,held_out_observation,181,0.2394869516278496,within_support,0.1019726835096529,1.0,2.2839915683580108
test_1m:182,test_1m,held_out_observation,182,0.179503529934657,within_support,0.1329759206253629,1.0,2.317107077450747
test_1m:183,test_1m,held_out_observation,183,0.117337121150981,within_support,0.1597003185123915,1.0,2.3464878526467268
test_1m:184,test_1m,held_out_observation,184,0.1215829773316395,within_support,0.1361144924206847,1.0,2.3205170669863744
test_1m:185,test_1m,held_out_observation,185,0.0475887748353313,within_support,0.2022944049938174,1.0,2.3949694424729353
test_1m:186,test_1m,held_out_observation,186,0.1180423652762007,within_support,0.2038994310315579,1.0,2.3968370024543892
test_1m:187,test_1m,held_out_observation,187,0.137058616817942,within_support,0.1536986245716857,1.0,2.339821062700681
test_1m:188,test_1m,held_out_observation,188,0.2968334629055395,low_confidence_extrapolation,0.0942448207905983,1.0,2.2758958176139332
test_1m:189,test_1m,held_out_observation,189,0.1656215278081962,within_support,0.1678125838214418,1.0,2.355562931749441
test_1m:190,test_1m,held_out_observation,190,0.1736768336631426,within_support,0.1138035213609079,1.0,2.2965074602179376
test_1m:191,test_1m,held_out_observation,191,0.1109011512547724,within_support,0.1514813434949058,1.0,2.3373681709244276
test_1m:192,test_1m,held_out_observation,192,0.1992385504865963,within_support,0.0316216719392136,1.0,2.212548827439313
test_1m:193,test_1m,held_out_observation,193,0.1082855182338103,within_support,0.1242386300791099,1.0,2.3076703774481087
test_1m:194,test_1m,held_out_observation,194,0.1532383763944267,within_support,0.1780975776038295,1.0,2.367174956274762
test_1m:195,test_1m,held_out_observation,195,0.2195278017861481,within_support,0.1246564443122084,1.0,2.3081197625513905
test_1m:196,test_1m,held_out_observation,196,0.2377014934744837,within_support,0.0840052517802558,1.0,2.265264706785544
test_1m:197,test_1m,held_out_observation,197,0.170600764175347,within_support,0.1836527412442963,1.0,2.3734967316185474
test_1m:198,test_1m,held_out_observation,198,0.1156723558579384,within_support,0.1815212282570422,1.0,2.371066916975959
test_1m:199,test_1m,held_out_observation,199,0.1537380008404947,within_support,0.024997392372681,1.0,2.2060770633170073
test_1m:200,test_1m,held_out_observation,200,0.223006638937183,within_support,0.0974550156229296,1.0,2.279251240234011
test_1m:201,test_1m,held_out_observation,201,0.1646120996815841,within_support,0.141247145992459,1.0,2.326116696622672
test_1m:202,test_1m,held_out_observation,202,0.1616972479666862,within_support,0.1890017765173757,1.0,2.3796172110033913
test_1m:203,test_1m,held_out_observation,203,0.2408814940748465,within_support,0.0660401103916388,1.0,2.246873637700423
test_1m:204,test_1m,held_out_observation,204,0.1780960042234876,within_support,0.0417709705347943,1.0,2.2225479861833652
test_1m:205,test_1m,held_out_observation,205,0.1634318008133075,within_support,0.1063566284258091,1.0,2.288612101942854
test_1m:206,test_1m,held_out_observation,206,0.2331589145277703,within_support,0.0906367319644091,1.0,2.2721373350920424
test_1m:207,test_1m,held_out_observation,207,0.1293676930303698,within_support,0.0900787042106994,1.0,2.2715572573216485
test_1m:208,test_1m,held_out_observation,208,0.0778331548891601,within_support,0.2092016191589349,1.0,2.4030278192834893
test_1m:209,test_1m,held_out_observation,209,0.1612513565834408,within_support,0.1556555002083469,1.0,2.341990400830637
test_1m:210,test_1m,held_out_observation,210,0.217746635030594,within_support,0.1412250184261175,1.0,2.326092494120808
test_1m:211,test_1m,held_out_observation,211,0.1974612939242368,within_support,0.1495136748035179,1.0,2.33519596575547
test_1m:212,test_1m,held_out_observation,212,0.1507362601327812,within_support,0.1392747645636426,1.0,2.3239614642903414
test_1m:213,test_1m,held_out_observation,213,0.1958009193032556,within_support,0.2156165965999078,1.0,2.4105619394225783
test_1m:214,test_1m,held_out_observation,214,0.1514208586837691,within_support,0.1328687211968738,1.0,2.3169907965304493
test_1m:215,test_1m,held_out_observation,215,0.1526122739978397,within_support,0.1992075512378912,1.0,2.3913860875289474
test_1m:216,test_1m,held_out_observation,216,0.0975499871860575,within_support,0.1935281046936179,1.0,2.384821965839535
test_1m:217,test_1m,held_out_observation,217,0.0629603049547887,within_support,0.1745761784266889,1.0,2.363185752921108
test_1m:218,test_1m,held_out_observation,218,0.1208463897089408,within_support,0.2521374320186768,1.0,2.4543872391519534
test_1m:219,test_1m,held_out_observation,219,0.1900850315904789,within_support,0.0458555851190306,1.0,2.226600904117378
test_1m:220,test_1m,held_out_observation,220,0.192366707527209,within_support,0.1082380579439074,1.0,2.290601287151381
test_1m:221,test_1m,held_out_observation,221,0.1235951063100139,within_support,0.1091379074247508,1.0,2.2915539978359147
test_1m:222,test_1m,held_out_observation,222,0.1852781692482954,within_support,0.1159319614272937,1.0,2.298774903818569
test_1m:223,test_1m,held_out_observation,223,0.1818969360676618,within_support,0.1111648958971321,1.0,2.2937032039069893
test_1m:224,test_1m,held_out_observation,224,0.1073332114260616,within_support,0.1586037992188271,1.0,2.345266829997521
test_1m:225,test_1m,held_out_observation,225,0.243751024586697,within_support,0.0766486984325446,1.0,2.2576937722725496
test_1m:226,test_1m,held_out_observation,226,0.1961463359760986,within_support,0.0455484165273533,1.0,2.226295543169805
test_1m:227,test_1m,held_out_observation,227,0.2081682012219926,within_support,0.1831197415096491,1.0,2.372888653759791
test_1m:228,test_1m,held_out_observation,228,0.1115813340992442,within_support,0.1618834170342327,1.0,2.3489228192123752
test_1m:229,test_1m,held_out_observation,229,0.1913877536407186,within_support,0.1726903160897826,1.0,2.361055130110568
test_1m:230,test_1m,held_out_observation,230,0.219323917281349,within_support,0.0792529862935683,1.0,2.260367586868161
test_1m:231,test_1m,held_out_observation,231,0.2048483543818343,within_support,0.1338228814563521,1.0,2.3180262277279438
test_1m:232,test_1m,held_out_observation,232,0.2158648881319203,within_support,0.0556435555678442,1.0,2.2363805516133506
test_1m:233,test_1m,held_out_observation,233,0.1474168820164518,within_support,0.1732226120733251,1.0,2.3616561042605664
test_1m:234,test_1m,held_out_observation,234,0.1045003646588844,within_support,0.2357993270792007,1.0,2.4345834090380345
test_1m:235,test_1m,held_out_observation,235,0.0756073792106724,within_support,0.1018745173940148,1.0,2.2838883361958366
test_1m:236,test_1m,held_out_observation,236,0.1782538892299469,within_support,0.1057269020871901,1.0,2.2879471446116133
test_1m:237,test_1m,held_out_observation,237,0.2551401877301295,within_support,0.2221377590455278,1.0,2.418270468208133
test_1m:238,test_1m,held_out_observation,238,0.2104374352780861,within_support,0.2401207077929913,1.0,2.4397900322399164
test_1m:239,test_1m,held_out_observation,239,0.2389811708064047,within_support,0.0170953365558576,1.0,2.198412805552724
test_1m:240,test_1m,held_out_observation,240,0.1458531993561562,within_support,0.0657928441883766,1.0,2.24662280711983
test_1m:241,test_1m,held_out_observation,241,0.1067585761587308,within_support,0.1990067935514495,1.0,2.3911534220832893
test_1m:242,test_1m,held_out_observation,242,0.1912926995504546,within_support,0.0812892027304546,1.0,2.2624630202915768
test_1m:243,test_1m,held_out_observation,243,0.2456657140638268,within_support,0.0481141130520813,1.0,2.22884902354554
test_1m:244,test_1m,held_out_observation,244,0.2663828575651294,low_confidence_extrapolation,0.0743205207769012,1.0,2.255309327192632
test_1m:245,test_1m,held_out_observation,245,0.2287464332205458,within_support,0.0454526859686955,1.0,2.226200395141864
test_1m:246,test_1m,held_out_observation,246,0.1176520293067654,within_support,0.1341708664895429,1.0,2.318404098438367
test_1m:247,test_1m,held_out_observation,247,0.1603223013613003,within_support,0.1741542999023234,1.0,2.362708771083618
test_1m:248,test_1m,held_out_observation,248,0.2962367195322364,low_confidence_extrapolation,0.199040741891697,1.0,2.3911927627784673
test_1m:249,test_1m,held_out_observation,249,0.2030861885998159,within_support,0.1154744475874094,1.0,2.2982871035189536
test_1m:250,test_1m,held_out_observation,250,0.0920050073519604,within_support,0.1327215708060684,1.0,2.316831200465532
test_1m:251,test_1m,held_out_observation,251,0.1530014045457891,within_support,0.1588814974914695,1.0,2.345575932695325
test_1m:252,test_1m,held_out_observation,252,0.1383628179624845,within_support,0.0552909329062107,1.0,2.236026564135641
test_1m:253,test_1m,held_out_observation,253,0.241321326857707,within_support,0.0407396176182309,1.0,2.221527251606632
test_1m:254,test_1m,held_out_observation,254,0.1573022568178855,within_support,0.0697780771401772,1.0,2.2506730532069152
test_1m:255,test_1m,held_out_observation,255,0.1600562757583191,within_support,0.1513864849830635,1.0,2.337263353911228
test_1m:256,test_1m,held_out_observation,256,0.0834174616235692,within_support,0.2099809032302185,1.0,2.403940478613791
test_60m:1,test_60m,cross_scale_observation,1,0.0962067301498045,within_support,0.1663000787217435,1.0,2.3538653250070154
test_60m:2,test_60m,cross_scale_observation,2,0.1447000444235756,within_support,0.0445035657564104,1.0,2.225257543091353
test_60m:3,test_60m,cross_scale_observation,3,0.109077953776187,within_support,0.0693900245877041,1.0,2.2502779604426744
test_60m:4,test_60m,cross_scale_observation,4,0.2464671023461137,within_support,0.1330044107626895,1.0,2.3171379832512797
test_60m:5,test_60m,cross_scale_observation,5,0.1366417837007301,within_support,0.1194710701827355,1.0,2.3025558440627245
test_60m:6,test_60m,cross_scale_observation,6,0.1874951275853502,within_support,0.0463007780032796,1.0,2.2270436436245764
test_60m:7,test_60m,cross_scale_observation,7,0.0119230170894238,within_support,0.2694304960797549,1.0,2.4757040856525134
test_60m:8,test_60m,cross_scale_observation,8,0.1395492744517147,within_support,0.1944182019399757,1.0,2.3858482497056146
test_60m:9,test_60m,cross_scale_observation,9,0.1500050690510789,within_support,0.1310937272797501,1.0,2.315067243326373
test_60m:10,test_60m,cross_scale_observation,10,0.0388594235100866,within_support,0.2020899088234411,1.0,2.394731712096684
test_60m:11,test_60m,cross_scale_observation,11,0.095894921701727,within_support,0.1519795786130907,1.0,2.3379188753944815
test_60m:12,test_60m,cross_scale_observation,12,0.0541103038990829,within_support,0.1222357223902338,1.0,2.3055187315915187
test_60m:13,test_60m,cross_scale_observation,13,0.2441407718227662,within_support,0.1494657958200776,1.0,2.335143163065497
test_60m:14,test_60m,cross_scale_observation,14,0.1053365905542016,within_support,0.1998028619933337,1.0,2.3920762896750443
test_60m:15,test_60m,cross_scale_observation,15,0.1715632651179206,within_support,0.1118716266998599,1.0,2.2944535719926114
test_60m:16,test_60m,cross_scale_observation,16,0.1357481356229022,within_support,0.1615575431879804,1.0,2.3485590110989487
test_60m:17,test_60m,cross_scale_observation,17,0.2263054419122246,within_support,0.097776298968219,1.0,2.27958765164297
test_60m:18,test_60m,cross_scale_observation,18,0.2780183598129632,low_confidence_extrapolation,0.062782622613283,1.0,2.2435741611388087
test_60m:19,test_60m,cross_scale_observation,19,0.1499975178661721,within_support,0.1993385382915164,1.0,2.391537918411692
test_60m:20,test_60m,cross_scale_observation,20,0.1727494147783204,within_support,0.1618639428664457,1.0,2.348901074768088
test_60m:21,test_60m,cross_scale_observation,21,0.1709856202508937,within_support,0.109393124987472,1.0,2.2918243641177027
test_60m:22,test_60m,cross_scale_observation,22,0.2225695472432751,within_support,0.1567276576366627,1.0,2.3431807661902173
test_60m:23,test_60m,cross_scale_observation,23,0.2736927594133886,low_confidence_extrapolation,0.0887142254650218,1.0,2.2701402249888663
test_60m:24,test_60m,cross_scale_observation,24,0.2009527307602461,within_support,0.1613802454274623,1.0,2.348361124283324
test_60m:25,test_60m,cross_scale_observation,25,0.1914471206364827,within_support,0.0686189445988082,1.0,2.249493346051315
test_60m:26,test_60m,cross_scale_observation,26,0.0808060684662813,within_support,0.2473590256228923,1.0,2.448561697209146
test_60m:27,test_60m,cross_scale_observation,27,0.2290196498119757,within_support,0.1473660378494784,1.0,2.332829958229442
test_60m:28,test_60m,cross_scale_observation,28,0.1928012122435378,within_support,0.0367956959992946,1.0,2.2176336304260738
test_60m:29,test_60m,cross_scale_observation,29,0.0937151900162594,within_support,0.1598497604956291,1.0,2.3466543665880115
test_60m:30,test_60m,cross_scale_observation,30,0.2054114193646907,within_support,0.1441249712211113,1.0,2.3292689483610376
test_60m:31,test_60m,cross_scale_observation,31,0.2287443988385289,within_support,0.1853702389983119,1.0,2.375458361700066
test_60m:32,test_60m,cross_scale_observation,32,0.1916298515367582,within_support,0.0481476201874295,1.0,2.2288824144996973
test_60m:33,test_60m,cross_scale_observation,33,0.2332777803673195,within_support,0.0384569505361568,1.0,2.2192718257958606
test_60m:34,test_60m,cross_scale_observation,34,0.205655050995593,within_support,0.1720319613037646,1.0,2.360312275101837
test_60m:35,test_60m,cross_scale_observation,35,0.2620859861366003,low_confidence_extrapolation,0.0290787396881388,1.0,2.21005937179111
test_60m:36,test_60m,cross_scale_observation,36,0.1736087555395752,within_support,0.0502481279320462,1.0,2.2309778740979476
test_60m:37,test_60m,cross_scale_observation,37,0.1882073324820263,within_support,0.1298772062426836,1.0,2.313750875290891
test_60m:38,test_60m,cross_scale_observation,38,0.1915512531771288,within_support,0.1783097281968045,1.0,2.367415739192886
test_60m:39,test_60m,cross_scale_observation,39,0.1770550013145845,within_support,0.1319412232044514,1.0,2.3159852450674343
test_60m:40,test_60m,cross_scale_observation,40,0.2195674537987935,within_support,0.0400414065834946,1.0,2.2208368263767877
test_60m:41,test_60m,cross_scale_observation,41,0.208794356782142,within_support,0.0371430868200744,1.0,2.217975974254621
test_60m:42,test_60m,cross_scale_observation,42,0.1066374889853317,within_support,0.1920904515586856,1.0,2.383166277011868
test_60m:43,test_60m,cross_scale_observation,43,0.1843940344336266,within_support,0.198738959588809,1.0,2.390843092198212
test_60m:44,test_60m,cross_scale_observation,44,0.1976158795528489,within_support,0.0891562410526895,1.0,2.2705990533230342
test_60m:45,test_60m,cross_scale_observation,45,0.2429897117163605,within_support,0.0457636152962642,1.0,2.2265094656862647
test_60m:46,test_60m,cross_scale_observation,46,0.1074345185654172,within_support,0.0999528252798867,1.0,2.281869511145442
test_60m:47,test_60m,cross_scale_observation,47,0.2187443345889113,within_support,0.0761147577211229,1.0,2.257146436588137
test_60m:48,test_60m,cross_scale_observation,48,0.2072483557378226,within_support,0.1050741823934287,1.0,2.287258349339365
test_60m:49,test_60m,cross_scale_observation,49,0.0870057469366247,within_support,0.1763320106470655,1.0,2.365173084688365
test_60m:50,test_60m,cross_scale_observation,50,0.2424324404920217,within_support,0.0687044968342241,1.0,2.2495803701087222
test_60m:51,test_60m,cross_scale_observation,51,0.2673200329193456,low_confidence_extrapolation,0.0958839843404403,1.0,2.277607790340861
test_60m:52,test_60m,cross_scale_observation,52,0.0744864372694551,within_support,0.2096079695549398,1.0,2.403503628222194
test_60m:53,test_60m,cross_scale_observation,53,0.2051189385226211,within_support,0.0472679003183951,1.0,2.2280061157510627
test_60m:54,test_60m,cross_scale_observation,54,0.1284716838370641,within_support,0.1837637550370845,1.0,2.3736234235563343
test_60m:55,test_60m,cross_scale_observation,55,0.1805125973985279,within_support,0.1612727007518068,1.0,2.3482411078624903
test_60m:56,test_60m,cross_scale_observation,56,0.19936270416727,within_support,0.0580266241536626,1.0,2.2387761188788318
test_60m:57,test_60m,cross_scale_observation,57,0.0919331060733214,within_support,0.2552687615392328,1.0,2.4582198909460313
test_60m:58,test_60m,cross_scale_observation,58,0.1728872464931985,within_support,0.0266297775308046,1.0,2.207667886615205
test_60m:59,test_60m,cross_scale_observation,59,0.2733557609063129,low_confidence_extrapolation,0.040912372592717,1.0,2.221698154583006
test_60m:60,test_60m,cross_scale_observation,60,0.1696866474507875,within_support,0.1576066856341269,1.0,2.3441576617074724
test_60m:61,test_60m,cross_scale_observation,61,0.1867190402717408,within_support,0.2010119095878119,1.0,2.39347932241394
test_60m:62,test_60m,cross_scale_observation,62,0.2064362438957921,within_support,0.1416448518066685,1.0,2.3265517872415193
test_60m:63,test_60m,cross_scale_observation,63,0.1174374086240996,within_support,0.2154465672218924,1.0,2.410361622932038
test_60m:64,test_60m,cross_scale_observation,64,0.1607669120186116,within_support,0.029179733717453,1.0,2.210158121295795
test_60m:65,test_60m,cross_scale_observation,65,0.1297511442551147,within_support,0.166934164044355,1.0,2.354576697656811
test_60m:66,test_60m,cross_scale_observation,66,0.2076002194275371,within_support,0.2145977193175545,1.0,2.4093620801583393
test_60m:67,test_60m,cross_scale_observation,67,0.1317456182457161,within_support,0.2558999825936535,1.0,2.45899394078676
test_60m:68,test_60m,cross_scale_observation,68,0.1987842857886433,within_support,0.0462936922725123,1.0,2.227036595398271
test_60m:69,test_60m,cross_scale_observation,69,0.2259557478799776,within_support,0.0495978039609376,1.0,2.230328642575186
test_60m:70,test_60m,cross_scale_observation,70,0.1984771621890975,within_support,0.1665027015289624,1.0,2.354092596044137
test_60m:71,test_60m,cross_scale_observation,71,0.2237003938880806,within_support,0.1066116836840889,1.0,2.2888815458227993
test_60m:72,test_60m,cross_scale_observation,72,0.1842843970153046,within_support,0.0967404663015905,1.0,2.2785034327744835
test_60m:73,test_60m,cross_scale_observation,73,0.2704567323490657,low_confidence_extrapolation,0.1858511243282206,1.0,2.3760082060758263
test_60m:74,test_60m,cross_scale_observation,74,0.2784150721312106,low_confidence_extrapolation,0.1893271645031844,1.0,2.3799905842196294
test_60m:75,test_60m,cross_scale_observation,75,0.2085592251708308,within_support,0.0857237614080536,1.0,2.2670413358783685
test_60m:76,test_60m,cross_scale_observation,76,0.2331784357515534,within_support,0.0873816487969462,1.0,2.268758188435042
test_60m:77,test_60m,cross_scale_observation,77,0.0736870111380271,within_support,0.1732183374748792,1.0,2.361651276868421
test_60m:78,test_60m,cross_scale_observation,78,0.1935027670251045,within_support,0.0868154721276386,1.0,2.2681715548015076
test_60m:79,test_60m,cross_scale_observation,79,0.0847310776852027,within_support,0.2458419429871786,1.0,2.4467179767780625
test_60m:80,test_60m,cross_scale_observation,80,0.2491834487398001,within_support,0.1575103342967668,1.0,2.3440505410823866
test_60m:81,test_60m,cross_scale_observation,81,0.1329484826035272,within_support,0.053282370088219,1.0,2.234012605971831
test_60m:82,test_60m,cross_scale_observation,82,0.188605134367434,within_support,0.1216677439490917,1.0,2.3049093583474156
test_60m:83,test_60m,cross_scale_observation,83,0.1454434593381826,within_support,0.1580597339614251,1.0,2.344661486096215
test_60m:84,test_60m,cross_scale_observation,84,0.1706882648381549,within_support,0.0775403952040577,1.0,2.258608490860561
test_60m:85,test_60m,cross_scale_observation,85,0.2605971663906866,low_confidence_extrapolation,0.188377617735064,1.0,2.3789013469641573
test_60m:86,test_60m,cross_scale_observation,86,0.0406362024628316,within_support,0.1405335077601866,1.0,2.3253364092674724
test_60m:87,test_60m,cross_scale_observation,87,0.0392537014030159,within_support,0.3022214662341104,1.0,2.51715126009729
test_60m:88,test_60m,cross_scale_observation,88,0.1768970147149926,within_support,0.1209592997152161,1.0,2.3041497669603856
test_60m:89,test_60m,cross_scale_observation,89,0.1671944975171132,within_support,0.1196317786185599,1.0,2.3027278517109897
test_60m:90,test_60m,cross_scale_observation,90,0.1914188372583624,within_support,0.1078576489264725,1.0,2.290198788942689
test_60m:91,test_60m,cross_scale_observation,91,0.1789144225116434,within_support,0.1120480314550739,1.0,2.29464095162562
test_60m:92,test_60m,cross_scale_observation,92,0.2302708850383105,within_support,0.0967131625038039,1.0,2.278474868740558
test_60m:93,test_60m,cross_scale_observation,93,0.2238341381590232,within_support,0.1082628547192446,1.0,2.2906275291158247
test_60m:94,test_60m,cross_scale_observation,94,0.1764304776545021,within_support,0.1856956908411414,1.0,2.3758304544768514
test_60m:95,test_60m,cross_scale_observation,95,0.163645959314613,within_support,0.0985372272480582,1.0,2.280384840529353
test_60m:96,test_60m,cross_scale_observation,96,0.0806721761203948,within_support,0.1627370398101076,1.0,2.3498763725783216
test_60m:97,test_60m,cross_scale_observation,97,0.2413564537977332,within_support,0.1967858878585838,1.0,2.3885826471598968
test_60m:98,test_60m,cross_scale_observation,98,0.2368332746891787,within_support,0.1198962908557737,1.0,2.303011021677217
test_60m:99,test_60m,cross_scale_observation,99,0.1795505596497477,within_support,0.1327138902112769,1.0,2.3168228709068703
test_60m:100,test_60m,cross_scale_observation,100,0.2328113029826734,within_support,0.1359211865057061,1.0,2.3203067349141357
test_60m:101,test_60m,cross_scale_observation,101,0.2084788307307412,within_support,0.226799961042101,1.0,2.423812456784187
test_60m:102,test_60m,cross_scale_observation,102,0.1504676222826697,within_support,0.1274857578575983,1.0,2.311167810304683
test_60m:103,test_60m,cross_scale_observation,103,0.2269278192280927,within_support,0.1248671125904228,1.0,2.3083464205544333
test_60m:104,test_60m,cross_scale_observation,104,0.1596570156897443,within_support,0.0770188508222594,1.0,2.258073382237158
test_60m:105,test_60m,cross_scale_observation,105,0.1573658158559221,within_support,0.1475516404841861,1.0,2.3330342323066535
test_60m:106,test_60m,cross_scale_observation,106,0.1371073303128936,within_support,0.1770127722228464,1.0,2.365944541197207
test_60m:107,test_60m,cross_scale_observation,107,0.1504050880603409,within_support,0.0800174452555563,1.0,2.261153777530456
test_60m:108,test_60m,cross_scale_observation,108,0.2296654537751561,within_support,0.1369861796395458,1.0,2.3214660366056474
test_60m:109,test_60m,cross_scale_observation,109,0.0569912273951,within_support,0.1311797644811771,1.0,2.3151604027515797
test_60m:110,test_60m,cross_scale_observation,110,0.1378332325674763,within_support,0.1182647335313721,1.0,2.30126557351886
test_60m:111,test_60m,cross_scale_observation,111,0.0676546356304936,within_support,0.1375682872517727,1.0,2.3221002137547124
test_60m:112,test_60m,cross_scale_observation,112,0.2251268934983874,within_support,0.1127351095460414,1.0,2.2953710908956895
test_60m:113,test_60m,cross_scale_observation,113,0.2092819110710254,within_support,0.1060884920747955,1.0,2.2883289131073985
test_60m:114,test_60m,cross_scale_observation,114,0.1536684743205319,within_support,0.0952809244569928,1.0,2.2769776171284395
test_60m:115,test_60m,cross_scale_observation,115,0.1693478837741169,within_support,0.149641216039217,1.0,2.3353366352216685
test_60m:116,test_60m,cross_scale_observation,116,0.2028130006693581,within_support,0.1173307394533752,1.0,2.300267662989878
test_60m:117,test_60m,cross_scale_observation,117,0.0769025357189214,within_support,0.1727545958391008,1.0,2.3611276864132043
test_60m:118,test_60m,cross_scale_observation,118,0.1608726726484912,within_support,0.2145185622685078,1.0,2.40926891370314
test_60m:119,test_60m,cross_scale_observation,119,0.1819730619524698,within_support,0.0403489843608995,1.0,2.221140914926435
test_60m:120,test_60m,cross_scale_observation,120,0.172772566778513,within_support,0.1639428276216554,1.0,2.351224705402913
test_60m:121,test_60m,cross_scale_observation,121,0.10321769940602,within_support,0.1609673209533111,1.0,2.3479003841201957
test_60m:122,test_60m,cross_scale_observation,122,0.12168812596141,within_support,0.0500896565190518,1.0,2.2308196299845733
test_60m:123,test_60m,cross_scale_observation,123,0.136716363456279,within_support,0.167386905780188,1.0,2.3550848992156137
test_60m:124,test_60m,cross_scale_observation,124,0.2696793400985799,low_confidence_extrapolation,0.0970635751026241,1.0,2.2788415142398586
test_60m:125,test_60m,cross_scale_observation,125,0.1964563565144427,within_support,0.0976771212567387,1.0,2.2794837924811278
test_60m:126,test_60m,cross_scale_observation,126,0.1409839799017792,within_support,0.0853753722062242,1.0,2.2666809174800457
test_60m:127,test_60m,cross_scale_observation,127,0.1792588045886134,within_support,0.0997475340266151,1.0,2.2816540726098253
test_60m:128,test_60m,cross_scale_observation,128,0.2020997746519819,within_support,0.0856309498952789,1.0,2.266945307495795
test_60m:129,test_60m,cross_scale_observation,129,0.1035590384786586,within_support,0.1463852769453269,1.0,2.3317511630184242
test_60m:130,test_60m,cross_scale_observation,130,0.1749042893932722,within_support,0.0542057338867528,1.0,2.23493794773566
test_60m:131,test_60m,cross_scale_observation,131,0.2075943211822997,within_support,0.0825356632239719,1.0,2.2637478371411364
test_60m:132,test_60m,cross_scale_observation,132,0.1858945514633046,within_support,0.1360785585467971,1.0,2.3204779650226097
test_60m:133,test_60m,cross_scale_observation,133,0.1400122340812996,within_support,0.0609005605508011,1.0,2.241672732520384
test_60m:134,test_60m,cross_scale_observation,134,0.1081323406811972,within_support,0.1792537100945758,1.0,2.3684877425760336
test_60m:135,test_60m,cross_scale_observation,135,0.1919374898241612,within_support,0.2488624793869418,1.0,2.4503916159626016
test_60m:136,test_60m,cross_scale_observation,136,0.1585459229089216,within_support,0.2150080095550633,1.0,2.409845102751105
test_60m:137,test_60m,cross_scale_observation,137,0.2272195520040056,within_support,0.1574127246068322,1.0,2.343942031981147
test_60m:138,test_60m,cross_scale_observation,138,0.1035482736817916,within_support,0.2252088425724016,1.0,2.4219181793441478
test_60m:139,test_60m,cross_scale_observation,139,0.0770454411370329,within_support,0.2193393907530569,1.0,2.4149564177414717
test_60m:140,test_60m,cross_scale_observation,140,0.1932536833783316,within_support,0.0835677311556593,1.0,2.2648128767428126
test_60m:141,test_60m,cross_scale_observation,141,0.2322457589127806,within_support,0.1298578142473717,1.0,2.3137299046453226
test_60m:142,test_60m,cross_scale_observation,142,0.0968642162439077,within_support,0.1419245675722765,1.0,2.3268579002765
test_60m:143,test_60m,cross_scale_observation,143,0.1441537325945577,within_support,0.0443807003885584,1.0,2.225135554555648
test_60m:144,test_60m,cross_scale_observation,144,0.1177500582511499,within_support,0.1314261573904862,1.0,2.3154272365986177
test_60m:145,test_60m,cross_scale_observation,145,0.0740070296801283,within_support,0.1047386277779436,1.0,2.286904423678802
test_60m:146,test_60m,cross_scale_observation,146,0.2306269245006152,within_support,0.1509896671436621,1.0,2.3368249848476035
test_60m:147,test_60m,cross_scale_observation,147,0.0855711146372641,within_support,0.1424238250294742,1.0,2.327404486389526
test_60m:148,test_60m,cross_scale_observation,148,0.2206969369493371,within_support,0.1155996843296299,1.0,2.29842060848845
test_60m:149,test_60m,cross_scale_observation,149,0.1557204871729492,within_support,0.1666145077071057,1.0,2.3542180227005147
test_60m:150,test_60m,cross_scale_observation,150,0.2480747465687506,within_support,0.1605366875187629,1.0,2.347420086962109
test_60m:151,test_60m,cross_scale_observation,151,0.097319549749156,within_support,0.1287299639151529,1.0,2.3125109384074327
test_60m:152,test_60m,cross_scale_observation,152,0.2231583889376041,within_support,0.037856908212201,1.0,2.2186797984131275
test_60m:153,test_60m,cross_scale_observation,153,0.1530499161778243,within_support,0.0741755912541864,1.0,2.2551610784758145
test_60m:154,test_60m,cross_scale_observation,154,0.2367403641122485,within_support,0.1314804189405433,1.0,2.3154860085611633
test_60m:155,test_60m,cross_scale_observation,155,0.1759233158524455,within_support,0.0431489395231996,1.0,2.223913412163209
test_60m:156,test_60m,cross_scale_observation,156,0.1034214677907831,within_support,0.1481222518268912,1.0,2.3336624840983227
test_60m:157,test_60m,cross_scale_observation,157,0.1411269042443228,within_support,0.0810016113204998,1.0,2.2621668063646925
test_60m:158,test_60m,cross_scale_observation,158,0.1491375204299709,within_support,0.113675900309377,1.0,2.296371657829773
test_60m:159,test_60m,cross_scale_observation,159,0.1146397461639272,within_support,0.1461512313846382,1.0,2.3314938792049764
test_60m:160,test_60m,cross_scale_observation,160,0.2190046527749762,within_support,0.0787676114614704,1.0,2.259868725866969
test_60m:161,test_60m,cross_scale_observation,161,0.1325603182849016,within_support,0.1582745410286842,1.0,2.344900447764301
test_60m:162,test_60m,cross_scale_observation,162,0.1855824540565731,within_support,0.1532096046390604,1.0,2.339279611400899
test_60m:163,test_60m,cross_scale_observation,163,0.1369388691569131,within_support,0.0766900695184233,1.0,2.257736193435485
test_60m:164,test_60m,cross_scale_observation,164,0.1621400472454709,within_support,0.0667996996737639,1.0,2.2476445645944736
test_60m:165,test_60m,cross_scale_observation,165,0.2001253497192975,within_support,0.0441894475232758,1.0,2.2249456963929353
test_60m:166,test_60m,cross_scale_observation,166,0.2148943801758042,within_support,0.1317994936711542,1.0,2.315831670434494
test_60m:167,test_60m,cross_scale_observation,167,0.2056321096304921,within_support,0.0722310999327972,1.0,2.253174130728433
test_60m:168,test_60m,cross_scale_observation,168,0.2159259132202524,within_support,0.117333879475313,1.0,2.3002710163331748
test_60m:169,test_60m,cross_scale_observation,169,0.150705009870276,within_support,0.08532372085703,1.0,2.266627493398204
test_60m:170,test_60m,cross_scale_observation,170,0.1743586809248935,within_support,0.1457458297680197,1.0,2.331048367949885
test_60m:171,test_60m,cross_scale_observation,171,0.2384552101031817,within_support,0.1456071459899895,1.0,2.33089600452758
test_60m:172,test_60m,cross_scale_observation,172,0.2013845433975211,within_support,0.0528113172780034,1.0,2.2335408731284008
test_60m:173,test_60m,cross_scale_observation,173,0.2059665119569211,within_support,0.1233055442954947,1.0,2.3066674634743602
test_60m:174,test_60m,cross_scale_observation,174,0.2060777713914712,within_support,0.1768592029267563,1.0,2.365770466648998
test_60m:175,test_60m,cross_scale_observation,175,0.0910364777098284,within_support,0.1677638840328453,1.0,2.3555082320248473
test_60m:176,test_60m,cross_scale_observation,176,0.2498567117023081,within_support,0.0516332405053105,1.0,2.2323620679753726
test_60m:177,test_60m,cross_scale_observation,177,0.1759938129365446,within_support,0.159689582308983,1.0,2.346475890918624
test_60m:178,test_60m,cross_scale_observation,178,0.2290633100258529,within_support,0.1127507255277387,1.0,2.2953876914074955
test_60m:179,test_60m,cross_scale_observation,179,0.1951919225310209,within_support,0.0953909017330164,1.0,2.277092510607244
test_60m:180,test_60m,cross_scale_observation,180,0.1616715759351989,within_support,0.1832160108304145,1.0,2.372998459555971
test_60m:181,test_60m,cross_scale_observation,181,0.2394869516278496,within_support,0.1019726835096529,1.0,2.2839915683580108
test_60m:182,test_60m,cross_scale_observation,182,0.179503529934657,within_support,0.1329759206253629,1.0,2.317107077450747
test_60m:183,test_60m,cross_scale_observation,183,0.117337121150981,within_support,0.1597003185123915,1.0,2.3464878526467268
test_60m:184,test_60m,cross_scale_observation,184,0.1215829773316395,within_support,0.1361144924206847,1.0,2.3205170669863744
test_60m:185,test_60m,cross_scale_observation,185,0.0475887748353313,within_support,0.2022944049938174,1.0,2.3949694424729353
test_60m:186,test_60m,cross_scale_observation,186,0.1180423652762007,within_support,0.2038994310315579,1.0,2.3968370024543892
test_60m:187,test_60m,cross_scale_observation,187,0.137058616817942,within_support,0.1536986245716857,1.0,2.339821062700681
test_60m:188,test_60m,cross_scale_observation,188,0.2968334629055395,low_confidence_extrapolation,0.0942448207905983,1.0,2.2758958176139332
test_60m:189,test_60m,cross_scale_observation,189,0.1656215278081962,within_support,0.1678125838214418,1.0,2.355562931749441
test_60m:190,test_60m,cross_scale_observation,190,0.1736768336631426,within_support,0.1138035213609079,1.0,2.2965074602179376
test_60m:191,test_60m,cross_scale_observation,191,0.1109011512547724,within_support,0.1514813434949058,1.0,2.3373681709244276
test_60m:192,test_60m,cross_scale_observation,192,0.1992385504865963,within_support,0.0316216719392136,1.0,2.212548827439313
test_60m:193,test_60m,cross_scale_observation,193,0.1082855182338103,within_support,0.1242386300791099,1.0,2.3076703774481087
test_60m:194,test_60m,cross_scale_observation,194,0.1532383763944267,within_support,0.1780975776038295,1.0,2.367174956274762
test_60m:195,test_60m,cross_scale_observation,195,0.2195278017861481,within_support,0.1246564443122084,1.0,2.3081197625513905
test_60m:196,test_60m,cross_scale_observation,196,0.2377014934744837,within_support,0.0840052517802558,1.0,2.265264706785544
test_60m:197,test_60m,cross_scale_observation,197,0.170600764175347,within_support,0.1836527412442963,1.0,2.3734967316185474
test_60m:198,test_60m,cross_scale_observation,198,0.1156723558579384,within_support,0.1815212282570422,1.0,2.371066916975959
test_60m:199,test_60m,cross_scale_observation,199,0.1537380008404947,within_support,0.024997392372681,1.0,2.2060770633170073
test_60m:200,test_60m,cross_scale_observation,200,0.223006638937183,within_support,0.0974550156229296,1.0,2.279251240234011
test_60m:201,test_60m,cross_scale_observation,201,0.1646120996815841,within_support,0.141247145992459,1.0,2.326116696622672
test_60m:202,test_60m,cross_scale_observation,202,0.1616972479666862,within_support,0.1890017765173757,1.0,2.3796172110033913
test_60m:203,test_60m,cross_scale_observation,203,0.2408814940748465,within_support,0.0660401103916388,1.0,2.246873637700423
test_60m:204,test_60m,cross_scale_observation,204,0.1780960042234876,within_support,0.0417709705347943,1.0,2.2225479861833652
test_60m:205,test_60m,cross_scale_observation,205,0.1634318008133075,within_support,0.1063566284258091,1.0,2.288612101942854
test_60m:206,test_60m,cross_scale_observation,206,0.2331589145277703,within_support,0.0906367319644091,1.0,2.2721373350920424
test_60m:207,test_60m,cross_scale_observation,207,0.1293676930303698,within_support,0.0900787042106994,1.0,2.2715572573216485
test_60m:208,test_60m,cross_scale_observation,208,0.0778331548891601,within_support,0.2092016191589349,1.0,2.4030278192834893
test_60m:209,test_60m,cross_scale_observation,209,0.1612513565834408,within_support,0.1556555002083469,1.0,2.341990400830637
test_60m:210,test_60m,cross_scale_observation,210,0.217746635030594,within_support,0.1412250184261175,1.0,2.326092494120808
test_60m:211,test_60m,cross_scale_observation,211,0.1974612939242368,within_support,0.1495136748035179,1.0,2.33519596575547
test_60m:212,test_60m,cross_scale_observation,212,0.1507362601327812,within_support,0.1392747645636426,1.0,2.3239614642903414
test_60m:213,test_60m,cross_scale_observation,213,0.1958009193032556,within_support,0.2156165965999078,1.0,2.4105619394225783
test_60m:214,test_60m,cross_scale_observation,214,0.1514208586837691,within_support,0.1328687211968738,1.0,2.3169907965304493
test_60m:215,test_60m,cross_scale_observation,215,0.1526122739978397,within_support,0.1992075512378912,1.0,2.3913860875289474
test_60m:216,test_60m,cross_scale_observation,216,0.0975499871860575,within_support,0.1935281046936179,1.0,2.384821965839535
test_60m:217,test_60m,cross_scale_observation,217,0.0629603049547887,within_support,0.1745761784266889,1.0,2.363185752921108
test_60m:218,test_60m,cross_scale_observation,218,0.1208463897089408,within_support,0.2521374320186768,1.0,2.4543872391519534
test_60m:219,test_60m,cross_scale_observation,219,0.1900850315904789,within_support,0.0458555851190306,1.0,2.226600904117378
test_60m:220,test_60m,cross_scale_observation,220,0.192366707527209,within_support,0.1082380579439074,1.0,2.290601287151381
test_60m:221,test_60m,cross_scale_observation,221,0.1235951063100139,within_support,0.1091379074247508,1.0,2.2915539978359147
test_60m:222,test_60m,cross_scale_observation,222,0.1852781692482954,within_support,0.1159319614272937,1.0,2.298774903818569
test_60m:223,test_60m,cross_scale_observation,223,0.1818969360676618,within_support,0.1111648958971321,1.0,2.2937032039069893
test_60m:224,test_60m,cross_scale_observation,224,0.1073332114260616,within_support,0.1586037992188271,1.0,2.345266829997521
test_60m:225,test_60m,cross_scale_observation,225,0.243751024586697,within_support,0.0766486984325446,1.0,2.2576937722725496
test_60m:226,test_60m,cross_scale_observation,226,0.1961463359760986,within_support,0.0455484165273533,1.0,2.226295543169805
test_60m:227,test_60m,cross_scale_observation,227,0.2081682012219926,within_support,0.1831197415096491,1.0,2.372888653759791
test_60m:228,test_60m,cross_scale_observation,228,0.1115813340992442,within_support,0.1618834170342327,1.0,2.3489228192123752
test_60m:229,test_60m,cross_scale_observation,229,0.1913877536407186,within_support,0.1726903160897826,1.0,2.361055130110568
test_60m:230,test_60m,cross_scale_observation,230,0.219323917281349,within_support,0.0792529862935683,1.0,2.260367586868161
test_60m:231,test_60m,cross_scale_observation,231,0.2048483543818343,within_support,0.1338228814563521,1.0,2.3180262277279438
test_60m:232,test_60m,cross_scale_observation,232,0.2158648881319203,within_support,0.0556435555678442,1.0,2.2363805516133506
test_60m:233,test_60m,cross_scale_observation,233,0.1474168820164518,within_support,0.1732226120733251,1.0,2.3616561042605664
test_60m:234,test_60m,cross_scale_observation,234,0.1045003646588844,within_support,0.2357993270792007,1.0,2.4345834090380345
test_60m:235,test_60m,cross_scale_observation,235,0.0756073792106724,within_support,0.1018745173940148,1.0,2.2838883361958366
test_60m:236,test_60m,cross_scale_observation,236,0.1782538892299469,within_support,0.1057269020871901,1.0,2.2879471446116133
test_60m:237,test_60m,cross_scale_observation,237,0.2551401877301295,within_support,0.2221377590455278,1.0,2.418270468208133
test_60m:238,test_60m,cross_scale_observation,238,0.2104374352780861,within_support,0.2401207077929913,1.0,2.4397900322399164
test_60m:239,test_60m,cross_scale_observation,239,0.2389811708064047,within_support,0.0170953365558576,1.0,2.198412805552724
test_60m:240,test_60m,cross_scale_observation,240,0.1458531993561562,within_support,0.0657928441883766,1.0,2.24662280711983
test_60m:241,test_60m,cross_scale_observation,241,0.1067585761587308,within_support,0.1990067935514495,1.0,2.3911534220832893
test_60m:242,test_60m,cross_scale_observation,242,0.1912926995504546,within_support,0.0812892027304546,1.0,2.2624630202915768
test_60m:243,test_60m,cross_scale_observation,243,0.2456657140638268,within_support,0.0481141130520813,1.0,2.22884902354554
test_60m:244,test_60m,cross_scale_observation,244,0.2663828575651294,low_confidence_extrapolation,0.0743205207769012,1.0,2.255309327192632
test_60m:245,test_60m,cross_scale_observation,245,0.2287464332205458,within_support,0.0454526859686955,1.0,2.226200395141864
test_60m:246,test_60m,cross_scale_observation,246,0.1176520293067654,within_support,0.1341708664895429,1.0,2.318404098438367
test_60m:247,test_60m,cross_scale_observation,247,0.1603223013613003,within_support,0.1741542999023234,1.0,2.362708771083618
test_60m:248,test_60m,cross_scale_observation,248,0.2962367195322364,low_confidence_extrapolation,0.199040741891697,1.0,2.3911927627784673
test_60m:249,test_60m,cross_scale_observation,249,0.2030861885998159,within_support,0.1154744475874094,1.0,2.2982871035189536
test_60m:250,test_60m,cross_scale_observation,250,0.0920050073519604,within_support,0.1327215708060684,1.0,2.316831200465532
test_60m:251,test_60m,cross_scale_observation,251,0.1530014045457891,within_support,0.1588814974914695,1.0,2.345575932695325
test_60m:252,test_60m,cross_scale_observation,252,0.1383628179624845,within_support,0.0552909329062107,1.0,2.236026564135641
test_60m:253,test_60m,cross_scale_observation,253,0.241321326857707,within_support,0.0407396176182309,1.0,2.221527251606632
test_60m:254,test_60m,cross_scale_observation,254,0.1573022568178855,within_support,0.0697780771401772,1.0,2.2506730532069152
test_60m:255,test_60m,cross_scale_observation,255,0.1600562757583191,within_support,0.1513864849830635,1.0,2.337263353911228
test_60m:256,test_60m,cross_scale_observation,256,0.0834174616235692,within_support,0.2099809032302185,1.0,2.403940478613791
test_1b:0,test_1b,cross_scale_observation,0,0.1920464661494081,within_support,0.1152202503486309,1.0,2.298016175384455
test_1b:1,test_1b,cross_scale_observation,1,0.2537879739756908,within_support,0.1002456415639342,1.0,2.2821768775031974
test_1b:2,test_1b,cross_scale_observation,2,0.1762228941833616,within_support,0.045742692153934,1.0,2.226488664609767
test_1b:3,test_1b,cross_scale_observation,3,0.2829107574443777,low_confidence_extrapolation,0.106751422670318,1.0,2.289029197151006
test_1b:4,test_1b,cross_scale_observation,4,0.2320336730114769,within_support,0.0547140301250585,1.0,2.235447697561632
test_1b:5,test_1b,cross_scale_observation,5,0.2858302440293457,low_confidence_extrapolation,0.0441543153897639,1.0,2.224910824406385
test_1b:6,test_1b,cross_scale_observation,6,0.2217643690952,within_support,0.0438590072279467,1.0,2.224617751371498
test_1b:7,test_1b,cross_scale_observation,7,0.1916156999826393,within_support,0.0576477319248649,1.0,2.2383948576640416
test_1b:8,test_1b,cross_scale_observation,8,0.2152693041158855,within_support,0.0617404615645954,1.0,2.242520834032255
test_1b:9,test_1b,cross_scale_observation,9,0.2384533497353308,within_support,0.0775972467418819,1.0,2.2586668378546895
test_1b:10,test_1b,cross_scale_observation,10,0.188495384382103,within_support,0.1033379444887939,1.0,2.285428337220549
test_1b:11,test_1b,cross_scale_observation,11,0.2023079148682628,within_support,0.0835237676111235,1.0,2.264767486268865
test_1b:12,test_1b,cross_scale_observation,12,0.2270276089901774,within_support,0.0098897356203977,1.0,2.191476640177909
test_1b:13,test_1b,cross_scale_observation,13,0.1324159282795926,within_support,0.1256509386128242,1.0,2.309190158443279
test_1b:14,test_1b,cross_scale_observation,14,0.195606748349846,within_support,0.1097202977065385,1.0,2.2921710574745893
test_1b:15,test_1b,cross_scale_observation,15,0.2289775796995238,within_support,0.0538721887657039,1.0,2.234603589537109
test_1b:16,test_1b,cross_scale_observation,16,0.2327170705569798,within_support,0.0624270849567197,1.0,2.2432146907594683
test_1b:17,test_1b,cross_scale_observation,17,0.2934996632184253,low_confidence_extrapolation,0.0615619055408818,1.0,2.242340475025487
test_1b:18,test_1b,cross_scale_observation,18,0.1560422719781327,within_support,0.1281988063826344,1.0,2.31193734614658
test_1b:19,test_1b,cross_scale_observation,19,0.2075620389184881,within_support,0.0366636058981293,1.0,2.2175034905713975
test_1b:20,test_1b,cross_scale_observation,20,0.2726497435753259,low_confidence_extrapolation,0.0876630324925725,1.0,2.2690498625977695
test_1b:21,test_1b,cross_scale_observation,21,0.2225686287641901,within_support,0.0962242781305558,1.0,2.2779635513634355
test_1b:22,test_1b,cross_scale_observation,22,0.1772332772568203,within_support,0.1273351892319692,1.0,2.3110053838698748
test_1b:23,test_1b,cross_scale_observation,23,0.2377979381587048,within_support,0.0822948351540995,1.0,2.263499473422566
test_1b:24,test_1b,cross_scale_observation,24,0.255814652844757,within_support,0.0989779322829788,1.0,2.280846824010739
test_1b:25,test_1b,cross_scale_observation,25,0.2303388807822075,within_support,0.1029023237597709,1.0,2.2849696870009972
test_1b:26,test_1b,cross_scale_observation,26,0.1490133262285262,within_support,0.0469358713070117,1.0,2.2276755782929465
test_1b:27,test_1b,cross_scale_observation,27,0.2133142015897012,within_support,0.1038708372021718,1.0,2.2859896735646723
test_1b:28,test_1b,cross_scale_observation,28,0.203301477116387,within_support,0.1009899413713873,1.0,2.282958566912324
test_1b:29,test_1b,cross_scale_observation,29,0.222807021413801,within_support,0.0128198119748611,1.0,2.1942911253715156
test_1b:30,test_1b,cross_scale_observation,30,0.2421993027178726,within_support,0.0550213443644914,1.0,2.2357560163416785
test_1b:31,test_1b,cross_scale_observation,31,0.2513248012719308,within_support,0.0424237325159593,1.0,2.223194571840452
test_1b:32,test_1b,cross_scale_observation,32,0.2010164644209962,within_support,0.0451317050623882,1.0,2.225881433901877
test_1b:33,test_1b,cross_scale_observation,33,0.1426830596130655,within_support,0.1315672393086913,1.0,2.3155800523799597
test_1b:34,test_1b,cross_scale_observation,34,0.2039194072819155,within_support,0.1087307765484432,1.0,2.291122844067623
test_1b:35,test_1b,cross_scale_observation,35,0.2446875558748339,within_support,0.1179962212017935,1.0,2.300978590494659
test_1b:36,test_1b,cross_scale_observation,36,0.3238061586812177,low_confidence_extrapolation,0.1238562158422428,1.0,2.3072592317734566
test_1b:37,test_1b,cross_scale_observation,37,0.2321852708506721,within_support,0.1053281843871759,1.0,2.2875263364953318
test_1b:38,test_1b,cross_scale_observation,38,0.2084341979624781,within_support,0.1071454600392094,1.0,2.2894456569554147
test_1b:39,test_1b,cross_scale_observation,39,0.2642347441196937,low_confidence_extrapolation,0.0447577411188298,1.0,2.2255099521044373
test_1b:40,test_1b,cross_scale_observation,40,0.1862243648133733,within_support,0.1048153120025177,1.0,2.2869852957656507
test_1b:41,test_1b,cross_scale_observation,41,0.1535812127342589,within_support,0.1179459449961742,1.0,2.300924864403604
test_1b:42,test_1b,cross_scale_observation,42,0.1039233894372722,within_support,0.0843115855131776,1.0,2.265581177058248
test_1b:43,test_1b,cross_scale_observation,43,0.2309560455527205,within_support,0.0532408236634466,1.0,2.2339709906330683
test_1b:44,test_1b,cross_scale_observation,44,0.1852947819997001,within_support,0.0353274472438254,1.0,2.216188025626182
test_1b:45,test_1b,cross_scale_observation,45,0.2678751536856753,low_confidence_extrapolation,0.0114461468416429,1.0,2.1929706243097717
test_1b:46,test_1b,cross_scale_observation,46,0.2292150987335113,within_support,0.0767782664003145,1.0,2.257826634781419
test_1b:47,test_1b,cross_scale_observation,47,0.1918208811199051,within_support,0.0362091920388806,1.0,2.2170559171806135
test_1b:48,test_1b,cross_scale_observation,48,0.2178919602366393,within_support,0.0491516569955282,1.0,2.22988348919081
test_1b:49,test_1b,cross_scale_observation,49,0.1504472924316425,within_support,0.040174757105774,1.0,2.2209686526575787
test_1b:50,test_1b,cross_scale_observation,50,0.2421589119407461,within_support,0.0361633754937302,1.0,2.217010801615611
test_1b:51,test_1b,cross_scale_observation,51,0.2159675901611165,within_support,0.097526238166903,1.0,2.2793258070644122
test_1b:52,test_1b,cross_scale_observation,52,0.1507381836164945,within_support,0.1023337253053234,1.0,2.2843713295793617
test_1b:53,test_1b,cross_scale_observation,53,0.2658987776868091,low_confidence_extrapolation,0.0533613426542061,1.0,2.2340917142982897
test_1b:54,test_1b,cross_scale_observation,54,0.2002120536681085,within_support,0.1074667661754552,1.0,2.2897853682872356
test_1b:55,test_1b,cross_scale_observation,55,0.2049963492282011,within_support,0.1132590581291069,1.0,2.295928214096733
test_1b:56,test_1b,cross_scale_observation,56,0.1768841428732378,within_support,0.10891624600384,1.0,2.291319235441089
test_1b:57,test_1b,cross_scale_observation,57,0.2162600665836991,within_support,0.0762230087823164,1.0,2.257257379726732
test_1b:58,test_1b,cross_scale_observation,58,0.1744118714336021,within_support,0.101969474307588,1.0,2.28398819337882
test_1b:59,test_1b,cross_scale_observation,59,0.2411985191496713,within_support,0.0206656759921598,1.0,2.2018682029111485
test_1b:60,test_1b,cross_scale_observation,60,0.2710000820479866,low_confidence_extrapolation,0.1139022536631896,1.0,2.296612533791948
test_1b:61,test_1b,cross_scale_observation,61,0.2452492801392035,within_support,0.0617470863876956,1.0,2.2425275263696203
test_1b:62,test_1b,cross_scale_observation,62,0.2331694662686347,within_support,0.0342966456632278,1.0,2.215174388907587
test_1b:63,test_1b,cross_scale_observation,63,0.1714432767096597,within_support,0.0425751916477562,1.0,2.2233446582280862
est_10b:1,est_10b,estimated_reference,1,0.0,within_support,0.249044436794672,1.0,2.4506132709023283
est_10b:2,est_10b,estimated_reference,2,0.0,within_support,0.1197512699561166,1.0,2.302855762256444
est_10b:3,est_10b,estimated_reference,3,0.0,within_support,0.1858544308191581,1.0,2.3760119876335324
est_10b:4,est_10b,estimated_reference,4,0.0,within_support,0.1304490600572983,1.0,2.3143694650394044
est_10b:5,est_10b,estimated_reference,5,0.0,within_support,0.0502720144330895,1.0,2.231001728512866
est_10b:6,est_10b,estimated_reference,6,0.0,within_support,0.1527848766381631,1.0,2.3388095600407226
est_10b:7,est_10b,estimated_reference,7,0.0,within_support,0.0916489931171592,1.0,2.2731904214596277
est_10b:8,est_10b,estimated_reference,8,0.0,within_support,0.2484059915687805,1.0,2.4498357139680396
est_10b:9,est_10b,estimated_reference,9,0.0,within_support,0.2799986359754035,1.0,2.488913882976376
est_10b:10,est_10b,estimated_reference,10,0.0,within_support,0.1602258731312403,1.0,2.34707355573189
est_10b:11,est_10b,estimated_reference,11,0.0,within_support,0.2615217277406388,1.0,2.465909335633203
est_10b:12,est_10b,estimated_reference,12,0.0,within_support,0.2132445208104099,1.0,2.407770403436737
est_10b:13,est_10b,estimated_reference,13,0.0,within_support,0.2072793111592754,1.0,2.4007795450427536
est_10b:14,est_10b,estimated_reference,14,0.0,within_support,0.0346681693381294,1.0,2.21553960556325
est_10b:15,est_10b,estimated_reference,15,0.0,within_support,0.0622304339890736,1.0,2.243015919456606
est_10b:16,est_10b,estimated_reference,16,0.0,within_support,0.0175383448783891,1.0,2.1988408817269525
est_10b:17,est_10b,estimated_reference,17,0.0,within_support,0.0736813234191406,1.0,2.2546556524114467
est_10b:18,est_10b,estimated_reference,18,0.0,within_support,0.0430566128386553,1.0,2.2238218670643723
est_10b:19,est_10b,estimated_reference,19,0.0,within_support,0.0479713214376926,1.0,2.2287067395832962
est_10b:20,est_10b,estimated_reference,20,0.0,within_support,0.1232078273895582,1.0,2.3065624879710653
est_10b:21,est_10b,estimated_reference,21,0.0,within_support,0.149140778309933,1.0,2.3347847887188466
est_10b:22,est_10b,estimated_reference,22,0.0,within_support,0.1075123886289131,1.0,2.2898336129557526
est_10b:23,est_10b,estimated_reference,23,0.0,within_support,0.1285972842688524,1.0,2.3123676302979055
est_10b:24,est_10b,estimated_reference,24,0.0,within_support,0.2600925392672028,1.0,2.4641475819002716
est_10b:25,est_10b,estimated_reference,25,0.0,within_support,0.1331739992834687,1.0,2.317321969311415
est_10b:26,est_10b,estimated_reference,26,0.0,within_support,0.1561019112416078,1.0,2.3424858746880064
est_10b:27,est_10b,estimated_reference,27,0.0,within_support,0.0591863178176938,1.0,2.2399439615382546
est_10b:28,est_10b,estimated_reference,28,0.0,within_support,0.0767199412862922,1.0,2.2577668244968914
est_10b:29,est_10b,estimated_reference,29,0.0,within_support,0.2695343909311014,1.0,2.4758332722095595
est_10b:30,est_10b,estimated_reference,30,0.0,within_support,0.1817932497966559,1.0,2.371376719243221
est_10b:31,est_10b,estimated_reference,31,0.0,within_support,0.129076723485921,1.0,2.312885565368464
est_10b:32,est_10b,estimated_reference,32,0.0,within_support,0.2934943331534769,1.0,2.505987266502814
est_10b:33,est_10b,estimated_reference,33,0.0,within_support,0.2195414862086901,1.0,2.415195444696951
est_10b:34,est_10b,estimated_reference,34,0.0,within_support,0.1853803340909328,1.0,2.375469901713955
est_10b:35,est_10b,estimated_reference,35,0.0,within_support,0.1009648806999716,1.0,2.28293223786202
est_10b:36,est_10b,estimated_reference,36,0.0,within_support,0.0929407391035172,1.0,2.2745358135237703
est_10b:37,est_10b,estimated_reference,37,0.0,within_support,0.0521513657802718,1.0,2.2328803425259682
est_10b:38,est_10b,estimated_reference,38,0.0,within_support,0.194300875010484,1.0,2.3857129192512287
est_10b:39,est_10b,estimated_reference,39,0.0,within_support,0.0687963383614815,1.0,2.249673799944148
est_10b:40,est_10b,estimated_reference,40,0.0,within_support,0.1498476404536816,1.0,2.3355643455872865
est_10b:41,est_10b,estimated_reference,41,0.0,within_support,0.1042372736888059,1.0,2.286375842535411
est_10b:42,est_10b,estimated_reference,42,0.0,within_support,0.0848314791335141,1.0,2.266118495816589
est_10b:43,est_10b,estimated_reference,43,0.0,within_support,0.0706355992867465,1.0,2.2515466768126675
est_10b:44,est_10b,estimated_reference,44,0.0,within_support,0.0727060351770862,1.0,2.2536590792747697
est_10b:45,est_10b,estimated_reference,45,0.0,within_support,0.1815263967446377,1.0,2.3710728025229018
est_10b:46,est_10b,estimated_reference,46,0.0,within_support,0.0544771809380193,1.0,2.2352101388128345
est_10b:47,est_10b,estimated_reference,47,0.0,within_support,0.2032715167545438,1.0,2.3961060233332403
est_10b:48,est_10b,estimated_reference,48,0.0,within_support,0.147161115284902,1.0,2.3326044646911015
est_10b:49,est_10b,estimated_reference,49,0.0,within_support,0.2177472234173594,1.0,2.4130749816637467
est_10b:50,est_10b,estimated_reference,50,0.0,within_support,0.1031376578155502,1.0,2.2852174373949175
est_10b:51,est_10b,estimated_reference,51,0.0,within_support,0.2173579019113433,1.0,2.4126153829183234
est_10b:52,est_10b,estimated_reference,52,0.0,within_support,0.0945691521454232,1.0,2.276234332624428
est_10b:53,est_10b,estimated_reference,53,0.0,within_support,0.1782080621776893,1.0,2.3673003457230135
est_10b:54,est_10b,estimated_reference,54,0.0,within_support,0.134797815493225,1.0,2.3190852230769288
est_10b:55,est_10b,estimated_reference,55,0.0,within_support,0.1485900700761069,1.0,2.334177826627914
est_10b:56,est_10b,estimated_reference,56,0.0,within_support,0.0386043805304912,1.0,2.2194173408965847
est_10b:57,est_10b,estimated_reference,57,0.0,within_support,0.2487399008555379,1.0,2.4502423172861594
est_10b:58,est_10b,estimated_reference,58,0.0,within_support,0.1677717189450452,1.0,2.355517032038056
est_10b:59,est_10b,estimated_reference,59,0.0,within_support,0.2130343425713219,1.0,2.407523378049614
est_10b:60,est_10b,estimated_reference,60,0.0,within_support,0.1420270134266791,1.0,2.3269700355511227
est_10b:61,est_10b,estimated_reference,61,0.0,within_support,0.0994810577730224,1.0,2.2813744907343585
est_10b:62,est_10b,estimated_reference,62,0.0,within_support,0.0738059039092795,1.0,2.254783021792845
est_10b:63,est_10b,estimated_reference,63,0.0,within_support,0.1251988400187609,1.0,2.308703422904658
est_70b:1,est_70b,estimated_reference,1,0.0,within_support,0.249044436794672,1.0,2.4506132709023283
est_70b:2,est_70b,estimated_reference,2,0.0,within_support,0.1197512699561166,1.0,2.302855762256444
est_70b:3,est_70b,estimated_reference,3,0.0,within_support,0.1858544308191581,1.0,2.3760119876335324
est_70b:4,est_70b,estimated_reference,4,0.0,within_support,0.1304490600572983,1.0,2.3143694650394044
est_70b:5,est_70b,estimated_reference,5,0.0,within_support,0.0502720144330895,1.0,2.231001728512866
est_70b:6,est_70b,estimated_reference,6,0.0,within_support,0.1527848766381631,1.0,2.3388095600407226
est_70b:7,est_70b,estimated_reference,7,0.0,within_support,0.0916489931171592,1.0,2.2731904214596277
est_70b:8,est_70b,estimated_reference,8,0.0,within_support,0.2484059915687805,1.0,2.4498357139680396
est_70b:9,est_70b,estimated_reference,9,0.0,within_support,0.2799986359754035,1.0,2.488913882976376
est_70b:10,est_70b,estimated_reference,10,0.0,within_support,0.1602258731312403,1.0,2.34707355573189
est_70b:11,est_70b,estimated_reference,11,0.0,within_support,0.2615217277406388,1.0,2.465909335633203
est_70b:12,est_70b,estimated_reference,12,0.0,within_support,0.2132445208104099,1.0,2.407770403436737
est_70b:13,est_70b,estimated_reference,13,0.0,within_support,0.2072793111592754,1.0,2.4007795450427536
est_70b:14,est_70b,estimated_reference,14,0.0,within_support,0.0346681693381294,1.0,2.21553960556325
est_70b:15,est_70b,estimated_reference,15,0.0,within_support,0.0622304339890736,1.0,2.243015919456606
est_70b:16,est_70b,estimated_reference,16,0.0,within_support,0.0175383448783891,1.0,2.1988408817269525
est_70b:17,est_70b,estimated_reference,17,0.0,within_support,0.0736813234191406,1.0,2.2546556524114467
est_70b:18,est_70b,estimated_reference,18,0.0,within_support,0.0430566128386553,1.0,2.2238218670643723
est_70b:19,est_70b,estimated_reference,19,0.0,within_support,0.0479713214376926,1.0,2.2287067395832962
est_70b:20,est_70b,estimated_reference,20,0.0,within_support,0.1232078273895582,1.0,2.3065624879710653
est_70b:21,est_70b,estimated_reference,21,0.0,within_support,0.149140778309933,1.0,2.3347847887188466
est_70b:22,est_70b,estimated_reference,22,0.0,within_support,0.1075123886289131,1.0,2.2898336129557526
est_70b:23,est_70b,estimated_reference,23,0.0,within_support,0.1285972842688524,1.0,2.3123676302979055
est_70b:24,est_70b,estimated_reference,24,0.0,within_support,0.2600925392672028,1.0,2.4641475819002716
est_70b:25,est_70b,estimated_reference,25,0.0,within_support,0.1331739992834687,1.0,2.317321969311415
est_70b:26,est_70b,estimated_reference,26,0.0,within_support,0.1561019112416078,1.0,2.3424858746880064
est_70b:27,est_70b,estimated_reference,27,0.0,within_support,0.0591863178176938,1.0,2.2399439615382546
est_70b:28,est_70b,estimated_reference,28,0.0,within_support,0.0767199412862922,1.0,2.2577668244968914
est_70b:29,est_70b,estimated_reference,29,0.0,within_support,0.2695343909311014,1.0,2.4758332722095595
est_70b:30,est_70b,estimated_reference,30,0.0,within_support,0.1817932497966559,1.0,2.371376719243221
est_70b:31,est_70b,estimated_reference,31,0.0,within_support,0.129076723485921,1.0,2.312885565368464
est_70b:32,est_70b,estimated_reference,32,0.0,within_support,0.2934943331534769,1.0,2.505987266502814
est_70b:33,est_70b,estimated_reference,33,0.0,within_support,0.2195414862086901,1.0,2.415195444696951
est_70b:34,est_70b,estimated_reference,34,0.0,within_support,0.1853803340909328,1.0,2.375469901713955
est_70b:35,est_70b,estimated_reference,35,0.0,within_support,0.1009648806999716,1.0,2.28293223786202
est_70b:36,est_70b,estimated_reference,36,0.0,within_support,0.0929407391035172,1.0,2.2745358135237703
est_70b:37,est_70b,estimated_reference,37,0.0,within_support,0.0521513657802718,1.0,2.2328803425259682
est_70b:38,est_70b,estimated_reference,38,0.0,within_support,0.194300875010484,1.0,2.3857129192512287
est_70b:39,est_70b,estimated_reference,39,0.0,within_support,0.0687963383614815,1.0,2.249673799944148
est_70b:40,est_70b,estimated_reference,40,0.0,within_support,0.1498476404536816,1.0,2.3355643455872865
est_70b:41,est_70b,estimated_reference,41,0.0,within_support,0.1042372736888059,1.0,2.286375842535411
est_70b:42,est_70b,estimated_reference,42,0.0,within_support,0.0848314791335141,1.0,2.266118495816589
est_70b:43,est_70b,estimated_reference,43,0.0,within_support,0.0706355992867465,1.0,2.2515466768126675
est_70b:44,est_70b,estimated_reference,44,0.0,within_support,0.0727060351770862,1.0,2.2536590792747697
est_70b:45,est_70b,estimated_reference,45,0.0,within_support,0.1815263967446377,1.0,2.3710728025229018
est_70b:46,est_70b,estimated_reference,46,0.0,within_support,0.0544771809380193,1.0,2.2352101388128345
est_70b:47,est_70b,estimated_reference,47,0.0,within_support,0.2032715167545438,1.0,2.3961060233332403
est_70b:48,est_70b,estimated_reference,48,0.0,within_support,0.147161115284902,1.0,2.3326044646911015
est_70b:49,est_70b,estimated_reference,49,0.0,within_support,0.2177472234173594,1.0,2.4130749816637467
est_70b:50,est_70b,estimated_reference,50,0.0,within_support,0.1031376578155502,1.0,2.2852174373949175
est_70b:51,est_70b,estimated_reference,51,0.0,within_support,0.2173579019113433,1.0,2.4126153829183234
est_70b:52,est_70b,estimated_reference,52,0.0,within_support,0.0945691521454232,1.0,2.276234332624428
est_70b:53,est_70b,estimated_reference,53,0.0,within_support,0.1782080621776893,1.0,2.3673003457230135
est_70b:54,est_70b,estimated_reference,54,0.0,within_support,0.134797815493225,1.0,2.3190852230769288
est_70b:55,est_70b,estimated_reference,55,0.0,within_support,0.1485900700761069,1.0,2.334177826627914
est_70b:56,est_70b,estimated_reference,56,0.0,within_support,0.0386043805304912,1.0,2.2194173408965847
est_70b:57,est_70b,estimated_reference,57,0.0,within_support,0.2487399008555379,1.0,2.4502423172861594
est_70b:58,est_70b,estimated_reference,58,0.0,within_support,0.1677717189450452,1.0,2.355517032038056
est_70b:59,est_70b,estimated_reference,59,0.0,within_support,0.2130343425713219,1.0,2.407523378049614
est_70b:60,est_70b,estimated_reference,60,0.0,within_support,0.1420270134266791,1.0,2.3269700355511227
est_70b:61,est_70b,estimated_reference,61,0.0,within_support,0.0994810577730224,1.0,2.2813744907343585
est_70b:62,est_70b,estimated_reference,62,0.0,within_support,0.0738059039092795,1.0,2.254783021792845
est_70b:63,est_70b,estimated_reference,63,0.0,within_support,0.1251988400187609,1.0,2.308703422904658
p0,reference,reference,0,0.0,within_support,0.0,1.5,2.1820377150721577
train_1m:1,train_1m,train_observation,1,0.0,within_support,0.249044436794672,1.5,2.612165978010703
train_1m:2,train_1m,train_observation,2,0.0,within_support,0.1197512699561166,1.5,2.3689118287631827
train_1m:3,train_1m,train_observation,3,0.0,within_support,0.1858544308191581,1.5,2.4873855671789578
train_1m:4,train_1m,train_observation,4,0.0,within_support,0.1304490600572983,1.5,2.3872972683314213
train_1m:5,train_1m,train_observation,5,0.0,within_support,0.0502720144330895,1.5,2.2564224198939113
train_1m:6,train_1m,train_observation,6,0.0,within_support,0.1527848766381631,1.5,2.426648394634033
train_1m:7,train_1m,train_observation,7,0.0,within_support,0.0916489931171592,1.5,2.3219969113680636
train_1m:8,train_1m,train_observation,8,0.0,within_support,0.2484059915687805,1.5,2.6108451889566866
train_1m:9,train_1m,train_observation,9,0.0,within_support,0.2799986359754035,1.5,2.677744068676002
train_1m:10,train_1m,train_observation,10,0.0,within_support,0.1602258731312403,1.5,2.4400534096214987
train_1m:11,train_1m,train_observation,11,0.0,within_support,0.2615217277406388,1.5,2.638234025908061
train_1m:12,train_1m,train_observation,12,0.0,within_support,0.2132445208104099,1.5,2.54002348198622
train_1m:13,train_1m,train_observation,13,0.0,within_support,0.2072793111592754,1.5,2.528374704108967
train_1m:14,train_1m,train_observation,14,0.0,within_support,0.0346681693381294,1.5,2.2327311602716478
train_1m:15,train_1m,train_observation,15,0.0,within_support,0.0622304339890736,1.5,2.2749578992417954
train_1m:16,train_1m,train_observation,16,0.0,within_support,0.0175383448783891,1.5,2.207353625650684
train_1m:17,train_1m,train_observation,17,0.0,within_support,0.0736813234191406,1.5,2.2930210569255687
train_1m:18,train_1m,train_observation,18,0.0,within_support,0.0430566128386553,1.5,2.2453983609349626
train_1m:19,train_1m,train_observation,19,0.0,within_support,0.0479713214376926,1.5,2.2528943383982796
train_1m:20,train_1m,train_observation,20,0.0,within_support,0.1232078273895582,1.5,2.3748201068609838
train_1m:21,train_1m,train_observation,21,0.0,within_support,0.149140778309933,1.5,2.420137900818274
train_1m:22,train_1m,train_observation,22,0.0,within_support,0.1075123886289131,1.5,2.3482365127764413
train_1m:23,train_1m,train_observation,23,0.0,within_support,0.1285972842688524,1.5,2.38409361763052
train_1m:24,train_1m,train_observation,24,0.0,within_support,0.2600925392672028,1.5,2.635223308074183
train_1m:25,train_1m,train_observation,25,0.0,within_support,0.1331739992834687,1.5,2.3920277402820815
train_1m:26,train_1m,train_observation,26,0.0,within_support,0.1561019112416078,1.5,2.432605580348413
train_1m:27,train_1m,train_observation,27,0.0,within_support,0.0591863178176938,1.5,2.2702079454239716
train_1m:28,train_1m,train_observation,28,0.0,within_support,0.0767199412862922,1.5,2.2978666295966335
train_1m:29,train_1m,train_observation,29,0.0,within_support,0.2695343909311014,1.5,2.655233495728523
train_1m:30,train_1m,train_observation,30,0.0,within_support,0.1817932497966559,1.5,2.47976331422109
train_1m:31,train_1m,train_observation,31,0.0,within_support,0.129076723485921,1.5,2.3849222142998583
train_1m:32,train_1m,train_observation,32,0.0,within_support,0.2934943331534769,1.5,2.707302486441133
train_1m:33,train_1m,train_observation,33,0.0,within_support,0.2195414862086901,1.5,2.552433721718031
train_1m:34,train_1m,train_observation,34,0.0,within_support,0.1853803340909328,1.5,2.486493360040945
train_1m:35,train_1m,train_observation,35,0.0,within_support,0.1009648806999716,1.5,2.337330575568279
train_1m:36,train_1m,train_observation,36,0.0,within_support,0.0929407391035172,1.5,2.324110311518381
train_1m:37,train_1m,train_observation,37,0.0,within_support,0.0521513657802718,1.5,2.25931342842806
train_1m:38,train_1m,train_observation,38,0.0,within_support,0.194300875010484,1.5,2.5033878209701377
train_1m:39,train_1m,train_observation,39,0.0,within_support,0.0687963383614815,1.5,2.285277295284536
train_1m:40,train_1m,train_observation,40,0.0,within_support,0.1498476404536816,1.5,2.4213979901299068
train_1m:41,train_1m,train_observation,41,0.0,within_support,0.1042372736888059,1.5,2.342767888526673
train_1m:42,train_1m,train_observation,42,0.0,within_support,0.0848314791335141,1.5,2.3109104966670926
train_1m:43,train_1m,train_observation,43,0.0,within_support,0.0706355992867465,1.5,2.2881862649445637
train_1m:44,train_1m,train_observation,44,0.0,within_support,0.0727060351770862,1.5,2.291470476624223
train_1m:45,train_1m,train_observation,45,0.0,within_support,0.1815263967446377,1.5,2.479264093292213
train_1m:46,train_1m,train_observation,46,0.0,within_support,0.0544771809380193,1.5,2.2629025351937426
train_1m:47,train_1m,train_observation,47,0.0,within_support,0.2032715167545438,1.5,2.520606674423128
train_1m:48,train_1m,train_observation,48,0.0,within_support,0.147161115284902,1.5,2.416615952669175
train_1m:49,train_1m,train_observation,49,0.0,within_support,0.2177472234173594,1.5,2.548885587368807
train_1m:50,train_1m,train_observation,50,0.0,within_support,0.1031376578155502,1.5,2.3409378206007023
train_1m:51,train_1m,train_observation,51,0.0,within_support,0.2173579019113433,1.5,2.548116968510622
train_1m:52,train_1m,train_observation,52,0.0,within_support,0.0945691521454232,1.5,2.326780367591047
train_1m:53,train_1m,train_observation,53,0.0,within_support,0.1782080621776893,1.5,2.47307291293287
train_1m:54,train_1m,train_observation,54,0.0,within_support,0.134797815493225,1.5,2.394855879659981
train_1m:55,train_1m,train_observation,55,0.0,within_support,0.1485900700761069,1.5,2.4191571051271463
train_1m:56,train_1m,train_observation,56,0.0,within_support,0.0386043805304912,1.5,2.238655299264477
train_1m:57,train_1m,train_observation,57,0.0,within_support,0.2487399008555379,1.5,2.611535808890367
train_1m:58,train_1m,train_observation,58,0.0,within_support,0.1677717189450452,1.5,2.4538009727331223
train_1m:59,train_1m,train_observation,59,0.0,within_support,0.2130343425713219,1.5,2.539611274867045
train_1m:60,train_1m,train_observation,60,0.0,within_support,0.1420270134266791,1.5,2.407530637890863
train_1m:61,train_1m,train_observation,61,0.0,within_support,0.0994810577730224,1.5,2.33487387962189
train_1m:62,train_1m,train_observation,62,0.0,within_support,0.0738059039092795,1.5,2.2932192869895784
train_1m:63,train_1m,train_observation,63,0.0,within_support,0.1251988400187609,1.5,2.3782372661883913
train_1m:64,train_1m,train_observation,64,0.0,within_support,0.1335538788266912,1.5,2.3926887450100436
train_1m:65,train_1m,train_observation,65,0.0,within_support,0.1739489129488823,1.5,2.4651714358042653
train_1m:66,train_1m,train_observation,66,0.0,within_support,0.147698569536417,1.5,2.4175710844230363
train_1m:67,train_1m,train_observation,67,0.0,within_support,0.0695638185493837,1.5,2.286490164031438
train_1m:68,train_1m,train_observation,68,0.0,within_support,0.0876994734354754,1.5,2.3155605225278486
train_1m:69,train_1m,train_observation,69,0.0,within_support,0.2083893098892381,1.5,2.530534408404157
train_1m:70,train_1m,train_observation,70,0.0,within_support,0.2724007460979242,1.5,2.6613644734098805
train_1m:71,train_1m,train_observation,71,0.0,within_support,0.1559740852494346,1.5,2.432375463374629
train_1m:72,train_1m,train_observation,72,0.0,within_support,0.0173142869013383,1.5,2.207025989012945
train_1m:73,train_1m,train_observation,73,0.0,within_support,0.0845428429972554,1.5,2.3104436231126324
train_1m:74,train_1m,train_observation,74,0.0,within_support,0.1033361533349091,1.5,2.341267949356992
train_1m:75,train_1m,train_observation,75,0.0,within_support,0.0681710986211613,1.5,2.2842902443588
train_1m:76,train_1m,train_observation,76,0.0,within_support,0.1754414966653545,1.5,2.467934699644084
train_1m:77,train_1m,train_observation,77,0.0,within_support,0.1475606418333818,1.5,2.4173258940536693
train_1m:78,train_1m,train_observation,78,0.0,within_support,0.1863964456853622,1.5,2.4884063677519555
train_1m:79,train_1m,train_observation,79,0.0,within_support,0.1345536697384718,1.5,2.394430220095866
train_1m:80,train_1m,train_observation,80,0.0,within_support,0.0816475067925186,1.5,2.3057715371498118
train_1m:81,train_1m,train_observation,81,0.0,within_support,0.139222504385278,1.5,2.402597243694691
train_1m:82,train_1m,train_observation,82,0.0,within_support,0.1762272348858845,1.5,2.469391847309848
train_1m:83,train_1m,train_observation,83,0.0,within_support,0.2258092333950561,1.5,2.5649033328111512
train_1m:84,train_1m,train_observation,84,0.0,within_support,0.0512668345577355,1.5,2.2579517376908527
train_1m:85,train_1m,train_observation,85,0.0,within_support,0.1673214000601536,1.5,2.4529761762385434
train_1m:86,train_1m,train_observation,86,0.0,within_support,0.1103608512987983,1.5,2.3530146271434558
train_1m:87,train_1m,train_observation,87,0.0,within_support,0.1049164147389921,1.5,2.343899677709636
train_1m:88,train_1m,train_observation,88,0.0,within_support,0.1714253000421156,1.5,2.4605134473897436
train_1m:89,train_1m,train_observation,89,0.0,within_support,0.0741257064035067,1.5,2.293728320157091
train_1m:90,train_1m,train_observation,90,0.0,within_support,0.1395037555718915,1.5,2.403091055130027
train_1m:91,train_1m,train_observation,91,0.0,within_support,0.1386212225931734,1.5,2.4015422317315256
train_1m:92,train_1m,train_observation,92,0.0,within_support,0.0522290391936294,1.5,2.2594330890029353
train_1m:93,train_1m,train_observation,93,0.0,within_support,0.1588301511958935,1.5,2.4375275919056327
train_1m:94,train_1m,train_observation,94,0.0,within_support,0.0802921721290944,1.5,2.303591451426115
train_1m:95,train_1m,train_observation,95,0.0,within_support,0.0664998674762026,1.5,2.281656451620168
train_1m:96,train_1m,train_observation,96,0.0,within_support,0.1880267518580067,1.5,2.491481802706849
train_1m:97,train_1m,train_observation,97,0.0,within_support,0.1025152975083781,1.5,2.339903376139308
train_1m:98,train_1m,train_observation,98,0.0,within_support,0.061004420721773,1.5,2.273042253437255
train_1m:99,train_1m,train_observation,99,0.0,within_support,0.079526017361565,1.5,2.302361034011377
train_1m:100,train_1m,train_observation,100,0.0,within_support,0.1174629979850956,1.5,2.3650173144123707
train_1m:101,train_1m,train_observation,101,0.0,within_support,0.1809637016473429,1.5,2.4782120743736464
train_1m:102,train_1m,train_observation,102,0.0,within_support,0.0987230846554889,1.5,2.3336210475310413
train_1m:103,train_1m,train_observation,103,0.0,within_support,0.2163522008240815,1.5,2.546133537003708
train_1m:104,train_1m,train_observation,104,0.0,within_support,0.178623905724153,1.5,2.4738470848398237
train_1m:105,train_1m,train_observation,105,0.0,within_support,0.0930812884397714,1.5,2.324340508631825
train_1m:106,train_1m,train_observation,106,0.0,within_support,0.1308790189832527,1.5,2.388042389329864
train_1m:107,train_1m,train_observation,107,0.0,within_support,0.0589871653811076,1.5,2.269897948764939
train_1m:108,train_1m,train_observation,108,0.0,within_support,0.1240193214886783,1.5,2.3762116358285503
train_1m:109,train_1m,train_observation,109,0.0,within_support,0.1553252452097167,1.5,2.431208078225676
train_1m:110,train_1m,train_observation,110,0.0,within_support,0.1389028470045198,1.5,2.402036252830963
train_1m:111,train_1m,train_observation,111,0.0,within_support,0.1304310793872131,1.5,2.3872661182063353
train_1m:112,train_1m,train_observation,112,0.0,within_support,0.1855978601648984,1.5,2.486902645654214
train_1m:113,train_1m,train_observation,113,0.0,within_support,0.2251345339560592,1.5,2.5635553884118045
train_1m:114,train_1m,train_observation,114,0.0,within_support,0.087660471409588,1.5,2.3154971522841548
train_1m:115,train_1m,train_observation,115,0.0,within_support,0.0665408548976744,1.5,2.2817209671925993
train_1m:116,train_1m,train_observation,116,0.0,within_support,0.1804867529729868,1.5,2.4773210626315283
train_1m:117,train_1m,train_observation,117,0.0,within_support,0.1846378149128034,1.5,2.4850972805516984
train_1m:118,train_1m,train_observation,118,0.0,within_support,0.1303118625147701,1.5,2.38705960541392
train_1m:119,train_1m,train_observation,119,0.0,within_support,0.1248511056675138,1.5,2.377639716667878
train_1m:120,train_1m,train_observation,120,0.0,within_support,0.1576918254162507,1.5,2.435471491807985
train_1m:121,train_1m,train_observation,121,0.0,within_support,0.0392761709537238,1.5,2.239669866809961
train_1m:122,train_1m,train_observation,122,0.0,within_support,0.1643247055203307,1.5,2.4475016478016567
train_1m:123,train_1m,train_observation,123,0.0,within_support,0.1244571541016766,1.5,2.3769631235793574
train_1m:124,train_1m,train_observation,124,0.0,within_support,0.1792715391010363,1.5,2.4750537397127355
train_1m:125,train_1m,train_observation,125,0.0,within_support,0.054633247759991,1.5,2.2631438199856118
train_1m:126,train_1m,train_observation,126,0.0,within_support,0.1939564382166499,1.5,2.5027312935519923
train_1m:127,train_1m,train_observation,127,0.0,within_support,0.1040775368101677,1.5,2.3425018543131415
train_1m:128,train_1m,train_observation,128,0.0,within_support,0.1795020155380592,1.5,2.475483440731728
train_1m:129,train_1m,train_observation,129,0.0,within_support,0.0834208010097877,1.5,2.3086306212866585
train_1m:130,train_1m,train_observation,130,0.0,within_support,0.1776987163610736,1.5,2.472125326497411
train_1m:131,train_1m,train_observation,131,0.0,within_support,0.264531244906919,1.5,2.64459499726091
train_1m:132,train_1m,train_observation,132,0.0,within_support,0.0842507613707534,1.5,2.3099713821464904
train_1m:133,train_1m,train_observation,133,0.0,within_support,0.146666450772076,1.5,2.415737544528864
train_1m:134,train_1m,train_observation,134,0.0,within_support,0.0522071876361152,1.5,2.259399423952142
train_1m:135,train_1m,train_observation,135,0.0,within_support,0.0569515975095205,1.5,2.2667347298519767
train_1m:136,train_1m,train_observation,136,0.0,within_support,0.0467082238360467,1.5,2.2509625662637474
train_1m:137,train_1m,train_observation,137,0.0,within_support,0.0248485930461505,1.5,2.2181039217163283
train_1m:138,train_1m,train_observation,138,0.0,within_support,0.1723629607689296,1.5,2.462242087513277
train_1m:139,train_1m,train_observation,139,0.0,within_support,0.0301076988919718,1.5,2.2259110850817656
train_1m:140,train_1m,train_observation,140,0.0,within_support,0.1049017079513659,1.5,2.343875156619183
train_1m:141,train_1m,train_observation,141,0.0,within_support,0.1254383363334829,1.5,2.3786489998864786
train_1m:142,train_1m,train_observation,142,0.0,within_support,0.0679541854017182,1.5,2.283948024911489
train_1m:143,train_1m,train_observation,143,0.0,within_support,0.031020490835742,1.5,2.227272411828936
train_1m:144,train_1m,train_observation,144,0.0,within_support,0.0754398931086402,1.5,2.295822691053499
train_1m:145,train_1m,train_observation,145,0.0,within_support,0.2620107143087931,1.5,2.639265604204008
train_1m:146,train_1m,train_observation,146,0.0,within_support,0.1214171957675582,1.5,2.371755564194901
train_1m:147,train_1m,train_observation,147,0.0,within_support,0.1057266321138978,1.5,2.3452514148054493
train_1m:148,train_1m,train_observation,148,0.0,within_support,0.0455350087996082,1.5,2.2491715355217052
train_1m:149,train_1m,train_observation,149,0.0,within_support,0.105254199558511,1.5,2.3444630259015242
train_1m:150,train_1m,train_observation,150,0.0,within_support,0.2449713156740819,1.5,2.6037613391825687
train_1m:151,train_1m,train_observation,151,0.0,within_support,0.1045330189855525,1.5,2.343260606617764
train_1m:152,train_1m,train_observation,152,0.0,within_support,0.1767981328343894,1.5,2.470451652497919
train_1m:153,train_1m,train_observation,153,0.0,within_support,0.1545370770191466,1.5,2.4297915430294066
train_1m:154,train_1m,train_observation,154,0.0,within_support,0.0577346163357567,1.5,2.2679503775722094
train_1m:155,train_1m,train_observation,155,0.0,within_support,0.1544427631408896,1.5,2.429622149583638
train_1m:156,train_1m,train_observation,156,0.0,within_support,0.0780876586931171,1.5,2.3000548967113064
train_1m:157,train_1m,train_observation,157,0.0,within_support,0.1273176776738609,1.5,2.3818850373159766
train_1m:158,train_1m,train_observation,158,0.0,within_support,0.2460160496783694,1.5,2.60591219065518
train_1m:159,train_1m,train_observation,159,0.0,within_support,0.1010034289560989,1.5,2.337394471005525
train_1m:160,train_1m,train_observation,160,0.0,within_support,0.1994456627630471,1.5,2.5132347276142664
train_1m:161,train_1m,train_observation,161,0.0,within_support,0.1750103323615681,1.5,2.467135837031761
train_1m:162,train_1m,train_observation,162,0.0,within_support,0.1468395802584923,1.5,2.416044907749243
train_1m:163,train_1m,train_observation,163,0.0,within_support,0.16001911335778,1.5,2.439678905724773
train_1m:164,train_1m,train_observation,164,0.0,within_support,0.0993619054986159,1.5,2.3346768418639083
train_1m:165,train_1m,train_observation,165,0.0,within_support,0.1162780052145118,1.5,2.3630057687408654
train_1m:166,train_1m,train_observation,166,0.0,within_support,0.1887506599343629,1.5,2.492849807203835
train_1m:167,train_1m,train_observation,167,0.0,within_support,0.1014426655196182,1.5,2.338122785960758
train_1m:168,train_1m,train_observation,168,0.0,within_support,0.0985198826770995,1.5,2.3332854228413464
train_1m:169,train_1m,train_observation,169,0.0,within_support,0.1280767190073169,1.5,2.383194618875196
train_1m:170,train_1m,train_observation,170,0.0,within_support,0.0134887336538875,1.5,2.201448896455113
train_1m:171,train_1m,train_observation,171,0.0,within_support,0.2233451069571265,1.5,2.559986991870991
train_1m:172,train_1m,train_observation,172,0.0,within_support,0.0443418516823298,1.5,2.24735329102729
train_1m:173,train_1m,train_observation,173,0.0,within_support,0.1812118728209978,1.5,2.478675947588277
train_1m:174,train_1m,train_observation,174,0.0,within_support,0.1764699342086643,1.5,2.4698422792837054
train_1m:175,train_1m,train_observation,175,0.0,within_support,0.086018271292079,1.5,2.312832277563948
train_1m:176,train_1m,train_observation,176,0.0,within_support,0.1526672060212405,1.5,2.4264376095064146
train_1m:177,train_1m,train_observation,177,0.0,within_support,0.097408090391385,1.5,2.331450907476726
train_1m:178,train_1m,train_observation,178,0.0,within_support,0.2564978233796515,1.5,2.6276791778956126
train_1m:179,train_1m,train_observation,179,0.0,within_support,0.0646826942908318,1.5,2.278800142742176
train_1m:180,train_1m,train_observation,180,0.0,within_support,0.1710218488518657,1.5,2.459770405998891
train_1m:181,train_1m,train_observation,181,0.0,within_support,0.1107659045149027,1.5,2.3536957375369614
train_1m:182,train_1m,train_observation,182,0.0,within_support,0.1435028102739335,1.5,2.410135048799239
train_1m:183,train_1m,train_observation,183,0.0,within_support,0.1070586767570509,1.5,2.3474773231898265
train_1m:184,train_1m,train_observation,184,0.0,within_support,0.1190283872715833,1.5,2.3676800770425115
train_1m:185,train_1m,train_observation,185,0.0,within_support,0.1090605497395117,1.5,2.350830921489333
train_1m:186,train_1m,train_observation,186,0.0,within_support,0.0435998959025261,1.5,2.2462242692338847
train_1m:187,train_1m,train_observation,187,0.0,within_support,0.1708031781529422,1.5,2.459367865152048
train_1m:188,train_1m,train_observation,188,0.0,within_support,0.0972149859484424,1.5,2.3311325867758432
train_1m:189,train_1m,train_observation,189,0.0,within_support,0.2090458899955321,1.5,2.5318135979721523
train_1m:190,train_1m,train_observation,190,0.0,within_support,0.0716112462772202,1.5,2.2897326061607157
train_1m:191,train_1m,train_observation,191,0.0,within_support,0.1179513855076008,1.5,2.3658474017021778
train_1m:192,train_1m,train_observation,192,0.0,within_support,0.2336651470219463,1.5,2.580699052650374
train_1m:193,train_1m,train_observation,193,0.0,within_support,0.1772195395936307,1.5,2.4712345272089116
train_1m:194,train_1m,train_observation,194,0.0,within_support,0.1623318382937395,1.5,2.4438745672866755
train_1m:195,train_1m,train_observation,195,0.0,within_support,0.0523371678143325,1.5,2.2595996908750453
train_1m:196,train_1m,train_observation,196,0.0,within_support,0.0698387602003353,1.5,2.28692500122678
train_1m:197,train_1m,train_observation,197,0.0,within_support,0.0769291723460142,1.5,2.298201096151474
train_1m:198,train_1m,train_observation,198,0.0,within_support,0.1335435566574672,1.5,2.3926707790677613
train_1m:199,train_1m,train_observation,199,0.0,within_support,0.192805743208965,1.5,2.500540423532644
train_1m:200,train_1m,train_observation,200,0.0,within_support,0.0829040764224045,1.5,2.307796720393471
train_1m:201,train_1m,train_observation,201,0.0,within_support,0.0982304406220075,1.5,2.332807533724865
train_1m:202,train_1m,train_observation,202,0.0,within_support,0.1071928197736488,1.5,2.347701728985882
train_1m:203,train_1m,train_observation,203,0.0,within_support,0.2107071957700634,1.5,2.5350558878639333
train_1m:204,train_1m,train_observation,204,0.0,within_support,0.057709008868665,1.5,2.2679105990322173
train_1m:205,train_1m,train_observation,205,0.0,within_support,0.1371382244277366,1.5,2.398944219887733
train_1m:206,train_1m,train_observation,206,0.0,within_support,0.120268180122902,1.5,2.3697934341713687
train_1m:207,train_1m,train_observation,207,0.0,within_support,0.2036425535151254,1.5,2.521323869278104
train_1m:208,train_1m,train_observation,208,0.0,within_support,0.1904343410856814,1.5,2.4960372929346093
train_1m:209,train_1m,train_observation,209,0.0,within_support,0.1490853941603262,1.5,2.4200392265768613
train_1m:210,train_1m,train_observation,210,0.0,within_support,0.1911787236965507,1.5,2.4974491001484282
train_1m:211,train_1m,train_observation,211,0.0,within_support,0.0627186357671919,1.5,2.2757216958119764
train_1m:212,train_1m,train_observation,212,0.0,within_support,0.0725403918495381,1.5,2.291207350749219
train_1m:213,train_1m,train_observation,213,0.0,within_support,0.1398236038996797,1.5,2.4036528873680485
train_1m:214,train_1m,train_observation,214,0.0,within_support,0.0652241814371462,1.5,2.2796504607214283
train_1m:215,train_1m,train_observation,215,0.0,within_support,0.1545078831215875,1.5,2.4297391064577942
train_1m:216,train_1m,train_observation,216,0.0,within_support,0.1207515941339271,1.5,2.3706185296937097
train_1m:217,train_1m,train_observation,217,0.0,within_support,0.2471798491038943,1.5,2.608312140718513
train_1m:218,train_1m,train_observation,218,0.0,within_support,0.0699411823666826,1.5,2.2870870340577216
train_1m:219,train_1m,train_observation,219,0.0,within_support,0.1821803623047436,1.5,2.4804878683361786
train_1m:220,train_1m,train_observation,220,0.0,within_support,0.1158496597639642,1.5,2.362279524322254
train_1m:221,train_1m,train_observation,221,0.0,within_support,0.1304559961856899,1.5,2.387309284863824
train_1m:222,train_1m,train_observation,222,0.0,within_support,0.2667546504026203,1.5,2.649312906633863
train_1m:223,train_1m,train_observation,223,0.0,within_support,0.2090680199767695,1.5,2.531856734907479
train_1m:224,train_1m,train_observation,224,0.0,within_support,0.1408341702073932,1.5,2.405429778283292
train_1m:225,train_1m,train_observation,225,0.0,within_support,0.0606728299661751,1.5,2.272524747834049
train_1m:226,train_1m,train_observation,226,0.0,within_support,0.1220702502232522,1.5,2.3728722684567174
train_1m:227,train_1m,train_observation,227,0.0,within_support,0.0635601150916794,1.5,2.2770395122503873
train_1m:228,train_1m,train_observation,228,0.0,within_support,0.1337889844916659,1.5,2.393098026460971
train_1m:229,train_1m,train_observation,229,0.0,within_support,0.1181583624242941,1.5,2.3661993732871967
train_1m:230,train_1m,train_observation,230,0.0,within_support,0.1871480794875177,1.5,2.489823327094255
train_1m:231,train_1m,train_observation,231,0.0,within_support,0.1935259093600123,1.5,2.501911143765766
train_1m:232,train_1m,train_observation,232,0.0,within_support,0.1059248718847914,1.5,2.3455824010288513
train_1m:233,train_1m,train_observation,233,0.0,within_support,0.1464220831792828,1.5,2.4153038454681752
train_1m:234,train_1m,train_observation,234,0.0,within_support,0.0728982237650785,1.5,2.2917758518217037
train_1m:235,train_1m,train_observation,235,0.0,within_support,0.0944366033489516,1.5,2.3265627877147037
train_1m:236,train_1m,train_observation,236,0.0,within_support,0.089523642813738,1.5,2.3185285668451154
train_1m:237,train_1m,train_observation,237,0.0,within_support,0.2255019955079624,1.5,2.564289350195738
train_1m:238,train_1m,train_observation,238,0.0,within_support,0.2475237884028123,1.5,2.609022203779155
train_1m:239,train_1m,train_observation,239,0.0,within_support,0.0606840315128584,1.5,2.272542225614246
train_1m:240,train_1m,train_observation,240,0.0,within_support,0.1770453891870552,1.5,2.4709109366885733
train_1m:241,train_1m,train_observation,241,0.0,within_support,0.1561927042033145,1.5,2.432769055923319
train_1m:242,train_1m,train_observation,242,0.0,within_support,0.1257638306684823,1.5,2.379208815547165
train_1m:243,train_1m,train_observation,243,0.0,within_support,0.1486941194161053,1.5,2.4193423519683206
train_1m:244,train_1m,train_observation,244,0.0,within_support,0.0686708624784777,1.5,2.2850791352747795
train_1m:245,train_1m,train_observation,245,0.0,within_support,0.118670555910497,1.5,2.3670708464142862
train_1m:246,train_1m,train_observation,246,0.0,within_support,0.1047023920835475,1.5,2.3435428843302857
train_1m:247,train_1m,train_observation,247,0.0,within_support,0.1447977500176905,1.5,2.412425046013498
train_1m:248,train_1m,train_observation,248,0.0,within_support,0.1485479826342996,1.5,2.419082181911252
train_1m:249,train_1m,train_observation,249,0.0,within_support,0.1579691620634117,1.5,2.4359721074916836
train_1m:250,train_1m,train_observation,250,0.0,within_support,0.1619036627464112,1.5,2.443096688452998
train_1m:251,train_1m,train_observation,251,0.0,within_support,0.1370815482629002,1.5,2.3988450455351433
train_1m:252,train_1m,train_observation,252,0.0,within_support,0.07327892703489,1.5,2.2923810245922978
train_1m:253,train_1m,train_observation,253,0.0,within_support,0.1802388944884595,1.5,2.476858277412229
train_1m:254,train_1m,train_observation,254,0.0,within_support,0.1714715273967111,1.5,2.4605986136367943
train_1m:255,train_1m,train_observation,255,0.0,within_support,0.1910523429934252,1.5,2.497209293500279
train_1m:256,train_1m,train_observation,256,0.0,within_support,0.1392426391299505,1.5,2.40263258868377
train_1m:257,train_1m,train_observation,257,0.0,within_support,0.0761556266475232,1.5,2.296965066950327
train_1m:258,train_1m,train_observation,258,0.0,within_support,0.1350804149235097,1.5,2.3953487765450436
train_1m:259,train_1m,train_observation,259,0.0,within_support,0.1459276259122379,1.5,2.414426778021903
train_1m:260,train_1m,train_observation,260,0.0,within_support,0.2150180998490462,1.5,2.543507052162461
train_1m:261,train_1m,train_observation,261,0.0,within_support,0.0925197176237699,1.5,2.3234210366898216
train_1m:262,train_1m,train_observation,262,0.0,within_support,0.1832750656429272,1.5,2.4825390908125327
train_1m:263,train_1m,train_observation,263,0.0,within_support,0.1257371826447267,1.5,2.379162973505429
train_1m:264,train_1m,train_observation,264,0.0,within_support,0.1684858615666865,1.5,2.4551101272296134
train_1m:265,train_1m,train_observation,265,0.0,within_support,0.200311131650734,1.5,2.5148986782456433
train_1m:266,train_1m,train_observation,266,0.0,within_support,0.1503833403618051,1.5,2.422353847065988
train_1m:267,train_1m,train_observation,267,0.0,within_support,0.188434189375,1.5,2.4922515745546527
train_1m:268,train_1m,train_observation,268,0.0,within_support,0.1111144075782417,1.5,2.35428208826655
train_1m:269,train_1m,train_observation,269,0.0,within_support,0.1768433090264914,1.5,2.4705355555647115
train_1m:270,train_1m,train_observation,270,0.0,within_support,0.0289410421233744,1.5,2.2241738588204454
train_1m:271,train_1m,train_observation,271,0.0,within_support,0.0969205491710709,1.5,2.330647403445042
train_1m:272,train_1m,train_observation,272,0.0,within_support,0.0919173979272452,1.5,2.3224357062154475
train_1m:273,train_1m,train_observation,273,0.0,within_support,0.1571028320620409,1.5,2.434409000430399
train_1m:274,train_1m,train_observation,274,0.0,within_support,0.1420145619573939,1.5,2.4075086886913133
train_1m:275,train_1m,train_observation,275,0.0,within_support,0.1752791563898416,1.5,2.467633854412949
train_1m:276,train_1m,train_observation,276,0.0,within_support,0.2091471368143186,1.5,2.5320109653623284
train_1m:277,train_1m,train_observation,277,0.0,within_support,0.2019983151175495,1.5,2.5181486742353405
train_1m:278,train_1m,train_observation,278,0.0,within_support,0.2288470087992147,1.5,2.5709892617721444
train_1m:279,train_1m,train_observation,279,0.0,within_support,0.2199474238885921,1.5,2.55323778438294
train_1m:280,train_1m,train_observation,280,0.0,within_support,0.2098091509686369,1.5,2.5333022141134998
train_1m:281,train_1m,train_observation,281,0.0,within_support,0.0946904583062364,1.5,2.3269795305090604
train_1m:282,train_1m,train_observation,282,0.0,within_support,0.11887315081179,1.5,2.3674157369464215
train_1m:283,train_1m,train_observation,283,0.0,within_support,0.2450287867076975,1.5,2.6038795703783997
train_1m:284,train_1m,train_observation,284,0.0,within_support,0.1578015845990122,1.5,2.43566959134893
train_1m:285,train_1m,train_observation,285,0.0,within_support,0.1947826932237439,1.5,2.5043067789976923
train_1m:286,train_1m,train_observation,286,0.0,within_support,0.1868029534335782,1.5,2.4891725065976
train_1m:287,train_1m,train_observation,287,0.0,within_support,0.1163571608747652,1.5,2.3631400254264188
train_1m:288,train_1m,train_observation,288,0.0,within_support,0.13262535920721,1.5,2.3910737504298614
train_1m:289,train_1m,train_observation,289,0.0,within_support,0.1629167498004761,1.5,2.4449380005682517
train_1m:290,train_1m,train_observation,290,0.0,within_support,0.1105969991232694,1.5,2.353411667224883
train_1m:291,train_1m,train_observation,291,0.0,within_support,0.1967400601540859,1.5,2.508046845717939
train_1m:292,train_1m,train_observation,292,0.0,within_support,0.2780464906845928,1.5,2.673517781046483
train_1m:293,train_1m,train_observation,293,0.0,within_support,0.1051428981882123,1.5,2.3442773690187346
train_1m:294,train_1m,train_observation,294,0.0,within_support,0.2821199689942083,1.5,2.682350691022059
train_1m:295,train_1m,train_observation,295,0.0,within_support,0.1221611232888273,1.5,2.373027745492271
train_1m:296,train_1m,train_observation,296,0.0,within_support,0.1758189277763748,1.5,2.468634429440824
train_1m:297,train_1m,train_observation,297,0.0,within_support,0.1621594684779967,1.5,2.443561358003773
train_1m:298,train_1m,train_observation,298,0.0,within_support,0.0990060800389314,1.5,2.3340886358858537
train_1m:299,train_1m,train_observation,299,0.0,within_support,0.1361807724168653,1.5,2.3972699611633654
train_1m:300,train_1m,train_observation,300,0.0,within_support,0.2553149855366367,1.5,2.6252056706022575
train_1m:301,train_1m,train_observation,301,0.0,within_support,0.0811071735282725,1.5,2.3049018678690465
train_1m:302,train_1m,train_observation,302,0.0,within_support,0.1477726573731747,1.5,2.41770280932248
train_1m:303,train_1m,train_observation,303,0.0,within_support,0.2373919912455877,1.5,2.5882578858397087
train_1m:304,train_1m,train_observation,304,0.0,within_support,0.1839491100226936,1.5,2.483803771550111
train_1m:305,train_1m,train_observation,305,0.0,within_support,0.26566918984336,1.5,2.647007670245813
train_1m:306,train_1m,train_observation,306,0.0,within_support,0.145847497786961,1.5,2.4142847081315106
train_1m:307,train_1m,train_observation,307,0.0,within_support,0.1835354321139718,1.5,2.4830274537636994
train_1m:308,train_1m,train_observation,308,0.0,within_support,0.0518620105078716,1.5,2.2588677818780982
train_1m:309,train_1m,train_observation,309,0.0,within_support,0.1889961829666402,1.5,2.493314121533734
train_1m:310,train_1m,train_observation,310,0.0,within_support,0.1419082656406491,1.5,2.4073213283697026
train_1m:311,train_1m,train_observation,311,0.0,within_support,0.0557686022148863,1.5,2.264900819029579
train_1m:312,train_1m,train_observation,312,0.0,within_support,0.1772308341514858,1.5,2.471255516652893
train_1m:313,train_1m,train_observation,313,0.0,within_support,0.1965168764546486,1.5,2.5076198394196205
train_1m:314,train_1m,train_observation,314,0.0,within_support,0.0943449092623758,1.5,2.326412296473381
train_1m:315,train_1m,train_observation,315,0.0,within_support,0.14335884109369,1.5,2.4098807254844212
train_1m:316,train_1m,train_observation,316,0.0,within_support,0.1142563222157313,1.5,2.359582169797165
train_1m:317,train_1m,train_observation,317,0.0,within_support,0.2185049752341981,1.5,2.5503828682196517
train_1m:318,train_1m,train_observation,318,0.0,within_support,0.1929418645283758,1.5,2.5007993950566236
train_1m:319,train_1m,train_observation,319,0.0,within_support,0.1627710595177351,1.5,2.4446730323902264
train_1m:320,train_1m,train_observation,320,0.0,within_support,0.1715599465248313,1.5,2.460761527692048
train_1m:321,train_1m,train_observation,321,0.0,within_support,0.1760646027289569,1.5,2.469090105811575
train_1m:322,train_1m,train_observation,322,0.0,within_support,0.2250488800001798,1.5,2.563384362712946
train_1m:323,train_1m,train_observation,323,0.0,within_support,0.0439264798127049,1.5,2.2467210717354718
train_1m:324,train_1m,train_observation,324,0.0,within_support,0.0972990976842619,1.5,2.3312712284229993
train_1m:325,train_1m,train_observation,325,0.0,within_support,0.1480977280587354,1.5,2.4182809436898784
train_1m:326,train_1m,train_observation,326,0.0,within_support,0.1384370457654798,1.5,2.4012192644959742
train_1m:327,train_1m,train_observation,327,0.0,within_support,0.1424317496379648,1.5,2.4082443220225818
train_1m:328,train_1m,train_observation,328,0.0,within_support,0.3330129753558649,1.5,2.7973790723669065
train_1m:329,train_1m,train_observation,329,0.0,within_support,0.193651799797041,1.5,2.5021509080098285
train_1m:330,train_1m,train_observation,330,0.0,within_support,0.0946129178882076,1.5,2.3268522188974954
train_1m:331,train_1m,train_observation,331,0.0,within_support,0.097638223077811,1.5,2.331830387380011
train_1m:332,train_1m,train_observation,332,0.0,within_support,0.1373439350840111,1.5,2.399304251947848
train_1m:333,train_1m,train_observation,333,0.0,within_support,0.0979142306214611,1.5,2.3322856859512786
train_1m:334,train_1m,train_observation,334,0.0,within_support,0.107067772564396,1.5,2.347492537999476
train_1m:335,train_1m,train_observation,335,0.0,within_support,0.2059963173726945,1.5,2.525882882586992
train_1m:336,train_1m,train_observation,336,0.0,within_support,0.1821555222951688,1.5,2.4804413629370785
train_1m:337,train_1m,train_observation,337,0.0,within_support,0.181287590192708,1.5,2.478817510336964
train_1m:338,train_1m,train_observation,338,0.0,within_support,0.1374870388065376,1.5,2.3995547757141624
train_1m:339,train_1m,train_observation,339,0.0,within_support,0.1232083836601505,1.5,2.374821060159288
train_1m:340,train_1m,train_observation,340,0.0,within_support,0.0591410663560778,1.5,2.270137499782577
train_1m:341,train_1m,train_observation,341,0.0,within_support,0.1581423478348858,1.5,2.43628482784042
train_1m:342,train_1m,train_observation,342,0.0,within_support,0.1368209433864056,1.5,2.398389136588258
train_1m:343,train_1m,train_observation,343,0.0,within_support,0.102540025315578,1.5,2.339944458578489
train_1m:344,train_1m,train_observation,344,0.0,within_support,0.2285422847013841,1.5,2.5703775203941173
train_1m:345,train_1m,train_observation,345,0.0,within_support,0.1726337753394314,1.5,2.4627418049256784
train_1m:346,train_1m,train_observation,346,0.0,within_support,0.0340119703599931,1.5,2.231746954425975
train_1m:347,train_1m,train_observation,347,0.0,within_support,0.1678936533055157,1.5,2.454024401525534
train_1m:348,train_1m,train_observation,348,0.0,within_support,0.1822790046383872,1.5,2.480672563352151
train_1m:349,train_1m,train_observation,349,0.0,within_support,0.0211284139232578,1.5,2.212618375180575
train_1m:350,train_1m,train_observation,350,0.0,within_support,0.0673118084661254,1.5,2.2829352131622374
train_1m:351,train_1m,train_observation,351,0.0,within_support,0.1091619939846033,1.5,2.351001132193588
train_1m:352,train_1m,train_observation,352,0.0,within_support,0.2561175202232255,1.5,2.626883423097752
train_1m:353,train_1m,train_observation,353,0.0,within_support,0.0772738904704091,1.5,2.2987523747032923
train_1m:354,train_1m,train_observation,354,0.0,within_support,0.0981903002795498,1.5,2.3327412755871837
train_1m:355,train_1m,train_observation,355,0.0,within_support,0.1174085668908642,1.5,2.3649248383238013
train_1m:356,train_1m,train_observation,356,0.0,within_support,0.0639556733079209,1.5,2.2776595595026223
train_1m:357,train_1m,train_observation,357,0.0,within_support,0.0831761910062742,1.5,2.3082357840073193
train_1m:358,train_1m,train_observation,358,0.0,within_support,0.1299390518207946,1.5,2.386414044336429
train_1m:359,train_1m,train_observation,359,0.0,within_support,0.1124825979053212,1.5,2.356587012318448
train_1m:360,train_1m,train_observation,360,0.0,within_support,0.1367199466982798,1.5,2.398212498268024
train_1m:361,train_1m,train_observation,361,0.0,within_support,0.2058269652238794,1.5,2.525554326160955
train_1m:362,train_1m,train_observation,362,0.0,within_support,0.2071040618390321,1.5,2.5280340532634584
train_1m:363,train_1m,train_observation,363,0.0,within_support,0.0974349753148315,1.5,2.331495232918636
train_1m:364,train_1m,train_observation,364,0.0,within_support,0.1959049006995285,1.5,2.506449709699674
train_1m:365,train_1m,train_observation,365,0.0,within_support,0.0601455631531011,1.5,2.271702385258319
train_1m:366,train_1m,train_observation,366,0.0,within_support,0.1480120337757867,1.5,2.4181285100588568
train_1m:367,train_1m,train_observation,367,0.0,within_support,0.0353755225992973,1.5,2.233793175858591
train_1m:368,train_1m,train_observation,368,0.0,within_support,0.0570494795531886,1.5,2.2668866150236573
train_1m:369,train_1m,train_observation,369,0.0,within_support,0.1895790232741561,1.5,2.4944170294487087
train_1m:370,train_1m,train_observation,370,0.0,within_support,0.1401493404353484,1.5,2.404225339694582
train_1m:371,train_1m,train_observation,371,0.0,within_support,0.0927310642948626,1.5,2.3237669882363576
train_1m:372,train_1m,train_observation,372,0.0,within_support,0.1565193107660918,1.5,2.433357305410188
train_1m:373,train_1m,train_observation,373,0.0,within_support,0.2210441429821695,1.5,2.5554125648572246
train_1m:374,train_1m,train_observation,374,0.0,within_support,0.1439684372177263,1.5,2.410957960642957
train_1m:375,train_1m,train_observation,375,0.0,within_support,0.1363764169126964,1.5,2.3976118815665073
train_1m:376,train_1m,train_observation,376,0.0,within_support,0.142136323875459,1.5,2.4077233457485687
train_1m:377,train_1m,train_observation,377,0.0,within_support,0.1576185277898336,1.5,2.435339218294386
train_1m:378,train_1m,train_observation,378,0.0,within_support,0.2632698852098095,1.5,2.641925468080143
train_1m:379,train_1m,train_observation,379,0.0,within_support,0.0379776286450699,1.5,2.237709672312744
train_1m:380,train_1m,train_observation,380,0.0,within_support,0.1893809791959261,1.5,2.4940421627516445
train_1m:381,train_1m,train_observation,381,0.0,within_support,0.0679535437454478,1.5,2.2839470127489867
train_1m:382,train_1m,train_observation,382,0.0,within_support,0.2430700892174086,1.5,2.599855817243674
train_1m:383,train_1m,train_observation,383,0.0,within_support,0.210463082063026,1.5,2.5345789564459866
train_1m:384,train_1m,train_observation,384,0.0,within_support,0.0551679402611834,1.5,2.263970901779818
train_1m:385,train_1m,train_observation,385,0.0,within_support,0.0808679224768899,1.5,2.30451701711331
train_1m:386,train_1m,train_observation,386,0.0,within_support,0.2184314395031052,1.5,2.5502374906049656
train_1m:387,train_1m,train_observation,387,0.0,within_support,0.2838412971371359,1.5,2.6860994627827743
train_1m:388,train_1m,train_observation,388,0.0,within_support,0.1699203971186065,1.5,2.457744135876399
train_1m:389,train_1m,train_observation,389,0.0,within_support,0.2300144027517388,1.5,2.5733354240486594
train_1m:390,train_1m,train_observation,390,0.0,within_support,0.1013840206332174,1.5,2.3380255168711557
train_1m:391,train_1m,train_observation,391,0.0,within_support,0.1892023176848078,1.5,2.4937040797773387
train_1m:392,train_1m,train_observation,392,0.0,within_support,0.1336107977946745,1.5,2.392787818610149
train_1m:393,train_1m,train_observation,393,0.0,within_support,0.049568139780907,1.5,2.2553417446927364
train_1m:394,train_1m,train_observation,394,0.0,within_support,0.2072239749297356,1.5,2.528267131487958
train_1m:395,train_1m,train_observation,395,0.0,within_support,0.1063132888838981,1.5,2.3462311974565013
train_1m:396,train_1m,train_observation,396,0.0,within_support,0.1780086452114919,1.5,2.472701831574289
train_1m:397,train_1m,train_observation,397,0.0,within_support,0.1191695148955065,1.5,2.3679204457205616
train_1m:398,train_1m,train_observation,398,0.0,within_support,0.1225651815797004,1.5,2.3737193157551815
train_1m:399,train_1m,train_observation,399,0.0,within_support,0.180687336217837,1.5,2.4776957045842183
train_1m:400,train_1m,train_observation,400,0.0,within_support,0.0640056471261202,1.5,2.2777379208730926
train_1m:401,train_1m,train_observation,401,0.0,within_support,0.0489386382457039,1.5,2.254376222321304
train_1m:402,train_1m,train_observation,402,0.0,within_support,0.135987874642547,1.5,2.3969329393251333
train_1m:403,train_1m,train_observation,403,0.0,within_support,0.0720052401304325,1.5,2.2903577042292356
train_1m:404,train_1m,train_observation,404,0.0,within_support,0.072765600159331,1.5,2.2915651121026066
train_1m:405,train_1m,train_observation,405,0.0,within_support,0.1281237627517989,1.5,2.383275832995185
train_1m:406,train_1m,train_observation,406,0.0,within_support,0.1304908730687581,1.5,2.3873697093996684
train_1m:407,train_1m,train_observation,407,0.0,within_support,0.0806688115066254,1.5,2.3041968395515084
train_1m:408,train_1m,train_observation,408,0.0,within_support,0.2080510325562333,1.5,2.5298758473736678
train_1m:409,train_1m,train_observation,409,0.0,within_support,0.0737830871308283,1.5,2.2931829786024434
train_1m:410,train_1m,train_observation,410,0.0,within_support,0.1548395528960827,1.5,2.4303349697502123
train_1m:411,train_1m,train_observation,411,0.0,within_support,0.1284787978912212,1.5,2.3838889339184557
train_1m:412,train_1m,train_observation,412,0.0,within_support,0.2078729898671878,1.5,2.529529366635655
train_1m:413,train_1m,train_observation,413,0.0,within_support,0.1548382017382481,1.5,2.4303325417182053
train_1m:414,train_1m,train_observation,414,0.0,within_support,0.0725943620602618,1.5,2.2912930757207537
train_1m:415,train_1m,train_observation,415,0.0,within_support,0.0793091837889983,1.5,2.3020130636257545
train_1m:416,train_1m,train_observation,416,0.0,within_support,0.1310848079039635,1.5,2.3883991926551356
train_1m:417,train_1m,train_observation,417,0.0,within_support,0.0530815434402731,1.5,2.2607473398118088
train_1m:418,train_1m,train_observation,418,0.0,within_support,0.2367228888940371,1.5,2.5868976898181204
train_1m:419,train_1m,train_observation,419,0.0,within_support,0.0511477512101595,1.5,2.257768552896615
train_1m:420,train_1m,train_observation,420,0.0,within_support,0.0726303462843837,1.5,2.2913502360443605
train_1m:421,train_1m,train_observation,421,0.0,within_support,0.1571974782806002,1.5,2.4345796704561193
train_1m:422,train_1m,train_observation,422,0.0,within_support,0.0621906669244767,1.5,2.2748957079036236
train_1m:423,train_1m,train_observation,423,0.0,within_support,0.2129296661517887,1.5,2.5394060291789127
train_1m:424,train_1m,train_observation,424,0.0,within_support,0.0423733475862182,1.5,2.244360604361229
train_1m:425,train_1m,train_observation,425,0.0,within_support,0.0631558345107293,1.5,2.276406172517346
train_1m:426,train_1m,train_observation,426,0.0,within_support,0.0965901921703291,1.5,2.3301032845304928
train_1m:427,train_1m,train_observation,427,0.0,within_support,0.1184473915817298,1.5,2.366691060494426
train_1m:428,train_1m,train_observation,428,0.0,within_support,0.0626441471034817,1.5,2.275605121388633
train_1m:429,train_1m,train_observation,429,0.0,within_support,0.2605649730650898,1.5,2.6362178195539747
train_1m:430,train_1m,train_observation,430,0.0,within_support,0.1034354035337766,1.5,2.341433054656857
train_1m:431,train_1m,train_observation,431,0.0,within_support,0.0663351867012666,1.5,2.2813972785520322
train_1m:432,train_1m,train_observation,432,0.0,within_support,0.1415264634350057,1.5,2.4066486013648403
train_1m:433,train_1m,train_observation,433,0.0,within_support,0.1344593342223423,1.5,2.394265791178884
train_1m:434,train_1m,train_observation,434,0.0,within_support,0.0325886188021342,1.5,2.229615454688801
train_1m:435,train_1m,train_observation,435,0.0,within_support,0.2916245275269446,1.5,2.7031714232082455
train_1m:436,train_1m,train_observation,436,0.0,within_support,0.2384263310672535,1.5,2.590363249202796
train_1m:437,train_1m,train_observation,437,0.0,within_support,0.1238932758165489,1.5,2.3759953848593907
train_1m:438,train_1m,train_observation,438,0.0,within_support,0.0383284833694189,1.5,2.2382389232612083
train_1m:439,train_1m,train_observation,439,0.0,within_support,0.0795325453889973,1.5,2.302371511820475
train_1m:440,train_1m,train_observation,440,0.0,within_support,0.0633130441933413,1.5,2.2766524091495652
train_1m:441,train_1m,train_observation,441,0.0,within_support,0.1445271850829975,1.5,2.4119462059277335
train_1m:442,train_1m,train_observation,442,0.0,within_support,0.0500450953281364,1.5,2.256073901055381
train_1m:443,train_1m,train_observation,443,0.0,within_support,0.095993798083422,1.5,2.329121668176561
train_1m:444,train_1m,train_observation,444,0.0,within_support,0.2332019775572416,1.5,2.5797625950702683
train_1m:445,train_1m,train_observation,445,0.0,within_support,0.0489903552820363,1.5,2.254455510960519
train_1m:446,train_1m,train_observation,446,0.0,within_support,0.112874521376084,1.5,2.3572481388899895
train_1m:447,train_1m,train_observation,447,0.0,within_support,0.136742357276787,1.5,2.3982516909752647
train_1m:448,train_1m,train_observation,448,0.0,within_support,0.0692630747411818,1.5,2.2860147244528286
train_1m:449,train_1m,train_observation,449,0.0,within_support,0.1366350905622048,1.5,2.3980641096775868
train_1m:450,train_1m,train_observation,450,0.0,within_support,0.2214837968846759,1.5,2.5562853982251723
train_1m:451,train_1m,train_observation,451,0.0,within_support,0.1062331280139416,1.5,2.346097268944802
train_1m:452,train_1m,train_observation,452,0.0,within_support,0.1446069643965901,1.5,2.4120873774632487
train_1m:453,train_1m,train_observation,453,0.0,within_support,0.1878302829085175,1.5,2.4911107819385965
train_1m:454,train_1m,train_observation,454,0.0,within_support,0.0779829219011335,1.5,2.2998871652499893
train_1m:455,train_1m,train_observation,455,0.0,within_support,0.1026023305536544,1.5,2.340047978402148
train_1m:456,train_1m,train_observation,456,0.0,within_support,0.1721626164981999,1.5,2.461872535208255
train_1m:457,train_1m,train_observation,457,0.0,within_support,0.1613128909914989,1.5,2.4420242362875353
train_1m:458,train_1m,train_observation,458,0.0,within_support,0.1723146356761004,1.5,2.4621529375436966
train_1m:459,train_1m,train_observation,459,0.0,within_support,0.1307410866774279,1.5,2.387803299588618
train_1m:460,train_1m,train_observation,460,0.0,within_support,0.1837640922430466,1.5,2.4834565032462743
train_1m:461,train_1m,train_observation,461,0.0,within_support,0.1366668358258458,1.5,2.398119620657749
train_1m:462,train_1m,train_observation,462,0.0,within_support,0.0881180032804127,1.5,2.3162407805597836
train_1m:463,train_1m,train_observation,463,0.0,within_support,0.1669326776052028,1.5,2.452264646625337
train_1m:464,train_1m,train_observation,464,0.0,within_support,0.1568807073597942,1.5,2.43400855101108
train_1m:465,train_1m,train_observation,465,0.0,within_support,0.2916440708139085,1.5,2.703214541364101
train_1m:466,train_1m,train_observation,466,0.0,within_support,0.0508565130954353,1.5,2.257320681888822
train_1m:467,train_1m,train_observation,467,0.0,within_support,0.1069133439180766,1.5,2.3472342490667373
train_1m:468,train_1m,train_observation,468,0.0,within_support,0.2135087387469277,1.5,2.5405418575936842
train_1m:469,train_1m,train_observation,469,0.0,within_support,0.0882421416589965,1.5,2.3164426311697888
train_1m:470,train_1m,train_observation,470,0.0,within_support,0.1099237148600049,1.5,2.352280031894877
train_1m:471,train_1m,train_observation,471,0.0,within_support,0.1092954425731524,1.5,2.351225081616942
train_1m:472,train_1m,train_observation,472,0.0,within_support,0.1486580579643861,1.5,2.4192781457883
train_1m:473,train_1m,train_observation,473,0.0,within_support,0.1607689964313058,1.5,2.4410377220993524
train_1m:474,train_1m,train_observation,474,0.0,within_support,0.182469618742154,1.5,2.4810295410524246
train_1m:475,train_1m,train_observation,475,0.0,within_support,0.0713763193871923,1.5,2.2893600544315555
train_1m:476,train_1m,train_observation,476,0.0,within_support,0.1426613903352575,1.5,2.40864944741139
train_1m:477,train_1m,train_observation,477,0.0,within_support,0.0437294166942146,1.5,2.246421268354995
train_1m:478,train_1m,train_observation,478,0.0,within_support,0.0615381877151343,1.5,2.2738758314082173
train_1m:479,train_1m,train_observation,479,0.0,within_support,0.0585278568521771,1.5,2.2691833513654047
train_1m:480,train_1m,train_observation,480,0.0,within_support,0.2726573360505153,1.5,2.6619145919171543
train_1m:481,train_1m,train_observation,481,0.0,within_support,0.2085346938923475,1.5,2.5308175458356716
train_1m:482,train_1m,train_observation,482,0.0,within_support,0.1685355080894255,1.5,2.455201190563349
train_1m:483,train_1m,train_observation,483,0.0,within_support,0.0971051977913835,1.5,2.3309516489149225
train_1m:484,train_1m,train_observation,484,0.0,within_support,0.1664967700072088,1.5,2.4514672411888316
train_1m:485,train_1m,train_observation,485,0.0,within_support,0.0702831069678555,1.5,2.2876281422993707
train_1m:486,train_1m,train_observation,486,0.0,within_support,0.0964070030423965,1.5,2.329801676620005
train_1m:487,train_1m,train_observation,487,0.0,within_support,0.2754161223561343,1.5,2.667842714139034
train_1m:488,train_1m,train_observation,488,0.0,within_support,0.2534966535336972,1.5,2.6214117896324827
train_1m:489,train_1m,train_observation,489,0.0,within_support,0.0975536466005396,1.5,2.3316909088135587
train_1m:490,train_1m,train_observation,490,0.0,within_support,0.1660127876923227,1.5,2.450582503312412
train_1m:491,train_1m,train_observation,491,0.0,within_support,0.1819665937438848,1.5,2.480087708115221
train_1m:492,train_1m,train_observation,492,0.0,within_support,0.1000053766989349,1.5,2.3357413452138163
train_1m:493,train_1m,train_observation,493,0.0,within_support,0.1306992728330786,1.5,2.387730829883178
train_1m:494,train_1m,train_observation,494,0.0,within_support,0.1251906861660655,1.5,2.378223250973141
train_1m:495,train_1m,train_observation,495,0.0,within_support,0.0466705781139661,1.5,2.2509050473237093
train_1m:496,train_1m,train_observation,496,0.0,within_support,0.0916942555167152,1.5,2.3220708950794164
train_1m:497,train_1m,train_observation,497,0.0,within_support,0.0525255847034036,1.5,2.25989006347627
train_1m:498,train_1m,train_observation,498,0.0,within_support,0.1445782394874691,1.5,2.4120365460556954
train_1m:499,train_1m,train_observation,499,0.0,within_support,0.0968996217420668,1.5,2.330612926643499
train_1m:500,train_1m,train_observation,500,0.0,within_support,0.1335860271116198,1.5,2.3927447015262278
train_1m:501,train_1m,train_observation,501,0.0,within_support,0.1433648854108648,1.5,2.4098914017400452
train_1m:502,train_1m,train_observation,502,0.0,within_support,0.1124472077390623,1.5,2.3565273326019147
train_1m:503,train_1m,train_observation,503,0.0,within_support,0.1209957493105969,1.5,2.371035483469316
train_1m:504,train_1m,train_observation,504,0.0,within_support,0.0724911369913143,1.5,2.291129121585684
train_1m:505,train_1m,train_observation,505,0.0,within_support,0.1004326060101821,1.5,2.336448684369169
train_1m:506,train_1m,train_observation,506,0.0,within_support,0.1091369154792624,1.5,2.350959051200843
train_1m:507,train_1m,train_observation,507,0.0,within_support,0.0519910581878325,1.5,2.25906650899479
train_1m:508,train_1m,train_observation,508,0.0,within_support,0.1251108754152527,1.5,2.378086077651372
train_1m:509,train_1m,train_observation,509,0.0,within_support,0.2250987747093037,1.5,2.5634839850660662
train_1m:510,train_1m,train_observation,510,0.0,within_support,0.2302423184267755,1.5,2.5737939556072824
train_1m:511,train_1m,train_observation,511,0.0,within_support,0.1099848599763553,1.5,2.35238275553601
train_1m:512,train_1m,train_observation,512,0.0,within_support,0.2589230508666444,1.5,2.632764469610919
test_1m:1,test_1m,held_out_observation,1,0.0962067301498045,within_support,0.1663000787217435,1.5,2.451107604645209
test_1m:2,test_1m,held_out_observation,2,0.1447000444235756,within_support,0.0445035657564104,1.5,2.2475995354734315
test_1m:3,test_1m,held_out_observation,3,0.109077953776187,within_support,0.0693900245877041,1.5,2.286215390643527
test_1m:4,test_1m,held_out_observation,4,0.2464671023461137,within_support,0.1330044107626895,1.5,2.3917327714470726
test_1m:5,test_1m,held_out_observation,5,0.1366417837007301,within_support,0.1194710701827355,1.5,2.368434225474885
test_1m:6,test_1m,held_out_observation,6,0.1874951275853502,within_support,0.0463007780032796,1.5,2.2503402019563015
test_1m:7,test_1m,held_out_observation,7,0.0119230170894238,within_support,0.2694304960797549,1.5,2.655011764965048
test_1m:8,test_1m,held_out_observation,8,0.1395492744517147,within_support,0.1944182019399757,1.5,2.503611534080966
test_1m:9,test_1m,held_out_observation,9,0.1500050690510789,within_support,0.1310937272797501,1.5,2.3884146598408007
test_1m:10,test_1m,held_out_observation,10,0.0388594235100866,within_support,0.2020899088234411,1.5,2.518325345295182
test_1m:11,test_1m,held_out_observation,11,0.095894921701727,within_support,0.1519795786130907,1.5,2.425206595966025
test_1m:12,test_1m,held_out_observation,12,0.0541103038990829,within_support,0.1222357223902338,1.5,2.3731553948300563
test_1m:13,test_1m,held_out_observation,13,0.2441407718227662,within_support,0.1494657958200776,1.5,2.420717128051267
test_1m:14,test_1m,held_out_observation,14,0.1053365905542016,within_support,0.1998028619933337,1.5,2.513921217134221
test_1m:15,test_1m,held_out_observation,15,0.1715632651179206,within_support,0.1118716266998599,1.5,2.355557154126408
test_1m:16,test_1m,held_out_observation,16,0.1357481356229022,within_support,0.1615575431879804,1.5,2.4424682481531823
test_1m:17,test_1m,held_out_observation,17,0.2263054419122246,within_support,0.097776298968219,1.5,2.3320581320692124
test_1m:18,test_1m,held_out_observation,18,0.2780183598129632,low_confidence_extrapolation,0.062782622613283,1.5,2.2758218453386663
test_1m:19,test_1m,held_out_observation,19,0.1499975178661721,within_support,0.1993385382915164,1.5,2.5130289202811364
test_1m:20,test_1m,held_out_observation,20,0.1727494147783204,within_support,0.1618639428664457,1.5,2.4430245535238617
test_1m:21,test_1m,held_out_observation,21,0.1709856202508937,within_support,0.109393124987472,1.5,2.35138903773713
test_1m:22,test_1m,held_out_observation,22,0.2225695472432751,within_support,0.1567276576366627,1.5,2.433732708527306
test_1m:23,test_1m,held_out_observation,23,0.2736927594133886,low_confidence_extrapolation,0.0887142254650218,1.5,2.317210588890678
test_1m:24,test_1m,held_out_observation,24,0.2009527307602461,within_support,0.1613802454274623,1.5,2.442146459560363
test_1m:25,test_1m,held_out_observation,25,0.1914471206364827,within_support,0.0686189445988082,1.5,2.2849971539521734
test_1m:26,test_1m,held_out_observation,26,0.0808060684662813,within_support,0.2473590256228923,1.5,2.608682005128189
test_1m:27,test_1m,held_out_observation,27,0.2290196498119757,within_support,0.1473660378494784,1.5,2.4169800380498048
test_1m:28,test_1m,held_out_observation,28,0.1928012122435378,within_support,0.0367956959992946,1.5,2.2359288202832257
test_1m:29,test_1m,held_out_observation,29,0.0937151900162594,within_support,0.1598497604956291,1.5,2.4393722434691267
test_1m:30,test_1m,held_out_observation,30,0.2054114193646907,within_support,0.1441249712211113,1.5,2.411234735442792
test_1m:31,test_1m,held_out_observation,31,0.2287443988385289,within_support,0.1853702389983119,1.5,2.486474368888385
test_1m:32,test_1m,held_out_observation,32,0.1916298515367582,within_support,0.0481476201874295,1.5,2.253164259598763
test_1m:33,test_1m,held_out_observation,33,0.2332777803673195,within_support,0.0384569505361568,1.5,2.238432780750222
test_1m:34,test_1m,held_out_observation,34,0.205655050995593,within_support,0.1720319613037646,1.5,2.4616315902438277
test_1m:35,test_1m,held_out_observation,35,0.2620859861366003,low_confidence_extrapolation,0.0290787396881388,1.5,2.2243787410692715
test_1m:36,test_1m,held_out_observation,36,0.1736087555395752,within_support,0.0502481279320462,1.5,2.256385727684467
test_1m:37,test_1m,held_out_observation,37,0.1882073324820263,within_support,0.1298772062426836,1.5,2.3863069870952254
test_1m:38,test_1m,held_out_observation,38,0.1915512531771288,within_support,0.1783097281968045,1.5,2.4732621389809184
test_1m:39,test_1m,held_out_observation,39,0.1770550013145845,within_support,0.1319412232044514,1.5,2.389885256032799
test_1m:40,test_1m,held_out_observation,40,0.2195674537987935,within_support,0.0400414065834946,1.5,2.2408268056867318
test_1m:41,test_1m,held_out_observation,41,0.208794356782142,within_support,0.0371430868200744,1.5,2.2364519164846923
test_1m:42,test_1m,held_out_observation,42,0.1066374889853317,within_support,0.1920904515586856,1.5,2.4991804460583644
test_1m:43,test_1m,held_out_observation,43,0.1843940344336266,within_support,0.198738959588809,1.5,2.5118776211499396
test_1m:44,test_1m,held_out_observation,44,0.1976158795528489,within_support,0.0891562410526895,1.5,2.3179301265568113
test_1m:45,test_1m,held_out_observation,45,0.2429897117163605,within_support,0.0457636152962642,1.5,2.2495202791290434
test_1m:46,test_1m,held_out_observation,46,0.1074345185654172,within_support,0.0999528252798867,1.5,2.335654370136327
test_1m:47,test_1m,held_out_observation,47,0.2187443345889113,within_support,0.0761147577211229,1.5,2.296899803401042
test_1m:48,test_1m,held_out_observation,48,0.2072483557378226,within_support,0.1050741823934287,1.5,2.3441627627214725
test_1m:49,test_1m,held_out_observation,49,0.0870057469366247,within_support,0.1763320106470655,1.5,2.469586283250217
test_1m:50,test_1m,held_out_observation,50,0.2424324404920217,within_support,0.0687044968342241,1.5,2.2851322492678294
test_1m:51,test_1m,held_out_observation,51,0.2673200329193456,low_confidence_extrapolation,0.0958839843404403,1.5,2.3289410193643536
test_1m:52,test_1m,held_out_observation,52,0.0744864372694551,within_support,0.2096079695549398,1.5,2.532909677129159
test_1m:53,test_1m,held_out_observation,53,0.2051189385226211,within_support,0.0472679003183951,1.5,2.2518180797767817
test_1m:54,test_1m,held_out_observation,54,0.1284716838370641,within_support,0.1837637550370845,1.5,2.483455870417016
test_1m:55,test_1m,held_out_observation,55,0.1805125973985279,within_support,0.1612727007518068,1.5,2.441951311819147
test_1m:56,test_1m,held_out_observation,56,0.19936270416727,within_support,0.0580266241536626,1.5,2.2684040894532975
test_1m:57,test_1m,held_out_observation,57,0.0919331060733214,within_support,0.2552687615392328,1.5,2.6251090977414644
test_1m:58,test_1m,held_out_observation,58,0.1728872464931985,within_support,0.0266297775308046,1.5,2.220741202865355
test_1m:59,test_1m,held_out_observation,59,0.2733557609063129,low_confidence_extrapolation,0.040912372592717,1.5,2.2421452123538184
test_1m:60,test_1m,held_out_observation,60,0.1696866474507875,within_support,0.1576066856341269,1.5,2.4353178492050924
test_1m:61,test_1m,held_out_observation,61,0.1867190402717408,within_support,0.2010119095878119,1.5,2.516247577596347
test_1m:62,test_1m,held_out_observation,62,0.2064362438957921,within_support,0.1416448518066685,1.5,2.406857157836649
test_1m:63,test_1m,held_out_observation,63,0.1174374086240996,within_support,0.2154465672218924,1.5,2.5443500159238868
test_1m:64,test_1m,held_out_observation,64,0.1607669120186116,within_support,0.029179733717453,1.5,2.224529038486862
test_1m:65,test_1m,held_out_observation,65,0.1297511442551147,within_support,0.166934164044355,1.5,2.452267366659444
test_1m:66,test_1m,held_out_observation,66,0.2076002194275371,within_support,0.2145977193175545,1.5,2.542680524762182
test_1m:67,test_1m,held_out_observation,67,0.1317456182457161,within_support,0.2558999825936535,1.5,2.6264284465673216
test_1m:68,test_1m,held_out_observation,68,0.1987842857886433,within_support,0.0462936922725123,1.5,2.2503293820271777
test_1m:69,test_1m,held_out_observation,69,0.2259557478799776,within_support,0.0495978039609376,1.5,2.255387265775485
test_1m:70,test_1m,held_out_observation,70,0.1984771621890975,within_support,0.1665027015289624,1.5,2.4514780882183214
test_1m:71,test_1m,held_out_observation,71,0.2237003938880806,within_support,0.1066116836840889,1.5,2.3467298811628785
test_1m:72,test_1m,held_out_observation,72,0.1842843970153046,within_support,0.0967404663015905,1.5,2.330350762118251
test_1m:73,test_1m,held_out_observation,73,0.2704567323490657,low_confidence_extrapolation,0.1858511243282206,1.5,2.48737934246486
test_1m:74,test_1m,held_out_observation,74,0.2784150721312106,low_confidence_extrapolation,0.1893271645031844,1.5,2.4939403191319345
test_1m:75,test_1m,held_out_observation,75,0.2085592251708308,within_support,0.0857237614080536,1.5,2.3123550564394946
test_1m:76,test_1m,held_out_observation,76,0.2331784357515534,within_support,0.0873816487969462,1.5,2.3150442310476187
test_1m:77,test_1m,held_out_observation,77,0.0736870111380271,within_support,0.1732183374748792,1.5,2.4638211535976855
test_1m:78,test_1m,held_out_observation,78,0.1935027670251045,within_support,0.0868154721276386,1.5,2.3141251126967086
test_1m:79,test_1m,held_out_observation,79,0.0847310776852027,within_support,0.2458419429871786,1.5,2.605553513521082
test_1m:80,test_1m,held_out_observation,80,0.2491834487398001,within_support,0.1575103342967668,1.5,2.43514399798086
test_1m:81,test_1m,held_out_observation,81,0.1329484826035272,within_support,0.053282370088219,1.5,2.2610571859625455
test_1m:82,test_1m,held_out_observation,82,0.188605134367434,within_support,0.1216677439490917,1.5,2.3721838650211096
test_1m:83,test_1m,held_out_observation,83,0.1454434593381826,within_support,0.1580597339614251,1.5,2.4361356424076384
test_1m:84,test_1m,held_out_observation,84,0.1706882648381549,within_support,0.0775403952040577,1.5,2.299178768611488
test_1m:85,test_1m,held_out_observation,85,0.2605971663906866,low_confidence_extrapolation,0.188377617735064,1.5,2.492144665607225
test_1m:86,test_1m,held_out_observation,86,0.0406362024628316,within_support,0.1405335077601866,1.5,2.4049008383783965
test_1m:87,test_1m,held_out_observation,87,0.0392537014030159,within_support,0.3022214662341104,1.5,2.726737801336663
test_1m:88,test_1m,held_out_observation,88,0.1768970147149926,within_support,0.1209592997152161,1.5,2.370973227308204
test_1m:89,test_1m,held_out_observation,89,0.1671944975171132,within_support,0.1196317786185599,1.5,2.36870813004573
test_1m:90,test_1m,held_out_observation,90,0.1914188372583624,within_support,0.1078576489264725,1.5,2.348814578179921
test_1m:91,test_1m,held_out_observation,91,0.1789144225116434,within_support,0.1120480314550739,1.5,2.355854406555151
test_1m:92,test_1m,held_out_observation,92,0.2302708850383105,within_support,0.0967131625038039,1.5,2.3303057929598125
test_1m:93,test_1m,held_out_observation,93,0.2238341381590232,within_support,0.1082628547192446,1.5,2.3494933916118965
test_1m:94,test_1m,held_out_observation,94,0.1764304776545021,within_support,0.1856956908411414,1.5,2.4870867622472126
test_1m:95,test_1m,held_out_observation,95,0.163645959314613,within_support,0.0985372272480582,1.5,2.3333140665331165
test_1m:96,test_1m,held_out_observation,96,0.0806721761203948,within_support,0.1627370398101076,1.5,2.4446111687923655
test_1m:97,test_1m,held_out_observation,97,0.2413564537977332,within_support,0.1967858878585838,1.5,2.508134543282656
test_1m:98,test_1m,held_out_observation,98,0.2368332746891787,within_support,0.1198962908557737,1.5,2.3691590971664835
test_1m:99,test_1m,held_out_observation,99,0.1795505596497477,within_support,0.1327138902112769,1.5,2.3912276373605454
test_1m:100,test_1m,held_out_observation,100,0.2328113029826734,within_support,0.1359211865057061,1.5,2.396816447659079
test_1m:101,test_1m,held_out_observation,101,0.2084788307307412,within_support,0.226799961042101,1.5,2.566885126302725
test_1m:102,test_1m,held_out_observation,102,0.1504676222826697,within_support,0.1274857578575983,1.5,2.3821748992118703
test_1m:103,test_1m,held_out_observation,103,0.2269278192280927,within_support,0.1248671125904228,1.5,2.3776672162506793
test_1m:104,test_1m,held_out_observation,104,0.1596570156897443,within_support,0.0770188508222594,1.5,2.298344483925291
test_1m:105,test_1m,held_out_observation,105,0.1573658158559221,within_support,0.1475516404841861,1.5,2.417309894360454
test_1m:106,test_1m,held_out_observation,106,0.1371073303128936,within_support,0.1770127722228464,1.5,2.4708503401962956
test_1m:107,test_1m,held_out_observation,107,0.1504050880603409,within_support,0.0800174452555563,1.5,2.3031500871768333
test_1m:108,test_1m,held_out_observation,108,0.2296654537751561,within_support,0.1369861796395458,1.5,2.3986781845093663
test_1m:109,test_1m,held_out_observation,109,0.0569912273951,within_support,0.1311797644811771,1.5,2.3885638685049035
test_1m:110,test_1m,held_out_observation,110,0.1378332325674763,within_support,0.1182647335313721,1.5,2.3663803036411712
test_1m:111,test_1m,held_out_observation,111,0.0676546356304936,within_support,0.1375682872517727,1.5,2.399697036805418
test_1m:112,test_1m,held_out_observation,112,0.2251268934983874,within_support,0.1127351095460414,1.5,2.3570129237832598
test_1m:113,test_1m,held_out_observation,113,0.2092819110710254,within_support,0.1060884920747955,1.5,2.3458556596596623
test_1m:114,test_1m,held_out_observation,114,0.1536684743205319,within_support,0.0952809244569928,1.5,2.327949487508694
test_1m:115,test_1m,held_out_observation,115,0.1693478837741169,within_support,0.149641216039217,1.5,2.4210298690816288
test_1m:116,test_1m,held_out_observation,116,0.2028130006693581,within_support,0.1173307394533752,1.5,2.364792625969348
test_1m:117,test_1m,held_out_observation,117,0.0769025357189214,within_support,0.1727545958391008,1.5,2.462964813029234
test_1m:118,test_1m,held_out_observation,118,0.1608726726484912,within_support,0.2145185622685078,1.5,2.5425249491425985
test_1m:119,test_1m,held_out_observation,119,0.1819730619524698,within_support,0.0403489843608995,1.5,2.241292198426842
test_1m:120,test_1m,held_out_observation,120,0.172772566778513,within_support,0.1639428276216554,1.5,2.4468057780923265
test_1m:121,test_1m,held_out_observation,121,0.10321769940602,within_support,0.1609673209533111,1.5,2.4413973492457406
test_1m:122,test_1m,held_out_observation,122,0.12168812596141,within_support,0.0500896565190518,1.5,2.256142332007933
test_1m:123,test_1m,held_out_observation,123,0.136716363456279,within_support,0.167386905780188,1.5,2.453096120789051
test_1m:124,test_1m,held_out_observation,124,0.2696793400985799,low_confidence_extrapolation,0.0970635751026241,1.5,2.3308830598676797
test_1m:125,test_1m,held_out_observation,125,0.1964563565144427,within_support,0.0976771212567387,1.5,2.331894541916357
test_1m:126,test_1m,held_out_observation,126,0.1409839799017792,within_support,0.0853753722062242,1.5,2.311790801893711
test_1m:127,test_1m,held_out_observation,127,0.1792588045886134,within_support,0.0997475340266151,1.5,2.335314669125286
test_1m:128,test_1m,held_out_observation,128,0.2020997746519819,within_support,0.0856309498952789,1.5,2.312204709194403
test_1m:129,test_1m,held_out_observation,129,0.1035590384786586,within_support,0.1463852769453269,1.5,2.415238536222657
test_1m:130,test_1m,held_out_observation,130,0.1749042893932722,within_support,0.0542057338867528,1.5,2.2624830030487337
test_1m:131,test_1m,held_out_observation,131,0.2075943211822997,within_support,0.0825356632239719,1.5,2.307202562078679
test_1m:132,test_1m,held_out_observation,132,0.1858945514633046,within_support,0.1360785585467971,1.5,2.3970913657937274
test_1m:133,test_1m,held_out_observation,133,0.1400122340812996,within_support,0.0609005605508011,1.5,2.272880133716214
test_1m:134,test_1m,held_out_observation,134,0.1081323406811972,within_support,0.1792537100945758,1.5,2.475020505445016
test_1m:135,test_1m,held_out_observation,135,0.1919374898241612,within_support,0.2488624793869418,1.5,2.6117894231737253
test_1m:136,test_1m,held_out_observation,136,0.1585459229089216,within_support,0.2150080095550633,1.5,2.5434872071163146
test_1m:137,test_1m,held_out_observation,137,0.2272195520040056,within_support,0.1574127246068322,1.5,2.4349679018709214
test_1m:138,test_1m,held_out_observation,138,0.1035482736817916,within_support,0.2252088425724016,1.5,2.563703778613812
test_1m:139,test_1m,held_out_observation,139,0.0770454411370329,within_support,0.2193393907530569,1.5,2.552033602855425
test_1m:140,test_1m,held_out_observation,140,0.1932536833783316,within_support,0.0835677311556593,1.5,2.308867858261718
test_1m:141,test_1m,held_out_observation,141,0.2322457589127806,within_support,0.1298578142473717,1.5,2.386273420798395
test_1m:142,test_1m,held_out_observation,142,0.0968642162439077,within_support,0.1419245675722765,1.5,2.4073500605882323
test_1m:143,test_1m,held_out_observation,143,0.1441537325945577,within_support,0.0443807003885584,1.5,2.247412441083946
test_1m:144,test_1m,held_out_observation,144,0.1177500582511499,within_support,0.1314261573904862,1.5,2.3889912780863822
test_1m:145,test_1m,held_out_observation,145,0.0740070296801283,within_support,0.1047386277779436,1.5,2.3436032841602987
test_1m:146,test_1m,held_out_observation,146,0.2306269245006152,within_support,0.1509896671436621,1.5,2.4234366515883994
test_1m:147,test_1m,held_out_observation,147,0.0855711146372641,within_support,0.1424238250294742,1.5,2.408230344151288
test_1m:148,test_1m,held_out_observation,148,0.2206969369493371,within_support,0.1155996843296299,1.5,2.361855915464651
test_1m:149,test_1m,held_out_observation,149,0.1557204871729492,within_support,0.1666145077071057,1.5,2.4516825672810456
test_1m:150,test_1m,held_out_observation,150,0.2480747465687506,within_support,0.1605366875187629,1.5,2.4406166061823455
test_1m:151,test_1m,held_out_observation,151,0.097319549749156,within_support,0.1287299639151529,1.5,2.3843228632139297
test_1m:152,test_1m,held_out_observation,152,0.2231583889376041,within_support,0.037856908212201,1.5,2.2375276345480812
test_1m:153,test_1m,held_out_observation,153,0.1530499161778243,within_support,0.0741755912541864,1.5,2.293807744443532
test_1m:154,test_1m,held_out_observation,154,0.2367403641122485,within_support,0.1314804189405433,1.5,2.389085425018175
test_1m:155,test_1m,held_out_observation,155,0.1759233158524455,within_support,0.0431489395231996,1.5,2.2455386700889735
test_1m:156,test_1m,held_out_observation,156,0.1034214677907831,within_support,0.1481222518268912,1.5,2.418324570358132
test_1m:157,test_1m,held_out_observation,157,0.1411269042443228,within_support,0.0810016113204998,1.5,2.304732047219841
test_1m:158,test_1m,held_out_observation,158,0.1491375204299709,within_support,0.113675900309377,1.5,2.358601176799259
test_1m:159,test_1m,held_out_observation,159,0.1146397461639272,within_support,0.1461512313846382,1.5,2.4148233284524308
test_1m:160,test_1m,held_out_observation,160,0.2190046527749762,within_support,0.0787676114614704,1.5,2.3011444528639897
test_1m:161,test_1m,held_out_observation,161,0.1325603182849016,within_support,0.1582745410286842,1.5,2.43652358285193
test_1m:162,test_1m,held_out_observation,162,0.1855824540565731,within_support,0.1532096046390604,1.5,2.427409525800387
test_1m:163,test_1m,held_out_observation,163,0.1369388691569131,within_support,0.0766900695184233,1.5,2.2978188866097966
test_1m:164,test_1m,held_out_observation,164,0.1621400472454709,within_support,0.0667996996737639,1.5,2.282128489161906
test_1m:165,test_1m,held_out_observation,165,0.2001253497192975,within_support,0.0441894475232758,1.5,2.2471212775946388
test_1m:166,test_1m,held_out_observation,166,0.2148943801758042,within_support,0.1317994936711542,1.5,2.389639193194065
test_1m:167,test_1m,held_out_observation,167,0.2056321096304921,within_support,0.0722310999327972,1.5,2.2907162128055756
test_1m:168,test_1m,held_out_observation,168,0.2159259132202524,within_support,0.117333879475313,1.5,2.364797959903657
test_1m:169,test_1m,held_out_observation,169,0.150705009870276,within_support,0.08532372085703,1.5,2.3117071719615137
test_1m:170,test_1m,held_out_observation,170,0.1743586809248935,within_support,0.1457458297680197,1.5,2.4141044718536206
test_1m:171,test_1m,held_out_observation,171,0.2384552101031817,within_support,0.1456071459899895,1.5,2.4138586586392456
test_1m:172,test_1m,held_out_observation,172,0.2013845433975211,within_support,0.0528113172780034,1.5,2.260330567624835
test_1m:173,test_1m,held_out_observation,173,0.2059665119569211,within_support,0.1233055442954947,1.5,2.374987579581015
test_1m:174,test_1m,held_out_observation,174,0.2060777713914712,within_support,0.1768592029267563,1.5,2.4705650757166886
test_1m:175,test_1m,held_out_observation,175,0.0910364777098284,within_support,0.1677638840328453,1.5,2.4537866176768826
test_1m:176,test_1m,held_out_observation,176,0.2498567117023081,within_support,0.0516332405053105,1.5,2.2585155817901064
test_1m:177,test_1m,held_out_observation,177,0.1759938129365446,within_support,0.159689582308983,1.5,2.439082266288868
test_1m:178,test_1m,held_out_observation,178,0.2290633100258529,within_support,0.1127507255277387,1.5,2.3570392685616937
test_1m:179,test_1m,held_out_observation,179,0.1951919225310209,within_support,0.0953909017330164,1.5,2.3281302417802454
test_1m:180,test_1m,held_out_observation,180,0.1616715759351989,within_support,0.1832160108304145,1.5,2.482428349694711
test_1m:181,test_1m,held_out_observation,181,0.2394869516278496,within_support,0.1019726835096529,1.5,2.3390022681799723
test_1m:182,test_1m,held_out_observation,182,0.179503529934657,within_support,0.1329759206253629,1.5,2.3916832253209375
test_1m:183,test_1m,held_out_observation,183,0.117337121150981,within_support,0.1597003185123915,1.5,2.4391017003025133
test_1m:184,test_1m,held_out_observation,184,0.1215829773316395,within_support,0.1361144924206847,1.5,2.397154148902004
test_1m:185,test_1m,held_out_observation,185,0.0475887748353313,within_support,0.2022944049938174,1.5,2.5187198765435994
test_1m:186,test_1m,held_out_observation,186,0.1180423652762007,within_support,0.2038994310315579,1.5,2.521820634108402
test_1m:187,test_1m,held_out_observation,187,0.137058616817942,within_support,0.1536986245716857,1.5,2.428286471701787
test_1m:188,test_1m,held_out_observation,188,0.2968334629055395,low_confidence_extrapolation,0.0942448207905983,1.5,2.32624805172712
test_1m:189,test_1m,held_out_observation,189,0.1656215278081962,within_support,0.1678125838214418,1.5,2.453875847729872
test_1m:190,test_1m,held_out_observation,190,0.1736768336631426,within_support,0.1138035213609079,1.5,2.3588168007162755
test_1m:191,test_1m,held_out_observation,191,0.1109011512547724,within_support,0.1514813434949058,1.5,2.4243154317954074
test_1m:192,test_1m,held_out_observation,192,0.1992385504865963,within_support,0.0316216719392136,1.5,2.228170024580994
test_1m:193,test_1m,held_out_observation,193,0.1082855182338103,within_support,0.1242386300791099,1.5,2.376587991320638
test_1m:194,test_1m,held_out_observation,194,0.1532383763944267,within_support,0.1780975776038295,1.5,2.472867306052342
test_1m:195,test_1m,held_out_observation,195,0.2195278017861481,within_support,0.1246564443122084,1.5,2.3773053450727035
test_1m:196,test_1m,held_out_observation,196,0.2377014934744837,within_support,0.0840052517802558,1.5,2.3095745994024526
test_1m:197,test_1m,held_out_observation,197,0.170600764175347,within_support,0.1836527412442963,1.5,2.483247549932296
test_1m:198,test_1m,held_out_observation,198,0.1156723558579384,within_support,0.1815212282570422,1.5,2.4792544262084406
test_1m:199,test_1m,held_out_observation,199,0.1537380008404947,within_support,0.024997392372681,1.5,2.2183239693296293
test_1m:200,test_1m,held_out_observation,200,0.223006638937183,within_support,0.0974550156229296,1.5,2.331528274737682
test_1m:201,test_1m,held_out_observation,201,0.1646120996815841,within_support,0.141247145992459,1.5,2.4061566942066444
test_1m:202,test_1m,held_out_observation,202,0.1616972479666862,within_support,0.1890017765173757,1.5,2.4933247016203044
test_1m:203,test_1m,held_out_observation,203,0.2408814940748465,within_support,0.0660401103916388,1.5,2.2809330503063467
test_1m:204,test_1m,held_out_observation,204,0.1780960042234876,within_support,0.0417709705347943,1.5,2.2434465841239692
test_1m:205,test_1m,held_out_observation,205,0.1634318008133075,within_support,0.1063566284258091,1.5,2.3463036135618385
test_1m:206,test_1m,held_out_observation,206,0.2331589145277703,within_support,0.0906367319644091,1.5,2.3203436302941753
test_1m:207,test_1m,held_out_observation,207,0.1293676930303698,within_support,0.0900787042106994,1.5,2.3194333012102657
test_1m:208,test_1m,held_out_observation,208,0.0778331548891601,within_support,0.2092016191589349,1.5,2.5321171839505636
test_1m:209,test_1m,held_out_observation,209,0.1612513565834408,within_support,0.1556555002083469,1.5,2.4318021270477224
test_1m:210,test_1m,held_out_observation,210,0.217746635030594,within_support,0.1412250184261175,1.5,2.406117734063229
test_1m:211,test_1m,held_out_observation,211,0.1974612939242368,within_support,0.1495136748035179,1.5,2.4208024790466682
test_1m:212,test_1m,held_out_observation,212,0.1507362601327812,within_support,0.1392747645636426,1.5,2.4026889846116752
test_1m:213,test_1m,held_out_observation,213,0.1958009193032556,within_support,0.2156165965999078,1.5,2.5446846807356605
test_1m:214,test_1m,held_out_observation,214,0.1514208586837691,within_support,0.1328687211968738,1.5,2.391496817798229
test_1m:215,test_1m,held_out_observation,215,0.1526122739978397,within_support,0.1992075512378912,1.5,2.5127773131369873
test_1m:216,test_1m,held_out_observation,216,0.0975499871860575,within_support,0.1935281046936179,1.5,2.501915324493747
test_1m:217,test_1m,held_out_observation,217,0.0629603049547887,within_support,0.1745761784266889,1.5,2.466331957099418
test_1m:218,test_1m,held_out_observation,218,0.1208463897089408,within_support,0.2521374320186768,1.5,2.6185825762471557
test_1m:219,test_1m,held_out_observation,219,0.1900850315904789,within_support,0.0458555851190306,1.5,2.249660614599028
test_1m:220,test_1m,held_out_observation,220,0.192366707527209,within_support,0.1082380579439074,1.5,2.3494518394246153
test_1m:221,test_1m,held_out_observation,221,0.1235951063100139,within_support,0.1091379074247508,1.5,2.350960715626066
test_1m:222,test_1m,held_out_observation,222,0.1852781692482954,within_support,0.1159319614272937,1.5,2.3624190276413914
test_1m:223,test_1m,held_out_observation,223,0.1818969360676618,within_support,0.1111648958971321,1.5,2.354367059463341
test_1m:224,test_1m,held_out_observation,224,0.1073332114260616,within_support,0.1586037992188271,1.5,2.437118464122469
test_1m:225,test_1m,held_out_observation,225,0.243751024586697,within_support,0.0766486984325446,1.5,2.297752768203879
test_1m:226,test_1m,held_out_observation,226,0.1961463359760986,within_support,0.0455484165273533,1.5,2.249191985967196
test_1m:227,test_1m,held_out_observation,227,0.2081682012219926,within_support,0.1831197415096491,1.5,2.482247843993509
test_1m:228,test_1m,held_out_observation,228,0.1115813340992442,within_support,0.1618834170342327,1.5,2.4430599198538743
test_1m:229,test_1m,held_out_observation,229,0.1913877536407186,within_support,0.1726903160897826,1.5,2.462846161700112
test_1m:230,test_1m,held_out_observation,230,0.219323917281349,within_support,0.0792529862935683,1.5,2.3019228974217905
test_1m:231,test_1m,held_out_observation,231,0.2048483543818343,within_support,0.1338228814563521,1.5,2.393157047574255
test_1m:232,test_1m,held_out_observation,232,0.2158648881319203,within_support,0.0556435555678442,1.5,2.2647071584913676
test_1m:233,test_1m,held_out_observation,233,0.1474168820164518,within_support,0.1732226120733251,1.5,2.4638290497985365
test_1m:234,test_1m,held_out_observation,234,0.1045003646588844,within_support,0.2357993270792007,1.5,2.5850224528109376
test_1m:235,test_1m,held_out_observation,235,0.0756073792106724,within_support,0.1018745173940148,1.5,2.3388393240530703
test_1m:236,test_1m,held_out_observation,236,0.1782538892299469,within_support,0.1057269020871901,1.5,2.3452518654928824
test_1m:237,test_1m,held_out_observation,237,0.2551401877301295,within_support,0.2221377590455278,1.5,2.5575847575024344
test_1m:238,test_1m,held_out_observation,238,0.2104374352780861,within_support,0.2401207077929913,1.5,2.5938191611334256
test_1m:239,test_1m,held_out_observation,239,0.2389811708064047,within_support,0.0170953365558576,1.5,2.206705927548821
test_1m:240,test_1m,held_out_observation,240,0.1458531993561562,within_support,0.0657928441883766,1.5,2.2805441974217255
test_1m:241,test_1m,held_out_observation,241,0.1067585761587308,within_support,0.1990067935514495,1.5,2.5123917826544533
test_1m:242,test_1m,held_out_observation,242,0.1912926995504546,within_support,0.0812892027304546,1.5,2.305194766116552
test_1m:243,test_1m,held_out_observation,243,0.2456657140638268,within_support,0.0481141130520813,1.5,2.2531129531951493
test_1m:244,test_1m,held_out_observation,244,0.2663828575651294,low_confidence_extrapolation,0.0743205207769012,1.5,2.294038528053825
test_1m:245,test_1m,held_out_observation,245,0.2287464332205458,within_support,0.0454526859686955,1.5,2.249045979743049
test_1m:246,test_1m,held_out_observation,246,0.1176520293067654,within_support,0.1341708664895429,1.5,2.3937631297937485
test_1m:247,test_1m,held_out_observation,247,0.1603223013613003,within_support,0.1741542999023234,1.5,2.4655513076891236
test_1m:248,test_1m,held_out_observation,248,0.2962367195322364,low_confidence_extrapolation,0.199040741891697,1.5,2.512456968116926
test_1m:249,test_1m,held_out_observation,249,0.2030861885998159,within_support,0.1154744475874094,1.5,2.361643748752493
test_1m:250,test_1m,held_out_observation,250,0.0920050073519604,within_support,0.1327215708060684,1.5,2.3912409889367585
test_1m:251,test_1m,held_out_observation,251,0.1530014045457891,within_support,0.1588814974914695,1.5,2.4376204188911155
test_1m:252,test_1m,held_out_observation,252,0.1383628179624845,within_support,0.0552909329062107,1.5,2.2641612451348214
test_1m:253,test_1m,held_out_observation,253,0.241321326857707,within_support,0.0407396176182309,1.5,2.241883571150279
test_1m:254,test_1m,held_out_observation,254,0.1573022568178855,within_support,0.0697780771401772,1.5,2.2868290117976526
test_1m:255,test_1m,held_out_observation,255,0.1600562757583191,within_support,0.1513864849830635,1.5,2.424145839352489
test_1m:256,test_1m,held_out_observation,256,0.0834174616235692,within_support,0.2099809032302185,1.5,2.5336374238790906
test_60m:1,test_60m,cross_scale_observation,1,0.0962067301498045,within_support,0.1663000787217435,1.5,2.451107604645209
test_60m:2,test_60m,cross_scale_observation,2,0.1447000444235756,within_support,0.0445035657564104,1.5,2.2475995354734315
test_60m:3,test_60m,cross_scale_observation,3,0.109077953776187,within_support,0.0693900245877041,1.5,2.286215390643527
test_60m:4,test_60m,cross_scale_observation,4,0.2464671023461137,within_support,0.1330044107626895,1.5,2.3917327714470726
test_60m:5,test_60m,cross_scale_observation,5,0.1366417837007301,within_support,0.1194710701827355,1.5,2.368434225474885
test_60m:6,test_60m,cross_scale_observation,6,0.1874951275853502,within_support,0.0463007780032796,1.5,2.2503402019563015
test_60m:7,test_60m,cross_scale_observation,7,0.0119230170894238,within_support,0.2694304960797549,1.5,2.655011764965048
test_60m:8,test_60m,cross_scale_observation,8,0.1395492744517147,within_support,0.1944182019399757,1.5,2.503611534080966
test_60m:9,test_60m,cross_scale_observation,9,0.1500050690510789,within_support,0.1310937272797501,1.5,2.3884146598408007
test_60m:10,test_60m,cross_scale_observation,10,0.0388594235100866,within_support,0.2020899088234411,1.5,2.518325345295182
test_60m:11,test_60m,cross_scale_observation,11,0.095894921701727,within_support,0.1519795786130907,1.5,2.425206595966025
test_60m:12,test_60m,cross_scale_observation,12,0.0541103038990829,within_support,0.1222357223902338,1.5,2.3731553948300563
test_60m:13,test_60m,cross_scale_observation,13,0.2441407718227662,within_support,0.1494657958200776,1.5,2.420717128051267
test_60m:14,test_60m,cross_scale_observation,14,0.1053365905542016,within_support,0.1998028619933337,1.5,2.513921217134221
test_60m:15,test_60m,cross_scale_observation,15,0.1715632651179206,within_support,0.1118716266998599,1.5,2.355557154126408
test_60m:16,test_60m,cross_scale_observation,16,0.1357481356229022,within_support,0.1615575431879804,1.5,2.4424682481531823
test_60m:17,test_60m,cross_scale_observation,17,0.2263054419122246,within_support,0.097776298968219,1.5,2.3320581320692124
test_60m:18,test_60m,cross_scale_observation,18,0.2780183598129632,low_confidence_extrapolation,0.062782622613283,1.5,2.2758218453386663
test_60m:19,test_60m,cross_scale_observation,19,0.1499975178661721,within_support,0.1993385382915164,1.5,2.5130289202811364
test_60m:20,test_60m,cross_scale_observation,20,0.1727494147783204,within_support,0.1618639428664457,1.5,2.4430245535238617
test_60m:21,test_60m,cross_scale_observation,21,0.1709856202508937,within_support,0.109393124987472,1.5,2.35138903773713
test_60m:22,test_60m,cross_scale_observation,22,0.2225695472432751,within_support,0.1567276576366627,1.5,2.433732708527306
test_60m:23,test_60m,cross_scale_observation,23,0.2736927594133886,low_confidence_extrapolation,0.0887142254650218,1.5,2.317210588890678
test_60m:24,test_60m,cross_scale_observation,24,0.2009527307602461,within_support,0.1613802454274623,1.5,2.442146459560363
test_60m:25,test_60m,cross_scale_observation,25,0.1914471206364827,within_support,0.0686189445988082,1.5,2.2849971539521734
test_60m:26,test_60m,cross_scale_observation,26,0.0808060684662813,within_support,0.2473590256228923,1.5,2.608682005128189
test_60m:27,test_60m,cross_scale_observation,27,0.2290196498119757,within_support,0.1473660378494784,1.5,2.4169800380498048
test_60m:28,test_60m,cross_scale_observation,28,0.1928012122435378,within_support,0.0367956959992946,1.5,2.2359288202832257
test_60m:29,test_60m,cross_scale_observation,29,0.0937151900162594,within_support,0.1598497604956291,1.5,2.4393722434691267
test_60m:30,test_60m,cross_scale_observation,30,0.2054114193646907,within_support,0.1441249712211113,1.5,2.411234735442792
test_60m:31,test_60m,cross_scale_observation,31,0.2287443988385289,within_support,0.1853702389983119,1.5,2.486474368888385
test_60m:32,test_60m,cross_scale_observation,32,0.1916298515367582,within_support,0.0481476201874295,1.5,2.253164259598763
test_60m:33,test_60m,cross_scale_observation,33,0.2332777803673195,within_support,0.0384569505361568,1.5,2.238432780750222
test_60m:34,test_60m,cross_scale_observation,34,0.205655050995593,within_support,0.1720319613037646,1.5,2.4616315902438277
test_60m:35,test_60m,cross_scale_observation,35,0.2620859861366003,low_confidence_extrapolation,0.0290787396881388,1.5,2.2243787410692715
test_60m:36,test_60m,cross_scale_observation,36,0.1736087555395752,within_support,0.0502481279320462,1.5,2.256385727684467
test_60m:37,test_60m,cross_scale_observation,37,0.1882073324820263,within_support,0.1298772062426836,1.5,2.3863069870952254
test_60m:38,test_60m,cross_scale_observation,38,0.1915512531771288,within_support,0.1783097281968045,1.5,2.4732621389809184
test_60m:39,test_60m,cross_scale_observation,39,0.1770550013145845,within_support,0.1319412232044514,1.5,2.389885256032799
test_60m:40,test_60m,cross_scale_observation,40,0.2195674537987935,within_support,0.0400414065834946,1.5,2.2408268056867318
test_60m:41,test_60m,cross_scale_observation,41,0.208794356782142,within_support,0.0371430868200744,1.5,2.2364519164846923
test_60m:42,test_60m,cross_scale_observation,42,0.1066374889853317,within_support,0.1920904515586856,1.5,2.4991804460583644
test_60m:43,test_60m,cross_scale_observation,43,0.1843940344336266,within_support,0.198738959588809,1.5,2.5118776211499396
test_60m:44,test_60m,cross_scale_observation,44,0.1976158795528489,within_support,0.0891562410526895,1.5,2.3179301265568113
test_60m:45,test_60m,cross_scale_observation,45,0.2429897117163605,within_support,0.0457636152962642,1.5,2.2495202791290434
test_60m:46,test_60m,cross_scale_observation,46,0.1074345185654172,within_support,0.0999528252798867,1.5,2.335654370136327
test_60m:47,test_60m,cross_scale_observation,47,0.2187443345889113,within_support,0.0761147577211229,1.5,2.296899803401042
test_60m:48,test_60m,cross_scale_observation,48,0.2072483557378226,within_support,0.1050741823934287,1.5,2.3441627627214725
test_60m:49,test_60m,cross_scale_observation,49,0.0870057469366247,within_support,0.1763320106470655,1.5,2.469586283250217
test_60m:50,test_60m,cross_scale_observation,50,0.2424324404920217,within_support,0.0687044968342241,1.5,2.2851322492678294
test_60m:51,test_60m,cross_scale_observation,51,0.2673200329193456,low_confidence_extrapolation,0.0958839843404403,1.5,2.3289410193643536
test_60m:52,test_60m,cross_scale_observation,52,0.0744864372694551,within_support,0.2096079695549398,1.5,2.532909677129159
test_60m:53,test_60m,cross_scale_observation,53,0.2051189385226211,within_support,0.0472679003183951,1.5,2.2518180797767817
test_60m:54,test_60m,cross_scale_observation,54,0.1284716838370641,within_support,0.1837637550370845,1.5,2.483455870417016
test_60m:55,test_60m,cross_scale_observation,55,0.1805125973985279,within_support,0.1612727007518068,1.5,2.441951311819147
test_60m:56,test_60m,cross_scale_observation,56,0.19936270416727,within_support,0.0580266241536626,1.5,2.2684040894532975
test_60m:57,test_60m,cross_scale_observation,57,0.0919331060733214,within_support,0.2552687615392328,1.5,2.6251090977414644
test_60m:58,test_60m,cross_scale_observation,58,0.1728872464931985,within_support,0.0266297775308046,1.5,2.220741202865355
test_60m:59,test_60m,cross_scale_observation,59,0.2733557609063129,low_confidence_extrapolation,0.040912372592717,1.5,2.2421452123538184
test_60m:60,test_60m,cross_scale_observation,60,0.1696866474507875,within_support,0.1576066856341269,1.5,2.4353178492050924
test_60m:61,test_60m,cross_scale_observation,61,0.1867190402717408,within_support,0.2010119095878119,1.5,2.516247577596347
test_60m:62,test_60m,cross_scale_observation,62,0.2064362438957921,within_support,0.1416448518066685,1.5,2.406857157836649
test_60m:63,test_60m,cross_scale_observation,63,0.1174374086240996,within_support,0.2154465672218924,1.5,2.5443500159238868
test_60m:64,test_60m,cross_scale_observation,64,0.1607669120186116,within_support,0.029179733717453,1.5,2.224529038486862
test_60m:65,test_60m,cross_scale_observation,65,0.1297511442551147,within_support,0.166934164044355,1.5,2.452267366659444
test_60m:66,test_60m,cross_scale_observation,66,0.2076002194275371,within_support,0.2145977193175545,1.5,2.542680524762182
test_60m:67,test_60m,cross_scale_observation,67,0.1317456182457161,within_support,0.2558999825936535,1.5,2.6264284465673216
test_60m:68,test_60m,cross_scale_observation,68,0.1987842857886433,within_support,0.0462936922725123,1.5,2.2503293820271777
test_60m:69,test_60m,cross_scale_observation,69,0.2259557478799776,within_support,0.0495978039609376,1.5,2.255387265775485
test_60m:70,test_60m,cross_scale_observation,70,0.1984771621890975,within_support,0.1665027015289624,1.5,2.4514780882183214
test_60m:71,test_60m,cross_scale_observation,71,0.2237003938880806,within_support,0.1066116836840889,1.5,2.3467298811628785
test_60m:72,test_60m,cross_scale_observation,72,0.1842843970153046,within_support,0.0967404663015905,1.5,2.330350762118251
test_60m:73,test_60m,cross_scale_observation,73,0.2704567323490657,low_confidence_extrapolation,0.1858511243282206,1.5,2.48737934246486
test_60m:74,test_60m,cross_scale_observation,74,0.2784150721312106,low_confidence_extrapolation,0.1893271645031844,1.5,2.4939403191319345
test_60m:75,test_60m,cross_scale_observation,75,0.2085592251708308,within_support,0.0857237614080536,1.5,2.3123550564394946
test_60m:76,test_60m,cross_scale_observation,76,0.2331784357515534,within_support,0.0873816487969462,1.5,2.3150442310476187
test_60m:77,test_60m,cross_scale_observation,77,0.0736870111380271,within_support,0.1732183374748792,1.5,2.4638211535976855
test_60m:78,test_60m,cross_scale_observation,78,0.1935027670251045,within_support,0.0868154721276386,1.5,2.3141251126967086
test_60m:79,test_60m,cross_scale_observation,79,0.0847310776852027,within_support,0.2458419429871786,1.5,2.605553513521082
test_60m:80,test_60m,cross_scale_observation,80,0.2491834487398001,within_support,0.1575103342967668,1.5,2.43514399798086
test_60m:81,test_60m,cross_scale_observation,81,0.1329484826035272,within_support,0.053282370088219,1.5,2.2610571859625455
test_60m:82,test_60m,cross_scale_observation,82,0.188605134367434,within_support,0.1216677439490917,1.5,2.3721838650211096
test_60m:83,test_60m,cross_scale_observation,83,0.1454434593381826,within_support,0.1580597339614251,1.5,2.4361356424076384
test_60m:84,test_60m,cross_scale_observation,84,0.1706882648381549,within_support,0.0775403952040577,1.5,2.299178768611488
test_60m:85,test_60m,cross_scale_observation,85,0.2605971663906866,low_confidence_extrapolation,0.188377617735064,1.5,2.492144665607225
test_60m:86,test_60m,cross_scale_observation,86,0.0406362024628316,within_support,0.1405335077601866,1.5,2.4049008383783965
test_60m:87,test_60m,cross_scale_observation,87,0.0392537014030159,within_support,0.3022214662341104,1.5,2.726737801336663
test_60m:88,test_60m,cross_scale_observation,88,0.1768970147149926,within_support,0.1209592997152161,1.5,2.370973227308204
test_60m:89,test_60m,cross_scale_observation,89,0.1671944975171132,within_support,0.1196317786185599,1.5,2.36870813004573
test_60m:90,test_60m,cross_scale_observation,90,0.1914188372583624,within_support,0.1078576489264725,1.5,2.348814578179921
test_60m:91,test_60m,cross_scale_observation,91,0.1789144225116434,within_support,0.1120480314550739,1.5,2.355854406555151
test_60m:92,test_60m,cross_scale_observation,92,0.2302708850383105,within_support,0.0967131625038039,1.5,2.3303057929598125
test_60m:93,test_60m,cross_scale_observation,93,0.2238341381590232,within_support,0.1082628547192446,1.5,2.3494933916118965
test_60m:94,test_60m,cross_scale_observation,94,0.1764304776545021,within_support,0.1856956908411414,1.5,2.4870867622472126
test_60m:95,test_60m,cross_scale_observation,95,0.163645959314613,within_support,0.0985372272480582,1.5,2.3333140665331165
test_60m:96,test_60m,cross_scale_observation,96,0.0806721761203948,within_support,0.1627370398101076,1.5,2.4446111687923655
test_60m:97,test_60m,cross_scale_observation,97,0.2413564537977332,within_support,0.1967858878585838,1.5,2.508134543282656
test_60m:98,test_60m,cross_scale_observation,98,0.2368332746891787,within_support,0.1198962908557737,1.5,2.3691590971664835
test_60m:99,test_60m,cross_scale_observation,99,0.1795505596497477,within_support,0.1327138902112769,1.5,2.3912276373605454
test_60m:100,test_60m,cross_scale_observation,100,0.2328113029826734,within_support,0.1359211865057061,1.5,2.396816447659079
test_60m:101,test_60m,cross_scale_observation,101,0.2084788307307412,within_support,0.226799961042101,1.5,2.566885126302725
test_60m:102,test_60m,cross_scale_observation,102,0.1504676222826697,within_support,0.1274857578575983,1.5,2.3821748992118703
test_60m:103,test_60m,cross_scale_observation,103,0.2269278192280927,within_support,0.1248671125904228,1.5,2.3776672162506793
test_60m:104,test_60m,cross_scale_observation,104,0.1596570156897443,within_support,0.0770188508222594,1.5,2.298344483925291
test_60m:105,test_60m,cross_scale_observation,105,0.1573658158559221,within_support,0.1475516404841861,1.5,2.417309894360454
test_60m:106,test_60m,cross_scale_observation,106,0.1371073303128936,within_support,0.1770127722228464,1.5,2.4708503401962956
test_60m:107,test_60m,cross_scale_observation,107,0.1504050880603409,within_support,0.0800174452555563,1.5,2.3031500871768333
test_60m:108,test_60m,cross_scale_observation,108,0.2296654537751561,within_support,0.1369861796395458,1.5,2.3986781845093663
test_60m:109,test_60m,cross_scale_observation,109,0.0569912273951,within_support,0.1311797644811771,1.5,2.3885638685049035
test_60m:110,test_60m,cross_scale_observation,110,0.1378332325674763,within_support,0.1182647335313721,1.5,2.3663803036411712
test_60m:111,test_60m,cross_scale_observation,111,0.0676546356304936,within_support,0.1375682872517727,1.5,2.399697036805418
test_60m:112,test_60m,cross_scale_observation,112,0.2251268934983874,within_support,0.1127351095460414,1.5,2.3570129237832598
test_60m:113,test_60m,cross_scale_observation,113,0.2092819110710254,within_support,0.1060884920747955,1.5,2.3458556596596623
test_60m:114,test_60m,cross_scale_observation,114,0.1536684743205319,within_support,0.0952809244569928,1.5,2.327949487508694
test_60m:115,test_60m,cross_scale_observation,115,0.1693478837741169,within_support,0.149641216039217,1.5,2.4210298690816288
test_60m:116,test_60m,cross_scale_observation,116,0.2028130006693581,within_support,0.1173307394533752,1.5,2.364792625969348
test_60m:117,test_60m,cross_scale_observation,117,0.0769025357189214,within_support,0.1727545958391008,1.5,2.462964813029234
test_60m:118,test_60m,cross_scale_observation,118,0.1608726726484912,within_support,0.2145185622685078,1.5,2.5425249491425985
test_60m:119,test_60m,cross_scale_observation,119,0.1819730619524698,within_support,0.0403489843608995,1.5,2.241292198426842
test_60m:120,test_60m,cross_scale_observation,120,0.172772566778513,within_support,0.1639428276216554,1.5,2.4468057780923265
test_60m:121,test_60m,cross_scale_observation,121,0.10321769940602,within_support,0.1609673209533111,1.5,2.4413973492457406
test_60m:122,test_60m,cross_scale_observation,122,0.12168812596141,within_support,0.0500896565190518,1.5,2.256142332007933
test_60m:123,test_60m,cross_scale_observation,123,0.136716363456279,within_support,0.167386905780188,1.5,2.453096120789051
test_60m:124,test_60m,cross_scale_observation,124,0.2696793400985799,low_confidence_extrapolation,0.0970635751026241,1.5,2.3308830598676797
test_60m:125,test_60m,cross_scale_observation,125,0.1964563565144427,within_support,0.0976771212567387,1.5,2.331894541916357
test_60m:126,test_60m,cross_scale_observation,126,0.1409839799017792,within_support,0.0853753722062242,1.5,2.311790801893711
test_60m:127,test_60m,cross_scale_observation,127,0.1792588045886134,within_support,0.0997475340266151,1.5,2.335314669125286
test_60m:128,test_60m,cross_scale_observation,128,0.2020997746519819,within_support,0.0856309498952789,1.5,2.312204709194403
test_60m:129,test_60m,cross_scale_observation,129,0.1035590384786586,within_support,0.1463852769453269,1.5,2.415238536222657
test_60m:130,test_60m,cross_scale_observation,130,0.1749042893932722,within_support,0.0542057338867528,1.5,2.2624830030487337
test_60m:131,test_60m,cross_scale_observation,131,0.2075943211822997,within_support,0.0825356632239719,1.5,2.307202562078679
test_60m:132,test_60m,cross_scale_observation,132,0.1858945514633046,within_support,0.1360785585467971,1.5,2.3970913657937274
test_60m:133,test_60m,cross_scale_observation,133,0.1400122340812996,within_support,0.0609005605508011,1.5,2.272880133716214
test_60m:134,test_60m,cross_scale_observation,134,0.1081323406811972,within_support,0.1792537100945758,1.5,2.475020505445016
test_60m:135,test_60m,cross_scale_observation,135,0.1919374898241612,within_support,0.2488624793869418,1.5,2.6117894231737253
test_60m:136,test_60m,cross_scale_observation,136,0.1585459229089216,within_support,0.2150080095550633,1.5,2.5434872071163146
test_60m:137,test_60m,cross_scale_observation,137,0.2272195520040056,within_support,0.1574127246068322,1.5,2.4349679018709214
test_60m:138,test_60m,cross_scale_observation,138,0.1035482736817916,within_support,0.2252088425724016,1.5,2.563703778613812
test_60m:139,test_60m,cross_scale_observation,139,0.0770454411370329,within_support,0.2193393907530569,1.5,2.552033602855425
test_60m:140,test_60m,cross_scale_observation,140,0.1932536833783316,within_support,0.0835677311556593,1.5,2.308867858261718
test_60m:141,test_60m,cross_scale_observation,141,0.2322457589127806,within_support,0.1298578142473717,1.5,2.386273420798395
test_60m:142,test_60m,cross_scale_observation,142,0.0968642162439077,within_support,0.1419245675722765,1.5,2.4073500605882323
test_60m:143,test_60m,cross_scale_observation,143,0.1441537325945577,within_support,0.0443807003885584,1.5,2.247412441083946
test_60m:144,test_60m,cross_scale_observation,144,0.1177500582511499,within_support,0.1314261573904862,1.5,2.3889912780863822
test_60m:145,test_60m,cross_scale_observation,145,0.0740070296801283,within_support,0.1047386277779436,1.5,2.3436032841602987
test_60m:146,test_60m,cross_scale_observation,146,0.2306269245006152,within_support,0.1509896671436621,1.5,2.4234366515883994
test_60m:147,test_60m,cross_scale_observation,147,0.0855711146372641,within_support,0.1424238250294742,1.5,2.408230344151288
test_60m:148,test_60m,cross_scale_observation,148,0.2206969369493371,within_support,0.1155996843296299,1.5,2.361855915464651
test_60m:149,test_60m,cross_scale_observation,149,0.1557204871729492,within_support,0.1666145077071057,1.5,2.4516825672810456
test_60m:150,test_60m,cross_scale_observation,150,0.2480747465687506,within_support,0.1605366875187629,1.5,2.4406166061823455
test_60m:151,test_60m,cross_scale_observation,151,0.097319549749156,within_support,0.1287299639151529,1.5,2.3843228632139297
test_60m:152,test_60m,cross_scale_observation,152,0.2231583889376041,within_support,0.037856908212201,1.5,2.2375276345480812
test_60m:153,test_60m,cross_scale_observation,153,0.1530499161778243,within_support,0.0741755912541864,1.5,2.293807744443532
test_60m:154,test_60m,cross_scale_observation,154,0.2367403641122485,within_support,0.1314804189405433,1.5,2.389085425018175
test_60m:155,test_60m,cross_scale_observation,155,0.1759233158524455,within_support,0.0431489395231996,1.5,2.2455386700889735
test_60m:156,test_60m,cross_scale_observation,156,0.1034214677907831,within_support,0.1481222518268912,1.5,2.418324570358132
test_60m:157,test_60m,cross_scale_observation,157,0.1411269042443228,within_support,0.0810016113204998,1.5,2.304732047219841
test_60m:158,test_60m,cross_scale_observation,158,0.1491375204299709,within_support,0.113675900309377,1.5,2.358601176799259
test_60m:159,test_60m,cross_scale_observation,159,0.1146397461639272,within_support,0.1461512313846382,1.5,2.4148233284524308
test_60m:160,test_60m,cross_scale_observation,160,0.2190046527749762,within_support,0.0787676114614704,1.5,2.3011444528639897
test_60m:161,test_60m,cross_scale_observation,161,0.1325603182849016,within_support,0.1582745410286842,1.5,2.43652358285193
test_60m:162,test_60m,cross_scale_observation,162,0.1855824540565731,within_support,0.1532096046390604,1.5,2.427409525800387
test_60m:163,test_60m,cross_scale_observation,163,0.1369388691569131,within_support,0.0766900695184233,1.5,2.2978188866097966
test_60m:164,test_60m,cross_scale_observation,164,0.1621400472454709,within_support,0.0667996996737639,1.5,2.282128489161906
test_60m:165,test_60m,cross_scale_observation,165,0.2001253497192975,within_support,0.0441894475232758,1.5,2.2471212775946388
test_60m:166,test_60m,cross_scale_observation,166,0.2148943801758042,within_support,0.1317994936711542,1.5,2.389639193194065
test_60m:167,test_60m,cross_scale_observation,167,0.2056321096304921,within_support,0.0722310999327972,1.5,2.2907162128055756
test_60m:168,test_60m,cross_scale_observation,168,0.2159259132202524,within_support,0.117333879475313,1.5,2.364797959903657
test_60m:169,test_60m,cross_scale_observation,169,0.150705009870276,within_support,0.08532372085703,1.5,2.3117071719615137
test_60m:170,test_60m,cross_scale_observation,170,0.1743586809248935,within_support,0.1457458297680197,1.5,2.4141044718536206
test_60m:171,test_60m,cross_scale_observation,171,0.2384552101031817,within_support,0.1456071459899895,1.5,2.4138586586392456
test_60m:172,test_60m,cross_scale_observation,172,0.2013845433975211,within_support,0.0528113172780034,1.5,2.260330567624835
test_60m:173,test_60m,cross_scale_observation,173,0.2059665119569211,within_support,0.1233055442954947,1.5,2.374987579581015
test_60m:174,test_60m,cross_scale_observation,174,0.2060777713914712,within_support,0.1768592029267563,1.5,2.4705650757166886
test_60m:175,test_60m,cross_scale_observation,175,0.0910364777098284,within_support,0.1677638840328453,1.5,2.4537866176768826
test_60m:176,test_60m,cross_scale_observation,176,0.2498567117023081,within_support,0.0516332405053105,1.5,2.2585155817901064
test_60m:177,test_60m,cross_scale_observation,177,0.1759938129365446,within_support,0.159689582308983,1.5,2.439082266288868
test_60m:178,test_60m,cross_scale_observation,178,0.2290633100258529,within_support,0.1127507255277387,1.5,2.3570392685616937
test_60m:179,test_60m,cross_scale_observation,179,0.1951919225310209,within_support,0.0953909017330164,1.5,2.3281302417802454
test_60m:180,test_60m,cross_scale_observation,180,0.1616715759351989,within_support,0.1832160108304145,1.5,2.482428349694711
test_60m:181,test_60m,cross_scale_observation,181,0.2394869516278496,within_support,0.1019726835096529,1.5,2.3390022681799723
test_60m:182,test_60m,cross_scale_observation,182,0.179503529934657,within_support,0.1329759206253629,1.5,2.3916832253209375
test_60m:183,test_60m,cross_scale_observation,183,0.117337121150981,within_support,0.1597003185123915,1.5,2.4391017003025133
test_60m:184,test_60m,cross_scale_observation,184,0.1215829773316395,within_support,0.1361144924206847,1.5,2.397154148902004
test_60m:185,test_60m,cross_scale_observation,185,0.0475887748353313,within_support,0.2022944049938174,1.5,2.5187198765435994
test_60m:186,test_60m,cross_scale_observation,186,0.1180423652762007,within_support,0.2038994310315579,1.5,2.521820634108402
test_60m:187,test_60m,cross_scale_observation,187,0.137058616817942,within_support,0.1536986245716857,1.5,2.428286471701787
test_60m:188,test_60m,cross_scale_observation,188,0.2968334629055395,low_confidence_extrapolation,0.0942448207905983,1.5,2.32624805172712
test_60m:189,test_60m,cross_scale_observation,189,0.1656215278081962,within_support,0.1678125838214418,1.5,2.453875847729872
test_60m:190,test_60m,cross_scale_observation,190,0.1736768336631426,within_support,0.1138035213609079,1.5,2.3588168007162755
test_60m:191,test_60m,cross_scale_observation,191,0.1109011512547724,within_support,0.1514813434949058,1.5,2.4243154317954074
test_60m:192,test_60m,cross_scale_observation,192,0.1992385504865963,within_support,0.0316216719392136,1.5,2.228170024580994
test_60m:193,test_60m,cross_scale_observation,193,0.1082855182338103,within_support,0.1242386300791099,1.5,2.376587991320638
test_60m:194,test_60m,cross_scale_observation,194,0.1532383763944267,within_support,0.1780975776038295,1.5,2.472867306052342
test_60m:195,test_60m,cross_scale_observation,195,0.2195278017861481,within_support,0.1246564443122084,1.5,2.3773053450727035
test_60m:196,test_60m,cross_scale_observation,196,0.2377014934744837,within_support,0.0840052517802558,1.5,2.3095745994024526
test_60m:197,test_60m,cross_scale_observation,197,0.170600764175347,within_support,0.1836527412442963,1.5,2.483247549932296
test_60m:198,test_60m,cross_scale_observation,198,0.1156723558579384,within_support,0.1815212282570422,1.5,2.4792544262084406
test_60m:199,test_60m,cross_scale_observation,199,0.1537380008404947,within_support,0.024997392372681,1.5,2.2183239693296293
test_60m:200,test_60m,cross_scale_observation,200,0.223006638937183,within_support,0.0974550156229296,1.5,2.331528274737682
test_60m:201,test_60m,cross_scale_observation,201,0.1646120996815841,within_support,0.141247145992459,1.5,2.4061566942066444
test_60m:202,test_60m,cross_scale_observation,202,0.1616972479666862,within_support,0.1890017765173757,1.5,2.4933247016203044
test_60m:203,test_60m,cross_scale_observation,203,0.2408814940748465,within_support,0.0660401103916388,1.5,2.2809330503063467
test_60m:204,test_60m,cross_scale_observation,204,0.1780960042234876,within_support,0.0417709705347943,1.5,2.2434465841239692
test_60m:205,test_60m,cross_scale_observation,205,0.1634318008133075,within_support,0.1063566284258091,1.5,2.3463036135618385
test_60m:206,test_60m,cross_scale_observation,206,0.2331589145277703,within_support,0.0906367319644091,1.5,2.3203436302941753
test_60m:207,test_60m,cross_scale_observation,207,0.1293676930303698,within_support,0.0900787042106994,1.5,2.3194333012102657
test_60m:208,test_60m,cross_scale_observation,208,0.0778331548891601,within_support,0.2092016191589349,1.5,2.5321171839505636
test_60m:209,test_60m,cross_scale_observation,209,0.1612513565834408,within_support,0.1556555002083469,1.5,2.4318021270477224
test_60m:210,test_60m,cross_scale_observation,210,0.217746635030594,within_support,0.1412250184261175,1.5,2.406117734063229
test_60m:211,test_60m,cross_scale_observation,211,0.1974612939242368,within_support,0.1495136748035179,1.5,2.4208024790466682
test_60m:212,test_60m,cross_scale_observation,212,0.1507362601327812,within_support,0.1392747645636426,1.5,2.4026889846116752
test_60m:213,test_60m,cross_scale_observation,213,0.1958009193032556,within_support,0.2156165965999078,1.5,2.5446846807356605
test_60m:214,test_60m,cross_scale_observation,214,0.1514208586837691,within_support,0.1328687211968738,1.5,2.391496817798229
test_60m:215,test_60m,cross_scale_observation,215,0.1526122739978397,within_support,0.1992075512378912,1.5,2.5127773131369873
test_60m:216,test_60m,cross_scale_observation,216,0.0975499871860575,within_support,0.1935281046936179,1.5,2.501915324493747
test_60m:217,test_60m,cross_scale_observation,217,0.0629603049547887,within_support,0.1745761784266889,1.5,2.466331957099418
test_60m:218,test_60m,cross_scale_observation,218,0.1208463897089408,within_support,0.2521374320186768,1.5,2.6185825762471557
test_60m:219,test_60m,cross_scale_observation,219,0.1900850315904789,within_support,0.0458555851190306,1.5,2.249660614599028
test_60m:220,test_60m,cross_scale_observation,220,0.192366707527209,within_support,0.1082380579439074,1.5,2.3494518394246153
test_60m:221,test_60m,cross_scale_observation,221,0.1235951063100139,within_support,0.1091379074247508,1.5,2.350960715626066
test_60m:222,test_60m,cross_scale_observation,222,0.1852781692482954,within_support,0.1159319614272937,1.5,2.3624190276413914
test_60m:223,test_60m,cross_scale_observation,223,0.1818969360676618,within_support,0.1111648958971321,1.5,2.354367059463341
test_60m:224,test_60m,cross_scale_observation,224,0.1073332114260616,within_support,0.1586037992188271,1.5,2.437118464122469
test_60m:225,test_60m,cross_scale_observation,225,0.243751024586697,within_support,0.0766486984325446,1.5,2.297752768203879
test_60m:226,test_60m,cross_scale_observation,226,0.1961463359760986,within_support,0.0455484165273533,1.5,2.249191985967196
test_60m:227,test_60m,cross_scale_observation,227,0.2081682012219926,within_support,0.1831197415096491,1.5,2.482247843993509
test_60m:228,test_60m,cross_scale_observation,228,0.1115813340992442,within_support,0.1618834170342327,1.5,2.4430599198538743
test_60m:229,test_60m,cross_scale_observation,229,0.1913877536407186,within_support,0.1726903160897826,1.5,2.462846161700112
test_60m:230,test_60m,cross_scale_observation,230,0.219323917281349,within_support,0.0792529862935683,1.5,2.3019228974217905
test_60m:231,test_60m,cross_scale_observation,231,0.2048483543818343,within_support,0.1338228814563521,1.5,2.393157047574255
test_60m:232,test_60m,cross_scale_observation,232,0.2158648881319203,within_support,0.0556435555678442,1.5,2.2647071584913676
test_60m:233,test_60m,cross_scale_observation,233,0.1474168820164518,within_support,0.1732226120733251,1.5,2.4638290497985365
test_60m:234,test_60m,cross_scale_observation,234,0.1045003646588844,within_support,0.2357993270792007,1.5,2.5850224528109376
test_60m:235,test_60m,cross_scale_observation,235,0.0756073792106724,within_support,0.1018745173940148,1.5,2.3388393240530703
test_60m:236,test_60m,cross_scale_observation,236,0.1782538892299469,within_support,0.1057269020871901,1.5,2.3452518654928824
test_60m:237,test_60m,cross_scale_observation,237,0.2551401877301295,within_support,0.2221377590455278,1.5,2.5575847575024344
test_60m:238,test_60m,cross_scale_observation,238,0.2104374352780861,within_support,0.2401207077929913,1.5,2.5938191611334256
test_60m:239,test_60m,cross_scale_observation,239,0.2389811708064047,within_support,0.0170953365558576,1.5,2.206705927548821
test_60m:240,test_60m,cross_scale_observation,240,0.1458531993561562,within_support,0.0657928441883766,1.5,2.2805441974217255
test_60m:241,test_60m,cross_scale_observation,241,0.1067585761587308,within_support,0.1990067935514495,1.5,2.5123917826544533
test_60m:242,test_60m,cross_scale_observation,242,0.1912926995504546,within_support,0.0812892027304546,1.5,2.305194766116552
test_60m:243,test_60m,cross_scale_observation,243,0.2456657140638268,within_support,0.0481141130520813,1.5,2.2531129531951493
test_60m:244,test_60m,cross_scale_observation,244,0.2663828575651294,low_confidence_extrapolation,0.0743205207769012,1.5,2.294038528053825
test_60m:245,test_60m,cross_scale_observation,245,0.2287464332205458,within_support,0.0454526859686955,1.5,2.249045979743049
test_60m:246,test_60m,cross_scale_observation,246,0.1176520293067654,within_support,0.1341708664895429,1.5,2.3937631297937485
test_60m:247,test_60m,cross_scale_observation,247,0.1603223013613003,within_support,0.1741542999023234,1.5,2.4655513076891236
test_60m:248,test_60m,cross_scale_observation,248,0.2962367195322364,low_confidence_extrapolation,0.199040741891697,1.5,2.512456968116926
test_60m:249,test_60m,cross_scale_observation,249,0.2030861885998159,within_support,0.1154744475874094,1.5,2.361643748752493
test_60m:250,test_60m,cross_scale_observation,250,0.0920050073519604,within_support,0.1327215708060684,1.5,2.3912409889367585
test_60m:251,test_60m,cross_scale_observation,251,0.1530014045457891,within_support,0.1588814974914695,1.5,2.4376204188911155
test_60m:252,test_60m,cross_scale_observation,252,0.1383628179624845,within_support,0.0552909329062107,1.5,2.2641612451348214
test_60m:253,test_60m,cross_scale_observation,253,0.241321326857707,within_support,0.0407396176182309,1.5,2.241883571150279
test_60m:254,test_60m,cross_scale_observation,254,0.1573022568178855,within_support,0.0697780771401772,1.5,2.2868290117976526
test_60m:255,test_60m,cross_scale_observation,255,0.1600562757583191,within_support,0.1513864849830635,1.5,2.424145839352489
test_60m:256,test_60m,cross_scale_observation,256,0.0834174616235692,within_support,0.2099809032302185,1.5,2.5336374238790906
test_1b:0,test_1b,cross_scale_observation,0,0.1920464661494081,within_support,0.1152202503486309,1.5,2.361213229353102
test_1b:1,test_1b,cross_scale_observation,1,0.2537879739756908,within_support,0.1002456415639342,1.5,2.3361390822395744
test_1b:2,test_1b,cross_scale_observation,2,0.1762228941833616,within_support,0.045742692153934,1.5,2.2494883555010503
test_1b:3,test_1b,cross_scale_observation,3,0.2829107574443777,low_confidence_extrapolation,0.106751422670318,1.5,2.346963492665288
test_1b:4,test_1b,cross_scale_observation,4,0.2320336730114769,within_support,0.0547140301250585,1.5,2.2632687345484257
test_1b:5,test_1b,cross_scale_observation,5,0.2858302440293457,low_confidence_extrapolation,0.0441543153897639,1.5,2.2470678014918026
test_1b:6,test_1b,cross_scale_observation,6,0.2217643690952,within_support,0.0438590072279467,1.5,2.2466184118605392
test_1b:7,test_1b,cross_scale_observation,7,0.1916156999826393,within_support,0.0576477319248649,1.5,2.267815417868041
test_1b:8,test_1b,cross_scale_observation,8,0.2152693041158855,within_support,0.0617404615645954,1.5,2.274191894648167
test_1b:9,test_1b,cross_scale_observation,9,0.2384533497353308,within_support,0.0775972467418819,1.5,2.299269750218165
test_1b:10,test_1b,cross_scale_observation,10,0.188495384382103,within_support,0.1033379444887939,1.5,2.3412709287705047
test_1b:11,test_1b,cross_scale_observation,11,0.2023079148682628,within_support,0.0835237676111235,1.5,2.308796868175186
test_1b:12,test_1b,cross_scale_observation,12,0.2270276089901774,within_support,0.0098897356203977,1.5,2.1962312240216617
test_1b:13,test_1b,cross_scale_observation,13,0.1324159282795926,within_support,0.1256509386128242,1.5,2.379014622249998
test_1b:14,test_1b,cross_scale_observation,14,0.195606748349846,within_support,0.1097202977065385,1.5,2.3519383593912546
test_1b:15,test_1b,cross_scale_observation,15,0.2289775796995238,within_support,0.0538721887657039,1.5,2.261967729736307
test_1b:16,test_1b,cross_scale_observation,16,0.2327170705569798,within_support,0.0624270849567197,1.5,2.275265494376902
test_1b:17,test_1b,cross_scale_observation,17,0.2934996632184253,low_confidence_extrapolation,0.0615619055408818,1.5,2.273912886761752
test_1b:18,test_1b,cross_scale_observation,18,0.1560422719781327,within_support,0.1281988063826344,1.5,2.3834053966723374
test_1b:19,test_1b,cross_scale_observation,19,0.2075620389184881,within_support,0.0366636058981293,1.5,2.2357299923861174
test_1b:20,test_1b,cross_scale_observation,20,0.2726497435753259,low_confidence_extrapolation,0.0876630324925725,1.5,2.315501313401777
test_1b:21,test_1b,cross_scale_observation,21,0.2225686287641901,within_support,0.0962242781305558,1.5,2.329500915559252
test_1b:22,test_1b,cross_scale_observation,22,0.1772332772568203,within_support,0.1273351892319692,1.5,2.3819152333815232
test_1b:23,test_1b,cross_scale_observation,23,0.2377979381587048,within_support,0.0822948351540995,1.5,2.3068143440875706
test_1b:24,test_1b,cross_scale_observation,24,0.255814652844757,within_support,0.0989779322829788,1.5,2.334042118947928
test_1b:25,test_1b,cross_scale_observation,25,0.2303388807822075,within_support,0.1029023237597709,1.5,2.340546550987736
test_1b:26,test_1b,cross_scale_observation,26,0.1490133262285262,within_support,0.0469358713070117,1.5,2.251310458299007
test_1b:27,test_1b,cross_scale_observation,27,0.2133142015897012,within_support,0.1038708372021718,1.5,2.342157700491205
test_1b:28,test_1b,cross_scale_observation,28,0.203301477116387,within_support,0.1009899413713873,1.5,2.337372114317907
test_1b:29,test_1b,cross_scale_observation,29,0.222807021413801,within_support,0.0128198119748611,1.5,2.2004769902604604
test_1b:30,test_1b,cross_scale_observation,30,0.2421993027178726,within_support,0.0550213443644914,1.5,2.263744075911264
test_1b:31,test_1b,cross_scale_observation,31,0.2513248012719308,within_support,0.0424237325159593,1.5,2.2444370936555185
test_1b:32,test_1b,cross_scale_observation,32,0.2010164644209962,within_support,0.0451317050623882,1.5,2.2485565794245064
test_1b:33,test_1b,cross_scale_observation,33,0.1426830596130655,within_support,0.1315672393086913,1.5,2.389236079325101
test_1b:34,test_1b,cross_scale_observation,34,0.2039194072819155,within_support,0.1087307765484432,1.5,2.350277782402704
test_1b:35,test_1b,cross_scale_observation,35,0.2446875558748339,within_support,0.1179962212017935,1.5,2.365923637118229
test_1b:36,test_1b,cross_scale_observation,36,0.3238061586812177,low_confidence_extrapolation,0.1238562158422428,1.5,2.375931810482764
test_1b:37,test_1b,cross_scale_observation,37,0.2321852708506721,within_support,0.1053281843871759,1.5,2.344586453865979
test_1b:38,test_1b,cross_scale_observation,38,0.2084341979624781,within_support,0.1071454600392094,1.5,2.3476224964554033
test_1b:39,test_1b,cross_scale_observation,39,0.2642347441196937,low_confidence_extrapolation,0.0447577411188298,1.5,2.247986692853709
test_1b:40,test_1b,cross_scale_observation,40,0.1862243648133733,within_support,0.1048153120025177,1.5,2.343731116853569
test_1b:41,test_1b,cross_scale_observation,41,0.1535812127342589,within_support,0.1179459449961742,1.5,2.365838151393458
test_1b:42,test_1b,cross_scale_observation,42,0.1039233894372722,within_support,0.0843115855131776,1.5,2.3100697062705366
test_1b:43,test_1b,cross_scale_observation,43,0.2309560455527205,within_support,0.0532408236634466,1.5,2.26099307824686
test_1b:44,test_1b,cross_scale_observation,44,0.1852947819997001,within_support,0.0353274472438254,1.5,2.233720960137007
test_1b:45,test_1b,cross_scale_observation,45,0.2678751536856753,low_confidence_extrapolation,0.0114461468416429,1.5,2.1984841857409307
test_1b:46,test_1b,cross_scale_observation,46,0.2292150987335113,within_support,0.0767782664003145,1.5,2.2979598547236413
test_1b:47,test_1b,cross_scale_observation,47,0.1918208811199051,within_support,0.0362091920388806,1.5,2.235046289227793
test_1b:48,test_1b,cross_scale_observation,48,0.2178919602366393,within_support,0.0491516569955282,1.5,2.2547028460313117
test_1b:49,test_1b,cross_scale_observation,49,0.1504472924316425,within_support,0.040174757105774,1.5,2.241028550611576
test_1b:50,test_1b,cross_scale_observation,50,0.2421589119407461,within_support,0.0361633754937302,1.5,2.234977380312862
test_1b:51,test_1b,cross_scale_observation,51,0.2159675901611165,within_support,0.097526238166903,1.5,2.331645712228321
test_1b:52,test_1b,cross_scale_observation,52,0.1507381836164945,within_support,0.1023337253053234,1.5,2.3396017612455866
test_1b:53,test_1b,cross_scale_observation,53,0.2658987776868091,low_confidence_extrapolation,0.0533613426542061,1.5,2.261179054654642
test_1b:54,test_1b,cross_scale_observation,54,0.2002120536681085,within_support,0.1074667661754552,1.5,2.348160150010428
test_1b:55,test_1b,cross_scale_observation,55,0.2049963492282011,within_support,0.1132590581291069,1.5,2.357897182836701
test_1b:56,test_1b,cross_scale_observation,56,0.1768841428732378,within_support,0.10891624600384,1.5,2.3505888425637047
test_1b:57,test_1b,cross_scale_observation,57,0.2162600665836991,within_support,0.0762230087823164,1.5,2.2970726781530546
test_1b:58,test_1b,cross_scale_observation,58,0.1744118714336021,within_support,0.101969474307588,1.5,2.338996940905208
test_1b:59,test_1b,cross_scale_observation,59,0.2411985191496713,within_support,0.0206656759921598,1.5,2.2119381884819367
test_1b:60,test_1b,cross_scale_observation,60,0.2710000820479866,low_confidence_extrapolation,0.1139022536631896,1.5,2.3589836435680422
test_1b:61,test_1b,cross_scale_observation,61,0.2452492801392035,within_support,0.0617470863876956,1.5,2.274202247895165
test_1b:62,test_1b,cross_scale_observation,62,0.2331694662686347,within_support,0.0342966456632278,1.5,2.232173808229037
test_1b:63,test_1b,cross_scale_observation,63,0.1714432767096597,within_support,0.0425751916477562,1.5,2.2446670583710047
est_10b:1,est_10b,estimated_reference,1,0.0,within_support,0.249044436794672,1.5,2.612165978010703
est_10b:2,est_10b,estimated_reference,2,0.0,within_support,0.1197512699561166,1.5,2.3689118287631827
est_10b:3,est_10b,estimated_reference,3,0.0,within_support,0.1858544308191581,1.5,2.4873855671789578
est_10b:4,est_10b,estimated_reference,4,0.0,within_support,0.1304490600572983,1.5,2.3872972683314213
est_10b:5,est_10b,estimated_reference,5,0.0,within_support,0.0502720144330895,1.5,2.2564224198939113
est_10b:6,est_10b,estimated_reference,6,0.0,within_support,0.1527848766381631,1.5,2.426648394634033
est_10b:7,est_10b,estimated_reference,7,0.0,within_support,0.0916489931171592,1.5,2.3219969113680636
est_10b:8,est_10b,estimated_reference,8,0.0,within_support,0.2484059915687805,1.5,2.6108451889566866
est_10b:9,est_10b,estimated_reference,9,0.0,within_support,0.2799986359754035,1.5,2.677744068676002
est_10b:10,est_10b,estimated_reference,10,0.0,within_support,0.1602258731312403,1.5,2.4400534096214987
est_10b:11,est_10b,estimated_reference,11,0.0,within_support,0.2615217277406388,1.5,2.638234025908061
est_10b:12,est_10b,estimated_reference,12,0.0,within_support,0.2132445208104099,1.5,2.54002348198622
est_10b:13,est_10b,estimated_reference,13,0.0,within_support,0.2072793111592754,1.5,2.528374704108967
est_10b:14,est_10b,estimated_reference,14,0.0,within_support,0.0346681693381294,1.5,2.2327311602716478
est_10b:15,est_10b,estimated_reference,15,0.0,within_support,0.0622304339890736,1.5,2.2749578992417954
est_10b:16,est_10b,estimated_reference,16,0.0,within_support,0.0175383448783891,1.5,2.207353625650684
est_10b:17,est_10b,estimated_reference,17,0.0,within_support,0.0736813234191406,1.5,2.2930210569255687
est_10b:18,est_10b,estimated_reference,18,0.0,within_support,0.0430566128386553,1.5,2.2453983609349626
est_10b:19,est_10b,estimated_reference,19,0.0,within_support,0.0479713214376926,1.5,2.2528943383982796
est_10b:20,est_10b,estimated_reference,20,0.0,within_support,0.1232078273895582,1.5,2.3748201068609838
est_10b:21,est_10b,estimated_reference,21,0.0,within_support,0.149140778309933,1.5,2.420137900818274
est_10b:22,est_10b,estimated_reference,22,0.0,within_support,0.1075123886289131,1.5,2.3482365127764413
est_10b:23,est_10b,estimated_reference,23,0.0,within_support,0.1285972842688524,1.5,2.38409361763052
est_10b:24,est_10b,estimated_reference,24,0.0,within_support,0.2600925392672028,1.5,2.635223308074183
est_10b:25,est_10b,estimated_reference,25,0.0,within_support,0.1331739992834687,1.5,2.3920277402820815
est_10b:26,est_10b,estimated_reference,26,0.0,within_support,0.1561019112416078,1.5,2.432605580348413
est_10b:27,est_10b,estimated_reference,27,0.0,within_support,0.0591863178176938,1.5,2.2702079454239716
est_10b:28,est_10b,estimated_reference,28,0.0,within_support,0.0767199412862922,1.5,2.2978666295966335
est_10b:29,est_10b,estimated_reference,29,0.0,within_support,0.2695343909311014,1.5,2.655233495728523
est_10b:30,est_10b,estimated_reference,30,0.0,within_support,0.1817932497966559,1.5,2.47976331422109
est_10b:31,est_10b,estimated_reference,31,0.0,within_support,0.129076723485921,1.5,2.3849222142998583
est_10b:32,est_10b,estimated_reference,32,0.0,within_support,0.2934943331534769,1.5,2.707302486441133
est_10b:33,est_10b,estimated_reference,33,0.0,within_support,0.2195414862086901,1.5,2.552433721718031
est_10b:34,est_10b,estimated_reference,34,0.0,within_support,0.1853803340909328,1.5,2.486493360040945
est_10b:35,est_10b,estimated_reference,35,0.0,within_support,0.1009648806999716,1.5,2.337330575568279
est_10b:36,est_10b,estimated_reference,36,0.0,within_support,0.0929407391035172,1.5,2.324110311518381
est_10b:37,est_10b,estimated_reference,37,0.0,within_support,0.0521513657802718,1.5,2.25931342842806
est_10b:38,est_10b,estimated_reference,38,0.0,within_support,0.194300875010484,1.5,2.5033878209701377
est_10b:39,est_10b,estimated_reference,39,0.0,within_support,0.0687963383614815,1.5,2.285277295284536
est_10b:40,est_10b,estimated_reference,40,0.0,within_support,0.1498476404536816,1.5,2.4213979901299068
est_10b:41,est_10b,estimated_reference,41,0.0,within_support,0.1042372736888059,1.5,2.342767888526673
est_10b:42,est_10b,estimated_reference,42,0.0,within_support,0.0848314791335141,1.5,2.3109104966670926
est_10b:43,est_10b,estimated_reference,43,0.0,within_support,0.0706355992867465,1.5,2.2881862649445637
est_10b:44,est_10b,estimated_reference,44,0.0,within_support,0.0727060351770862,1.5,2.291470476624223
est_10b:45,est_10b,estimated_reference,45,0.0,within_support,0.1815263967446377,1.5,2.479264093292213
est_10b:46,est_10b,estimated_reference,46,0.0,within_support,0.0544771809380193,1.5,2.2629025351937426
est_10b:47,est_10b,estimated_reference,47,0.0,within_support,0.2032715167545438,1.5,2.520606674423128
est_10b:48,est_10b,estimated_reference,48,0.0,within_support,0.147161115284902,1.5,2.416615952669175
est_10b:49,est_10b,estimated_reference,49,0.0,within_support,0.2177472234173594,1.5,2.548885587368807
est_10b:50,est_10b,estimated_reference,50,0.0,within_support,0.1031376578155502,1.5,2.3409378206007023
est_10b:51,est_10b,estimated_reference,51,0.0,within_support,0.2173579019113433,1.5,2.548116968510622
est_10b:52,est_10b,estimated_reference,52,0.0,within_support,0.0945691521454232,1.5,2.326780367591047
est_10b:53,est_10b,estimated_reference,53,0.0,within_support,0.1782080621776893,1.5,2.47307291293287
est_10b:54,est_10b,estimated_reference,54,0.0,within_support,0.134797815493225,1.5,2.394855879659981
est_10b:55,est_10b,estimated_reference,55,0.0,within_support,0.1485900700761069,1.5,2.4191571051271463
est_10b:56,est_10b,estimated_reference,56,0.0,within_support,0.0386043805304912,1.5,2.238655299264477
est_10b:57,est_10b,estimated_reference,57,0.0,within_support,0.2487399008555379,1.5,2.611535808890367
est_10b:58,est_10b,estimated_reference,58,0.0,within_support,0.1677717189450452,1.5,2.4538009727331223
est_10b:59,est_10b,estimated_reference,59,0.0,within_support,0.2130343425713219,1.5,2.539611274867045
est_10b:60,est_10b,estimated_reference,60,0.0,within_support,0.1420270134266791,1.5,2.407530637890863
est_10b:61,est_10b,estimated_reference,61,0.0,within_support,0.0994810577730224,1.5,2.33487387962189
est_10b:62,est_10b,estimated_reference,62,0.0,within_support,0.0738059039092795,1.5,2.2932192869895784
est_10b:63,est_10b,estimated_reference,63,0.0,within_support,0.1251988400187609,1.5,2.3782372661883913
est_70b:1,est_70b,estimated_reference,1,0.0,within_support,0.249044436794672,1.5,2.612165978010703
est_70b:2,est_70b,estimated_reference,2,0.0,within_support,0.1197512699561166,1.5,2.3689118287631827
est_70b:3,est_70b,estimated_reference,3,0.0,within_support,0.1858544308191581,1.5,2.4873855671789578
est_70b:4,est_70b,estimated_reference,4,0.0,within_support,0.1304490600572983,1.5,2.3872972683314213
est_70b:5,est_70b,estimated_reference,5,0.0,within_support,0.0502720144330895,1.5,2.2564224198939113
est_70b:6,est_70b,estimated_reference,6,0.0,within_support,0.1527848766381631,1.5,2.426648394634033
est_70b:7,est_70b,estimated_reference,7,0.0,within_support,0.0916489931171592,1.5,2.3219969113680636
est_70b:8,est_70b,estimated_reference,8,0.0,within_support,0.2484059915687805,1.5,2.6108451889566866
est_70b:9,est_70b,estimated_reference,9,0.0,within_support,0.2799986359754035,1.5,2.677744068676002
est_70b:10,est_70b,estimated_reference,10,0.0,within_support,0.1602258731312403,1.5,2.4400534096214987
est_70b:11,est_70b,estimated_reference,11,0.0,within_support,0.2615217277406388,1.5,2.638234025908061
est_70b:12,est_70b,estimated_reference,12,0.0,within_support,0.2132445208104099,1.5,2.54002348198622
est_70b:13,est_70b,estimated_reference,13,0.0,within_support,0.2072793111592754,1.5,2.528374704108967
est_70b:14,est_70b,estimated_reference,14,0.0,within_support,0.0346681693381294,1.5,2.2327311602716478
est_70b:15,est_70b,estimated_reference,15,0.0,within_support,0.0622304339890736,1.5,2.2749578992417954
est_70b:16,est_70b,estimated_reference,16,0.0,within_support,0.0175383448783891,1.5,2.207353625650684
est_70b:17,est_70b,estimated_reference,17,0.0,within_support,0.0736813234191406,1.5,2.2930210569255687
est_70b:18,est_70b,estimated_reference,18,0.0,within_support,0.0430566128386553,1.5,2.2453983609349626
est_70b:19,est_70b,estimated_reference,19,0.0,within_support,0.0479713214376926,1.5,2.2528943383982796
est_70b:20,est_70b,estimated_reference,20,0.0,within_support,0.1232078273895582,1.5,2.3748201068609838
est_70b:21,est_70b,estimated_reference,21,0.0,within_support,0.149140778309933,1.5,2.420137900818274
est_70b:22,est_70b,estimated_reference,22,0.0,within_support,0.1075123886289131,1.5,2.3482365127764413
est_70b:23,est_70b,estimated_reference,23,0.0,within_support,0.1285972842688524,1.5,2.38409361763052
est_70b:24,est_70b,estimated_reference,24,0.0,within_support,0.2600925392672028,1.5,2.635223308074183
est_70b:25,est_70b,estimated_reference,25,0.0,within_support,0.1331739992834687,1.5,2.3920277402820815
est_70b:26,est_70b,estimated_reference,26,0.0,within_support,0.1561019112416078,1.5,2.432605580348413
est_70b:27,est_70b,estimated_reference,27,0.0,within_support,0.0591863178176938,1.5,2.2702079454239716
est_70b:28,est_70b,estimated_reference,28,0.0,within_support,0.0767199412862922,1.5,2.2978666295966335
est_70b:29,est_70b,estimated_reference,29,0.0,within_support,0.2695343909311014,1.5,2.655233495728523
est_70b:30,est_70b,estimated_reference,30,0.0,within_support,0.1817932497966559,1.5,2.47976331422109
est_70b:31,est_70b,estimated_reference,31,0.0,within_support,0.129076723485921,1.5,2.3849222142998583
est_70b:32,est_70b,estimated_reference,32,0.0,within_support,0.2934943331534769,1.5,2.707302486441133
est_70b:33,est_70b,estimated_reference,33,0.0,within_support,0.2195414862086901,1.5,2.552433721718031
est_70b:34,est_70b,estimated_reference,34,0.0,within_support,0.1853803340909328,1.5,2.486493360040945
est_70b:35,est_70b,estimated_reference,35,0.0,within_support,0.1009648806999716,1.5,2.337330575568279
est_70b:36,est_70b,estimated_reference,36,0.0,within_support,0.0929407391035172,1.5,2.324110311518381
est_70b:37,est_70b,estimated_reference,37,0.0,within_support,0.0521513657802718,1.5,2.25931342842806
est_70b:38,est_70b,estimated_reference,38,0.0,within_support,0.194300875010484,1.5,2.5033878209701377
est_70b:39,est_70b,estimated_reference,39,0.0,within_support,0.0687963383614815,1.5,2.285277295284536
est_70b:40,est_70b,estimated_reference,40,0.0,within_support,0.1498476404536816,1.5,2.4213979901299068
est_70b:41,est_70b,estimated_reference,41,0.0,within_support,0.1042372736888059,1.5,2.342767888526673
est_70b:42,est_70b,estimated_reference,42,0.0,within_support,0.0848314791335141,1.5,2.3109104966670926
est_70b:43,est_70b,estimated_reference,43,0.0,within_support,0.0706355992867465,1.5,2.2881862649445637
est_70b:44,est_70b,estimated_reference,44,0.0,within_support,0.0727060351770862,1.5,2.291470476624223
est_70b:45,est_70b,estimated_reference,45,0.0,within_support,0.1815263967446377,1.5,2.479264093292213
est_70b:46,est_70b,estimated_reference,46,0.0,within_support,0.0544771809380193,1.5,2.2629025351937426
est_70b:47,est_70b,estimated_reference,47,0.0,within_support,0.2032715167545438,1.5,2.520606674423128
est_70b:48,est_70b,estimated_reference,48,0.0,within_support,0.147161115284902,1.5,2.416615952669175
est_70b:49,est_70b,estimated_reference,49,0.0,within_support,0.2177472234173594,1.5,2.548885587368807
est_70b:50,est_70b,estimated_reference,50,0.0,within_support,0.1031376578155502,1.5,2.3409378206007023
est_70b:51,est_70b,estimated_reference,51,0.0,within_support,0.2173579019113433,1.5,2.548116968510622
est_70b:52,est_70b,estimated_reference,52,0.0,within_support,0.0945691521454232,1.5,2.326780367591047
est_70b:53,est_70b,estimated_reference,53,0.0,within_support,0.1782080621776893,1.5,2.47307291293287
est_70b:54,est_70b,estimated_reference,54,0.0,within_support,0.134797815493225,1.5,2.394855879659981
est_70b:55,est_70b,estimated_reference,55,0.0,within_support,0.1485900700761069,1.5,2.4191571051271463
est_70b:56,est_70b,estimated_reference,56,0.0,within_support,0.0386043805304912,1.5,2.238655299264477
est_70b:57,est_70b,estimated_reference,57,0.0,within_support,0.2487399008555379,1.5,2.611535808890367
est_70b:58,est_70b,estimated_reference,58,0.0,within_support,0.1677717189450452,1.5,2.4538009727331223
est_70b:59,est_70b,estimated_reference,59,0.0,within_support,0.2130343425713219,1.5,2.539611274867045
est_70b:60,est_70b,estimated_reference,60,0.0,within_support,0.1420270134266791,1.5,2.407530637890863
est_70b:61,est_70b,estimated_reference,61,0.0,within_support,0.0994810577730224,1.5,2.33487387962189
est_70b:62,est_70b,estimated_reference,62,0.0,within_support,0.0738059039092795,1.5,2.2932192869895784
est_70b:63,est_70b,estimated_reference,63,0.0,within_support,0.1251988400187609,1.5,2.3782372661883913
