attachment,high_set_method,field_j,field_k,n_high,H_equal_raw
A1,C_weighted_hierarchical,dsir_books,dsir_wiki,5121,0.0011441323515540616
A1,C_weighted_hierarchical,dsir_books,dsir_math,5121,0.005222132093760679
A1,C_weighted_hierarchical,dsir_books,rps_doc_word_count,5121,0.698287525858597
A1,C_weighted_hierarchical,dsir_books,rps_doc_num_sentences,5121,0.8096507868946495
A1,C_weighted_hierarchical,dsir_books,rps_doc_unigram_entropy,5121,0.5874835332607157
A1,C_weighted_hierarchical,dsir_books,rps_doc_frac_unique_words,5121,0.30198154847991115
A1,C_weighted_hierarchical,dsir_books,rps_doc_frac_no_alph_words,5121,0.19887290795178553
A1,C_weighted_hierarchical,dsir_books,rps_doc_frac_chars_top_2gram,5121,0.23500258585969538
A1,C_weighted_hierarchical,dsir_books,rps_doc_frac_chars_top_3gram,5121,0.17604655806055947
A1,C_weighted_hierarchical,dsir_books,rps_lines_uppercase_letter_fraction,5121,0.2891371104429067
A1,C_weighted_hierarchical,dsir_books,rps_lines_ending_with_terminal_punctution_mark,5121,0.33250572950992235
A1,C_weighted_hierarchical,dsir_books,rps_lines_numerical_chars_fraction,5121,0.9323012015475493
A1,C_weighted_hierarchical,dsir_books,rps_doc_mean_word_length,5121,0.816706694096612
A1,C_weighted_hierarchical,dsir_books,fineweb_edu,5121,0.7911392924050479
A1,C_weighted_hierarchical,dsir_books,fluency_en,5121,0.3878687043088508
A1,C_weighted_hierarchical,dsir_books,modernbert_cleanliness,5121,0.5798817064538176
A1,C_weighted_hierarchical,dsir_books,modernbert_readability,5121,0.5841721168045791
A1,C_weighted_hierarchical,dsir_books,modernbert_reasoning,5121,0.8698475410686389
A1,C_weighted_hierarchical,dsir_books,modernbert_professionalism,5121,0.769108854776899
A1,C_weighted_hierarchical,dsir_books,qurater,5121,0.7461439034734427
A1,C_weighted_hierarchical,dsir_books,ad_en,5121,0.25185636979624343
A1,C_weighted_hierarchical,dsir_wiki,dsir_math,5121,0.004165630046335707
A1,C_weighted_hierarchical,dsir_wiki,rps_doc_word_count,5121,0.6989107733474907
A1,C_weighted_hierarchical,dsir_wiki,rps_doc_num_sentences,5121,0.8102739867091389
A1,C_weighted_hierarchical,dsir_wiki,rps_doc_unigram_entropy,5121,0.5881077342376977
A1,C_weighted_hierarchical,dsir_wiki,rps_doc_frac_unique_words,5121,0.3009121162401142
A1,C_weighted_hierarchical,dsir_wiki,rps_doc_frac_no_alph_words,5121,0.1994985987539055
A1,C_weighted_hierarchical,dsir_wiki,rps_doc_frac_chars_top_2gram,5121,0.2356690740333919
A1,C_weighted_hierarchical,dsir_wiki,rps_doc_frac_chars_top_3gram,5121,0.17681332934393917
A1,C_weighted_hierarchical,dsir_wiki,rps_lines_uppercase_letter_fraction,5121,0.2885078321418546
A1,C_weighted_hierarchical,dsir_wiki,rps_lines_ending_with_terminal_punctution_mark,5121,0.33350312572465096
A1,C_weighted_hierarchical,dsir_wiki,rps_lines_numerical_chars_fraction,5121,0.9315924738515426
A1,C_weighted_hierarchical,dsir_wiki,rps_doc_mean_word_length,5121,0.8157209781109647
A1,C_weighted_hierarchical,dsir_wiki,fineweb_edu,5121,0.7913779504735403
A1,C_weighted_hierarchical,dsir_wiki,fluency_en,5121,0.38859657327822933
A1,C_weighted_hierarchical,dsir_wiki,modernbert_cleanliness,5121,0.5805544876488967
A1,C_weighted_hierarchical,dsir_wiki,modernbert_readability,5121,0.5847966515023921
A1,C_weighted_hierarchical,dsir_wiki,modernbert_reasoning,5121,0.8704707408831283
A1,C_weighted_hierarchical,dsir_wiki,modernbert_professionalism,5121,0.7690032082967194
A1,C_weighted_hierarchical,dsir_wiki,qurater,5121,0.7466717544791056
A1,C_weighted_hierarchical,dsir_wiki,ad_en,5121,0.2523806452215754
A1,C_weighted_hierarchical,dsir_math,rps_doc_word_count,5121,0.6959693102696006
A1,C_weighted_hierarchical,dsir_math,rps_doc_num_sentences,5121,0.8073325713056532
A1,C_weighted_hierarchical,dsir_math,rps_doc_unigram_entropy,5121,0.5851892978971392
A1,C_weighted_hierarchical,dsir_math,rps_doc_frac_unique_words,5121,0.29753114282793885
A1,C_weighted_hierarchical,dsir_math,rps_doc_frac_no_alph_words,5121,0.1969622370089155
A1,C_weighted_hierarchical,dsir_math,rps_doc_frac_chars_top_2gram,5121,0.23378941529059266
A1,C_weighted_hierarchical,dsir_math,rps_doc_frac_chars_top_3gram,5121,0.17632283123413395
A1,C_weighted_hierarchical,dsir_math,rps_lines_uppercase_letter_fraction,5121,0.28562426962812437
A1,C_weighted_hierarchical,dsir_math,rps_lines_ending_with_terminal_punctution_mark,5121,0.3340751470660027
A1,C_weighted_hierarchical,dsir_math,rps_lines_numerical_chars_fraction,5121,0.9278574703121949
A1,C_weighted_hierarchical,dsir_math,rps_doc_mean_word_length,5121,0.8123535442296427
A1,C_weighted_hierarchical,dsir_math,fineweb_edu,5121,0.7884198013541056
A1,C_weighted_hierarchical,dsir_math,fluency_en,5121,0.3869687069023384
A1,C_weighted_hierarchical,dsir_math,modernbert_cleanliness,5121,0.5781646651044717
A1,C_weighted_hierarchical,dsir_math,modernbert_readability,5121,0.5819449593280122
A1,C_weighted_hierarchical,dsir_math,modernbert_reasoning,5121,0.8675293254796427
A1,C_weighted_hierarchical,dsir_math,modernbert_professionalism,5121,0.766141313799795
A1,C_weighted_hierarchical,dsir_math,qurater,5121,0.74373033907562
A1,C_weighted_hierarchical,dsir_math,ad_en,5121,0.25157313615962457
A1,C_weighted_hierarchical,rps_doc_word_count,rps_doc_num_sentences,5121,0.13643799543241067
A1,C_weighted_hierarchical,rps_doc_word_count,rps_doc_unigram_entropy,5121,0.11610606572889207
A1,C_weighted_hierarchical,rps_doc_word_count,rps_doc_frac_unique_words,5121,0.4240621586512644
A1,C_weighted_hierarchical,rps_doc_word_count,rps_doc_frac_no_alph_words,5121,0.5180766085725445
A1,C_weighted_hierarchical,rps_doc_word_count,rps_doc_frac_chars_top_2gram,5121,0.49151042810852374
A1,C_weighted_hierarchical,rps_doc_word_count,rps_doc_frac_chars_top_3gram,5121,0.5541907327060145
A1,C_weighted_hierarchical,rps_doc_word_count,rps_lines_uppercase_letter_fraction,5121,0.4360243818346026
A1,C_weighted_hierarchical,rps_doc_word_count,rps_lines_ending_with_terminal_punctution_mark,5121,0.43317726640304627
A1,C_weighted_hierarchical,rps_doc_word_count,rps_lines_numerical_chars_fraction,5121,0.3049316882994044
A1,C_weighted_hierarchical,rps_doc_word_count,rps_doc_mean_word_length,5121,0.31583420482144603
A1,C_weighted_hierarchical,rps_doc_word_count,fineweb_edu,5121,0.1752789763123047
A1,C_weighted_hierarchical,rps_doc_word_count,fluency_en,5121,0.41540219843841536
A1,C_weighted_hierarchical,rps_doc_word_count,modernbert_cleanliness,5121,0.2436988978059095
A1,C_weighted_hierarchical,rps_doc_word_count,modernbert_readability,5121,0.28239258861336897
A1,C_weighted_hierarchical,rps_doc_word_count,modernbert_reasoning,5121,0.17705098624993898
A1,C_weighted_hierarchical,rps_doc_word_count,modernbert_professionalism,5121,0.3441098464045108
A1,C_weighted_hierarchical,rps_doc_word_count,qurater,5121,0.1662940196845709
A1,C_weighted_hierarchical,rps_doc_word_count,ad_en,5121,0.5812562548818591
A1,C_weighted_hierarchical,rps_doc_num_sentences,rps_doc_unigram_entropy,5121,0.23638428544839876
A1,C_weighted_hierarchical,rps_doc_num_sentences,rps_doc_frac_unique_words,5121,0.5212377076315661
A1,C_weighted_hierarchical,rps_doc_num_sentences,rps_doc_frac_no_alph_words,5121,0.6215644393947716
A1,C_weighted_hierarchical,rps_doc_num_sentences,rps_doc_frac_chars_top_2gram,5121,0.5893550396803603
A1,C_weighted_hierarchical,rps_doc_num_sentences,rps_doc_frac_chars_top_3gram,5121,0.6523652988307947
A1,C_weighted_hierarchical,rps_doc_num_sentences,rps_lines_uppercase_letter_fraction,5121,0.53441367347686
A1,C_weighted_hierarchical,rps_doc_num_sentences,rps_lines_ending_with_terminal_punctution_mark,5121,0.5248343123749024
A1,C_weighted_hierarchical,rps_doc_num_sentences,rps_lines_numerical_chars_fraction,5121,0.19615881602714313
A1,C_weighted_hierarchical,rps_doc_num_sentences,rps_doc_mean_word_length,5121,0.22358942879198399
A1,C_weighted_hierarchical,rps_doc_num_sentences,fineweb_edu,5121,0.13615045918079355
A1,C_weighted_hierarchical,rps_doc_num_sentences,fluency_en,5121,0.5019743401099639
A1,C_weighted_hierarchical,rps_doc_num_sentences,modernbert_cleanliness,5121,0.3182816180464021
A1,C_weighted_hierarchical,rps_doc_num_sentences,modernbert_readability,5121,0.3364080225343561
A1,C_weighted_hierarchical,rps_doc_num_sentences,modernbert_reasoning,5121,0.11229089767852349
A1,C_weighted_hierarchical,rps_doc_num_sentences,modernbert_professionalism,5121,0.2679718917432508
A1,C_weighted_hierarchical,rps_doc_num_sentences,qurater,5121,0.18162844418967242
A1,C_weighted_hierarchical,rps_doc_num_sentences,ad_en,5121,0.6402835082411883
A1,C_weighted_hierarchical,rps_doc_unigram_entropy,rps_doc_frac_unique_words,5121,0.3415134506657635
A1,C_weighted_hierarchical,rps_doc_unigram_entropy,rps_doc_frac_no_alph_words,5121,0.41751574780926576
A1,C_weighted_hierarchical,rps_doc_unigram_entropy,rps_doc_frac_chars_top_2gram,5121,0.38620558271089633
A1,C_weighted_hierarchical,rps_doc_unigram_entropy,rps_doc_frac_chars_top_3gram,5121,0.4492815371906122
A1,C_weighted_hierarchical,rps_doc_unigram_entropy,rps_lines_uppercase_letter_fraction,5121,0.34847357998925993
A1,C_weighted_hierarchical,rps_doc_unigram_entropy,rps_lines_ending_with_terminal_punctution_mark,5121,0.3542762462852104
A1,C_weighted_hierarchical,rps_doc_unigram_entropy,rps_lines_numerical_chars_fraction,5121,0.4119030401776997
A1,C_weighted_hierarchical,rps_doc_unigram_entropy,rps_doc_mean_word_length,5121,0.40175497110549696
A1,C_weighted_hierarchical,rps_doc_unigram_entropy,fineweb_edu,5121,0.2569775304811072
A1,C_weighted_hierarchical,rps_doc_unigram_entropy,fluency_en,5121,0.36101724020882153
A1,C_weighted_hierarchical,rps_doc_unigram_entropy,modernbert_cleanliness,5121,0.22498037721514352
A1,C_weighted_hierarchical,rps_doc_unigram_entropy,modernbert_readability,5121,0.2721857846749292
A1,C_weighted_hierarchical,rps_doc_unigram_entropy,modernbert_reasoning,5121,0.28587937536613944
A1,C_weighted_hierarchical,rps_doc_unigram_entropy,modernbert_professionalism,5121,0.4122026261350322
A1,C_weighted_hierarchical,rps_doc_unigram_entropy,qurater,5121,0.2287720179469342
A1,C_weighted_hierarchical,rps_doc_unigram_entropy,ad_en,5121,0.5304589862819762
A1,C_weighted_hierarchical,rps_doc_frac_unique_words,rps_doc_frac_no_alph_words,5121,0.27115835358542034
A1,C_weighted_hierarchical,rps_doc_frac_unique_words,rps_doc_frac_chars_top_2gram,5121,0.23741939211701815
A1,C_weighted_hierarchical,rps_doc_frac_unique_words,rps_doc_frac_chars_top_3gram,5121,0.2653626715897164
A1,C_weighted_hierarchical,rps_doc_frac_unique_words,rps_lines_uppercase_letter_fraction,5121,0.34936285065477934
A1,C_weighted_hierarchical,rps_doc_frac_unique_words,rps_lines_ending_with_terminal_punctution_mark,5121,0.3872052196226323
A1,C_weighted_hierarchical,rps_doc_frac_unique_words,rps_lines_numerical_chars_fraction,5121,0.6392986027204159
A1,C_weighted_hierarchical,rps_doc_frac_unique_words,rps_doc_mean_word_length,5121,0.5283895834096124
A1,C_weighted_hierarchical,rps_doc_frac_unique_words,fineweb_edu,5121,0.5012576507884202
A1,C_weighted_hierarchical,rps_doc_frac_unique_words,fluency_en,5121,0.3857266218069591
A1,C_weighted_hierarchical,rps_doc_frac_unique_words,modernbert_cleanliness,5121,0.39189394962226615
A1,C_weighted_hierarchical,rps_doc_frac_unique_words,modernbert_readability,5121,0.413573646657147
A1,C_weighted_hierarchical,rps_doc_frac_unique_words,modernbert_reasoning,5121,0.5712261322861746
A1,C_weighted_hierarchical,rps_doc_frac_unique_words,modernbert_professionalism,5121,0.5153153547433362
A1,C_weighted_hierarchical,rps_doc_frac_unique_words,qurater,5121,0.4515532702353056
A1,C_weighted_hierarchical,rps_doc_frac_unique_words,ad_en,5121,0.3470337653015768
A1,C_weighted_hierarchical,rps_doc_frac_no_alph_words,rps_doc_frac_chars_top_2gram,5121,0.2461287906872437
A1,C_weighted_hierarchical,rps_doc_frac_no_alph_words,rps_doc_frac_chars_top_3gram,5121,0.242181731397066
A1,C_weighted_hierarchical,rps_doc_frac_no_alph_words,rps_lines_uppercase_letter_fraction,5121,0.24320408516250488
A1,C_weighted_hierarchical,rps_doc_frac_no_alph_words,rps_lines_ending_with_terminal_punctution_mark,5121,0.25334419260917057
A1,C_weighted_hierarchical,rps_doc_frac_no_alph_words,rps_lines_numerical_chars_fraction,5121,0.7672660006743067
A1,C_weighted_hierarchical,rps_doc_frac_no_alph_words,rps_doc_mean_word_length,5121,0.6761568289579672
A1,C_weighted_hierarchical,rps_doc_frac_no_alph_words,fineweb_edu,5121,0.6145122031219489
A1,C_weighted_hierarchical,rps_doc_frac_no_alph_words,fluency_en,5121,0.2777348946510081
A1,C_weighted_hierarchical,rps_doc_frac_no_alph_words,modernbert_cleanliness,5121,0.41672649804420525
A1,C_weighted_hierarchical,rps_doc_frac_no_alph_words,modernbert_readability,5121,0.4213505338770504
A1,C_weighted_hierarchical,rps_doc_frac_no_alph_words,modernbert_reasoning,5121,0.6800701347698204
A1,C_weighted_hierarchical,rps_doc_frac_no_alph_words,modernbert_professionalism,5121,0.6432541003801747
A1,C_weighted_hierarchical,rps_doc_frac_no_alph_words,qurater,5121,0.5587895964533294
A1,C_weighted_hierarchical,rps_doc_frac_no_alph_words,ad_en,5121,0.35015024111806775
A1,C_weighted_hierarchical,rps_doc_frac_chars_top_2gram,rps_doc_frac_chars_top_3gram,5121,0.13160938873022848
A1,C_weighted_hierarchical,rps_doc_frac_chars_top_2gram,rps_lines_uppercase_letter_fraction,5121,0.29529230512229054
A1,C_weighted_hierarchical,rps_doc_frac_chars_top_2gram,rps_lines_ending_with_terminal_punctution_mark,5121,0.35972526384922376
A1,C_weighted_hierarchical,rps_doc_frac_chars_top_2gram,rps_lines_numerical_chars_fraction,5121,0.7547488474235989
A1,C_weighted_hierarchical,rps_doc_frac_chars_top_2gram,rps_doc_mean_word_length,5121,0.6661718063488576
A1,C_weighted_hierarchical,rps_doc_frac_chars_top_2gram,fineweb_edu,5121,0.6023086044290666
A1,C_weighted_hierarchical,rps_doc_frac_chars_top_2gram,fluency_en,5121,0.3603916328369093
A1,C_weighted_hierarchical,rps_doc_frac_chars_top_2gram,modernbert_cleanliness,5121,0.4194620076950303
A1,C_weighted_hierarchical,rps_doc_frac_chars_top_2gram,modernbert_readability,5121,0.45185280851823373
A1,C_weighted_hierarchical,rps_doc_frac_chars_top_2gram,modernbert_reasoning,5121,0.6455249752855887
A1,C_weighted_hierarchical,rps_doc_frac_chars_top_2gram,modernbert_professionalism,5121,0.5887044747577378
A1,C_weighted_hierarchical,rps_doc_frac_chars_top_2gram,qurater,5121,0.5439170892525874
A1,C_weighted_hierarchical,rps_doc_frac_chars_top_2gram,ad_en,5121,0.3138078280990651
A1,C_weighted_hierarchical,rps_doc_frac_chars_top_3gram,rps_lines_uppercase_letter_fraction,5121,0.30541291373755125
A1,C_weighted_hierarchical,rps_doc_frac_chars_top_3gram,rps_lines_ending_with_terminal_punctution_mark,5121,0.36684171754479106
A1,C_weighted_hierarchical,rps_doc_frac_chars_top_3gram,rps_lines_numerical_chars_fraction,5121,0.8164785243970905
A1,C_weighted_hierarchical,rps_doc_frac_chars_top_3gram,rps_doc_mean_word_length,5121,0.7186423988692394
A1,C_weighted_hierarchical,rps_doc_frac_chars_top_3gram,fineweb_edu,5121,0.6658897168979447
A1,C_weighted_hierarchical,rps_doc_frac_chars_top_3gram,fluency_en,5121,0.36336284474315317
A1,C_weighted_hierarchical,rps_doc_frac_chars_top_3gram,modernbert_cleanliness,5121,0.4687339814001172
A1,C_weighted_hierarchical,rps_doc_frac_chars_top_3gram,modernbert_readability,5121,0.4962936011033001
A1,C_weighted_hierarchical,rps_doc_frac_chars_top_3gram,modernbert_reasoning,5121,0.7070868860299502
A1,C_weighted_hierarchical,rps_doc_frac_chars_top_3gram,modernbert_professionalism,5121,0.6351115504784222
A1,C_weighted_hierarchical,rps_doc_frac_chars_top_3gram,qurater,5121,0.6036404365907537
A1,C_weighted_hierarchical,rps_doc_frac_chars_top_3gram,ad_en,5121,0.2821292828777949
A1,C_weighted_hierarchical,rps_lines_uppercase_letter_fraction,rps_lines_ending_with_terminal_punctution_mark,5121,0.2681286213477592
A1,C_weighted_hierarchical,rps_lines_uppercase_letter_fraction,rps_lines_numerical_chars_fraction,5121,0.6800355708266208
A1,C_weighted_hierarchical,rps_lines_uppercase_letter_fraction,rps_doc_mean_word_length,5121,0.6229480936340559
A1,C_weighted_hierarchical,rps_lines_uppercase_letter_fraction,fineweb_edu,5121,0.542615005919254
A1,C_weighted_hierarchical,rps_lines_uppercase_letter_fraction,fluency_en,5121,0.3126806383183216
A1,C_weighted_hierarchical,rps_lines_uppercase_letter_fraction,modernbert_cleanliness,5121,0.3825033076501782
A1,C_weighted_hierarchical,rps_lines_uppercase_letter_fraction,modernbert_readability,5121,0.3987784196659588
A1,C_weighted_hierarchical,rps_lines_uppercase_letter_fraction,modernbert_reasoning,5121,0.5948901810559462
A1,C_weighted_hierarchical,rps_lines_uppercase_letter_fraction,modernbert_professionalism,5121,0.6010368420169401
A1,C_weighted_hierarchical,rps_lines_uppercase_letter_fraction,qurater,5121,0.5050797077902265
A1,C_weighted_hierarchical,rps_lines_uppercase_letter_fraction,ad_en,5121,0.4382370462922281
A1,C_weighted_hierarchical,rps_lines_ending_with_terminal_punctution_mark,rps_lines_numerical_chars_fraction,5121,0.6387802865956356
A1,C_weighted_hierarchical,rps_lines_ending_with_terminal_punctution_mark,rps_doc_mean_word_length,5121,0.618866830895455
A1,C_weighted_hierarchical,rps_lines_ending_with_terminal_punctution_mark,fineweb_edu,5121,0.5360794648414616
A1,C_weighted_hierarchical,rps_lines_ending_with_terminal_punctution_mark,fluency_en,5121,0.3088990807230643
A1,C_weighted_hierarchical,rps_lines_ending_with_terminal_punctution_mark,modernbert_cleanliness,5121,0.31299712485201864
A1,C_weighted_hierarchical,rps_lines_ending_with_terminal_punctution_mark,modernbert_readability,5121,0.4088247515591437
A1,C_weighted_hierarchical,rps_lines_ending_with_terminal_punctution_mark,modernbert_reasoning,5121,0.5532560283330893
A1,C_weighted_hierarchical,rps_lines_ending_with_terminal_punctution_mark,modernbert_professionalism,5121,0.6769434089563806
A1,C_weighted_hierarchical,rps_lines_ending_with_terminal_punctution_mark,qurater,5121,0.4760075699326303
A1,C_weighted_hierarchical,rps_lines_ending_with_terminal_punctution_mark,ad_en,5121,0.5312867569658026
A1,C_weighted_hierarchical,rps_lines_numerical_chars_fraction,rps_doc_mean_word_length,5121,0.15720580029687806
A1,C_weighted_hierarchical,rps_lines_numerical_chars_fraction,fineweb_edu,5121,0.2008320041709383
A1,C_weighted_hierarchical,rps_lines_numerical_chars_fraction,fluency_en,5121,0.6246570303346515
A1,C_weighted_hierarchical,rps_lines_numerical_chars_fraction,modernbert_cleanliness,5121,0.4409556315294864
A1,C_weighted_hierarchical,rps_lines_numerical_chars_fraction,modernbert_readability,5121,0.42795014935437414
A1,C_weighted_hierarchical,rps_lines_numerical_chars_fraction,modernbert_reasoning,5121,0.16061803619974738
A1,C_weighted_hierarchical,rps_lines_numerical_chars_fraction,modernbert_professionalism,5121,0.25614921154163006
A1,C_weighted_hierarchical,rps_lines_numerical_chars_fraction,qurater,5121,0.264548750320372
A1,C_weighted_hierarchical,rps_lines_numerical_chars_fraction,ad_en,5121,0.742657903348345
A1,C_weighted_hierarchical,rps_doc_mean_word_length,fineweb_edu,5121,0.19069111009659978
A1,C_weighted_hierarchical,rps_doc_mean_word_length,fluency_en,5121,0.5938826301930775
A1,C_weighted_hierarchical,rps_doc_mean_word_length,modernbert_cleanliness,5121,0.45703420581307364
A1,C_weighted_hierarchical,rps_doc_mean_word_length,modernbert_readability,5121,0.41849102310034664
A1,C_weighted_hierarchical,rps_doc_mean_word_length,modernbert_reasoning,5121,0.2273693892946934
A1,C_weighted_hierarchical,rps_doc_mean_word_length,modernbert_professionalism,5121,0.17283227820341487
A1,C_weighted_hierarchical,rps_doc_mean_word_length,qurater,5121,0.2532055316039348
A1,C_weighted_hierarchical,rps_doc_mean_word_length,ad_en,5121,0.6410451068516891
A1,C_weighted_hierarchical,fineweb_edu,fluency_en,5121,0.4962177034514743
A1,C_weighted_hierarchical,fineweb_edu,modernbert_cleanliness,5121,0.33994253136594416
A1,C_weighted_hierarchical,fineweb_edu,modernbert_readability,5121,0.3343889161586482
A1,C_weighted_hierarchical,fineweb_edu,modernbert_reasoning,5121,0.14026331813091925
A1,C_weighted_hierarchical,fineweb_edu,modernbert_professionalism,5121,0.23509064048464656
A1,C_weighted_hierarchical,fineweb_edu,qurater,5121,0.16899500114799965
A1,C_weighted_hierarchical,fineweb_edu,ad_en,5121,0.6135582382896407
A1,C_weighted_hierarchical,fluency_en,modernbert_cleanliness,5121,0.2779168916898555
A1,C_weighted_hierarchical,fluency_en,modernbert_readability,5121,0.28389101898127805
A1,C_weighted_hierarchical,fluency_en,modernbert_reasoning,5121,0.5092915507225151
A1,C_weighted_hierarchical,fluency_en,modernbert_professionalism,5121,0.5584272709797891
A1,C_weighted_hierarchical,fluency_en,qurater,5121,0.40771331816905876
A1,C_weighted_hierarchical,fluency_en,ad_en,5121,0.4299045138888889
A1,C_weighted_hierarchical,modernbert_cleanliness,modernbert_readability,5121,0.23186439435199424
A1,C_weighted_hierarchical,modernbert_cleanliness,modernbert_reasoning,5121,0.29814900310913395
A1,C_weighted_hierarchical,modernbert_cleanliness,modernbert_professionalism,5121,0.484109977985867
A1,C_weighted_hierarchical,modernbert_cleanliness,qurater,5121,0.24673897538932826
A1,C_weighted_hierarchical,modernbert_cleanliness,ad_en,5121,0.52308652103471
A1,C_weighted_hierarchical,modernbert_readability,modernbert_reasoning,5121,0.32954817632054284
A1,C_weighted_hierarchical,modernbert_readability,modernbert_professionalism,5121,0.4375299872003759
A1,C_weighted_hierarchical,modernbert_readability,qurater,5121,0.2484498667405048
A1,C_weighted_hierarchical,modernbert_readability,ad_en,5121,0.542825917484378
A1,C_weighted_hierarchical,modernbert_reasoning,modernbert_professionalism,5121,0.27105909547543205
A1,C_weighted_hierarchical,modernbert_reasoning,qurater,5121,0.15901927504775068
A1,C_weighted_hierarchical,modernbert_reasoning,ad_en,5121,0.669358029819005
A1,C_weighted_hierarchical,modernbert_professionalism,qurater,5121,0.29322714527191956
A1,C_weighted_hierarchical,modernbert_professionalism,ad_en,5121,0.5312224441942491
A1,C_weighted_hierarchical,qurater,ad_en,5121,0.5881401528326987
A1,C_equal_indicator,dsir_books,dsir_wiki,5121,0.005398818650903983
A1,C_equal_indicator,dsir_books,dsir_math,5121,0.013000622365512412
A1,C_equal_indicator,dsir_books,rps_doc_word_count,5121,0.6818463877294474
A1,C_equal_indicator,dsir_books,rps_doc_num_sentences,5121,0.795915981680824
A1,C_equal_indicator,dsir_books,rps_doc_unigram_entropy,5121,0.5642968483023335
A1,C_equal_indicator,dsir_books,rps_doc_frac_unique_words,5121,0.28676054138290863
A1,C_equal_indicator,dsir_books,rps_doc_frac_no_alph_words,5121,0.18519518091864381
A1,C_equal_indicator,dsir_books,rps_doc_frac_chars_top_2gram,5121,0.21024915311188
A1,C_equal_indicator,dsir_books,rps_doc_frac_chars_top_3gram,5121,0.14419981754051944
A1,C_equal_indicator,dsir_books,rps_lines_uppercase_letter_fraction,5121,0.2617678546365456
A1,C_equal_indicator,dsir_books,rps_lines_ending_with_terminal_punctution_mark,5121,0.26422644750933655
A1,C_equal_indicator,dsir_books,rps_lines_numerical_chars_fraction,5121,0.8622015200888499
A1,C_equal_indicator,dsir_books,rps_doc_mean_word_length,5121,0.828651706819957
A1,C_equal_indicator,dsir_books,fineweb_edu,5121,0.8030554144393185
A1,C_equal_indicator,dsir_books,fluency_en,5121,0.3880378530957089
A1,C_equal_indicator,dsir_books,modernbert_cleanliness,5121,0.5377083085426431
A1,C_equal_indicator,dsir_books,modernbert_readability,5121,0.5522448542154853
A1,C_equal_indicator,dsir_books,modernbert_reasoning,5121,0.8414516169632396
A1,C_equal_indicator,dsir_books,modernbert_professionalism,5121,0.8366648207137278
A1,C_equal_indicator,dsir_books,qurater,5121,0.7384408639059754
A1,C_equal_indicator,dsir_books,ad_en,5121,0.35385921443260593
A1,C_equal_indicator,dsir_wiki,dsir_math,5121,0.007753758429549816
A1,C_equal_indicator,dsir_wiki,rps_doc_word_count,5121,0.6865520421426479
A1,C_equal_indicator,dsir_wiki,rps_doc_num_sentences,5121,0.8005798733157586
A1,C_equal_indicator,dsir_wiki,rps_doc_unigram_entropy,5121,0.5690254817784612
A1,C_equal_indicator,dsir_wiki,rps_doc_frac_unique_words,5121,0.28151988480338314
A1,C_equal_indicator,dsir_wiki,rps_doc_frac_no_alph_words,5121,0.1898789289430165
A1,C_equal_indicator,dsir_wiki,rps_doc_frac_chars_top_2gram,5121,0.21510543480582406
A1,C_equal_indicator,dsir_wiki,rps_doc_frac_chars_top_3gram,5121,0.14913428525770114
A1,C_equal_indicator,dsir_wiki,rps_lines_uppercase_letter_fraction,5121,0.2586267311529731
A1,C_equal_indicator,dsir_wiki,rps_lines_ending_with_terminal_punctution_mark,5121,0.26894649959266986
A1,C_equal_indicator,dsir_wiki,rps_lines_numerical_chars_fraction,5121,0.8588537280621461
A1,C_equal_indicator,dsir_wiki,rps_doc_mean_word_length,5121,0.8235745734475688
A1,C_equal_indicator,dsir_wiki,fineweb_edu,5121,0.8034536864137863
A1,C_equal_indicator,dsir_wiki,fluency_en,5121,0.39132993758085577
A1,C_equal_indicator,dsir_wiki,modernbert_cleanliness,5121,0.5415150620606327
A1,C_equal_indicator,dsir_wiki,modernbert_readability,5121,0.5568050063464167
A1,C_equal_indicator,dsir_wiki,modernbert_reasoning,5121,0.8437074744312634
A1,C_equal_indicator,dsir_wiki,modernbert_professionalism,5121,0.8342431516671549
A1,C_equal_indicator,dsir_wiki,qurater,5121,0.7392723055189416
A1,C_equal_indicator,dsir_wiki,ad_en,5121,0.3579393091482987
A1,C_equal_indicator,dsir_math,rps_doc_word_count,5121,0.6865578584199863
A1,C_equal_indicator,dsir_math,rps_doc_num_sentences,5121,0.8004625942809022
A1,C_equal_indicator,dsir_math,rps_doc_unigram_entropy,5121,0.5693091444847198
A1,C_equal_indicator,dsir_math,rps_doc_frac_unique_words,5121,0.27479376529394894
A1,C_equal_indicator,dsir_math,rps_doc_frac_no_alph_words,5121,0.19064938307413712
A1,C_equal_indicator,dsir_math,rps_doc_frac_chars_top_2gram,5121,0.21698409238613064
A1,C_equal_indicator,dsir_math,rps_doc_frac_chars_top_3gram,5121,0.15241564300185512
A1,C_equal_indicator,dsir_math,rps_lines_uppercase_letter_fraction,5121,0.2558030000167814
A1,C_equal_indicator,dsir_math,rps_lines_ending_with_terminal_punctution_mark,5121,0.2728078164665104
A1,C_equal_indicator,dsir_math,rps_lines_numerical_chars_fraction,5121,0.853758955160125
A1,C_equal_indicator,dsir_math,rps_doc_mean_word_length,5121,0.8172375009153485
A1,C_equal_indicator,dsir_math,fineweb_edu,5121,0.801895686877563
A1,C_equal_indicator,dsir_math,fluency_en,5121,0.3912525143480888
A1,C_equal_indicator,dsir_math,modernbert_cleanliness,5121,0.5408974878258641
A1,C_equal_indicator,dsir_math,modernbert_readability,5121,0.5563623018270357
A1,C_equal_indicator,dsir_math,modernbert_reasoning,5121,0.8422929748523238
A1,C_equal_indicator,dsir_math,modernbert_professionalism,5121,0.8312350874462996
A1,C_equal_indicator,dsir_math,qurater,5121,0.7375983141567809
A1,C_equal_indicator,dsir_math,ad_en,5121,0.3592881372351591
A1,C_equal_indicator,rps_doc_word_count,rps_doc_num_sentences,5121,0.13360328726460285
A1,C_equal_indicator,rps_doc_word_count,rps_doc_unigram_entropy,5121,0.12337982112182069
A1,C_equal_indicator,rps_doc_word_count,rps_doc_frac_unique_words,5121,0.46634997513303067
A1,C_equal_indicator,rps_doc_word_count,rps_doc_frac_no_alph_words,5121,0.5178516330581185
A1,C_equal_indicator,rps_doc_word_count,rps_doc_frac_chars_top_2gram,5121,0.4998139744739797
A1,C_equal_indicator,rps_doc_word_count,rps_doc_frac_chars_top_3gram,5121,0.5639507321262937
A1,C_equal_indicator,rps_doc_word_count,rps_lines_uppercase_letter_fraction,5121,0.45824341940661006
A1,C_equal_indicator,rps_doc_word_count,rps_lines_ending_with_terminal_punctution_mark,5121,0.4745135971215339
A1,C_equal_indicator,rps_doc_word_count,rps_lines_numerical_chars_fraction,5121,0.3198466972316808
A1,C_equal_indicator,rps_doc_word_count,rps_doc_mean_word_length,5121,0.35748923893343587
A1,C_equal_indicator,rps_doc_word_count,fineweb_edu,5121,0.212075821754174
A1,C_equal_indicator,rps_doc_word_count,fluency_en,5121,0.43812138818712165
A1,C_equal_indicator,rps_doc_word_count,modernbert_cleanliness,5121,0.26580945227067465
A1,C_equal_indicator,rps_doc_word_count,modernbert_readability,5121,0.3059129944026435
A1,C_equal_indicator,rps_doc_word_count,modernbert_reasoning,5121,0.18923240442616798
A1,C_equal_indicator,rps_doc_word_count,modernbert_professionalism,5121,0.3475097942296426
A1,C_equal_indicator,rps_doc_word_count,qurater,5121,0.19978980593466242
A1,C_equal_indicator,rps_doc_word_count,ad_en,5121,0.5535290596471636
A1,C_equal_indicator,rps_doc_num_sentences,rps_doc_unigram_entropy,5121,0.24467824925856765
A1,C_equal_indicator,rps_doc_num_sentences,rps_doc_frac_unique_words,5121,0.5565458482840265
A1,C_equal_indicator,rps_doc_num_sentences,rps_doc_frac_no_alph_words,5121,0.6246403442931068
A1,C_equal_indicator,rps_doc_num_sentences,rps_doc_frac_chars_top_2gram,5121,0.6010779850279486
A1,C_equal_indicator,rps_doc_num_sentences,rps_doc_frac_chars_top_3gram,5121,0.6693694240016599
A1,C_equal_indicator,rps_doc_num_sentences,rps_lines_uppercase_letter_fraction,5121,0.5610197097429701
A1,C_equal_indicator,rps_doc_num_sentences,rps_lines_ending_with_terminal_punctution_mark,5121,0.5702623465265573
A1,C_equal_indicator,rps_doc_num_sentences,rps_lines_numerical_chars_fraction,5121,0.2293972200864089
A1,C_equal_indicator,rps_doc_num_sentences,rps_doc_mean_word_length,5121,0.25595195869337045
A1,C_equal_indicator,rps_doc_num_sentences,fineweb_edu,5121,0.14807510301485305
A1,C_equal_indicator,rps_doc_num_sentences,fluency_en,5121,0.5176544993958699
A1,C_equal_indicator,rps_doc_num_sentences,modernbert_cleanliness,5121,0.33814174992524654
A1,C_equal_indicator,rps_doc_num_sentences,modernbert_readability,5121,0.3601547625585823
A1,C_equal_indicator,rps_doc_num_sentences,modernbert_reasoning,5121,0.11902623026661052
A1,C_equal_indicator,rps_doc_num_sentences,modernbert_professionalism,5121,0.2488179846541813
A1,C_equal_indicator,rps_doc_num_sentences,qurater,5121,0.2047379681245118
A1,C_equal_indicator,rps_doc_num_sentences,ad_en,5121,0.5833614612319371
A1,C_equal_indicator,rps_doc_unigram_entropy,rps_doc_frac_unique_words,5121,0.38728893587678187
A1,C_equal_indicator,rps_doc_unigram_entropy,rps_doc_frac_no_alph_words,5121,0.4106340905554335
A1,C_equal_indicator,rps_doc_unigram_entropy,rps_doc_frac_chars_top_2gram,5121,0.3882096001376074
A1,C_equal_indicator,rps_doc_unigram_entropy,rps_doc_frac_chars_top_3gram,5121,0.4502892787510984
A1,C_equal_indicator,rps_doc_unigram_entropy,rps_lines_uppercase_letter_fraction,5121,0.3651039855039299
A1,C_equal_indicator,rps_doc_unigram_entropy,rps_lines_ending_with_terminal_punctution_mark,5121,0.37868930762271774
A1,C_equal_indicator,rps_doc_unigram_entropy,rps_lines_numerical_chars_fraction,5121,0.4220246022810486
A1,C_equal_indicator,rps_doc_unigram_entropy,rps_doc_mean_word_length,5121,0.45611399445909
A1,C_equal_indicator,rps_doc_unigram_entropy,fineweb_edu,5121,0.30952235204916034
A1,C_equal_indicator,rps_doc_unigram_entropy,fluency_en,5121,0.38544326898432923
A1,C_equal_indicator,rps_doc_unigram_entropy,modernbert_cleanliness,5121,0.24219937092669888
A1,C_equal_indicator,rps_doc_unigram_entropy,modernbert_readability,5121,0.2888136157717609
A1,C_equal_indicator,rps_doc_unigram_entropy,modernbert_reasoning,5121,0.3035956607901289
A1,C_equal_indicator,rps_doc_unigram_entropy,modernbert_professionalism,5121,0.4404564805152802
A1,C_equal_indicator,rps_doc_unigram_entropy,qurater,5121,0.26961129532500977
A1,C_equal_indicator,rps_doc_unigram_entropy,ad_en,5121,0.5279441137747755
A1,C_equal_indicator,rps_doc_frac_unique_words,rps_doc_frac_no_alph_words,5121,0.29203106597679895
A1,C_equal_indicator,rps_doc_frac_unique_words,rps_doc_frac_chars_top_2gram,5121,0.267760884829318
A1,C_equal_indicator,rps_doc_frac_unique_words,rps_doc_frac_chars_top_3gram,5121,0.2868728384425039
A1,C_equal_indicator,rps_doc_frac_unique_words,rps_lines_uppercase_letter_fraction,5121,0.37686259130601935
A1,C_equal_indicator,rps_doc_frac_unique_words,rps_lines_ending_with_terminal_punctution_mark,5121,0.4041607645754003
A1,C_equal_indicator,rps_doc_frac_unique_words,rps_lines_numerical_chars_fraction,5121,0.5968761060461824
A1,C_equal_indicator,rps_doc_frac_unique_words,rps_doc_mean_word_length,5121,0.5516765753148799
A1,C_equal_indicator,rps_doc_frac_unique_words,fineweb_edu,5121,0.5383725560193322
A1,C_equal_indicator,rps_doc_frac_unique_words,fluency_en,5121,0.39931742648225443
A1,C_equal_indicator,rps_doc_frac_unique_words,modernbert_cleanliness,5121,0.39038464949015084
A1,C_equal_indicator,rps_doc_frac_unique_words,modernbert_readability,5121,0.4306470904120289
A1,C_equal_indicator,rps_doc_frac_unique_words,modernbert_reasoning,5121,0.5739601640304628
A1,C_equal_indicator,rps_doc_frac_unique_words,modernbert_professionalism,5121,0.5706482231558777
A1,C_equal_indicator,rps_doc_frac_unique_words,qurater,5121,0.4712528108828842
A1,C_equal_indicator,rps_doc_frac_unique_words,ad_en,5121,0.36667533387338896
A1,C_equal_indicator,rps_doc_frac_no_alph_words,rps_doc_frac_chars_top_2gram,5121,0.23414077565111793
A1,C_equal_indicator,rps_doc_frac_no_alph_words,rps_doc_frac_chars_top_3gram,5121,0.2220156013534954
A1,C_equal_indicator,rps_doc_frac_no_alph_words,rps_lines_uppercase_letter_fraction,5121,0.22779831591119898
A1,C_equal_indicator,rps_doc_frac_no_alph_words,rps_lines_ending_with_terminal_punctution_mark,5121,0.2281197844201572
A1,C_equal_indicator,rps_doc_frac_no_alph_words,rps_lines_numerical_chars_fraction,5121,0.7475642670041251
A1,C_equal_indicator,rps_doc_frac_no_alph_words,rps_doc_mean_word_length,5121,0.7157745450717633
A1,C_equal_indicator,rps_doc_frac_no_alph_words,fineweb_edu,5121,0.6523711151081332
A1,C_equal_indicator,rps_doc_frac_no_alph_words,fluency_en,5121,0.29312316739589434
A1,C_equal_indicator,rps_doc_frac_no_alph_words,modernbert_cleanliness,5121,0.40543791419522557
A1,C_equal_indicator,rps_doc_frac_no_alph_words,modernbert_readability,5121,0.41454711032086017
A1,C_equal_indicator,rps_doc_frac_no_alph_words,modernbert_reasoning,5121,0.6804693602323765
A1,C_equal_indicator,rps_doc_frac_no_alph_words,modernbert_professionalism,5121,0.6976298097753124
A1,C_equal_indicator,rps_doc_frac_no_alph_words,qurater,5121,0.5809561921804823
A1,C_equal_indicator,rps_doc_frac_no_alph_words,ad_en,5121,0.4139027430708114
A1,C_equal_indicator,rps_doc_frac_chars_top_2gram,rps_doc_frac_chars_top_3gram,5121,0.11404032186706697
A1,C_equal_indicator,rps_doc_frac_chars_top_2gram,rps_lines_uppercase_letter_fraction,5121,0.3076308462168644
A1,C_equal_indicator,rps_doc_frac_chars_top_2gram,rps_lines_ending_with_terminal_punctution_mark,5121,0.3418181854587727
A1,C_equal_indicator,rps_doc_frac_chars_top_2gram,rps_lines_numerical_chars_fraction,5121,0.7539023883732425
A1,C_equal_indicator,rps_doc_frac_chars_top_2gram,rps_doc_mean_word_length,5121,0.7277269950021968
A1,C_equal_indicator,rps_doc_frac_chars_top_2gram,fineweb_edu,5121,0.6633681699741262
A1,C_equal_indicator,rps_doc_frac_chars_top_2gram,fluency_en,5121,0.38657205585762056
A1,C_equal_indicator,rps_doc_frac_chars_top_2gram,modernbert_cleanliness,5121,0.4263789916825327
A1,C_equal_indicator,rps_doc_frac_chars_top_2gram,modernbert_readability,5121,0.45964867015109356
A1,C_equal_indicator,rps_doc_frac_chars_top_2gram,modernbert_reasoning,5121,0.665242822904462
A1,C_equal_indicator,rps_doc_frac_chars_top_2gram,modernbert_professionalism,5121,0.6695539716211434
A1,C_equal_indicator,rps_doc_frac_chars_top_2gram,qurater,5121,0.5898355500024409
A1,C_equal_indicator,rps_doc_frac_chars_top_2gram,ad_en,5121,0.35295237574906024
A1,C_equal_indicator,rps_doc_frac_chars_top_3gram,rps_lines_uppercase_letter_fraction,5121,0.302879638910247
A1,C_equal_indicator,rps_doc_frac_chars_top_3gram,rps_lines_ending_with_terminal_punctution_mark,5121,0.3324323824387327
A1,C_equal_indicator,rps_doc_frac_chars_top_3gram,rps_lines_numerical_chars_fraction,5121,0.8139363344561609
A1,C_equal_indicator,rps_doc_frac_chars_top_3gram,rps_doc_mean_word_length,5121,0.7853602487764841
A1,C_equal_indicator,rps_doc_frac_chars_top_3gram,fineweb_edu,5121,0.7286222726426723
A1,C_equal_indicator,rps_doc_frac_chars_top_3gram,fluency_en,5121,0.3738042782629125
A1,C_equal_indicator,rps_doc_frac_chars_top_3gram,modernbert_cleanliness,5121,0.4672407237050869
A1,C_equal_indicator,rps_doc_frac_chars_top_3gram,modernbert_readability,5121,0.4901143308496876
A1,C_equal_indicator,rps_doc_frac_chars_top_3gram,modernbert_reasoning,5121,0.7322513913298184
A1,C_equal_indicator,rps_doc_frac_chars_top_3gram,modernbert_professionalism,5121,0.7249973493031147
A1,C_equal_indicator,rps_doc_frac_chars_top_3gram,qurater,5121,0.6511735340692736
A1,C_equal_indicator,rps_doc_frac_chars_top_3gram,ad_en,5121,0.31969373390512107
A1,C_equal_indicator,rps_lines_uppercase_letter_fraction,rps_lines_ending_with_terminal_punctution_mark,5121,0.2503900481397066
A1,C_equal_indicator,rps_lines_uppercase_letter_fraction,rps_lines_numerical_chars_fraction,5121,0.6672652188140744
A1,C_equal_indicator,rps_lines_uppercase_letter_fraction,rps_doc_mean_word_length,5121,0.671730546554628
A1,C_equal_indicator,rps_lines_uppercase_letter_fraction,fineweb_edu,5121,0.5933332780310242
A1,C_equal_indicator,rps_lines_uppercase_letter_fraction,fluency_en,5121,0.3256327728348955
A1,C_equal_indicator,rps_lines_uppercase_letter_fraction,modernbert_cleanliness,5121,0.3887853162453012
A1,C_equal_indicator,rps_lines_uppercase_letter_fraction,modernbert_readability,5121,0.41121609968450984
A1,C_equal_indicator,rps_lines_uppercase_letter_fraction,modernbert_reasoning,5121,0.6114688598418277
A1,C_equal_indicator,rps_lines_uppercase_letter_fraction,modernbert_professionalism,5121,0.6664512260331235
A1,C_equal_indicator,rps_lines_uppercase_letter_fraction,qurater,5121,0.5437745904577963
A1,C_equal_indicator,rps_lines_uppercase_letter_fraction,ad_en,5121,0.5013314507664519
A1,C_equal_indicator,rps_lines_ending_with_terminal_punctution_mark,rps_lines_numerical_chars_fraction,5121,0.6791112594738576
A1,C_equal_indicator,rps_lines_ending_with_terminal_punctution_mark,rps_doc_mean_word_length,5121,0.6864641305409099
A1,C_equal_indicator,rps_lines_ending_with_terminal_punctution_mark,fineweb_edu,5121,0.6007445979178871
A1,C_equal_indicator,rps_lines_ending_with_terminal_punctution_mark,fluency_en,5121,0.3111175852952304
A1,C_equal_indicator,rps_lines_ending_with_terminal_punctution_mark,modernbert_cleanliness,5121,0.338390562641879
A1,C_equal_indicator,rps_lines_ending_with_terminal_punctution_mark,modernbert_readability,5121,0.41174809836335674
A1,C_equal_indicator,rps_lines_ending_with_terminal_punctution_mark,modernbert_reasoning,5121,0.6083458526319322
A1,C_equal_indicator,rps_lines_ending_with_terminal_punctution_mark,modernbert_professionalism,5121,0.7164147169742238
A1,C_equal_indicator,rps_lines_ending_with_terminal_punctution_mark,qurater,5121,0.5344198234750293
A1,C_equal_indicator,rps_lines_ending_with_terminal_punctution_mark,ad_en,5121,0.5596511206154804
A1,C_equal_indicator,rps_lines_numerical_chars_fraction,rps_doc_mean_word_length,5121,0.16114084563714362
A1,C_equal_indicator,rps_lines_numerical_chars_fraction,fineweb_edu,5121,0.1866606444359012
A1,C_equal_indicator,rps_lines_numerical_chars_fraction,fluency_en,5121,0.5936114581807752
A1,C_equal_indicator,rps_lines_numerical_chars_fraction,modernbert_cleanliness,5121,0.4536228161308826
A1,C_equal_indicator,rps_lines_numerical_chars_fraction,modernbert_readability,5121,0.4300779056977397
A1,C_equal_indicator,rps_lines_numerical_chars_fraction,modernbert_reasoning,5121,0.18746475669653753
A1,C_equal_indicator,rps_lines_numerical_chars_fraction,modernbert_professionalism,5121,0.22234231404693908
A1,C_equal_indicator,rps_lines_numerical_chars_fraction,qurater,5121,0.26016046441735013
A1,C_equal_indicator,rps_lines_numerical_chars_fraction,ad_en,5121,0.6202217851432825
A1,C_equal_indicator,rps_doc_mean_word_length,fineweb_edu,5121,0.1820743786499524
A1,C_equal_indicator,rps_doc_mean_word_length,fluency_en,5121,0.6064869322550527
A1,C_equal_indicator,rps_doc_mean_word_length,modernbert_cleanliness,5121,0.48030560818809803
A1,C_equal_indicator,rps_doc_mean_word_length,modernbert_readability,5121,0.4594599271840217
A1,C_equal_indicator,rps_doc_mean_word_length,modernbert_reasoning,5121,0.2182241513193224
A1,C_equal_indicator,rps_doc_mean_word_length,modernbert_professionalism,5121,0.14111080218097052
A1,C_equal_indicator,rps_doc_mean_word_length,qurater,5121,0.24843315686175796
A1,C_equal_indicator,rps_doc_mean_word_length,ad_en,5121,0.5841286854221588
A1,C_equal_indicator,fineweb_edu,fluency_en,5121,0.520571505504296
A1,C_equal_indicator,fineweb_edu,modernbert_cleanliness,5121,0.36227589215973444
A1,C_equal_indicator,fineweb_edu,modernbert_readability,5121,0.37237411764212314
A1,C_equal_indicator,fineweb_edu,modernbert_reasoning,5121,0.11959829928236672
A1,C_equal_indicator,fineweb_edu,modernbert_professionalism,5121,0.20277578498767332
A1,C_equal_indicator,fineweb_edu,qurater,5121,0.1748487744054811
A1,C_equal_indicator,fineweb_edu,ad_en,5121,0.5870988008171012
A1,C_equal_indicator,fluency_en,modernbert_cleanliness,5121,0.2660359533660418
A1,C_equal_indicator,fluency_en,modernbert_readability,5121,0.2740980765475493
A1,C_equal_indicator,fluency_en,modernbert_reasoning,5121,0.5053267565538957
A1,C_equal_indicator,fluency_en,modernbert_professionalism,5121,0.5874546902460457
A1,C_equal_indicator,fluency_en,qurater,5121,0.4126262608926479
A1,C_equal_indicator,fluency_en,ad_en,5121,0.49235483715949035
A1,C_equal_indicator,modernbert_cleanliness,modernbert_readability,5121,0.22256891049111502
A1,C_equal_indicator,modernbert_cleanliness,modernbert_reasoning,5121,0.32094354225401533
A1,C_equal_indicator,modernbert_cleanliness,modernbert_professionalism,5121,0.4803178605100322
A1,C_equal_indicator,modernbert_cleanliness,qurater,5121,0.270624114209566
A1,C_equal_indicator,modernbert_cleanliness,ad_en,5121,0.5212477192564928
A1,C_equal_indicator,modernbert_readability,modernbert_reasoning,5121,0.3485312183441955
A1,C_equal_indicator,modernbert_readability,modernbert_professionalism,5121,0.46903075456758936
A1,C_equal_indicator,modernbert_readability,qurater,5121,0.279427598216901
A1,C_equal_indicator,modernbert_readability,ad_en,5121,0.5586824243922085
A1,C_equal_indicator,modernbert_reasoning,modernbert_professionalism,5121,0.21640906755730083
A1,C_equal_indicator,modernbert_reasoning,qurater,5121,0.15868914171579038
A1,C_equal_indicator,modernbert_reasoning,ad_en,5121,0.5952981786089143
A1,C_equal_indicator,modernbert_professionalism,qurater,5121,0.2674273308588411
A1,C_equal_indicator,modernbert_professionalism,ad_en,5121,0.5157401336866578
A1,C_equal_indicator,qurater,ad_en,5121,0.5668317917337923
A2,C_weighted_hierarchical,dsir_books,dsir_wiki,2036,0.0010639499353285154
A2,C_weighted_hierarchical,dsir_books,dsir_math,2036,0.022886190058440264
A2,C_weighted_hierarchical,dsir_books,rps_doc_word_count,2036,0.980248591754666
A2,C_weighted_hierarchical,dsir_books,rps_doc_num_sentences,2036,0.9424527211367264
A2,C_weighted_hierarchical,dsir_books,rps_doc_unigram_entropy,2036,0.9669706273406803
A2,C_weighted_hierarchical,dsir_books,rps_doc_frac_unique_words,2036,0.04423378305491389
A2,C_weighted_hierarchical,dsir_books,rps_doc_frac_no_alph_words,2036,0.529159216140717
A2,C_weighted_hierarchical,dsir_books,rps_doc_frac_chars_top_2gram,2036,0.9480319819422274
A2,C_weighted_hierarchical,dsir_books,rps_doc_frac_chars_top_3gram,2036,0.9533221351608546
A2,C_weighted_hierarchical,dsir_books,rps_lines_uppercase_letter_fraction,2036,0.7390069568086935
A2,C_weighted_hierarchical,dsir_books,rps_lines_ending_with_terminal_punctution_mark,2036,0.29483514871953276
A2,C_weighted_hierarchical,dsir_books,rps_lines_numerical_chars_fraction,2036,0.31340623417162944
A2,C_weighted_hierarchical,dsir_books,rps_doc_mean_word_length,2036,0.11348185511141254
A2,C_weighted_hierarchical,dsir_books,fineweb_edu,2036,0.6021523466278855
A2,C_weighted_hierarchical,dsir_books,fluency_en,2036,0.965868636995027
A2,C_weighted_hierarchical,dsir_books,modernbert_cleanliness,2036,0.9848190937154654
A2,C_weighted_hierarchical,dsir_books,modernbert_readability,2036,0.9019169835538433
A2,C_weighted_hierarchical,dsir_books,modernbert_reasoning,2036,0.9960222825085953
A2,C_weighted_hierarchical,dsir_books,modernbert_professionalism,2036,0.9953676834556114
A2,C_weighted_hierarchical,dsir_books,qurater,2036,0.8463821860802431
A2,C_weighted_hierarchical,dsir_books,ad_en,2036,0.9791489996469793
A2,C_weighted_hierarchical,dsir_wiki,dsir_math,2036,0.02268896871090872
A2,C_weighted_hierarchical,dsir_wiki,rps_doc_word_count,2036,0.9793193344985572
A2,C_weighted_hierarchical,dsir_wiki,rps_doc_num_sentences,2036,0.9415235238365668
A2,C_weighted_hierarchical,dsir_wiki,rps_doc_unigram_entropy,2036,0.9660413700845715
A2,C_weighted_hierarchical,dsir_wiki,rps_doc_frac_unique_words,2036,0.04438634096756431
A2,C_weighted_hierarchical,dsir_wiki,rps_doc_frac_no_alph_words,2036,0.5282524423655451
A2,C_weighted_hierarchical,dsir_wiki,rps_doc_frac_chars_top_2gram,2036,0.9471026047742203
A2,C_weighted_hierarchical,dsir_wiki,rps_doc_frac_chars_top_3gram,2036,0.9523919785655084
A2,C_weighted_hierarchical,dsir_wiki,rps_lines_uppercase_letter_fraction,2036,0.7380777595085339
A2,C_weighted_hierarchical,dsir_wiki,rps_lines_ending_with_terminal_punctution_mark,2036,0.2939127564196034
A2,C_weighted_hierarchical,dsir_wiki,rps_lines_numerical_chars_fraction,2036,0.3125997666994106
A2,C_weighted_hierarchical,dsir_wiki,rps_doc_mean_word_length,2036,0.11305073436444775
A2,C_weighted_hierarchical,dsir_wiki,fineweb_edu,2036,0.6012231493277259
A2,C_weighted_hierarchical,dsir_wiki,fluency_en,2036,0.9649393797389182
A2,C_weighted_hierarchical,dsir_wiki,modernbert_cleanliness,2036,0.9838898364593566
A2,C_weighted_hierarchical,dsir_wiki,modernbert_readability,2036,0.9009876663417854
A2,C_weighted_hierarchical,dsir_wiki,modernbert_reasoning,2036,0.9950930852084356
A2,C_weighted_hierarchical,dsir_wiki,modernbert_professionalism,2036,0.9944384861554518
A2,C_weighted_hierarchical,dsir_wiki,qurater,2036,0.8454529887800835
A2,C_weighted_hierarchical,dsir_wiki,ad_en,2036,0.9782186032278365
A2,C_weighted_hierarchical,dsir_math,rps_doc_word_count,2036,0.9583719249792793
A2,C_weighted_hierarchical,dsir_math,rps_doc_num_sentences,2036,0.9205761143172888
A2,C_weighted_hierarchical,dsir_math,rps_doc_unigram_entropy,2036,0.9450939605652935
A2,C_weighted_hierarchical,dsir_math,rps_doc_frac_unique_words,2036,0.04975038239904377
A2,C_weighted_hierarchical,dsir_math,rps_doc_frac_no_alph_words,2036,0.5072186962794696
A2,C_weighted_hierarchical,dsir_math,rps_doc_frac_chars_top_2gram,2036,0.926163049484283
A2,C_weighted_hierarchical,dsir_math,rps_doc_frac_chars_top_3gram,2036,0.9314701102805747
A2,C_weighted_hierarchical,dsir_math,rps_lines_uppercase_letter_fraction,2036,0.7171303499892558
A2,C_weighted_hierarchical,dsir_math,rps_lines_ending_with_terminal_punctution_mark,2036,0.2734066826421292
A2,C_weighted_hierarchical,dsir_math,rps_lines_numerical_chars_fraction,2036,0.29463870305209355
A2,C_weighted_hierarchical,dsir_math,rps_doc_mean_word_length,2036,0.107053528131811
A2,C_weighted_hierarchical,dsir_math,fineweb_edu,2036,0.5802756798524987
A2,C_weighted_hierarchical,dsir_math,fluency_en,2036,0.943997666034811
A2,C_weighted_hierarchical,dsir_math,modernbert_cleanliness,2036,0.9629462641208252
A2,C_weighted_hierarchical,dsir_math,modernbert_readability,2036,0.8800420555009824
A2,C_weighted_hierarchical,dsir_math,modernbert_reasoning,2036,0.9741456157332085
A2,C_weighted_hierarchical,dsir_math,modernbert_professionalism,2036,0.9734910766361738
A2,C_weighted_hierarchical,dsir_math,qurater,2036,0.8245055193048564
A2,C_weighted_hierarchical,dsir_math,ad_en,2036,0.9572991331808693
A2,C_weighted_hierarchical,rps_doc_word_count,rps_doc_num_sentences,2036,0.042962308482711584
A2,C_weighted_hierarchical,rps_doc_word_count,rps_doc_unigram_entropy,2036,0.028640713345091096
A2,C_weighted_hierarchical,rps_doc_word_count,rps_doc_frac_unique_words,2036,0.939183563052554
A2,C_weighted_hierarchical,rps_doc_word_count,rps_doc_frac_no_alph_words,2036,0.45116668881039723
A2,C_weighted_hierarchical,rps_doc_word_count,rps_doc_frac_chars_top_2gram,2036,0.042933702000466215
A2,C_weighted_hierarchical,rps_doc_word_count,rps_doc_frac_chars_top_3gram,2036,0.039068975242509824
A2,C_weighted_hierarchical,rps_doc_word_count,rps_lines_uppercase_letter_fraction,2036,0.24487649434207698
A2,C_weighted_hierarchical,rps_doc_word_count,rps_lines_ending_with_terminal_punctution_mark,2036,0.6854258838945849
A2,C_weighted_hierarchical,rps_doc_word_count,rps_lines_numerical_chars_fraction,2036,0.6744531657700454
A2,C_weighted_hierarchical,rps_doc_word_count,rps_doc_mean_word_length,2036,0.8713359720346268
A2,C_weighted_hierarchical,rps_doc_word_count,fineweb_edu,2036,0.3823504794557343
A2,C_weighted_hierarchical,rps_doc_word_count,fluency_en,2036,0.0362389832442308
A2,C_weighted_hierarchical,rps_doc_word_count,modernbert_cleanliness,2036,0.02284990546745495
A2,C_weighted_hierarchical,rps_doc_word_count,modernbert_readability,2036,0.0804043902863688
A2,C_weighted_hierarchical,rps_doc_word_count,modernbert_reasoning,2036,0.016957354217709164
A2,C_weighted_hierarchical,rps_doc_word_count,modernbert_professionalism,2036,0.016152846555578686
A2,C_weighted_hierarchical,rps_doc_word_count,qurater,2036,0.1371744451916288
A2,C_weighted_hierarchical,rps_doc_word_count,ad_en,2036,0.028231774425693953
A2,C_weighted_hierarchical,rps_doc_num_sentences,rps_doc_unigram_entropy,2036,0.050610263127474985
A2,C_weighted_hierarchical,rps_doc_num_sentences,rps_doc_frac_unique_words,2036,0.9013878123465128
A2,C_weighted_hierarchical,rps_doc_num_sentences,rps_doc_frac_no_alph_words,2036,0.4133708781484068
A2,C_weighted_hierarchical,rps_doc_num_sentences,rps_doc_frac_chars_top_2gram,2036,0.059495839716643385
A2,C_weighted_hierarchical,rps_doc_num_sentences,rps_doc_frac_chars_top_3gram,2036,0.06090501436784366
A2,C_weighted_hierarchical,rps_doc_num_sentences,rps_lines_uppercase_letter_fraction,2036,0.2158502904745825
A2,C_weighted_hierarchical,rps_doc_num_sentences,rps_lines_ending_with_terminal_punctution_mark,2036,0.6476300132766454
A2,C_weighted_hierarchical,rps_doc_num_sentences,rps_lines_numerical_chars_fraction,2036,0.63531206352069
A2,C_weighted_hierarchical,rps_doc_num_sentences,rps_doc_mean_word_length,2036,0.8314857707744966
A2,C_weighted_hierarchical,rps_doc_num_sentences,fineweb_edu,2036,0.34761344145229617
A2,C_weighted_hierarchical,rps_doc_num_sentences,fluency_en,2036,0.06920315006158675
A2,C_weighted_hierarchical,rps_doc_num_sentences,modernbert_cleanliness,2036,0.062424470493039355
A2,C_weighted_hierarchical,rps_doc_num_sentences,modernbert_readability,2036,0.07105391526737476
A2,C_weighted_hierarchical,rps_doc_num_sentences,modernbert_reasoning,2036,0.05511053418832116
A2,C_weighted_hierarchical,rps_doc_num_sentences,modernbert_professionalism,2036,0.054999308408126384
A2,C_weighted_hierarchical,rps_doc_num_sentences,qurater,2036,0.12042638032984405
A2,C_weighted_hierarchical,rps_doc_num_sentences,ad_en,2036,0.06651951428246639
A2,C_weighted_hierarchical,rps_doc_unigram_entropy,rps_doc_frac_unique_words,2036,0.9259055986385683
A2,C_weighted_hierarchical,rps_doc_unigram_entropy,rps_doc_frac_no_alph_words,2036,0.43788875437438607
A2,C_weighted_hierarchical,rps_doc_unigram_entropy,rps_doc_frac_chars_top_2gram,2036,0.03639523968949533
A2,C_weighted_hierarchical,rps_doc_unigram_entropy,rps_doc_frac_chars_top_3gram,2036,0.03437706997914492
A2,C_weighted_hierarchical,rps_doc_unigram_entropy,rps_lines_uppercase_letter_fraction,2036,0.2344885116007567
A2,C_weighted_hierarchical,rps_doc_unigram_entropy,rps_lines_ending_with_terminal_punctution_mark,2036,0.6723598038049484
A2,C_weighted_hierarchical,rps_doc_unigram_entropy,rps_lines_numerical_chars_fraction,2036,0.6647274714321894
A2,C_weighted_hierarchical,rps_doc_unigram_entropy,rps_doc_mean_word_length,2036,0.8608945235756386
A2,C_weighted_hierarchical,rps_doc_unigram_entropy,fineweb_edu,2036,0.37389015542500614
A2,C_weighted_hierarchical,rps_doc_unigram_entropy,fluency_en,2036,0.04365943503988749
A2,C_weighted_hierarchical,rps_doc_unigram_entropy,modernbert_cleanliness,2036,0.03199783804842906
A2,C_weighted_hierarchical,rps_doc_unigram_entropy,modernbert_readability,2036,0.07339221976829184
A2,C_weighted_hierarchical,rps_doc_unigram_entropy,modernbert_reasoning,2036,0.030290219544895976
A2,C_weighted_hierarchical,rps_doc_unigram_entropy,modernbert_professionalism,2036,0.02921327017613619
A2,C_weighted_hierarchical,rps_doc_unigram_entropy,qurater,2036,0.13231456584218443
A2,C_weighted_hierarchical,rps_doc_unigram_entropy,ad_en,2036,0.036671486725273206
A2,C_weighted_hierarchical,rps_doc_frac_unique_words,rps_doc_frac_no_alph_words,2036,0.49226580246960955
A2,C_weighted_hierarchical,rps_doc_frac_unique_words,rps_doc_frac_chars_top_2gram,2036,0.9082504901998404
A2,C_weighted_hierarchical,rps_doc_frac_unique_words,rps_doc_frac_chars_top_3gram,2036,0.9151723445749939
A2,C_weighted_hierarchical,rps_doc_frac_unique_words,rps_lines_uppercase_letter_fraction,2036,0.6979499622037696
A2,C_weighted_hierarchical,rps_doc_frac_unique_words,rps_lines_ending_with_terminal_punctution_mark,2036,0.25798948996193516
A2,C_weighted_hierarchical,rps_doc_frac_unique_words,rps_lines_numerical_chars_fraction,2036,0.2726130157650571
A2,C_weighted_hierarchical,rps_doc_frac_unique_words,rps_doc_mean_word_length,2036,0.07371102803348324
A2,C_weighted_hierarchical,rps_doc_frac_unique_words,fineweb_edu,2036,0.561120893257306
A2,C_weighted_hierarchical,rps_doc_frac_unique_words,fluency_en,2036,0.9275747722633227
A2,C_weighted_hierarchical,rps_doc_frac_unique_words,modernbert_cleanliness,2036,0.9447292485265226
A2,C_weighted_hierarchical,rps_doc_frac_unique_words,modernbert_readability,2036,0.8627817569875061
A2,C_weighted_hierarchical,rps_doc_frac_unique_words,modernbert_reasoning,2036,0.9549572538064833
A2,C_weighted_hierarchical,rps_doc_frac_unique_words,modernbert_professionalism,2036,0.9544605787236002
A2,C_weighted_hierarchical,rps_doc_frac_unique_words,qurater,2036,0.8053171573781311
A2,C_weighted_hierarchical,rps_doc_frac_unique_words,ad_en,2036,0.9416941584678905
A2,C_weighted_hierarchical,rps_doc_frac_no_alph_words,rps_doc_frac_chars_top_2gram,2036,0.41998998495825146
A2,C_weighted_hierarchical,rps_doc_frac_no_alph_words,rps_doc_frac_chars_top_3gram,2036,0.42677777783107196
A2,C_weighted_hierarchical,rps_doc_frac_no_alph_words,rps_lines_uppercase_letter_fraction,2036,0.253172748917915
A2,C_weighted_hierarchical,rps_doc_frac_no_alph_words,rps_lines_ending_with_terminal_punctution_mark,2036,0.2519302817833681
A2,C_weighted_hierarchical,rps_doc_frac_no_alph_words,rps_lines_numerical_chars_fraction,2036,0.3600783132616804
A2,C_weighted_hierarchical,rps_doc_frac_no_alph_words,rps_doc_mean_word_length,2036,0.4354769663632736
A2,C_weighted_hierarchical,rps_doc_frac_no_alph_words,fineweb_edu,2036,0.1815091266144938
A2,C_weighted_hierarchical,rps_doc_frac_no_alph_words,fluency_en,2036,0.4389173286602867
A2,C_weighted_hierarchical,rps_doc_frac_no_alph_words,modernbert_cleanliness,2036,0.45671006598032293
A2,C_weighted_hierarchical,rps_doc_frac_no_alph_words,modernbert_readability,2036,0.37365698673870335
A2,C_weighted_hierarchical,rps_doc_frac_no_alph_words,modernbert_reasoning,2036,0.4671289410244505
A2,C_weighted_hierarchical,rps_doc_frac_no_alph_words,modernbert_professionalism,2036,0.46636543198980845
A2,C_weighted_hierarchical,rps_doc_frac_no_alph_words,qurater,2036,0.3306896756814833
A2,C_weighted_hierarchical,rps_doc_frac_no_alph_words,ad_en,2036,0.4528770821502026
A2,C_weighted_hierarchical,rps_doc_frac_chars_top_2gram,rps_doc_frac_chars_top_3gram,2036,0.022940023006296814
A2,C_weighted_hierarchical,rps_doc_frac_chars_top_2gram,rps_lines_uppercase_letter_fraction,2036,0.22523264706954507
A2,C_weighted_hierarchical,rps_doc_frac_chars_top_2gram,rps_lines_ending_with_terminal_punctution_mark,2036,0.6574235777489563
A2,C_weighted_hierarchical,rps_doc_frac_chars_top_2gram,rps_lines_numerical_chars_fraction,2036,0.6580700827488029
A2,C_weighted_hierarchical,rps_doc_frac_chars_top_2gram,rps_doc_mean_word_length,2036,0.8493975506315999
A2,C_weighted_hierarchical,rps_doc_frac_chars_top_2gram,fineweb_edu,2036,0.3654287821651676
A2,C_weighted_hierarchical,rps_doc_frac_chars_top_2gram,fluency_en,2036,0.04662385202344134
A2,C_weighted_hierarchical,rps_doc_frac_chars_top_2gram,modernbert_cleanliness,2036,0.042807326101366804
A2,C_weighted_hierarchical,rps_doc_frac_chars_top_2gram,modernbert_readability,2036,0.061637368792400844
A2,C_weighted_hierarchical,rps_doc_frac_chars_top_2gram,modernbert_reasoning,2036,0.049101471666737014
A2,C_weighted_hierarchical,rps_doc_frac_chars_top_2gram,modernbert_professionalism,2036,0.04804277326362775
A2,C_weighted_hierarchical,rps_doc_frac_chars_top_2gram,qurater,2036,0.12719822492018665
A2,C_weighted_hierarchical,rps_doc_frac_chars_top_2gram,ad_en,2036,0.044952490006542396
A2,C_weighted_hierarchical,rps_doc_frac_chars_top_3gram,rps_lines_uppercase_letter_fraction,2036,0.2334819411481996
A2,C_weighted_hierarchical,rps_doc_frac_chars_top_3gram,rps_lines_ending_with_terminal_punctution_mark,2036,0.6654685269638692
A2,C_weighted_hierarchical,rps_doc_frac_chars_top_3gram,rps_lines_numerical_chars_fraction,2036,0.6668273086397962
A2,C_weighted_hierarchical,rps_doc_frac_chars_top_3gram,rps_doc_mean_word_length,2036,0.857869805896212
A2,C_weighted_hierarchical,rps_doc_frac_chars_top_3gram,fineweb_edu,2036,0.3732113941245088
A2,C_weighted_hierarchical,rps_doc_frac_chars_top_3gram,fluency_en,2036,0.0406259263194146
A2,C_weighted_hierarchical,rps_doc_frac_chars_top_3gram,modernbert_cleanliness,2036,0.03732610076724429
A2,C_weighted_hierarchical,rps_doc_frac_chars_top_3gram,modernbert_readability,2036,0.06766527996550374
A2,C_weighted_hierarchical,rps_doc_frac_chars_top_3gram,modernbert_reasoning,2036,0.04384751310517137
A2,C_weighted_hierarchical,rps_doc_frac_chars_top_3gram,modernbert_professionalism,2036,0.04211078786194208
A2,C_weighted_hierarchical,rps_doc_frac_chars_top_3gram,qurater,2036,0.13390353339594332
A2,C_weighted_hierarchical,rps_doc_frac_chars_top_3gram,ad_en,2036,0.03691921721272946
A2,C_weighted_hierarchical,rps_lines_uppercase_letter_fraction,rps_lines_ending_with_terminal_punctution_mark,2036,0.466364532650571
A2,C_weighted_hierarchical,rps_lines_uppercase_letter_fraction,rps_lines_numerical_chars_fraction,2036,0.4651600775877947
A2,C_weighted_hierarchical,rps_lines_uppercase_letter_fraction,rps_doc_mean_word_length,2036,0.6313678614048687
A2,C_weighted_hierarchical,rps_lines_uppercase_letter_fraction,fineweb_edu,2036,0.23043694336896794
A2,C_weighted_hierarchical,rps_lines_uppercase_letter_fraction,fluency_en,2036,0.24649503516776156
A2,C_weighted_hierarchical,rps_lines_uppercase_letter_fraction,modernbert_cleanliness,2036,0.2580936334456348
A2,C_weighted_hierarchical,rps_lines_uppercase_letter_fraction,modernbert_readability,2036,0.1862174073464744
A2,C_weighted_hierarchical,rps_lines_uppercase_letter_fraction,modernbert_reasoning,2036,0.2580693213082484
A2,C_weighted_hierarchical,rps_lines_uppercase_letter_fraction,modernbert_professionalism,2036,0.25862130575423625
A2,C_weighted_hierarchical,rps_lines_uppercase_letter_fraction,qurater,2036,0.18487096160708805
A2,C_weighted_hierarchical,rps_lines_uppercase_letter_fraction,ad_en,2036,0.2557486363618922
A2,C_weighted_hierarchical,rps_lines_ending_with_terminal_punctution_mark,rps_lines_numerical_chars_fraction,2036,0.22144951661115544
A2,C_weighted_hierarchical,rps_lines_ending_with_terminal_punctution_mark,rps_doc_mean_word_length,2036,0.20540977133280636
A2,C_weighted_hierarchical,rps_lines_ending_with_terminal_punctution_mark,fineweb_edu,2036,0.3212604335342737
A2,C_weighted_hierarchical,rps_lines_ending_with_terminal_punctution_mark,fluency_en,2036,0.6774049770152873
A2,C_weighted_hierarchical,rps_lines_ending_with_terminal_punctution_mark,modernbert_cleanliness,2036,0.6935106438597434
A2,C_weighted_hierarchical,rps_lines_ending_with_terminal_punctution_mark,modernbert_readability,2036,0.6121040748940938
A2,C_weighted_hierarchical,rps_lines_ending_with_terminal_punctution_mark,modernbert_reasoning,2036,0.701199514692565
A2,C_weighted_hierarchical,rps_lines_ending_with_terminal_punctution_mark,modernbert_professionalism,2036,0.7009283339344916
A2,C_weighted_hierarchical,rps_lines_ending_with_terminal_punctution_mark,qurater,2036,0.5534518078877088
A2,C_weighted_hierarchical,rps_lines_ending_with_terminal_punctution_mark,ad_en,2036,0.6917617887785487
A2,C_weighted_hierarchical,rps_lines_numerical_chars_fraction,rps_doc_mean_word_length,2036,0.21426658405536284
A2,C_weighted_hierarchical,rps_lines_numerical_chars_fraction,fineweb_edu,2036,0.35843680930746563
A2,C_weighted_hierarchical,rps_lines_numerical_chars_fraction,fluency_en,2036,0.6744956745380034
A2,C_weighted_hierarchical,rps_lines_numerical_chars_fraction,modernbert_cleanliness,2036,0.6908005750015349
A2,C_weighted_hierarchical,rps_lines_numerical_chars_fraction,modernbert_readability,2036,0.6154664045232686
A2,C_weighted_hierarchical,rps_lines_numerical_chars_fraction,modernbert_reasoning,2036,0.6854173701498035
A2,C_weighted_hierarchical,rps_lines_numerical_chars_fraction,modernbert_professionalism,2036,0.6861654405275356
A2,C_weighted_hierarchical,rps_lines_numerical_chars_fraction,qurater,2036,0.5622539407846268
A2,C_weighted_hierarchical,rps_lines_numerical_chars_fraction,ad_en,2036,0.687488368545862
A2,C_weighted_hierarchical,rps_doc_mean_word_length,fineweb_edu,2036,0.49112681930332147
A2,C_weighted_hierarchical,rps_doc_mean_word_length,fluency_en,2036,0.8700013526062131
A2,C_weighted_hierarchical,rps_doc_mean_word_length,modernbert_cleanliness,2036,0.8856042888169204
A2,C_weighted_hierarchical,rps_doc_mean_word_length,modernbert_readability,2036,0.804659860307435
A2,C_weighted_hierarchical,rps_doc_mean_word_length,modernbert_reasoning,2036,0.8838166422366159
A2,C_weighted_hierarchical,rps_doc_mean_word_length,modernbert_professionalism,2036,0.8851567776123527
A2,C_weighted_hierarchical,rps_doc_mean_word_length,qurater,2036,0.7423608926049853
A2,C_weighted_hierarchical,rps_doc_mean_word_length,ad_en,2036,0.8844543936678844
A2,C_weighted_hierarchical,fineweb_edu,fluency_en,2036,0.38202389940063236
A2,C_weighted_hierarchical,fineweb_edu,modernbert_cleanliness,2036,0.3963765142474521
A2,C_weighted_hierarchical,fineweb_edu,modernbert_readability,2036,0.3220048166211321
A2,C_weighted_hierarchical,fineweb_edu,modernbert_reasoning,2036,0.39444611255218565
A2,C_weighted_hierarchical,fineweb_edu,modernbert_professionalism,2036,0.394990302724782
A2,C_weighted_hierarchical,fineweb_edu,qurater,2036,0.27223226550988455
A2,C_weighted_hierarchical,fineweb_edu,ad_en,2036,0.3959729507536223
A2,C_weighted_hierarchical,fluency_en,modernbert_cleanliness,2036,0.024840836440650327
A2,C_weighted_hierarchical,fluency_en,modernbert_readability,2036,0.08215975058804795
A2,C_weighted_hierarchical,fluency_en,modernbert_reasoning,2036,0.03117407890574637
A2,C_weighted_hierarchical,fluency_en,modernbert_professionalism,2036,0.029507638897549194
A2,C_weighted_hierarchical,fluency_en,qurater,2036,0.13359471529078157
A2,C_weighted_hierarchical,fluency_en,ad_en,2036,0.024999858354070096
A2,C_weighted_hierarchical,modernbert_cleanliness,modernbert_readability,2036,0.08515255671353143
A2,C_weighted_hierarchical,modernbert_cleanliness,modernbert_reasoning,2036,0.011227460647612986
A2,C_weighted_hierarchical,modernbert_cleanliness,modernbert_professionalism,2036,0.011156975871687553
A2,C_weighted_hierarchical,modernbert_cleanliness,qurater,2036,0.1461660089099337
A2,C_weighted_hierarchical,modernbert_cleanliness,ad_en,2036,0.013792242188819031
A2,C_weighted_hierarchical,modernbert_readability,modernbert_reasoning,2036,0.09473934810615944
A2,C_weighted_hierarchical,modernbert_readability,modernbert_professionalism,2036,0.09414385063006508
A2,C_weighted_hierarchical,modernbert_readability,qurater,2036,0.09721123446181622
A2,C_weighted_hierarchical,modernbert_readability,ad_en,2036,0.08915865585237215
A2,C_weighted_hierarchical,modernbert_reasoning,modernbert_professionalism,2036,0.001985482007909149
A2,C_weighted_hierarchical,modernbert_reasoning,qurater,2036,0.15031530533886142
A2,C_weighted_hierarchical,modernbert_reasoning,ad_en,2036,0.018214075879170056
A2,C_weighted_hierarchical,modernbert_professionalism,qurater,2036,0.14950503066387064
A2,C_weighted_hierarchical,modernbert_professionalism,ad_en,2036,0.016287651886406018
A2,C_weighted_hierarchical,qurater,ad_en,2036,0.14763298109612905
A2,C_equal_indicator,dsir_books,dsir_wiki,2012,0.0009358924022962749
A2,C_equal_indicator,dsir_books,dsir_math,2012,0.024351074491770083
A2,C_equal_indicator,dsir_books,rps_doc_word_count,2012,0.97979044677249
A2,C_equal_indicator,dsir_books,rps_doc_num_sentences,2012,0.9407095027491302
A2,C_equal_indicator,dsir_books,rps_doc_unigram_entropy,2012,0.9649021156265531
A2,C_equal_indicator,dsir_books,rps_doc_frac_unique_words,2012,0.04119930684448
A2,C_equal_indicator,dsir_books,rps_doc_frac_no_alph_words,2012,0.5305316538270378
A2,C_equal_indicator,dsir_books,rps_doc_frac_chars_top_2gram,2012,0.9450013784480616
A2,C_equal_indicator,dsir_books,rps_doc_frac_chars_top_3gram,2012,0.9506757065031685
A2,C_equal_indicator,dsir_books,rps_lines_uppercase_letter_fraction,2012,0.7377750100956759
A2,C_equal_indicator,dsir_books,rps_lines_ending_with_terminal_punctution_mark,2012,0.29180489572331636
A2,C_equal_indicator,dsir_books,rps_lines_numerical_chars_fraction,2012,0.28810699038192716
A2,C_equal_indicator,dsir_books,rps_doc_mean_word_length,2012,0.1097631663024781
A2,C_equal_indicator,dsir_books,fineweb_edu,2012,0.5756996715993103
A2,C_equal_indicator,dsir_books,fluency_en,2012,0.9556676663650907
A2,C_equal_indicator,dsir_books,modernbert_cleanliness,2012,0.9728821286150285
A2,C_equal_indicator,dsir_books,modernbert_readability,2012,0.8910839770944644
A2,C_equal_indicator,dsir_books,modernbert_reasoning,2012,0.9911894599201665
A2,C_equal_indicator,dsir_books,modernbert_professionalism,2012,0.9920069427186878
A2,C_equal_indicator,dsir_books,qurater,2012,0.8208237756080703
A2,C_equal_indicator,dsir_books,ad_en,2012,0.9760877484118725
A2,C_equal_indicator,dsir_wiki,dsir_math,2012,0.02402660529134762
A2,C_equal_indicator,dsir_wiki,rps_doc_word_count,2012,0.9791441779013419
A2,C_equal_indicator,dsir_wiki,rps_doc_num_sentences,2012,0.9400632338779821
A2,C_equal_indicator,dsir_wiki,rps_doc_unigram_entropy,2012,0.9642558467554051
A2,C_equal_indicator,dsir_wiki,rps_doc_frac_unique_words,2012,0.04129183031692656
A2,C_equal_indicator,dsir_wiki,rps_doc_frac_no_alph_words,2012,0.5298850209291128
A2,C_equal_indicator,dsir_wiki,rps_doc_frac_chars_top_2gram,2012,0.9443546242078777
A2,C_equal_indicator,dsir_wiki,rps_doc_frac_chars_top_3gram,2012,0.9500283455516899
A2,C_equal_indicator,dsir_wiki,rps_lines_uppercase_letter_fraction,2012,0.7371210966622143
A2,C_equal_indicator,dsir_wiki,rps_lines_ending_with_terminal_punctution_mark,2012,0.29115862685216826
A2,C_equal_indicator,dsir_wiki,rps_lines_numerical_chars_fraction,2012,0.28756798806768763
A2,C_equal_indicator,dsir_wiki,rps_doc_mean_word_length,2012,0.10935010966913364
A2,C_equal_indicator,dsir_wiki,fineweb_edu,2012,0.5750534633992918
A2,C_equal_indicator,dsir_wiki,fluency_en,2012,0.9550737566786779
A2,C_equal_indicator,dsir_wiki,modernbert_cleanliness,2012,0.972235799072751
A2,C_equal_indicator,dsir_wiki,modernbert_readability,2012,0.8904375262099279
A2,C_equal_indicator,dsir_wiki,modernbert_reasoning,2012,0.9905431910490183
A2,C_equal_indicator,dsir_wiki,modernbert_professionalism,2012,0.9913603704918924
A2,C_equal_indicator,dsir_wiki,qurater,2012,0.8201797515687127
A2,C_equal_indicator,dsir_wiki,ad_en,2012,0.975440144775876
A2,C_equal_indicator,dsir_math,rps_doc_word_count,2012,0.9558275347912525
A2,C_equal_indicator,dsir_math,rps_doc_num_sentences,2012,0.9167465907678927
A2,C_equal_indicator,dsir_math,rps_doc_unigram_entropy,2012,0.9409392036453156
A2,C_equal_indicator,dsir_math,rps_doc_frac_unique_words,2012,0.050635309389997905
A2,C_equal_indicator,dsir_math,rps_doc_frac_no_alph_words,2012,0.5066276231769539
A2,C_equal_indicator,dsir_math,rps_doc_frac_chars_top_2gram,2012,0.9210573958592196
A2,C_equal_indicator,dsir_math,rps_doc_frac_chars_top_3gram,2012,0.9267457996163643
A2,C_equal_indicator,dsir_math,rps_lines_uppercase_letter_fraction,2012,0.7138937614547093
A2,C_equal_indicator,dsir_math,rps_lines_ending_with_terminal_punctution_mark,2012,0.269332248695328
A2,C_equal_indicator,dsir_math,rps_lines_numerical_chars_fraction,2012,0.2694609321609406
A2,C_equal_indicator,dsir_math,rps_doc_mean_word_length,2012,0.10705525453237606
A2,C_equal_indicator,dsir_math,fineweb_edu,2012,0.5517484691460611
A2,C_equal_indicator,dsir_math,fluency_en,2012,0.9317117315637425
A2,C_equal_indicator,dsir_math,modernbert_cleanliness,2012,0.9489357798521372
A2,C_equal_indicator,dsir_math,modernbert_readability,2012,0.8671340487349342
A2,C_equal_indicator,dsir_math,modernbert_reasoning,2012,0.9672265479389289
A2,C_equal_indicator,dsir_math,modernbert_professionalism,2012,0.968049127112326
A2,C_equal_indicator,dsir_math,qurater,2012,0.7974213435209058
A2,C_equal_indicator,dsir_math,ad_en,2012,0.9521591762899168
A2,C_equal_indicator,rps_doc_word_count,rps_doc_num_sentences,2012,0.04435374675166773
A2,C_equal_indicator,rps_doc_word_count,rps_doc_unigram_entropy,2012,0.02864281747260577
A2,C_equal_indicator,rps_doc_word_count,rps_doc_frac_unique_words,2012,0.9428298980530877
A2,C_equal_indicator,rps_doc_word_count,rps_doc_frac_no_alph_words,2012,0.44926837898390903
A2,C_equal_indicator,rps_doc_word_count,rps_doc_frac_chars_top_2gram,2012,0.04449896689200733
A2,C_equal_indicator,rps_doc_word_count,rps_doc_frac_chars_top_3gram,2012,0.04013566610590364
A2,C_equal_indicator,rps_doc_word_count,rps_lines_uppercase_letter_fraction,2012,0.2462429403073745
A2,C_equal_indicator,rps_doc_word_count,rps_lines_ending_with_terminal_punctution_mark,2012,0.6879856117203031
A2,C_equal_indicator,rps_doc_word_count,rps_lines_numerical_chars_fraction,2012,0.698043186195328
A2,C_equal_indicator,rps_doc_word_count,rps_doc_mean_word_length,2012,0.8752977739034543
A2,C_equal_indicator,rps_doc_word_count,fineweb_edu,2012,0.4081785835281281
A2,C_equal_indicator,rps_doc_word_count,fluency_en,2012,0.04358284421279938
A2,C_equal_indicator,rps_doc_word_count,modernbert_cleanliness,2012,0.03170227672660327
A2,C_equal_indicator,rps_doc_word_count,modernbert_readability,2012,0.08999137044189938
A2,C_equal_indicator,rps_doc_word_count,modernbert_reasoning,2012,0.019638747865589664
A2,C_equal_indicator,rps_doc_word_count,modernbert_professionalism,2012,0.017067255130108025
A2,C_equal_indicator,rps_doc_word_count,qurater,2012,0.16123234348790072
A2,C_equal_indicator,rps_doc_word_count,ad_en,2012,0.028789203636214938
A2,C_equal_indicator,rps_doc_num_sentences,rps_doc_unigram_entropy,2012,0.051602585415242916
A2,C_equal_indicator,rps_doc_num_sentences,rps_doc_frac_unique_words,2012,0.9037489540297279
A2,C_equal_indicator,rps_doc_num_sentences,rps_doc_frac_no_alph_words,2012,0.4101874349605492
A2,C_equal_indicator,rps_doc_num_sentences,rps_doc_frac_chars_top_2gram,2012,0.06244601027866007
A2,C_equal_indicator,rps_doc_num_sentences,rps_doc_frac_chars_top_3gram,2012,0.06329950139252376
A2,C_equal_indicator,rps_doc_num_sentences,rps_lines_uppercase_letter_fraction,2012,0.21602809595066322
A2,C_equal_indicator,rps_doc_num_sentences,rps_lines_ending_with_terminal_punctution_mark,2012,0.6489046070258139
A2,C_equal_indicator,rps_doc_num_sentences,rps_lines_numerical_chars_fraction,2012,0.6572988824863321
A2,C_equal_indicator,rps_doc_num_sentences,rps_doc_mean_word_length,2012,0.8335994773546223
A2,C_equal_indicator,rps_doc_num_sentences,fineweb_edu,2012,0.3710050488087102
A2,C_equal_indicator,rps_doc_num_sentences,fluency_en,2012,0.077337185383791
A2,C_equal_indicator,rps_doc_num_sentences,modernbert_cleanliness,2012,0.07242466678202271
A2,C_equal_indicator,rps_doc_num_sentences,modernbert_readability,2012,0.07875480424338734
A2,C_equal_indicator,rps_doc_num_sentences,modernbert_reasoning,2012,0.059174349957384596
A2,C_equal_indicator,rps_doc_num_sentences,modernbert_professionalism,2012,0.05784088953825873
A2,C_equal_indicator,rps_doc_num_sentences,qurater,2012,0.1417334918710394
A2,C_equal_indicator,rps_doc_num_sentences,ad_en,2012,0.0689395426755871
A2,C_equal_indicator,rps_doc_unigram_entropy,rps_doc_frac_unique_words,2012,0.9279415669071508
A2,C_equal_indicator,rps_doc_unigram_entropy,rps_doc_frac_no_alph_words,2012,0.43438001750240746
A2,C_equal_indicator,rps_doc_unigram_entropy,rps_doc_frac_chars_top_2gram,2012,0.037884702739374304
A2,C_equal_indicator,rps_doc_unigram_entropy,rps_doc_frac_chars_top_3gram,2012,0.035718769960801595
A2,C_equal_indicator,rps_doc_unigram_entropy,rps_lines_uppercase_letter_fraction,2012,0.2355322714591358
A2,C_equal_indicator,rps_doc_unigram_entropy,rps_lines_ending_with_terminal_punctution_mark,2012,0.6732429519562314
A2,C_equal_indicator,rps_doc_unigram_entropy,rps_lines_numerical_chars_fraction,2012,0.6874861063113507
A2,C_equal_indicator,rps_doc_unigram_entropy,rps_doc_mean_word_length,2012,0.8636807087164513
A2,C_equal_indicator,rps_doc_unigram_entropy,fineweb_edu,2012,0.39836096337016963
A2,C_equal_indicator,rps_doc_unigram_entropy,fluency_en,2012,0.051485323289753665
A2,C_equal_indicator,rps_doc_unigram_entropy,modernbert_cleanliness,2012,0.04172813916064162
A2,C_equal_indicator,rps_doc_unigram_entropy,modernbert_readability,2012,0.08192856411336667
A2,C_equal_indicator,rps_doc_unigram_entropy,modernbert_reasoning,2012,0.03450951851148966
A2,C_equal_indicator,rps_doc_unigram_entropy,modernbert_professionalism,2012,0.031567219000450425
A2,C_equal_indicator,rps_doc_unigram_entropy,qurater,2012,0.1553018012530287
A2,C_equal_indicator,rps_doc_unigram_entropy,ad_en,2012,0.03817267446347307
A2,C_equal_indicator,rps_doc_frac_unique_words,rps_doc_frac_no_alph_words,2012,0.49695018366364313
A2,C_equal_indicator,rps_doc_frac_unique_words,rps_doc_frac_chars_top_2gram,2012,0.9097787542324179
A2,C_equal_indicator,rps_doc_frac_unique_words,rps_doc_frac_chars_top_3gram,2012,0.916864474772459
A2,C_equal_indicator,rps_doc_frac_unique_words,rps_lines_uppercase_letter_fraction,2012,0.7006765558989811
A2,C_equal_indicator,rps_doc_frac_unique_words,rps_lines_ending_with_terminal_punctution_mark,2012,0.25837255519616675
A2,C_equal_indicator,rps_doc_frac_unique_words,rps_lines_numerical_chars_fraction,2012,0.2516001100331604
A2,C_equal_indicator,rps_doc_frac_unique_words,rps_doc_mean_word_length,2012,0.07324367394267209
A2,C_equal_indicator,rps_doc_frac_unique_words,fineweb_edu,2012,0.5390449053724528
A2,C_equal_indicator,rps_doc_frac_unique_words,fluency_en,2012,0.9220539798319458
A2,C_equal_indicator,rps_doc_frac_unique_words,modernbert_cleanliness,2012,0.9373764735803927
A2,C_equal_indicator,rps_doc_frac_unique_words,modernbert_readability,2012,0.8563199659465085
A2,C_equal_indicator,rps_doc_frac_unique_words,modernbert_reasoning,2012,0.9543193718548086
A2,C_equal_indicator,rps_doc_frac_unique_words,modernbert_professionalism,2012,0.9551870903485338
A2,C_equal_indicator,rps_doc_frac_unique_words,qurater,2012,0.7838820956099342
A2,C_equal_indicator,rps_doc_frac_unique_words,ad_en,2012,0.9429878250031064
A2,C_equal_indicator,rps_doc_frac_no_alph_words,rps_doc_frac_chars_top_2gram,2012,0.4166618938711481
A2,C_equal_indicator,rps_doc_frac_no_alph_words,rps_doc_frac_chars_top_3gram,2012,0.42391003102478875
A2,C_equal_indicator,rps_doc_frac_no_alph_words,rps_lines_uppercase_letter_fraction,2012,0.2532002807374503
A2,C_equal_indicator,rps_doc_frac_no_alph_words,rps_lines_ending_with_terminal_punctution_mark,2012,0.2561567848766774
A2,C_equal_indicator,rps_doc_frac_no_alph_words,rps_lines_numerical_chars_fraction,2012,0.3609037304493352
A2,C_equal_indicator,rps_doc_frac_no_alph_words,rps_doc_mean_word_length,2012,0.4417934531482977
A2,C_equal_indicator,rps_doc_frac_no_alph_words,fineweb_edu,2012,0.17824066040767117
A2,C_equal_indicator,rps_doc_frac_no_alph_words,fluency_en,2012,0.432057162639398
A2,C_equal_indicator,rps_doc_frac_no_alph_words,modernbert_cleanliness,2012,0.44990724597726145
A2,C_equal_indicator,rps_doc_frac_no_alph_words,modernbert_readability,2012,0.3650845173102013
A2,C_equal_indicator,rps_doc_frac_no_alph_words,modernbert_reasoning,2012,0.46403081753618913
A2,C_equal_indicator,rps_doc_frac_no_alph_words,modernbert_professionalism,2012,0.462909281372313
A2,C_equal_indicator,rps_doc_frac_no_alph_words,qurater,2012,0.32341425082318587
A2,C_equal_indicator,rps_doc_frac_no_alph_words,ad_en,2012,0.4495366363828746
A2,C_equal_indicator,rps_doc_frac_chars_top_2gram,rps_doc_frac_chars_top_3gram,2012,0.02237159926185077
A2,C_equal_indicator,rps_doc_frac_chars_top_2gram,rps_lines_uppercase_letter_fraction,2012,0.22949819394181784
A2,C_equal_indicator,rps_doc_frac_chars_top_2gram,rps_lines_ending_with_terminal_punctution_mark,2012,0.6600666994128976
A2,C_equal_indicator,rps_doc_frac_chars_top_2gram,rps_lines_numerical_chars_fraction,2012,0.682188909997049
A2,C_equal_indicator,rps_doc_frac_chars_top_2gram,rps_doc_mean_word_length,2012,0.8537519997204275
A2,C_equal_indicator,rps_doc_frac_chars_top_2gram,fineweb_edu,2012,0.3926616994808493
A2,C_equal_indicator,rps_doc_frac_chars_top_2gram,fluency_en,2012,0.05154100421882766
A2,C_equal_indicator,rps_doc_frac_chars_top_2gram,modernbert_cleanliness,2012,0.05152814193937935
A2,C_equal_indicator,rps_doc_frac_chars_top_2gram,modernbert_readability,2012,0.06957546711916004
A2,C_equal_indicator,rps_doc_frac_chars_top_2gram,modernbert_reasoning,2012,0.054087071959114455
A2,C_equal_indicator,rps_doc_frac_chars_top_2gram,modernbert_professionalism,2012,0.050069304631197194
A2,C_equal_indicator,rps_doc_frac_chars_top_2gram,qurater,2012,0.15139831178941973
A2,C_equal_indicator,rps_doc_frac_chars_top_2gram,ad_en,2012,0.0435422248916171
A2,C_equal_indicator,rps_doc_frac_chars_top_3gram,rps_lines_uppercase_letter_fraction,2012,0.23739529983186816
A2,C_equal_indicator,rps_doc_frac_chars_top_3gram,rps_lines_ending_with_terminal_punctution_mark,2012,0.6679129325608847
A2,C_equal_indicator,rps_doc_frac_chars_top_3gram,rps_lines_numerical_chars_fraction,2012,0.6910232938307654
A2,C_equal_indicator,rps_doc_frac_chars_top_3gram,rps_doc_mean_word_length,2012,0.8621501581332318
A2,C_equal_indicator,rps_doc_frac_chars_top_3gram,fineweb_edu,2012,0.40048703142473285
A2,C_equal_indicator,rps_doc_frac_chars_top_3gram,fluency_en,2012,0.04629894658538029
A2,C_equal_indicator,rps_doc_frac_chars_top_3gram,modernbert_cleanliness,2012,0.04613611664971111
A2,C_equal_indicator,rps_doc_frac_chars_top_3gram,modernbert_readability,2012,0.0760507147544421
A2,C_equal_indicator,rps_doc_frac_chars_top_3gram,modernbert_reasoning,2012,0.0485475816973161
A2,C_equal_indicator,rps_doc_frac_chars_top_3gram,modernbert_professionalism,2012,0.04379650897107589
A2,C_equal_indicator,rps_doc_frac_chars_top_3gram,qurater,2012,0.15842920079619938
A2,C_equal_indicator,rps_doc_frac_chars_top_3gram,ad_en,2012,0.03570347325228317
A2,C_equal_indicator,rps_lines_uppercase_letter_fraction,rps_lines_ending_with_terminal_punctution_mark,2012,0.46935932015329895
A2,C_equal_indicator,rps_lines_uppercase_letter_fraction,rps_lines_numerical_chars_fraction,2012,0.47790084444504843
A2,C_equal_indicator,rps_lines_uppercase_letter_fraction,rps_doc_mean_word_length,2012,0.6331753133542495
A2,C_equal_indicator,rps_lines_uppercase_letter_fraction,fineweb_edu,2012,0.2432844643564395
A2,C_equal_indicator,rps_lines_uppercase_letter_fraction,fluency_en,2012,0.24744577578474466
A2,C_equal_indicator,rps_lines_uppercase_letter_fraction,modernbert_cleanliness,2012,0.2597321345365308
A2,C_equal_indicator,rps_lines_uppercase_letter_fraction,modernbert_readability,2012,0.1876951183523857
A2,C_equal_indicator,rps_lines_uppercase_letter_fraction,modernbert_reasoning,2012,0.25933052199498324
A2,C_equal_indicator,rps_lines_uppercase_letter_fraction,modernbert_professionalism,2012,0.259872952228038
A2,C_equal_indicator,rps_lines_uppercase_letter_fraction,qurater,2012,0.19369073037361767
A2,C_equal_indicator,rps_lines_uppercase_letter_fraction,ad_en,2012,0.2596331192532306
A2,C_equal_indicator,rps_lines_ending_with_terminal_punctution_mark,rps_lines_numerical_chars_fraction,2012,0.20705187818402088
A2,C_equal_indicator,rps_lines_ending_with_terminal_punctution_mark,rps_doc_mean_word_length,2012,0.20560684355779385
A2,C_equal_indicator,rps_lines_ending_with_terminal_punctution_mark,fineweb_edu,2012,0.30066099982138417
A2,C_equal_indicator,rps_lines_ending_with_terminal_punctution_mark,fluency_en,2012,0.6720204893684767
A2,C_equal_indicator,rps_lines_ending_with_terminal_punctution_mark,modernbert_cleanliness,2012,0.6861562558244284
A2,C_equal_indicator,rps_lines_ending_with_terminal_punctution_mark,modernbert_readability,2012,0.6058913850879101
A2,C_equal_indicator,rps_lines_ending_with_terminal_punctution_mark,modernbert_reasoning,2012,0.6994395929112823
A2,C_equal_indicator,rps_lines_ending_with_terminal_punctution_mark,modernbert_professionalism,2012,0.7013630497289699
A2,C_equal_indicator,rps_lines_ending_with_terminal_punctution_mark,qurater,2012,0.5345050060962351
A2,C_equal_indicator,rps_lines_ending_with_terminal_punctution_mark,ad_en,2012,0.6937942049849342
A2,C_equal_indicator,rps_lines_numerical_chars_fraction,rps_doc_mean_word_length,2012,0.19388915530255965
A2,C_equal_indicator,rps_lines_numerical_chars_fraction,fineweb_edu,2012,0.3503405227812811
A2,C_equal_indicator,rps_lines_numerical_chars_fraction,fluency_en,2012,0.6942751450282679
A2,C_equal_indicator,rps_lines_numerical_chars_fraction,modernbert_cleanliness,2012,0.7086185280892768
A2,C_equal_indicator,rps_lines_numerical_chars_fraction,modernbert_readability,2012,0.6309457706883698
A2,C_equal_indicator,rps_lines_numerical_chars_fraction,modernbert_reasoning,2012,0.708835245363755
A2,C_equal_indicator,rps_lines_numerical_chars_fraction,modernbert_professionalism,2012,0.7091031084003789
A2,C_equal_indicator,rps_lines_numerical_chars_fraction,qurater,2012,0.5653388628191787
A2,C_equal_indicator,rps_lines_numerical_chars_fraction,ad_en,2012,0.7117603825290445
A2,C_equal_indicator,rps_doc_mean_word_length,fineweb_edu,2012,0.4693097518405194
A2,C_equal_indicator,rps_doc_mean_word_length,fluency_en,2012,0.8670887274012177
A2,C_equal_indicator,rps_doc_mean_word_length,modernbert_cleanliness,2012,0.8804631318534107
A2,C_equal_indicator,rps_doc_mean_word_length,modernbert_readability,2012,0.8006986159216576
A2,C_equal_indicator,rps_doc_mean_word_length,modernbert_reasoning,2012,0.8833090325236084
A2,C_equal_indicator,rps_doc_mean_word_length,modernbert_professionalism,2012,0.8859511388699056
A2,C_equal_indicator,rps_doc_mean_word_length,qurater,2012,0.7221620836504411
A2,C_equal_indicator,rps_doc_mean_word_length,ad_en,2012,0.8883370917075671
A2,C_equal_indicator,fineweb_edu,fluency_en,2012,0.4017703774909139
A2,C_equal_indicator,fineweb_edu,modernbert_cleanliness,2012,0.4144299850312189
A2,C_equal_indicator,fineweb_edu,modernbert_readability,2012,0.3403743190272428
A2,C_equal_indicator,fineweb_edu,modernbert_reasoning,2012,0.4165071218198621
A2,C_equal_indicator,fineweb_edu,modernbert_professionalism,2012,0.41925582734064365
A2,C_equal_indicator,fineweb_edu,qurater,2012,0.27965841426053056
A2,C_equal_indicator,fineweb_edu,ad_en,2012,0.4232423755805014
A2,C_equal_indicator,fluency_en,modernbert_cleanliness,2012,0.03184437988766619
A2,C_equal_indicator,fluency_en,modernbert_readability,2012,0.08969721405453995
A2,C_equal_indicator,fluency_en,modernbert_reasoning,2012,0.03893783599671502
A2,C_equal_indicator,fluency_en,modernbert_professionalism,2012,0.03684972152558283
A2,C_equal_indicator,fluency_en,qurater,2012,0.15201157556613445
A2,C_equal_indicator,fluency_en,ad_en,2012,0.03183718656687803
A2,C_equal_indicator,modernbert_cleanliness,modernbert_readability,2012,0.09319237164901217
A2,C_equal_indicator,modernbert_cleanliness,modernbert_reasoning,2012,0.019380975196186163
A2,C_equal_indicator,modernbert_cleanliness,modernbert_professionalism,2012,0.020991412593166586
A2,C_equal_indicator,modernbert_cleanliness,qurater,2012,0.16306078931683338
A2,C_equal_indicator,modernbert_cleanliness,ad_en,2012,0.023722961456116815
A2,C_equal_indicator,modernbert_readability,modernbert_reasoning,2012,0.10424254097000031
A2,C_equal_indicator,modernbert_readability,modernbert_professionalism,2012,0.10365015564571554
A2,C_equal_indicator,modernbert_readability,qurater,2012,0.11135570002834555
A2,C_equal_indicator,modernbert_readability,ad_en,2012,0.09764896946446322
A2,C_equal_indicator,modernbert_reasoning,modernbert_professionalism,2012,0.005224543110750778
A2,C_equal_indicator,modernbert_reasoning,qurater,2012,0.17166061856400658
A2,C_equal_indicator,modernbert_reasoning,ad_en,2012,0.023616265587019875
A2,C_equal_indicator,modernbert_professionalism,qurater,2012,0.1728417944481548
A2,C_equal_indicator,modernbert_professionalism,ad_en,2012,0.01854300261965803
A2,C_equal_indicator,qurater,ad_en,2012,0.17257050349271558
A3,C_weighted_hierarchical,dsir_books,dsir_wiki,33403,9.382005202228843e-05
A3,C_weighted_hierarchical,dsir_books,dsir_math,33403,0.0029384698303353304
A3,C_weighted_hierarchical,dsir_books,rps_doc_word_count,33403,0.8053751454625847
A3,C_weighted_hierarchical,dsir_books,rps_doc_num_sentences,33403,0.8374419545669083
A3,C_weighted_hierarchical,dsir_books,rps_doc_unigram_entropy,33403,0.7405016137123023
A3,C_weighted_hierarchical,dsir_books,rps_doc_frac_unique_words,33403,0.2353083291881881
A3,C_weighted_hierarchical,dsir_books,rps_doc_frac_no_alph_words,33403,0.3449837948124455
A3,C_weighted_hierarchical,dsir_books,rps_doc_frac_chars_top_2gram,33403,0.1635298025314349
A3,C_weighted_hierarchical,dsir_books,rps_doc_frac_chars_top_3gram,33403,0.09783642960748169
A3,C_weighted_hierarchical,dsir_books,rps_lines_uppercase_letter_fraction,33403,0.4497196245588907
A3,C_weighted_hierarchical,dsir_books,rps_lines_ending_with_terminal_punctution_mark,33403,0.7099042959321463
A3,C_weighted_hierarchical,dsir_books,rps_lines_numerical_chars_fraction,33403,0.946692377286939
A3,C_weighted_hierarchical,dsir_books,rps_doc_mean_word_length,33403,0.6210578566942551
A3,C_weighted_hierarchical,dsir_books,fineweb_edu,33403,0.7676750361032552
A3,C_weighted_hierarchical,dsir_books,fluency_en,33403,0.58162381114194
A3,C_weighted_hierarchical,dsir_books,modernbert_cleanliness,33403,0.8302072137250724
A3,C_weighted_hierarchical,dsir_books,modernbert_readability,33403,0.7262697274951211
A3,C_weighted_hierarchical,dsir_books,modernbert_reasoning,33403,0.950686809684946
A3,C_weighted_hierarchical,dsir_books,modernbert_professionalism,33403,0.3990468356194148
A3,C_weighted_hierarchical,dsir_books,qurater,33403,0.768369849811745
A3,C_weighted_hierarchical,dsir_books,ad_en,33403,0.029926840796412255
A3,C_weighted_hierarchical,dsir_wiki,dsir_math,33403,0.0029041765906962576
A3,C_weighted_hierarchical,dsir_wiki,rps_doc_word_count,33403,0.8053408135298008
A3,C_weighted_hierarchical,dsir_wiki,rps_doc_num_sentences,33403,0.8374076500426608
A3,C_weighted_hierarchical,dsir_wiki,rps_doc_unigram_entropy,33403,0.7404672954837865
A3,C_weighted_hierarchical,dsir_wiki,rps_doc_frac_unique_words,33403,0.2352751776497082
A3,C_weighted_hierarchical,dsir_wiki,rps_doc_frac_no_alph_words,33403,0.3449497867572009
A3,C_weighted_hierarchical,dsir_wiki,rps_doc_frac_chars_top_2gram,33403,0.1635168373800661
A3,C_weighted_hierarchical,dsir_wiki,rps_doc_frac_chars_top_3gram,33403,0.09783652827821299
A3,C_weighted_hierarchical,dsir_wiki,rps_lines_uppercase_letter_fraction,33403,0.44969014576429794
A3,C_weighted_hierarchical,dsir_wiki,rps_lines_ending_with_terminal_punctution_mark,33403,0.7098702170715159
A3,C_weighted_hierarchical,dsir_wiki,rps_lines_numerical_chars_fraction,33403,0.9466581421976507
A3,C_weighted_hierarchical,dsir_wiki,rps_doc_mean_word_length,33403,0.6210156100897561
A3,C_weighted_hierarchical,dsir_wiki,fineweb_edu,33403,0.7676407334062435
A3,C_weighted_hierarchical,dsir_wiki,fluency_en,33403,0.5815921268737791
A3,C_weighted_hierarchical,dsir_wiki,modernbert_cleanliness,33403,0.8301729238187111
A3,C_weighted_hierarchical,dsir_wiki,modernbert_readability,33403,0.7262354686517678
A3,C_weighted_hierarchical,dsir_wiki,modernbert_reasoning,33403,0.9506524338985037
A3,C_weighted_hierarchical,dsir_wiki,modernbert_professionalism,33403,0.39901943256465083
A3,C_weighted_hierarchical,dsir_wiki,qurater,33403,0.7683355160517253
A3,C_weighted_hierarchical,dsir_wiki,ad_en,33403,0.029930038516101688
A3,C_weighted_hierarchical,dsir_math,rps_doc_word_count,33403,0.8024369064992057
A3,C_weighted_hierarchical,dsir_math,rps_doc_num_sentences,33403,0.834503772247838
A3,C_weighted_hierarchical,dsir_math,rps_doc_unigram_entropy,33403,0.7375633884531915
A3,C_weighted_hierarchical,dsir_math,rps_doc_frac_unique_words,33403,0.23257848737739686
A3,C_weighted_hierarchical,dsir_math,rps_doc_frac_no_alph_words,33403,0.3421283460743316
A3,C_weighted_hierarchical,dsir_math,rps_doc_frac_chars_top_2gram,33403,0.1624821982469237
A3,C_weighted_hierarchical,dsir_math,rps_doc_frac_chars_top_3gram,33403,0.09808480279572626
A3,C_weighted_hierarchical,dsir_math,rps_lines_uppercase_letter_fraction,33403,0.4473175166684832
A3,C_weighted_hierarchical,dsir_math,rps_lines_ending_with_terminal_punctution_mark,33403,0.7069775128233944
A3,C_weighted_hierarchical,dsir_math,rps_lines_numerical_chars_fraction,33403,0.9437817551649085
A3,C_weighted_hierarchical,dsir_math,rps_doc_mean_word_length,33403,0.618987966760798
A3,C_weighted_hierarchical,dsir_math,fineweb_edu,33403,0.7647377180667015
A3,C_weighted_hierarchical,dsir_math,fluency_en,33403,0.5788253858639545
A3,C_weighted_hierarchical,dsir_math,modernbert_cleanliness,33403,0.827269279910066
A3,C_weighted_hierarchical,dsir_math,modernbert_readability,33403,0.7233337826262447
A3,C_weighted_hierarchical,dsir_math,modernbert_reasoning,33403,0.9477485707215669
A3,C_weighted_hierarchical,dsir_math,modernbert_professionalism,33403,0.3965701317425292
A3,C_weighted_hierarchical,dsir_math,qurater,33403,0.7654316382569024
A3,C_weighted_hierarchical,dsir_math,ad_en,33403,0.030326302228629032
A3,C_weighted_hierarchical,rps_doc_word_count,rps_doc_num_sentences,33403,0.1013989788441766
A3,C_weighted_hierarchical,rps_doc_word_count,rps_doc_unigram_entropy,33403,0.07234642719275308
A3,C_weighted_hierarchical,rps_doc_word_count,rps_doc_frac_unique_words,33403,0.5791393661807369
A3,C_weighted_hierarchical,rps_doc_word_count,rps_doc_frac_no_alph_words,33403,0.47881506874265595
A3,C_weighted_hierarchical,rps_doc_word_count,rps_doc_frac_chars_top_2gram,33403,0.670268241243477
A3,C_weighted_hierarchical,rps_doc_word_count,rps_doc_frac_chars_top_3gram,33403,0.7359471088847162
A3,C_weighted_hierarchical,rps_doc_word_count,rps_lines_uppercase_letter_fraction,33403,0.3751059349070794
A3,C_weighted_hierarchical,rps_doc_word_count,rps_lines_ending_with_terminal_punctution_mark,33403,0.22209436403892427
A3,C_weighted_hierarchical,rps_doc_word_count,rps_lines_numerical_chars_fraction,33403,0.1812803009593251
A3,C_weighted_hierarchical,rps_doc_word_count,rps_doc_mean_word_length,33403,0.24877756465549503
A3,C_weighted_hierarchical,rps_doc_word_count,fineweb_edu,33403,0.08188482103592457
A3,C_weighted_hierarchical,rps_doc_word_count,fluency_en,33403,0.2953977255650924
A3,C_weighted_hierarchical,rps_doc_word_count,modernbert_cleanliness,33403,0.17484259853083814
A3,C_weighted_hierarchical,rps_doc_word_count,modernbert_readability,33403,0.1982974554433675
A3,C_weighted_hierarchical,rps_doc_word_count,modernbert_reasoning,33403,0.15603303722295597
A3,C_weighted_hierarchical,rps_doc_word_count,modernbert_professionalism,33403,0.4219762982963263
A3,C_weighted_hierarchical,rps_doc_word_count,qurater,33403,0.15642388569389
A3,C_weighted_hierarchical,rps_doc_word_count,ad_en,33403,0.7819393484463175
A3,C_weighted_hierarchical,rps_doc_num_sentences,rps_doc_unigram_entropy,33403,0.1332890458283009
A3,C_weighted_hierarchical,rps_doc_num_sentences,rps_doc_frac_unique_words,33403,0.6079432301309599
A3,C_weighted_hierarchical,rps_doc_num_sentences,rps_doc_frac_no_alph_words,33403,0.5072905455357093
A3,C_weighted_hierarchical,rps_doc_num_sentences,rps_doc_frac_chars_top_2gram,33403,0.693672139291381
A3,C_weighted_hierarchical,rps_doc_num_sentences,rps_doc_frac_chars_top_3gram,33403,0.7592178142360202
A3,C_weighted_hierarchical,rps_doc_num_sentences,rps_lines_uppercase_letter_fraction,33403,0.4040437909695494
A3,C_weighted_hierarchical,rps_doc_num_sentences,rps_lines_ending_with_terminal_punctution_mark,33403,0.24004287977823613
A3,C_weighted_hierarchical,rps_doc_num_sentences,rps_lines_numerical_chars_fraction,33403,0.14959928801904604
A3,C_weighted_hierarchical,rps_doc_num_sentences,rps_doc_mean_word_length,33403,0.25123984067878213
A3,C_weighted_hierarchical,rps_doc_num_sentences,fineweb_edu,33403,0.11999735189684028
A3,C_weighted_hierarchical,rps_doc_num_sentences,fluency_en,33403,0.33967623542041275
A3,C_weighted_hierarchical,rps_doc_num_sentences,modernbert_cleanliness,33403,0.20006351398428845
A3,C_weighted_hierarchical,rps_doc_num_sentences,modernbert_readability,33403,0.24318394556597414
A3,C_weighted_hierarchical,rps_doc_num_sentences,modernbert_reasoning,33403,0.14780038354482686
A3,C_weighted_hierarchical,rps_doc_num_sentences,modernbert_professionalism,33403,0.4468539049285431
A3,C_weighted_hierarchical,rps_doc_num_sentences,qurater,33403,0.18980934164308022
A3,C_weighted_hierarchical,rps_doc_num_sentences,ad_en,33403,0.8139001833579927
A3,C_weighted_hierarchical,rps_doc_unigram_entropy,rps_doc_frac_unique_words,33403,0.5154666736754558
A3,C_weighted_hierarchical,rps_doc_unigram_entropy,rps_doc_frac_no_alph_words,33403,0.43211996741263886
A3,C_weighted_hierarchical,rps_doc_unigram_entropy,rps_doc_frac_chars_top_2gram,33403,0.6083197137879294
A3,C_weighted_hierarchical,rps_doc_unigram_entropy,rps_doc_frac_chars_top_3gram,33403,0.6726995913014456
A3,C_weighted_hierarchical,rps_doc_unigram_entropy,rps_lines_uppercase_letter_fraction,33403,0.32795496931676466
A3,C_weighted_hierarchical,rps_doc_unigram_entropy,rps_lines_ending_with_terminal_punctution_mark,33403,0.22871567990770383
A3,C_weighted_hierarchical,rps_doc_unigram_entropy,rps_lines_numerical_chars_fraction,33403,0.24023703819612713
A3,C_weighted_hierarchical,rps_doc_unigram_entropy,rps_doc_mean_word_length,33403,0.2424402359420374
A3,C_weighted_hierarchical,rps_doc_unigram_entropy,fineweb_edu,33403,0.08801405454750451
A3,C_weighted_hierarchical,rps_doc_unigram_entropy,fluency_en,33403,0.2877528653103295
A3,C_weighted_hierarchical,rps_doc_unigram_entropy,modernbert_cleanliness,33403,0.1951687449670618
A3,C_weighted_hierarchical,rps_doc_unigram_entropy,modernbert_readability,33403,0.20252399292120093
A3,C_weighted_hierarchical,rps_doc_unigram_entropy,modernbert_reasoning,33403,0.2160278800875506
A3,C_weighted_hierarchical,rps_doc_unigram_entropy,modernbert_professionalism,33403,0.3740179261001246
A3,C_weighted_hierarchical,rps_doc_unigram_entropy,qurater,33403,0.1711660649567112
A3,C_weighted_hierarchical,rps_doc_unigram_entropy,ad_en,33403,0.7181291436590884
A3,C_weighted_hierarchical,rps_doc_frac_unique_words,rps_doc_frac_no_alph_words,33403,0.21221481911155296
A3,C_weighted_hierarchical,rps_doc_frac_unique_words,rps_doc_frac_chars_top_2gram,33403,0.1853343736474801
A3,C_weighted_hierarchical,rps_doc_frac_unique_words,rps_doc_frac_chars_top_3gram,33403,0.20157216114365897
A3,C_weighted_hierarchical,rps_doc_frac_unique_words,rps_lines_uppercase_letter_fraction,33403,0.3691578211157821
A3,C_weighted_hierarchical,rps_doc_frac_unique_words,rps_lines_ending_with_terminal_punctution_mark,33403,0.4843661324248337
A3,C_weighted_hierarchical,rps_doc_frac_unique_words,rps_lines_numerical_chars_fraction,33403,0.7144999208733824
A3,C_weighted_hierarchical,rps_doc_frac_unique_words,rps_doc_mean_word_length,33403,0.43107324362736177
A3,C_weighted_hierarchical,rps_doc_frac_unique_words,fineweb_edu,33403,0.5402815896758197
A3,C_weighted_hierarchical,rps_doc_frac_unique_words,fluency_en,33403,0.44449847560298195
A3,C_weighted_hierarchical,rps_doc_frac_unique_words,modernbert_cleanliness,33403,0.5983967080578934
A3,C_weighted_hierarchical,rps_doc_frac_unique_words,modernbert_readability,33403,0.5247532047668809
A3,C_weighted_hierarchical,rps_doc_frac_unique_words,modernbert_reasoning,33403,0.7160646075264221
A3,C_weighted_hierarchical,rps_doc_frac_unique_words,modernbert_professionalism,33403,0.30722870986747075
A3,C_weighted_hierarchical,rps_doc_frac_unique_words,qurater,33403,0.5362294257638255
A3,C_weighted_hierarchical,rps_doc_frac_unique_words,ad_en,33403,0.23204935187655065
A3,C_weighted_hierarchical,rps_doc_frac_no_alph_words,rps_doc_frac_chars_top_2gram,33403,0.31615461131303935
A3,C_weighted_hierarchical,rps_doc_frac_no_alph_words,rps_doc_frac_chars_top_3gram,33403,0.33247633859418385
A3,C_weighted_hierarchical,rps_doc_frac_no_alph_words,rps_lines_uppercase_letter_fraction,33403,0.3764872378947239
A3,C_weighted_hierarchical,rps_doc_frac_no_alph_words,rps_lines_ending_with_terminal_punctution_mark,33403,0.3894286891020326
A3,C_weighted_hierarchical,rps_doc_frac_no_alph_words,rps_lines_numerical_chars_fraction,33403,0.6136225347008152
A3,C_weighted_hierarchical,rps_doc_frac_no_alph_words,rps_doc_mean_word_length,33403,0.35616871514291965
A3,C_weighted_hierarchical,rps_doc_frac_no_alph_words,fineweb_edu,33403,0.44777246274280896
A3,C_weighted_hierarchical,rps_doc_frac_no_alph_words,fluency_en,33403,0.36473949423122665
A3,C_weighted_hierarchical,rps_doc_frac_no_alph_words,modernbert_cleanliness,33403,0.4920939564922593
A3,C_weighted_hierarchical,rps_doc_frac_no_alph_words,modernbert_readability,33403,0.4204559157152567
A3,C_weighted_hierarchical,rps_doc_frac_no_alph_words,modernbert_reasoning,33403,0.6070424842109289
A3,C_weighted_hierarchical,rps_doc_frac_no_alph_words,modernbert_professionalism,33403,0.2675894922336925
A3,C_weighted_hierarchical,rps_doc_frac_no_alph_words,qurater,33403,0.43230649438035834
A3,C_weighted_hierarchical,rps_doc_frac_no_alph_words,ad_en,33403,0.3333333765779131
A3,C_weighted_hierarchical,rps_doc_frac_chars_top_2gram,rps_doc_frac_chars_top_3gram,33403,0.11268199158582781
A3,C_weighted_hierarchical,rps_doc_frac_chars_top_2gram,rps_lines_uppercase_letter_fraction,33403,0.4281536369870759
A3,C_weighted_hierarchical,rps_doc_frac_chars_top_2gram,rps_lines_ending_with_terminal_punctution_mark,33403,0.5975451513246495
A3,C_weighted_hierarchical,rps_doc_frac_chars_top_2gram,rps_lines_numerical_chars_fraction,33403,0.7931945707592226
A3,C_weighted_hierarchical,rps_doc_frac_chars_top_2gram,rps_doc_mean_word_length,33403,0.5318950809190628
A3,C_weighted_hierarchical,rps_doc_frac_chars_top_2gram,fineweb_edu,33403,0.6379809076227949
A3,C_weighted_hierarchical,rps_doc_frac_chars_top_2gram,fluency_en,33403,0.5217257692896455
A3,C_weighted_hierarchical,rps_doc_frac_chars_top_2gram,modernbert_cleanliness,33403,0.694558810927934
A3,C_weighted_hierarchical,rps_doc_frac_chars_top_2gram,modernbert_readability,33403,0.6199473459356664
A3,C_weighted_hierarchical,rps_doc_frac_chars_top_2gram,modernbert_reasoning,33403,0.7953421401395108
A3,C_weighted_hierarchical,rps_doc_frac_chars_top_2gram,modernbert_professionalism,33403,0.39675574783322
A3,C_weighted_hierarchical,rps_doc_frac_chars_top_2gram,qurater,33403,0.6349946552988434
A3,C_weighted_hierarchical,rps_doc_frac_chars_top_2gram,ad_en,33403,0.17369987017964972
A3,C_weighted_hierarchical,rps_doc_frac_chars_top_3gram,rps_lines_uppercase_letter_fraction,33403,0.45084735061923703
A3,C_weighted_hierarchical,rps_doc_frac_chars_top_3gram,rps_lines_ending_with_terminal_punctution_mark,33403,0.6464275159910904
A3,C_weighted_hierarchical,rps_doc_frac_chars_top_3gram,rps_lines_numerical_chars_fraction,33403,0.8611237249256476
A3,C_weighted_hierarchical,rps_doc_frac_chars_top_3gram,rps_doc_mean_word_length,33403,0.5705175377796343
A3,C_weighted_hierarchical,rps_doc_frac_chars_top_3gram,fineweb_edu,33403,0.7000165905698497
A3,C_weighted_hierarchical,rps_doc_frac_chars_top_3gram,fluency_en,33403,0.5570188509262711
A3,C_weighted_hierarchical,rps_doc_frac_chars_top_3gram,modernbert_cleanliness,33403,0.7574127355321518
A3,C_weighted_hierarchical,rps_doc_frac_chars_top_3gram,modernbert_readability,33403,0.6774677347074107
A3,C_weighted_hierarchical,rps_doc_frac_chars_top_3gram,modernbert_reasoning,33403,0.8636342390595062
A3,C_weighted_hierarchical,rps_doc_frac_chars_top_3gram,modernbert_professionalism,33403,0.4089795421441258
A3,C_weighted_hierarchical,rps_doc_frac_chars_top_3gram,qurater,33403,0.6979344453661184
A3,C_weighted_hierarchical,rps_doc_frac_chars_top_3gram,ad_en,33403,0.1144302784317008
A3,C_weighted_hierarchical,rps_lines_uppercase_letter_fraction,rps_lines_ending_with_terminal_punctution_mark,33403,0.4502849649091797
A3,C_weighted_hierarchical,rps_lines_uppercase_letter_fraction,rps_lines_numerical_chars_fraction,33403,0.5108325178136484
A3,C_weighted_hierarchical,rps_lines_uppercase_letter_fraction,rps_doc_mean_word_length,33403,0.3421056641399748
A3,C_weighted_hierarchical,rps_lines_uppercase_letter_fraction,fineweb_edu,33403,0.34844537830972333
A3,C_weighted_hierarchical,rps_lines_uppercase_letter_fraction,fluency_en,33403,0.3606192909114872
A3,C_weighted_hierarchical,rps_lines_uppercase_letter_fraction,modernbert_cleanliness,33403,0.44769437673602014
A3,C_weighted_hierarchical,rps_lines_uppercase_letter_fraction,modernbert_readability,33403,0.38659417180641287
A3,C_weighted_hierarchical,rps_lines_uppercase_letter_fraction,modernbert_reasoning,33403,0.5098251819225164
A3,C_weighted_hierarchical,rps_lines_uppercase_letter_fraction,modernbert_professionalism,33403,0.2870641198518144
A3,C_weighted_hierarchical,rps_lines_uppercase_letter_fraction,qurater,33403,0.4036736359436512
A3,C_weighted_hierarchical,rps_lines_uppercase_letter_fraction,ad_en,33403,0.4372673042662125
A3,C_weighted_hierarchical,rps_lines_ending_with_terminal_punctution_mark,rps_lines_numerical_chars_fraction,33403,0.27580742752773657
A3,C_weighted_hierarchical,rps_lines_ending_with_terminal_punctution_mark,rps_doc_mean_word_length,33403,0.2493293606206778
A3,C_weighted_hierarchical,rps_lines_ending_with_terminal_punctution_mark,fineweb_edu,33403,0.22782557854962035
A3,C_weighted_hierarchical,rps_lines_ending_with_terminal_punctution_mark,fluency_en,33403,0.32428338024261716
A3,C_weighted_hierarchical,rps_lines_ending_with_terminal_punctution_mark,modernbert_cleanliness,33403,0.18653153306805573
A3,C_weighted_hierarchical,rps_lines_ending_with_terminal_punctution_mark,modernbert_readability,33403,0.24819942543229181
A3,C_weighted_hierarchical,rps_lines_ending_with_terminal_punctution_mark,modernbert_reasoning,33403,0.249615015585444
A3,C_weighted_hierarchical,rps_lines_ending_with_terminal_punctution_mark,modernbert_professionalism,33403,0.40752335309632554
A3,C_weighted_hierarchical,rps_lines_ending_with_terminal_punctution_mark,qurater,33403,0.1707570555895113
A3,C_weighted_hierarchical,rps_lines_ending_with_terminal_punctution_mark,ad_en,33403,0.6886823439645906
A3,C_weighted_hierarchical,rps_lines_numerical_chars_fraction,rps_doc_mean_word_length,33403,0.34570636834348245
A3,C_weighted_hierarchical,rps_lines_numerical_chars_fraction,fineweb_edu,33403,0.21426608814214035
A3,C_weighted_hierarchical,rps_lines_numerical_chars_fraction,fluency_en,33403,0.4088222189720164
A3,C_weighted_hierarchical,rps_lines_numerical_chars_fraction,modernbert_cleanliness,33403,0.19704534122195355
A3,C_weighted_hierarchical,rps_lines_numerical_chars_fraction,modernbert_readability,33403,0.28174878831245626
A3,C_weighted_hierarchical,rps_lines_numerical_chars_fraction,modernbert_reasoning,33403,0.07994620577252576
A3,C_weighted_hierarchical,rps_lines_numerical_chars_fraction,modernbert_professionalism,33403,0.5712423437359668
A3,C_weighted_hierarchical,rps_lines_numerical_chars_fraction,qurater,33403,0.22936973575203412
A3,C_weighted_hierarchical,rps_lines_numerical_chars_fraction,ad_en,33403,0.9230469744016256
A3,C_weighted_hierarchical,rps_doc_mean_word_length,fineweb_edu,33403,0.23496212465507635
A3,C_weighted_hierarchical,rps_doc_mean_word_length,fluency_en,33403,0.34339695658022973
A3,C_weighted_hierarchical,rps_doc_mean_word_length,modernbert_cleanliness,33403,0.292115531852637
A3,C_weighted_hierarchical,rps_doc_mean_word_length,modernbert_readability,33403,0.3093456323927036
A3,C_weighted_hierarchical,rps_doc_mean_word_length,modernbert_reasoning,33403,0.3437902795851982
A3,C_weighted_hierarchical,rps_doc_mean_word_length,modernbert_professionalism,33403,0.3136473094596551
A3,C_weighted_hierarchical,rps_doc_mean_word_length,qurater,33403,0.2565319284087858
A3,C_weighted_hierarchical,rps_doc_mean_word_length,ad_en,33403,0.6048984660633495
A3,C_weighted_hierarchical,fineweb_edu,fluency_en,33403,0.29108978884521974
A3,C_weighted_hierarchical,fineweb_edu,modernbert_cleanliness,33403,0.1984581585448327
A3,C_weighted_hierarchical,fineweb_edu,modernbert_readability,33403,0.21508035784555982
A3,C_weighted_hierarchical,fineweb_edu,modernbert_reasoning,33403,0.19468950053994086
A3,C_weighted_hierarchical,fineweb_edu,modernbert_professionalism,33403,0.3876691647562064
A3,C_weighted_hierarchical,fineweb_edu,qurater,33403,0.170548561136619
A3,C_weighted_hierarchical,fineweb_edu,ad_en,33403,0.7442083387029702
A3,C_weighted_hierarchical,fluency_en,modernbert_cleanliness,33403,0.30005729553553384
A3,C_weighted_hierarchical,fluency_en,modernbert_readability,33403,0.25384723805055054
A3,C_weighted_hierarchical,fluency_en,modernbert_reasoning,33403,0.37491922932706384
A3,C_weighted_hierarchical,fluency_en,modernbert_professionalism,33403,0.31354715318568177
A3,C_weighted_hierarchical,fluency_en,qurater,33403,0.265723954866458
A3,C_weighted_hierarchical,fluency_en,ad_en,33403,0.5589557226641436
A3,C_weighted_hierarchical,modernbert_cleanliness,modernbert_readability,33403,0.16304211125018242
A3,C_weighted_hierarchical,modernbert_cleanliness,modernbert_reasoning,33403,0.13555622354930053
A3,C_weighted_hierarchical,modernbert_cleanliness,modernbert_professionalism,33403,0.46938751981746824
A3,C_weighted_hierarchical,modernbert_cleanliness,qurater,33403,0.10074471058368868
A3,C_weighted_hierarchical,modernbert_cleanliness,ad_en,33403,0.8065410296874065
A3,C_weighted_hierarchical,modernbert_readability,modernbert_reasoning,33403,0.23020396983341926
A3,C_weighted_hierarchical,modernbert_readability,modernbert_professionalism,33403,0.38607965053721316
A3,C_weighted_hierarchical,modernbert_readability,qurater,33403,0.14821618840183587
A3,C_weighted_hierarchical,modernbert_readability,ad_en,33403,0.7037878672319968
A3,C_weighted_hierarchical,modernbert_reasoning,modernbert_professionalism,33403,0.5575791380560527
A3,C_weighted_hierarchical,modernbert_reasoning,qurater,33403,0.18557123205274415
A3,C_weighted_hierarchical,modernbert_reasoning,ad_en,33403,0.9262824826971006
A3,C_weighted_hierarchical,modernbert_professionalism,qurater,33403,0.42146864286551267
A3,C_weighted_hierarchical,modernbert_professionalism,ad_en,33403,0.38052335913351254
A3,C_weighted_hierarchical,qurater,ad_en,33403,0.7445710230754442
A3,C_equal_indicator,dsir_books,dsir_wiki,23614,0.0002026092827426112
A3,C_equal_indicator,dsir_books,dsir_math,23614,0.003996337692895286
A3,C_equal_indicator,dsir_books,rps_doc_word_count,23614,0.8575464576429767
A3,C_equal_indicator,dsir_books,rps_doc_num_sentences,23614,0.8717782618361989
A3,C_equal_indicator,dsir_books,rps_doc_unigram_entropy,23614,0.7959841048676103
A3,C_equal_indicator,dsir_books,rps_doc_frac_unique_words,23614,0.1460405816431725
A3,C_equal_indicator,dsir_books,rps_doc_frac_no_alph_words,23614,0.31880583576943233
A3,C_equal_indicator,dsir_books,rps_doc_frac_chars_top_2gram,23614,0.10572367400231325
A3,C_equal_indicator,dsir_books,rps_doc_frac_chars_top_3gram,23614,0.05252657916409161
A3,C_equal_indicator,dsir_books,rps_lines_uppercase_letter_fraction,23614,0.505695194720293
A3,C_equal_indicator,dsir_books,rps_lines_ending_with_terminal_punctution_mark,23614,0.6607788116953925
A3,C_equal_indicator,dsir_books,rps_lines_numerical_chars_fraction,23614,0.8812115561743034
A3,C_equal_indicator,dsir_books,rps_doc_mean_word_length,23614,0.5974778021644999
A3,C_equal_indicator,dsir_books,fineweb_edu,23614,0.8034400607161006
A3,C_equal_indicator,dsir_books,fluency_en,23614,0.6332141833896205
A3,C_equal_indicator,dsir_books,modernbert_cleanliness,23614,0.800182322820943
A3,C_equal_indicator,dsir_books,modernbert_readability,23614,0.7636013229704837
A3,C_equal_indicator,dsir_books,modernbert_reasoning,23614,0.9298725026401181
A3,C_equal_indicator,dsir_books,modernbert_professionalism,23614,0.4921015017905162
A3,C_equal_indicator,dsir_books,qurater,23614,0.7548435457051431
A3,C_equal_indicator,dsir_books,ad_en,23614,0.05841237498933035
A3,C_equal_indicator,dsir_wiki,dsir_math,23614,0.003900185642612367
A3,C_equal_indicator,dsir_wiki,rps_doc_word_count,23614,0.8576117989129859
A3,C_equal_indicator,dsir_wiki,rps_doc_num_sentences,23614,0.8718438719152304
A3,C_equal_indicator,dsir_wiki,rps_doc_unigram_entropy,23614,0.7960494668152367
A3,C_equal_indicator,dsir_wiki,rps_doc_frac_unique_words,23614,0.1459791846286234
A3,C_equal_indicator,dsir_wiki,rps_doc_frac_no_alph_words,23614,0.3188268545672059
A3,C_equal_indicator,dsir_wiki,rps_doc_frac_chars_top_2gram,23614,0.10581563770432795
A3,C_equal_indicator,dsir_wiki,rps_doc_frac_chars_top_3gram,23614,0.05262019319842043
A3,C_equal_indicator,dsir_wiki,rps_lines_uppercase_letter_fraction,23614,0.5057707093779114
A3,C_equal_indicator,dsir_wiki,rps_lines_ending_with_terminal_punctution_mark,23614,0.6607274898497714
A3,C_equal_indicator,dsir_wiki,rps_lines_numerical_chars_fraction,23614,0.8811390604487804
A3,C_equal_indicator,dsir_wiki,rps_doc_mean_word_length,23614,0.5974414922688871
A3,C_equal_indicator,dsir_wiki,fineweb_edu,23614,0.8034717181478678
A3,C_equal_indicator,dsir_wiki,fluency_en,23614,0.633239575503409
A3,C_equal_indicator,dsir_wiki,modernbert_cleanliness,23614,0.8001034170341217
A3,C_equal_indicator,dsir_wiki,modernbert_readability,23614,0.763597352868002
A3,C_equal_indicator,dsir_wiki,modernbert_reasoning,23614,0.9299175384901436
A3,C_equal_indicator,dsir_wiki,modernbert_professionalism,23614,0.4921641756479207
A3,C_equal_indicator,dsir_wiki,qurater,23614,0.7548415192986682
A3,C_equal_indicator,dsir_wiki,ad_en,23614,0.05849586603774178
A3,C_equal_indicator,dsir_math,rps_doc_word_count,23614,0.8574444963130982
A3,C_equal_indicator,dsir_math,rps_doc_num_sentences,23614,0.8716879006495087
A3,C_equal_indicator,dsir_math,rps_doc_unigram_entropy,23614,0.7959618350740028
A3,C_equal_indicator,dsir_math,rps_doc_frac_unique_words,23614,0.14341969367681778
A3,C_equal_indicator,dsir_math,rps_doc_frac_no_alph_words,23614,0.31823029497530597
A3,C_equal_indicator,dsir_math,rps_doc_frac_chars_top_2gram,23614,0.10813104747928268
A3,C_equal_indicator,dsir_math,rps_doc_frac_chars_top_3gram,23614,0.05575071851617751
A3,C_equal_indicator,dsir_math,rps_lines_uppercase_letter_fraction,23614,0.5065735592167252
A3,C_equal_indicator,dsir_math,rps_lines_ending_with_terminal_punctution_mark,23614,0.6582369329039447
A3,C_equal_indicator,dsir_math,rps_lines_numerical_chars_fraction,23614,0.878573567818614
A3,C_equal_indicator,dsir_math,rps_doc_mean_word_length,23614,0.5972205312526467
A3,C_equal_indicator,dsir_math,fineweb_edu,23614,0.8026437450042877
A3,C_equal_indicator,dsir_math,fluency_en,23614,0.631854443967297
A3,C_equal_indicator,dsir_math,modernbert_cleanliness,23614,0.7964309274953417
A3,C_equal_indicator,dsir_math,modernbert_readability,23614,0.761977799186923
A3,C_equal_indicator,dsir_math,modernbert_reasoning,23614,0.9289601027859532
A3,C_equal_indicator,dsir_math,modernbert_professionalism,23614,0.49252779154447573
A3,C_equal_indicator,dsir_math,qurater,23614,0.7530719908608241
A3,C_equal_indicator,dsir_math,ad_en,23614,0.06077378470820739
A3,C_equal_indicator,rps_doc_word_count,rps_doc_num_sentences,23614,0.08809683253644554
A3,C_equal_indicator,rps_doc_word_count,rps_doc_unigram_entropy,23614,0.06922883907462535
A3,C_equal_indicator,rps_doc_word_count,rps_doc_frac_unique_words,23614,0.7231941575310198
A3,C_equal_indicator,rps_doc_word_count,rps_doc_frac_no_alph_words,23614,0.5552491040802067
A3,C_equal_indicator,rps_doc_word_count,rps_doc_frac_chars_top_2gram,23614,0.7779487770760989
A3,C_equal_indicator,rps_doc_word_count,rps_doc_frac_chars_top_3gram,23614,0.822978382461146
A3,C_equal_indicator,rps_doc_word_count,rps_lines_uppercase_letter_fraction,23614,0.3785541308585479
A3,C_equal_indicator,rps_doc_word_count,rps_lines_ending_with_terminal_punctution_mark,23614,0.2855406210547107
A3,C_equal_indicator,rps_doc_word_count,rps_lines_numerical_chars_fraction,23614,0.16912225603885672
A3,C_equal_indicator,rps_doc_word_count,rps_doc_mean_word_length,23614,0.30279480533595005
A3,C_equal_indicator,rps_doc_word_count,fineweb_edu,23614,0.09842823332590042
A3,C_equal_indicator,rps_doc_word_count,fluency_en,23614,0.29460834029204075
A3,C_equal_indicator,rps_doc_word_count,modernbert_cleanliness,23614,0.19662291813615598
A3,C_equal_indicator,rps_doc_word_count,modernbert_readability,23614,0.19663121503001396
A3,C_equal_indicator,rps_doc_word_count,modernbert_reasoning,23614,0.12760117702786217
A3,C_equal_indicator,rps_doc_word_count,modernbert_professionalism,23614,0.38968329996241635
A3,C_equal_indicator,rps_doc_word_count,qurater,23614,0.19213101081786757
A3,C_equal_indicator,rps_doc_word_count,ad_en,23614,0.8086511510650461
A3,C_equal_indicator,rps_doc_num_sentences,rps_doc_unigram_entropy,23614,0.11900536495249772
A3,C_equal_indicator,rps_doc_num_sentences,rps_doc_frac_unique_words,23614,0.7368309012595812
A3,C_equal_indicator,rps_doc_num_sentences,rps_doc_frac_no_alph_words,23614,0.5689894219927797
A3,C_equal_indicator,rps_doc_num_sentences,rps_doc_frac_chars_top_2gram,23614,0.7856429390734839
A3,C_equal_indicator,rps_doc_num_sentences,rps_doc_frac_chars_top_3gram,23614,0.8339464729278712
A3,C_equal_indicator,rps_doc_num_sentences,rps_lines_uppercase_letter_fraction,23614,0.3898155643401425
A3,C_equal_indicator,rps_doc_num_sentences,rps_lines_ending_with_terminal_punctution_mark,23614,0.30051517042326586
A3,C_equal_indicator,rps_doc_num_sentences,rps_lines_numerical_chars_fraction,23614,0.15970740613519788
A3,C_equal_indicator,rps_doc_num_sentences,rps_doc_mean_word_length,23614,0.298503021165278
A3,C_equal_indicator,rps_doc_num_sentences,fineweb_edu,23614,0.12164777831824473
A3,C_equal_indicator,rps_doc_num_sentences,fluency_en,23614,0.32342480187534406
A3,C_equal_indicator,rps_doc_num_sentences,modernbert_cleanliness,23614,0.22285022672593588
A3,C_equal_indicator,rps_doc_num_sentences,modernbert_readability,23614,0.22938794129343293
A3,C_equal_indicator,rps_doc_num_sentences,modernbert_reasoning,23614,0.13903303801422753
A3,C_equal_indicator,rps_doc_num_sentences,modernbert_professionalism,23614,0.392952575967911
A3,C_equal_indicator,rps_doc_num_sentences,qurater,23614,0.2169280227864032
A3,C_equal_indicator,rps_doc_num_sentences,ad_en,23614,0.8208969735247099
A3,C_equal_indicator,rps_doc_unigram_entropy,rps_doc_frac_unique_words,23614,0.6625365125362602
A3,C_equal_indicator,rps_doc_unigram_entropy,rps_doc_frac_no_alph_words,23614,0.5047051090587151
A3,C_equal_indicator,rps_doc_unigram_entropy,rps_doc_frac_chars_top_2gram,23614,0.7220491138069577
A3,C_equal_indicator,rps_doc_unigram_entropy,rps_doc_frac_chars_top_3gram,23614,0.7643888300174155
A3,C_equal_indicator,rps_doc_unigram_entropy,rps_lines_uppercase_letter_fraction,23614,0.3426580460578206
A3,C_equal_indicator,rps_doc_unigram_entropy,rps_lines_ending_with_terminal_punctution_mark,23614,0.27280638810994007
A3,C_equal_indicator,rps_doc_unigram_entropy,rps_lines_numerical_chars_fraction,23614,0.20914344790828535
A3,C_equal_indicator,rps_doc_unigram_entropy,rps_doc_mean_word_length,23614,0.2879755500411567
A3,C_equal_indicator,rps_doc_unigram_entropy,fineweb_edu,23614,0.10274712326787737
A3,C_equal_indicator,rps_doc_unigram_entropy,fluency_en,23614,0.2918384597557328
A3,C_equal_indicator,rps_doc_unigram_entropy,modernbert_cleanliness,23614,0.19821895619719765
A3,C_equal_indicator,rps_doc_unigram_entropy,modernbert_readability,23614,0.19868975452194673
A3,C_equal_indicator,rps_doc_unigram_entropy,modernbert_reasoning,23614,0.1753517345377742
A3,C_equal_indicator,rps_doc_unigram_entropy,modernbert_professionalism,23614,0.35663108021195056
A3,C_equal_indicator,rps_doc_unigram_entropy,qurater,23614,0.19171545791658284
A3,C_equal_indicator,rps_doc_unigram_entropy,ad_en,23614,0.7529636194696473
A3,C_equal_indicator,rps_doc_frac_unique_words,rps_doc_frac_no_alph_words,23614,0.2356327108901896
A3,C_equal_indicator,rps_doc_frac_unique_words,rps_doc_frac_chars_top_2gram,23614,0.17757928770240905
A3,C_equal_indicator,rps_doc_frac_unique_words,rps_doc_frac_chars_top_3gram,23614,0.173322169556791
A3,C_equal_indicator,rps_doc_frac_unique_words,rps_lines_uppercase_letter_fraction,23614,0.46066877368827813
A3,C_equal_indicator,rps_doc_frac_unique_words,rps_lines_ending_with_terminal_punctution_mark,23614,0.5256496535093059
A3,C_equal_indicator,rps_doc_frac_unique_words,rps_lines_numerical_chars_fraction,23614,0.7427598150858601
A3,C_equal_indicator,rps_doc_frac_unique_words,rps_doc_mean_word_length,23614,0.49433939893310114
A3,C_equal_indicator,rps_doc_frac_unique_words,fineweb_edu,23614,0.664793557152272
A3,C_equal_indicator,rps_doc_frac_unique_words,fluency_en,23614,0.5267433133548954
A3,C_equal_indicator,rps_doc_frac_unique_words,modernbert_cleanliness,23614,0.6591549570699585
A3,C_equal_indicator,rps_doc_frac_unique_words,modernbert_readability,23614,0.6271806408208583
A3,C_equal_indicator,rps_doc_frac_unique_words,modernbert_reasoning,23614,0.7895651521938787
A3,C_equal_indicator,rps_doc_frac_unique_words,modernbert_professionalism,23614,0.39834945470642413
A3,C_equal_indicator,rps_doc_frac_unique_words,qurater,23614,0.613912475616954
A3,C_equal_indicator,rps_doc_frac_unique_words,ad_en,23614,0.18094609485832028
A3,C_equal_indicator,rps_doc_frac_no_alph_words,rps_doc_frac_chars_top_2gram,23614,0.33033182902290487
A3,C_equal_indicator,rps_doc_frac_no_alph_words,rps_doc_frac_chars_top_3gram,23614,0.32381250719581073
A3,C_equal_indicator,rps_doc_frac_no_alph_words,rps_lines_uppercase_letter_fraction,23614,0.42214798590084274
A3,C_equal_indicator,rps_doc_frac_no_alph_words,rps_lines_ending_with_terminal_punctution_mark,23614,0.39334310378311066
A3,C_equal_indicator,rps_doc_frac_no_alph_words,rps_lines_numerical_chars_fraction,23614,0.6096761694929385
A3,C_equal_indicator,rps_doc_frac_no_alph_words,rps_doc_mean_word_length,23614,0.38117142091952866
A3,C_equal_indicator,rps_doc_frac_no_alph_words,fineweb_edu,23614,0.5132751542384814
A3,C_equal_indicator,rps_doc_frac_no_alph_words,fluency_en,23614,0.40885452163242675
A3,C_equal_indicator,rps_doc_frac_no_alph_words,modernbert_cleanliness,23614,0.5164805364071631
A3,C_equal_indicator,rps_doc_frac_no_alph_words,modernbert_readability,23614,0.47550654578917695
A3,C_equal_indicator,rps_doc_frac_no_alph_words,modernbert_reasoning,23614,0.6301606989960934
A3,C_equal_indicator,rps_doc_frac_no_alph_words,modernbert_professionalism,23614,0.3009162334843737
A3,C_equal_indicator,rps_doc_frac_no_alph_words,qurater,23614,0.46386925526170913
A3,C_equal_indicator,rps_doc_frac_no_alph_words,ad_en,23614,0.31185272855218304
A3,C_equal_indicator,rps_doc_frac_chars_top_2gram,rps_doc_frac_chars_top_3gram,23614,0.06376513803177869
A3,C_equal_indicator,rps_doc_frac_chars_top_2gram,rps_lines_uppercase_letter_fraction,23614,0.49828774856149954
A3,C_equal_indicator,rps_doc_frac_chars_top_2gram,rps_lines_ending_with_terminal_punctution_mark,23614,0.6563732385978657
A3,C_equal_indicator,rps_doc_frac_chars_top_2gram,rps_lines_numerical_chars_fraction,23614,0.8409053595390976
A3,C_equal_indicator,rps_doc_frac_chars_top_2gram,rps_doc_mean_word_length,23614,0.5999385833417147
A3,C_equal_indicator,rps_doc_frac_chars_top_2gram,fineweb_edu,23614,0.7636229104027272
A3,C_equal_indicator,rps_doc_frac_chars_top_2gram,fluency_en,23614,0.6157280531080609
A3,C_equal_indicator,rps_doc_frac_chars_top_2gram,modernbert_cleanliness,23614,0.7765579591952867
A3,C_equal_indicator,rps_doc_frac_chars_top_2gram,modernbert_readability,23614,0.7276809523084823
A3,C_equal_indicator,rps_doc_frac_chars_top_2gram,modernbert_reasoning,23614,0.8706766411080291
A3,C_equal_indicator,rps_doc_frac_chars_top_2gram,modernbert_professionalism,23614,0.4705094791159376
A3,C_equal_indicator,rps_doc_frac_chars_top_2gram,qurater,23614,0.7221244630436394
A3,C_equal_indicator,rps_doc_frac_chars_top_2gram,ad_en,23614,0.09541997346565464
A3,C_equal_indicator,rps_doc_frac_chars_top_3gram,rps_lines_uppercase_letter_fraction,23614,0.49688693305282355
A3,C_equal_indicator,rps_doc_frac_chars_top_3gram,rps_lines_ending_with_terminal_punctution_mark,23614,0.6814207392198484
A3,C_equal_indicator,rps_doc_frac_chars_top_3gram,rps_lines_numerical_chars_fraction,23614,0.8913823590812124
A3,C_equal_indicator,rps_doc_frac_chars_top_3gram,rps_doc_mean_word_length,23614,0.6112199190297599
A3,C_equal_indicator,rps_doc_frac_chars_top_3gram,fineweb_edu,23614,0.8049612923279093
A3,C_equal_indicator,rps_doc_frac_chars_top_3gram,fluency_en,23614,0.6372111667734183
A3,C_equal_indicator,rps_doc_frac_chars_top_3gram,modernbert_cleanliness,23614,0.8195327677370945
A3,C_equal_indicator,rps_doc_frac_chars_top_3gram,modernbert_readability,23614,0.7663634804168078
A3,C_equal_indicator,rps_doc_frac_chars_top_3gram,modernbert_reasoning,23614,0.9231427033486491
A3,C_equal_indicator,rps_doc_frac_chars_top_3gram,modernbert_professionalism,23614,0.469859809064538
A3,C_equal_indicator,rps_doc_frac_chars_top_3gram,qurater,23614,0.7639685781276467
A3,C_equal_indicator,rps_doc_frac_chars_top_3gram,ad_en,23614,0.04688191407821499
A3,C_equal_indicator,rps_lines_uppercase_letter_fraction,rps_lines_ending_with_terminal_punctution_mark,23614,0.4679259039096246
A3,C_equal_indicator,rps_lines_uppercase_letter_fraction,rps_lines_numerical_chars_fraction,23614,0.4572849436840963
A3,C_equal_indicator,rps_lines_uppercase_letter_fraction,rps_doc_mean_word_length,23614,0.3431821719570488
A3,C_equal_indicator,rps_lines_uppercase_letter_fraction,fineweb_edu,23614,0.365495336866504
A3,C_equal_indicator,rps_lines_uppercase_letter_fraction,fluency_en,23614,0.3915577156129574
A3,C_equal_indicator,rps_lines_uppercase_letter_fraction,modernbert_cleanliness,23614,0.44016561365212376
A3,C_equal_indicator,rps_lines_uppercase_letter_fraction,modernbert_readability,23614,0.41575833341052976
A3,C_equal_indicator,rps_lines_uppercase_letter_fraction,modernbert_reasoning,23614,0.46955134037276614
A3,C_equal_indicator,rps_lines_uppercase_letter_fraction,modernbert_professionalism,23614,0.31608325528222136
A3,C_equal_indicator,rps_lines_uppercase_letter_fraction,qurater,23614,0.412208296720166
A3,C_equal_indicator,rps_lines_uppercase_letter_fraction,ad_en,23614,0.47301619561952124
A3,C_equal_indicator,rps_lines_ending_with_terminal_punctution_mark,rps_lines_numerical_chars_fraction,23614,0.30172300173162636
A3,C_equal_indicator,rps_lines_ending_with_terminal_punctution_mark,rps_doc_mean_word_length,23614,0.2807655286009491
A3,C_equal_indicator,rps_lines_ending_with_terminal_punctution_mark,fineweb_edu,23614,0.2611812560213221
A3,C_equal_indicator,rps_lines_ending_with_terminal_punctution_mark,fluency_en,23614,0.30063548313831306
A3,C_equal_indicator,rps_lines_ending_with_terminal_punctution_mark,modernbert_cleanliness,23614,0.2008410899899821
A3,C_equal_indicator,rps_lines_ending_with_terminal_punctution_mark,modernbert_readability,23614,0.24721718561420133
A3,C_equal_indicator,rps_lines_ending_with_terminal_punctution_mark,modernbert_reasoning,23614,0.2852520804164108
A3,C_equal_indicator,rps_lines_ending_with_terminal_punctution_mark,modernbert_professionalism,23614,0.3732187576920736
A3,C_equal_indicator,rps_lines_ending_with_terminal_punctution_mark,qurater,23614,0.18732293239544073
A3,C_equal_indicator,rps_lines_ending_with_terminal_punctution_mark,ad_en,23614,0.6688551787670979
A3,C_equal_indicator,rps_lines_numerical_chars_fraction,rps_doc_mean_word_length,23614,0.3520813841232955
A3,C_equal_indicator,rps_lines_numerical_chars_fraction,fineweb_edu,23614,0.17884534718049938
A3,C_equal_indicator,rps_lines_numerical_chars_fraction,fluency_en,23614,0.3551437185369378
A3,C_equal_indicator,rps_lines_numerical_chars_fraction,modernbert_cleanliness,23614,0.211844275542316
A3,C_equal_indicator,rps_lines_numerical_chars_fraction,modernbert_readability,23614,0.237371651962951
A3,C_equal_indicator,rps_lines_numerical_chars_fraction,modernbert_reasoning,23614,0.12315119874763117
A3,C_equal_indicator,rps_lines_numerical_chars_fraction,modernbert_professionalism,23614,0.49593279542855934
A3,C_equal_indicator,rps_lines_numerical_chars_fraction,qurater,23614,0.23147145934681226
A3,C_equal_indicator,rps_lines_numerical_chars_fraction,ad_en,23614,0.8818219801084632
A3,C_equal_indicator,rps_doc_mean_word_length,fineweb_edu,23614,0.26401088453221605
A3,C_equal_indicator,rps_doc_mean_word_length,fluency_en,23614,0.3414316565881204
A3,C_equal_indicator,rps_doc_mean_word_length,modernbert_cleanliness,23614,0.31116419491945985
A3,C_equal_indicator,rps_doc_mean_word_length,modernbert_readability,23614,0.3256678580833933
A3,C_equal_indicator,rps_doc_mean_word_length,modernbert_reasoning,23614,0.3609837806425743
A3,C_equal_indicator,rps_doc_mean_word_length,modernbert_professionalism,23614,0.27903701938601044
A3,C_equal_indicator,rps_doc_mean_word_length,qurater,23614,0.2859842231435801
A3,C_equal_indicator,rps_doc_mean_word_length,ad_en,23614,0.5963565997329444
A3,C_equal_indicator,fineweb_edu,fluency_en,23614,0.2824202083840624
A3,C_equal_indicator,fineweb_edu,modernbert_cleanliness,23614,0.19559090343652072
A3,C_equal_indicator,fineweb_edu,modernbert_readability,23614,0.20393219213840308
A3,C_equal_indicator,fineweb_edu,modernbert_reasoning,23614,0.15394617227531868
A3,C_equal_indicator,fineweb_edu,modernbert_professionalism,23614,0.37649581882040317
A3,C_equal_indicator,fineweb_edu,qurater,23614,0.1837940695849787
A3,C_equal_indicator,fineweb_edu,ad_en,23614,0.791617054170725
A3,C_equal_indicator,fluency_en,modernbert_cleanliness,23614,0.25954039405583024
A3,C_equal_indicator,fluency_en,modernbert_readability,23614,0.25876815742912046
A3,C_equal_indicator,fluency_en,modernbert_reasoning,23614,0.31651397004623844
A3,C_equal_indicator,fluency_en,modernbert_professionalism,23614,0.34054481426868066
A3,C_equal_indicator,fluency_en,qurater,23614,0.2432199282519771
A3,C_equal_indicator,fluency_en,ad_en,23614,0.6199178139160032
A3,C_equal_indicator,modernbert_cleanliness,modernbert_readability,23614,0.13765318185517594
A3,C_equal_indicator,modernbert_cleanliness,modernbert_reasoning,23614,0.14433019119021026
A3,C_equal_indicator,modernbert_cleanliness,modernbert_professionalism,23614,0.4294920448244421
A3,C_equal_indicator,modernbert_cleanliness,qurater,23614,0.09786930699710712
A3,C_equal_indicator,modernbert_cleanliness,ad_en,23614,0.8105055197658169
A3,C_equal_indicator,modernbert_readability,modernbert_reasoning,23614,0.18662206456412245
A3,C_equal_indicator,modernbert_readability,modernbert_professionalism,23614,0.40214657858222347
A3,C_equal_indicator,modernbert_readability,qurater,23614,0.13625367937518526
A3,C_equal_indicator,modernbert_readability,ad_en,23614,0.7549105411845197
A3,C_equal_indicator,modernbert_reasoning,modernbert_professionalism,23614,0.4876772671435642
A3,C_equal_indicator,modernbert_reasoning,qurater,23614,0.18282583499526234
A3,C_equal_indicator,modernbert_reasoning,ad_en,23614,0.91557860356277
A3,C_equal_indicator,modernbert_professionalism,qurater,23614,0.39808031484236045
A3,C_equal_indicator,modernbert_professionalism,ad_en,23614,0.44155428106075845
A3,C_equal_indicator,qurater,ad_en,23614,0.7542497052198908
