attachment,high_set_method,field_j,field_k,n_high,H_weighted
A1,C_weighted_hierarchical,dsir_books,dsir_wiki,5121,1.9298940773921775e-05
A1,C_weighted_hierarchical,dsir_books,dsir_math,5121,0.00016363255988428998
A1,C_weighted_hierarchical,dsir_books,rps_doc_word_count,5121,0.002110594702173415
A1,C_weighted_hierarchical,dsir_books,rps_doc_num_sentences,5121,0.004299317627548932
A1,C_weighted_hierarchical,dsir_books,rps_doc_unigram_entropy,5121,0.0013580828515464048
A1,C_weighted_hierarchical,dsir_books,rps_doc_frac_unique_words,5121,0.001081116433797784
A1,C_weighted_hierarchical,dsir_books,rps_doc_frac_no_alph_words,5121,0.0005188186802887705
A1,C_weighted_hierarchical,dsir_books,rps_doc_frac_chars_top_2gram,5121,0.0002876003568226519
A1,C_weighted_hierarchical,dsir_books,rps_doc_frac_chars_top_3gram,5121,0.00018217645150140951
A1,C_weighted_hierarchical,dsir_books,rps_lines_uppercase_letter_fraction,5121,0.0007824227268789521
A1,C_weighted_hierarchical,dsir_books,rps_lines_ending_with_terminal_punctution_mark,5121,0.002564618610062656
A1,C_weighted_hierarchical,dsir_books,rps_lines_numerical_chars_fraction,5121,0.025241009493295653
A1,C_weighted_hierarchical,dsir_books,rps_doc_mean_word_length,5121,0.007991251000849471
A1,C_weighted_hierarchical,dsir_books,fineweb_edu,5121,0.004318949799237778
A1,C_weighted_hierarchical,dsir_books,fluency_en,5121,0.0031344819879951242
A1,C_weighted_hierarchical,dsir_books,modernbert_cleanliness,5121,0.009442594152421565
A1,C_weighted_hierarchical,dsir_books,modernbert_readability,5121,0.003811377774145711
A1,C_weighted_hierarchical,dsir_books,modernbert_reasoning,5121,0.014371797414426981
A1,C_weighted_hierarchical,dsir_books,modernbert_professionalism,5121,0.004784048715445004
A1,C_weighted_hierarchical,dsir_books,qurater,5121,0.004523335638199355
A1,C_weighted_hierarchical,dsir_books,ad_en,5121,0.0003063189739888731
A1,C_weighted_hierarchical,dsir_wiki,dsir_math,5121,0.00012119069377134454
A1,C_weighted_hierarchical,dsir_wiki,rps_doc_word_count,5121,0.0019613674834371587
A1,C_weighted_hierarchical,dsir_wiki,rps_doc_num_sentences,5121,0.003994849189968196
A1,C_weighted_hierarchical,dsir_wiki,rps_doc_unigram_entropy,5121,0.0012622754958397369
A1,C_weighted_hierarchical,dsir_wiki,rps_doc_frac_unique_words,5121,0.0010002266605096239
A1,C_weighted_hierarchical,dsir_wiki,rps_doc_frac_no_alph_words,5121,0.0004832217674580899
A1,C_weighted_hierarchical,dsir_wiki,rps_doc_frac_chars_top_2gram,5121,0.0002677848668499544
A1,C_weighted_hierarchical,dsir_wiki,rps_doc_frac_chars_top_3gram,5121,0.0001698816242315534
A1,C_weighted_hierarchical,dsir_wiki,rps_lines_uppercase_letter_fraction,5121,0.0007248730384869065
A1,C_weighted_hierarchical,dsir_wiki,rps_lines_ending_with_terminal_punctution_mark,5121,0.0023883078148113244
A1,C_weighted_hierarchical,dsir_wiki,rps_lines_numerical_chars_fraction,5121,0.02341764246372764
A1,C_weighted_hierarchical,dsir_wiki,rps_doc_mean_word_length,5121,0.007410661472032751
A1,C_weighted_hierarchical,dsir_wiki,fineweb_edu,5121,0.004011214002369449
A1,C_weighted_hierarchical,dsir_wiki,fluency_en,5121,0.002915725919997894
A1,C_weighted_hierarchical,dsir_wiki,modernbert_cleanliness,5121,0.008777314410065152
A1,C_weighted_hierarchical,dsir_wiki,modernbert_readability,5121,0.0035425236495718582
A1,C_weighted_hierarchical,dsir_wiki,modernbert_reasoning,5121,0.013353306788597592
A1,C_weighted_hierarchical,dsir_wiki,modernbert_professionalism,5121,0.004441223404368658
A1,C_weighted_hierarchical,dsir_wiki,qurater,5121,0.004202740923233429
A1,C_weighted_hierarchical,dsir_wiki,ad_en,5121,0.00028499923082301795
A1,C_weighted_hierarchical,dsir_math,rps_doc_word_count,5121,0.0036282066986270045
A1,C_weighted_hierarchical,dsir_math,rps_doc_num_sentences,5121,0.007394105360093204
A1,C_weighted_hierarchical,dsir_math,rps_doc_unigram_entropy,5121,0.0023332341419550987
A1,C_weighted_hierarchical,dsir_math,rps_doc_frac_unique_words,5121,0.0018371974014171574
A1,C_weighted_hierarchical,dsir_math,rps_doc_frac_no_alph_words,5121,0.0008862460107699984
A1,C_weighted_hierarchical,dsir_math,rps_doc_frac_chars_top_2gram,5121,0.0004934838829811142
A1,C_weighted_hierarchical,dsir_math,rps_doc_frac_chars_top_3gram,5121,0.0003147057107214946
A1,C_weighted_hierarchical,dsir_math,rps_lines_uppercase_letter_fraction,5121,0.001333104282291655
A1,C_weighted_hierarchical,dsir_math,rps_lines_ending_with_terminal_punctution_mark,5121,0.004444257830844076
A1,C_weighted_hierarchical,dsir_math,rps_lines_numerical_chars_fraction,5121,0.04332745007188983
A1,C_weighted_hierarchical,dsir_math,rps_doc_mean_word_length,5121,0.013709609053162175
A1,C_weighted_hierarchical,dsir_math,fineweb_edu,5121,0.0074235916918884625
A1,C_weighted_hierarchical,dsir_math,fluency_en,5121,0.005393718135530953
A1,C_weighted_hierarchical,dsir_math,modernbert_cleanliness,5121,0.016238086292628153
A1,C_weighted_hierarchical,dsir_math,modernbert_readability,5121,0.006548690354396405
A1,C_weighted_hierarchical,dsir_math,modernbert_reasoning,5121,0.0247219931553165
A1,C_weighted_hierarchical,dsir_math,modernbert_professionalism,5121,0.008219549950593616
A1,C_weighted_hierarchical,dsir_math,qurater,5121,0.007776480035609411
A1,C_weighted_hierarchical,dsir_math,ad_en,5121,0.0005277358229381193
A1,C_weighted_hierarchical,rps_doc_word_count,rps_doc_num_sentences,5121,0.00012053610757809364
A1,C_weighted_hierarchical,rps_doc_word_count,rps_doc_unigram_entropy,5121,4.465453201176883e-05
A1,C_weighted_hierarchical,rps_doc_word_count,rps_doc_frac_unique_words,5121,0.0002525815372524191
A1,C_weighted_hierarchical,rps_doc_word_count,rps_doc_frac_no_alph_words,5121,0.00022486094185762053
A1,C_weighted_hierarchical,rps_doc_word_count,rps_doc_frac_chars_top_2gram,5121,0.00010007590216973243
A1,C_weighted_hierarchical,rps_doc_word_count,rps_doc_frac_chars_top_3gram,5121,9.541222709650913e-05
A1,C_weighted_hierarchical,rps_doc_word_count,rps_lines_uppercase_letter_fraction,5121,0.0001963036706728717
A1,C_weighted_hierarchical,rps_doc_word_count,rps_lines_ending_with_terminal_punctution_mark,5121,0.000555865013370434
A1,C_weighted_hierarchical,rps_doc_word_count,rps_lines_numerical_chars_fraction,5121,0.0013735140542174933
A1,C_weighted_hierarchical,rps_doc_word_count,rps_doc_mean_word_length,5121,0.0005141476398074874
A1,C_weighted_hierarchical,rps_doc_word_count,fineweb_edu,5121,0.00015919707219471714
A1,C_weighted_hierarchical,rps_doc_word_count,fluency_en,5121,0.0005585086193283378
A1,C_weighted_hierarchical,rps_doc_word_count,modernbert_cleanliness,5121,0.0006602152482159466
A1,C_weighted_hierarchical,rps_doc_word_count,modernbert_readability,5121,0.00030653106125965183
A1,C_weighted_hierarchical,rps_doc_word_count,modernbert_reasoning,5121,0.00048668321049765887
A1,C_weighted_hierarchical,rps_doc_word_count,modernbert_professionalism,5121,0.0003561105988000864
A1,C_weighted_hierarchical,rps_doc_word_count,qurater,5121,0.00016772309928902296
A1,C_weighted_hierarchical,rps_doc_word_count,ad_en,5121,0.00011761660061641823
A1,C_weighted_hierarchical,rps_doc_num_sentences,rps_doc_unigram_entropy,5121,0.0001597204060361265
A1,C_weighted_hierarchical,rps_doc_num_sentences,rps_doc_frac_unique_words,5121,0.000545430138805534
A1,C_weighted_hierarchical,rps_doc_num_sentences,rps_doc_frac_no_alph_words,5121,0.0004739553129727506
A1,C_weighted_hierarchical,rps_doc_num_sentences,rps_doc_frac_chars_top_2gram,5121,0.00021081670983427928
A1,C_weighted_hierarchical,rps_doc_num_sentences,rps_doc_frac_chars_top_3gram,5121,0.00019731805771009688
A1,C_weighted_hierarchical,rps_doc_num_sentences,rps_lines_uppercase_letter_fraction,5121,0.00042269435863204115
A1,C_weighted_hierarchical,rps_doc_num_sentences,rps_lines_ending_with_terminal_punctution_mark,5121,0.0011831973149046403
A1,C_weighted_hierarchical,rps_doc_num_sentences,rps_lines_numerical_chars_fraction,5121,0.0015522782645444831
A1,C_weighted_hierarchical,rps_doc_num_sentences,rps_doc_mean_word_length,5121,0.0006394568275793758
A1,C_weighted_hierarchical,rps_doc_num_sentences,fineweb_edu,5121,0.00021724789639634233
A1,C_weighted_hierarchical,rps_doc_num_sentences,fluency_en,5121,0.0011856972707481924
A1,C_weighted_hierarchical,rps_doc_num_sentences,modernbert_cleanliness,5121,0.0015148679357757508
A1,C_weighted_hierarchical,rps_doc_num_sentences,modernbert_readability,5121,0.0006415326925828433
A1,C_weighted_hierarchical,rps_doc_num_sentences,modernbert_reasoning,5121,0.0005422802309286749
A1,C_weighted_hierarchical,rps_doc_num_sentences,modernbert_professionalism,5121,0.0004872011125961634
A1,C_weighted_hierarchical,rps_doc_num_sentences,qurater,5121,0.0003218335450579543
A1,C_weighted_hierarchical,rps_doc_num_sentences,ad_en,5121,0.00022761691327301349
A1,C_weighted_hierarchical,rps_doc_unigram_entropy,rps_doc_frac_unique_words,5121,0.00015557503182520304
A1,C_weighted_hierarchical,rps_doc_unigram_entropy,rps_doc_frac_no_alph_words,5121,0.0001385966922751927
A1,C_weighted_hierarchical,rps_doc_unigram_entropy,rps_doc_frac_chars_top_2gram,5121,6.0141657646508044e-05
A1,C_weighted_hierarchical,rps_doc_unigram_entropy,rps_doc_frac_chars_top_3gram,5121,5.915933981468033e-05
A1,C_weighted_hierarchical,rps_doc_unigram_entropy,rps_lines_uppercase_letter_fraction,5121,0.00011999069231423595
A1,C_weighted_hierarchical,rps_doc_unigram_entropy,rps_lines_ending_with_terminal_punctution_mark,5121,0.000347700876705942
A1,C_weighted_hierarchical,rps_doc_unigram_entropy,rps_lines_numerical_chars_fraction,5121,0.0014190102878476685
A1,C_weighted_hierarchical,rps_doc_unigram_entropy,rps_doc_mean_word_length,5121,0.0005002071778188347
A1,C_weighted_hierarchical,rps_doc_unigram_entropy,fineweb_edu,5121,0.00017850910163574323
A1,C_weighted_hierarchical,rps_doc_unigram_entropy,fluency_en,5121,0.0003712350857521657
A1,C_weighted_hierarchical,rps_doc_unigram_entropy,modernbert_cleanliness,5121,0.0004661617338760356
A1,C_weighted_hierarchical,rps_doc_unigram_entropy,modernbert_readability,5121,0.0002259678600960796
A1,C_weighted_hierarchical,rps_doc_unigram_entropy,modernbert_reasoning,5121,0.0006010226656914832
A1,C_weighted_hierarchical,rps_doc_unigram_entropy,modernbert_professionalism,5121,0.0003262560420410293
A1,C_weighted_hierarchical,rps_doc_unigram_entropy,qurater,5121,0.00017647334484569954
A1,C_weighted_hierarchical,rps_doc_unigram_entropy,ad_en,5121,8.209426126709793e-05
A1,C_weighted_hierarchical,rps_doc_frac_unique_words,rps_doc_frac_no_alph_words,5121,0.00013940054379713598
A1,C_weighted_hierarchical,rps_doc_frac_unique_words,rps_doc_frac_chars_top_2gram,5121,5.725777703070518e-05
A1,C_weighted_hierarchical,rps_doc_frac_unique_words,rps_doc_frac_chars_top_3gram,5121,5.41135523757481e-05
A1,C_weighted_hierarchical,rps_doc_frac_unique_words,rps_lines_uppercase_letter_fraction,5121,0.00018630129735492317
A1,C_weighted_hierarchical,rps_doc_frac_unique_words,rps_lines_ending_with_terminal_punctution_mark,5121,0.0005885270310599651
A1,C_weighted_hierarchical,rps_doc_frac_unique_words,rps_lines_numerical_chars_fraction,5121,0.003410796247313122
A1,C_weighted_hierarchical,rps_doc_frac_unique_words,rps_doc_mean_word_length,5121,0.0010188363267851172
A1,C_weighted_hierarchical,rps_doc_frac_unique_words,fineweb_edu,5121,0.0005392470330989721
A1,C_weighted_hierarchical,rps_doc_frac_unique_words,fluency_en,5121,0.0006142740493663051
A1,C_weighted_hierarchical,rps_doc_frac_unique_words,modernbert_cleanliness,5121,0.0012575406068146338
A1,C_weighted_hierarchical,rps_doc_frac_unique_words,modernbert_readability,5121,0.0005317353793608775
A1,C_weighted_hierarchical,rps_doc_frac_unique_words,modernbert_reasoning,5121,0.00185984838430959
A1,C_weighted_hierarchical,rps_doc_frac_unique_words,modernbert_professionalism,5121,0.0006316585464716143
A1,C_weighted_hierarchical,rps_doc_frac_unique_words,qurater,5121,0.0005394443928840628
A1,C_weighted_hierarchical,rps_doc_frac_unique_words,ad_en,5121,8.317526831310278e-05
A1,C_weighted_hierarchical,rps_doc_frac_no_alph_words,rps_doc_frac_chars_top_2gram,5121,4.3254236019741135e-05
A1,C_weighted_hierarchical,rps_doc_frac_no_alph_words,rps_doc_frac_chars_top_3gram,5121,3.598781986122896e-05
A1,C_weighted_hierarchical,rps_doc_frac_no_alph_words,rps_lines_uppercase_letter_fraction,5121,9.450569480568273e-05
A1,C_weighted_hierarchical,rps_doc_frac_no_alph_words,rps_lines_ending_with_terminal_punctution_mark,5121,0.0002805976878255481
A1,C_weighted_hierarchical,rps_doc_frac_no_alph_words,rps_lines_numerical_chars_fraction,5121,0.0029829493524129785
A1,C_weighted_hierarchical,rps_doc_frac_no_alph_words,rps_doc_mean_word_length,5121,0.000950048035258335
A1,C_weighted_hierarchical,rps_doc_frac_no_alph_words,fineweb_edu,5121,0.0004817316273413054
A1,C_weighted_hierarchical,rps_doc_frac_no_alph_words,fluency_en,5121,0.0003223004776897465
A1,C_weighted_hierarchical,rps_doc_frac_no_alph_words,modernbert_cleanliness,5121,0.0009744341589017253
A1,C_weighted_hierarchical,rps_doc_frac_no_alph_words,modernbert_readability,5121,0.00039476097609217835
A1,C_weighted_hierarchical,rps_doc_frac_no_alph_words,modernbert_reasoning,5121,0.0016135079601625405
A1,C_weighted_hierarchical,rps_doc_frac_no_alph_words,modernbert_professionalism,5121,0.0005745658299000549
A1,C_weighted_hierarchical,rps_doc_frac_no_alph_words,qurater,5121,0.0004864452361478223
A1,C_weighted_hierarchical,rps_doc_frac_no_alph_words,ad_en,5121,6.11539965600141e-05
A1,C_weighted_hierarchical,rps_doc_frac_chars_top_2gram,rps_doc_frac_chars_top_3gram,5121,9.174402706512375e-06
A1,C_weighted_hierarchical,rps_doc_frac_chars_top_2gram,rps_lines_uppercase_letter_fraction,5121,5.382896436820583e-05
A1,C_weighted_hierarchical,rps_doc_frac_chars_top_2gram,rps_lines_ending_with_terminal_punctution_mark,5121,0.00018690497122848663
A1,C_weighted_hierarchical,rps_doc_frac_chars_top_2gram,rps_lines_numerical_chars_fraction,5121,0.0013765094761705003
A1,C_weighted_hierarchical,rps_doc_frac_chars_top_2gram,rps_doc_mean_word_length,5121,0.0004390976693221516
A1,C_weighted_hierarchical,rps_doc_frac_chars_top_2gram,fineweb_edu,5121,0.00022149835456873273
A1,C_weighted_hierarchical,rps_doc_frac_chars_top_2gram,fluency_en,5121,0.00019619230879788451
A1,C_weighted_hierarchical,rps_doc_frac_chars_top_2gram,modernbert_cleanliness,5121,0.0004601197006610908
A1,C_weighted_hierarchical,rps_doc_frac_chars_top_2gram,modernbert_readability,5121,0.00019859321419137173
A1,C_weighted_hierarchical,rps_doc_frac_chars_top_2gram,modernbert_reasoning,5121,0.0007184677281207557
A1,C_weighted_hierarchical,rps_doc_frac_chars_top_2gram,modernbert_professionalism,5121,0.0002466785442014833
A1,C_weighted_hierarchical,rps_doc_frac_chars_top_2gram,qurater,5121,0.00022212382173763992
A1,C_weighted_hierarchical,rps_doc_frac_chars_top_2gram,ad_en,5121,2.5710526720835597e-05
A1,C_weighted_hierarchical,rps_doc_frac_chars_top_3gram,rps_lines_uppercase_letter_fraction,5121,4.7075966567727534e-05
A1,C_weighted_hierarchical,rps_doc_frac_chars_top_3gram,rps_lines_ending_with_terminal_punctution_mark,5121,0.000161167182141096
A1,C_weighted_hierarchical,rps_doc_frac_chars_top_3gram,rps_lines_numerical_chars_fraction,5121,0.0012591266581777466
A1,C_weighted_hierarchical,rps_doc_frac_chars_top_3gram,rps_doc_mean_word_length,5121,0.00040053057052181796
A1,C_weighted_hierarchical,rps_doc_frac_chars_top_3gram,fineweb_edu,5121,0.0002070626110451073
A1,C_weighted_hierarchical,rps_doc_frac_chars_top_3gram,fluency_en,5121,0.0001672614027650595
A1,C_weighted_hierarchical,rps_doc_frac_chars_top_3gram,modernbert_cleanliness,5121,0.000434763002051661
A1,C_weighted_hierarchical,rps_doc_frac_chars_top_3gram,modernbert_readability,5121,0.00018443954065092927
A1,C_weighted_hierarchical,rps_doc_frac_chars_top_3gram,modernbert_reasoning,5121,0.000665449218407092
A1,C_weighted_hierarchical,rps_doc_frac_chars_top_3gram,modernbert_professionalism,5121,0.00022502561929572365
A1,C_weighted_hierarchical,rps_doc_frac_chars_top_3gram,qurater,5121,0.00020844366544200586
A1,C_weighted_hierarchical,rps_doc_frac_chars_top_3gram,ad_en,5121,1.954534332468262e-05
A1,C_weighted_hierarchical,rps_lines_uppercase_letter_fraction,rps_lines_ending_with_terminal_punctution_mark,5121,0.0003080448779122984
A1,C_weighted_hierarchical,rps_lines_uppercase_letter_fraction,rps_lines_numerical_chars_fraction,5121,0.0027423903116512095
A1,C_weighted_hierarchical,rps_lines_uppercase_letter_fraction,rps_doc_mean_word_length,5121,0.0009079201223936079
A1,C_weighted_hierarchical,rps_lines_uppercase_letter_fraction,fineweb_edu,5121,0.0004412290454056709
A1,C_weighted_hierarchical,rps_lines_uppercase_letter_fraction,fluency_en,5121,0.000376382237681139
A1,C_weighted_hierarchical,rps_lines_uppercase_letter_fraction,modernbert_cleanliness,5121,0.0009277570796314689
A1,C_weighted_hierarchical,rps_lines_uppercase_letter_fraction,modernbert_readability,5121,0.00038754305020455944
A1,C_weighted_hierarchical,rps_lines_uppercase_letter_fraction,modernbert_reasoning,5121,0.0014640364177832858
A1,C_weighted_hierarchical,rps_lines_uppercase_letter_fraction,modernbert_professionalism,5121,0.0005568727795205215
A1,C_weighted_hierarchical,rps_lines_uppercase_letter_fraction,qurater,5121,0.0004560823187355255
A1,C_weighted_hierarchical,rps_lines_uppercase_letter_fraction,ad_en,5121,7.939206963508766e-05
A1,C_weighted_hierarchical,rps_lines_ending_with_terminal_punctution_mark,rps_lines_numerical_chars_fraction,5121,0.007342351348938814
A1,C_weighted_hierarchical,rps_lines_ending_with_terminal_punctution_mark,rps_doc_mean_word_length,5121,0.0025708636931680816
A1,C_weighted_hierarchical,rps_lines_ending_with_terminal_punctution_mark,fineweb_edu,5121,0.0012424746554666468
A1,C_weighted_hierarchical,rps_lines_ending_with_terminal_punctution_mark,fluency_en,5121,0.0010598168866447954
A1,C_weighted_hierarchical,rps_lines_ending_with_terminal_punctution_mark,modernbert_cleanliness,5121,0.0021638415224961892
A1,C_weighted_hierarchical,rps_lines_ending_with_terminal_punctution_mark,modernbert_readability,5121,0.001132430382894408
A1,C_weighted_hierarchical,rps_lines_ending_with_terminal_punctution_mark,modernbert_reasoning,5121,0.003880853838512352
A1,C_weighted_hierarchical,rps_lines_ending_with_terminal_punctution_mark,modernbert_professionalism,5121,0.001787694453029065
A1,C_weighted_hierarchical,rps_lines_ending_with_terminal_punctution_mark,qurater,5121,0.001225132854501691
A1,C_weighted_hierarchical,rps_lines_ending_with_terminal_punctution_mark,ad_en,5121,0.0002743361894530821
A1,C_weighted_hierarchical,rps_lines_numerical_chars_fraction,rps_doc_mean_word_length,5121,0.0022923304867042875
A1,C_weighted_hierarchical,rps_lines_numerical_chars_fraction,fineweb_edu,5121,0.0016338722536753875
A1,C_weighted_hierarchical,rps_lines_numerical_chars_fraction,fluency_en,5121,0.007522854109826218
A1,C_weighted_hierarchical,rps_lines_numerical_chars_fraction,modernbert_cleanliness,5121,0.010700567993813552
A1,C_weighted_hierarchical,rps_lines_numerical_chars_fraction,modernbert_readability,5121,0.004160967433416911
A1,C_weighted_hierarchical,rps_lines_numerical_chars_fraction,modernbert_reasoning,5121,0.003954779268841817
A1,C_weighted_hierarchical,rps_lines_numerical_chars_fraction,modernbert_professionalism,5121,0.0023744377529969427
A1,C_weighted_hierarchical,rps_lines_numerical_chars_fraction,qurater,5121,0.0023900221300504417
A1,C_weighted_hierarchical,rps_lines_numerical_chars_fraction,ad_en,5121,0.0013460764679502535
A1,C_weighted_hierarchical,rps_doc_mean_word_length,fineweb_edu,5121,0.0005606783262249689
A1,C_weighted_hierarchical,rps_doc_mean_word_length,fluency_en,5121,0.00258487660209052
A1,C_weighted_hierarchical,rps_doc_mean_word_length,modernbert_cleanliness,5121,0.004008286552685598
A1,C_weighted_hierarchical,rps_doc_mean_word_length,modernbert_readability,5121,0.001470569211327275
A1,C_weighted_hierarchical,rps_doc_mean_word_length,modernbert_reasoning,5121,0.002023289871685692
A1,C_weighted_hierarchical,rps_doc_mean_word_length,modernbert_professionalism,5121,0.0005790162531212132
A1,C_weighted_hierarchical,rps_doc_mean_word_length,qurater,5121,0.000826737269920542
A1,C_weighted_hierarchical,rps_doc_mean_word_length,ad_en,5121,0.00041992105885328837
A1,C_weighted_hierarchical,fineweb_edu,fluency_en,5121,0.0012050025116951402
A1,C_weighted_hierarchical,fineweb_edu,modernbert_cleanliness,5121,0.00166338249465784
A1,C_weighted_hierarchical,fineweb_edu,modernbert_readability,5121,0.0006555830896653188
A1,C_weighted_hierarchical,fineweb_edu,modernbert_reasoning,5121,0.0006963806947371444
A1,C_weighted_hierarchical,fineweb_edu,modernbert_professionalism,5121,0.0004394179090601501
A1,C_weighted_hierarchical,fineweb_edu,qurater,5121,0.0003078539520553894
A1,C_weighted_hierarchical,fineweb_edu,ad_en,5121,0.00022423915721215832
A1,C_weighted_hierarchical,fluency_en,modernbert_cleanliness,5121,0.0020130630293438497
A1,C_weighted_hierarchical,fluency_en,modernbert_readability,5121,0.000823916867118521
A1,C_weighted_hierarchical,fluency_en,modernbert_reasoning,5121,0.003743044407405068
A1,C_weighted_hierarchical,fluency_en,modernbert_professionalism,5121,0.0015451295422591158
A1,C_weighted_hierarchical,fluency_en,qurater,5121,0.0010994654658522721
A1,C_weighted_hierarchical,fluency_en,ad_en,5121,0.00023258594494424847
A1,C_weighted_hierarchical,modernbert_cleanliness,modernbert_readability,5121,0.0013559280951280727
A1,C_weighted_hierarchical,modernbert_cleanliness,modernbert_reasoning,5121,0.00441532544414321
A1,C_weighted_hierarchical,modernbert_cleanliness,modernbert_professionalism,5121,0.002699064368394221
A1,C_weighted_hierarchical,modernbert_cleanliness,qurater,5121,0.0013407116414330897
A1,C_weighted_hierarchical,modernbert_cleanliness,ad_en,5121,0.0005702377098238398
A1,C_weighted_hierarchical,modernbert_readability,modernbert_reasoning,5121,0.001955408494679891
A1,C_weighted_hierarchical,modernbert_readability,modernbert_professionalism,5121,0.000977386325269651
A1,C_weighted_hierarchical,modernbert_readability,qurater,5121,0.0005409107803625552
A1,C_weighted_hierarchical,modernbert_readability,ad_en,5121,0.0002371003301937919
A1,C_weighted_hierarchical,modernbert_reasoning,modernbert_professionalism,5121,0.0015333778080795374
A1,C_weighted_hierarchical,modernbert_reasoning,qurater,5121,0.0008767249828120701
A1,C_weighted_hierarchical,modernbert_reasoning,ad_en,5121,0.0007403837624281826
A1,C_weighted_hierarchical,modernbert_professionalism,qurater,5121,0.0006086360035036013
A1,C_weighted_hierarchical,modernbert_professionalism,ad_en,5121,0.00022121500640998176
A1,C_weighted_hierarchical,qurater,ad_en,5121,0.00023869727944820528
A1,C_equal_indicator,dsir_books,dsir_wiki,5121,9.106593304865217e-05
A1,C_equal_indicator,dsir_books,dsir_math,5121,0.00040736719175896245
A1,C_equal_indicator,dsir_books,rps_doc_word_count,5121,0.002060900999124254
A1,C_equal_indicator,dsir_books,rps_doc_num_sentences,5121,0.004226384837850625
A1,C_equal_indicator,dsir_books,rps_doc_unigram_entropy,5121,0.0013044823430837064
A1,C_equal_indicator,dsir_books,rps_doc_frac_unique_words,5121,0.0010266241003063059
A1,C_equal_indicator,dsir_books,rps_doc_frac_no_alph_words,5121,0.00048313624646483514
A1,C_equal_indicator,dsir_books,rps_doc_frac_chars_top_2gram,5121,0.0002573066713185203
A1,C_equal_indicator,dsir_books,rps_doc_frac_chars_top_3gram,5121,0.00014922081260695255
A1,C_equal_indicator,dsir_books,rps_lines_uppercase_letter_fraction,5121,0.0007083598548636336
A1,C_equal_indicator,dsir_books,rps_lines_ending_with_terminal_punctution_mark,5121,0.0020379801948112626
A1,C_equal_indicator,dsir_books,rps_lines_numerical_chars_fraction,5121,0.023343139123571086
A1,C_equal_indicator,dsir_books,rps_doc_mean_word_length,5121,0.008108129267389096
A1,C_equal_indicator,dsir_books,fineweb_edu,5121,0.004384001410234471
A1,C_equal_indicator,dsir_books,fluency_en,5121,0.0031358490535300246
A1,C_equal_indicator,dsir_books,modernbert_cleanliness,5121,0.008755857451845567
A1,C_equal_indicator,dsir_books,modernbert_readability,5121,0.0036030709555971182
A1,C_equal_indicator,dsir_books,modernbert_reasoning,5121,0.013902634366692692
A1,C_equal_indicator,dsir_books,modernbert_professionalism,5121,0.005204263070939107
A1,C_equal_indicator,dsir_books,qurater,5121,0.0044766374420169685
A1,C_equal_indicator,dsir_books,ad_en,5121,0.0004303794063095166
A1,C_equal_indicator,dsir_wiki,dsir_math,5121,0.0002255801333495335
A1,C_equal_indicator,dsir_wiki,rps_doc_word_count,5121,0.0019266851052514046
A1,C_equal_indicator,dsir_wiki,rps_doc_num_sentences,5121,0.003947054661710147
A1,C_equal_indicator,dsir_wiki,rps_doc_unigram_entropy,5121,0.0012213185784960214
A1,C_equal_indicator,dsir_wiki,rps_doc_frac_unique_words,5121,0.0009357671585320306
A1,C_equal_indicator,dsir_wiki,rps_doc_frac_no_alph_words,5121,0.0004599212493039836
A1,C_equal_indicator,dsir_wiki,rps_doc_frac_chars_top_2gram,5121,0.0002444189347236359
A1,C_equal_indicator,dsir_wiki,rps_doc_frac_chars_top_3gram,5121,0.0001432876982643257
A1,C_equal_indicator,dsir_wiki,rps_lines_uppercase_letter_fraction,5121,0.0006497970347262545
A1,C_equal_indicator,dsir_wiki,rps_lines_ending_with_terminal_punctution_mark,5121,0.001925999949031178
A1,C_equal_indicator,dsir_wiki,rps_lines_numerical_chars_fraction,5121,0.021589190902038195
A1,C_equal_indicator,dsir_wiki,rps_doc_mean_word_length,5121,0.007482009403210958
A1,C_equal_indicator,dsir_wiki,fineweb_edu,5121,0.004072421838530936
A1,C_equal_indicator,dsir_wiki,fluency_en,5121,0.0029362350568994376
A1,C_equal_indicator,dsir_wiki,modernbert_cleanliness,5121,0.00818708293684339
A1,C_equal_indicator,dsir_wiki,modernbert_readability,5121,0.0033729583376984245
A1,C_equal_indicator,dsir_wiki,modernbert_reasoning,5121,0.012942749223858414
A1,C_equal_indicator,dsir_wiki,modernbert_professionalism,5121,0.004818003362356846
A1,C_equal_indicator,dsir_wiki,qurater,5121,0.004161092102176225
A1,C_equal_indicator,dsir_wiki,ad_en,5121,0.00040420066584579285
A1,C_equal_indicator,dsir_math,rps_doc_word_count,5121,0.0035791434081496472
A1,C_equal_indicator,dsir_math,rps_doc_num_sentences,5121,0.007331185080748205
A1,C_equal_indicator,dsir_math,rps_doc_unigram_entropy,5121,0.0022699176492360015
A1,C_equal_indicator,dsir_math,rps_doc_frac_unique_words,5121,0.0016967985774662222
A1,C_equal_indicator,dsir_math,rps_doc_frac_no_alph_words,5121,0.0008578408959637808
A1,C_equal_indicator,dsir_math,rps_doc_frac_chars_top_2gram,5121,0.0004580111142260526
A1,C_equal_indicator,dsir_math,rps_doc_frac_chars_top_3gram,5121,0.0002720355330689113
A1,C_equal_indicator,dsir_math,rps_lines_uppercase_letter_fraction,5121,0.001193918358290984
A1,C_equal_indicator,dsir_math,rps_lines_ending_with_terminal_punctution_mark,5121,0.00362920805444104
A1,C_equal_indicator,dsir_math,rps_lines_numerical_chars_fraction,5121,0.039867326904143616
A1,C_equal_indicator,dsir_math,rps_doc_mean_word_length,5121,0.013792034808173382
A1,C_equal_indicator,dsir_math,fineweb_edu,5121,0.0075504776515656095
A1,C_equal_indicator,dsir_math,fluency_en,5121,0.005453427438140842
A1,C_equal_indicator,dsir_math,modernbert_cleanliness,5121,0.01519141673921122
A1,C_equal_indicator,dsir_math,modernbert_readability,5121,0.0062608057614453785
A1,C_equal_indicator,dsir_math,modernbert_reasoning,5121,0.02400283206195358
A1,C_equal_indicator,dsir_math,modernbert_professionalism,5121,0.008917908319170458
A1,C_equal_indicator,dsir_math,qurater,5121,0.0077123632070254175
A1,C_equal_indicator,dsir_math,ad_en,5121,0.0007536942650047956
A1,C_equal_indicator,rps_doc_word_count,rps_doc_num_sentences,5121,0.00011803178724730331
A1,C_equal_indicator,rps_doc_word_count,rps_doc_unigram_entropy,5121,4.74520236548227e-05
A1,C_equal_indicator,rps_doc_word_count,rps_doc_frac_unique_words,5121,0.00027776916195176616
A1,C_equal_indicator,rps_doc_word_count,rps_doc_frac_no_alph_words,5121,0.00022476328480574992
A1,C_equal_indicator,rps_doc_word_count,rps_doc_frac_chars_top_2gram,5121,0.00010176658668973026
A1,C_equal_indicator,rps_doc_word_count,rps_doc_frac_chars_top_3gram,5121,9.709256047309629e-05
A1,C_equal_indicator,rps_doc_word_count,rps_lines_uppercase_letter_fraction,5121,0.00020630697537002226
A1,C_equal_indicator,rps_doc_word_count,rps_lines_ending_with_terminal_punctution_mark,5121,0.0006089090147747424
A1,C_equal_indicator,rps_doc_word_count,rps_lines_numerical_chars_fraction,5121,0.0014406962049831296
A1,C_equal_indicator,rps_doc_word_count,rps_doc_mean_word_length,5121,0.0005819580531531962
A1,C_equal_indicator,rps_doc_word_count,fineweb_edu,5121,0.00019261778893302895
A1,C_equal_indicator,rps_doc_word_count,fluency_en,5121,0.0005890545776177543
A1,C_equal_indicator,rps_doc_word_count,modernbert_cleanliness,5121,0.0007201158532680103
A1,C_equal_indicator,rps_doc_word_count,modernbert_readability,5121,0.00033206196908756023
A1,C_equal_indicator,rps_doc_word_count,modernbert_reasoning,5121,0.000520167831137134
A1,C_equal_indicator,rps_doc_word_count,modernbert_professionalism,5121,0.0003596291255269009
A1,C_equal_indicator,rps_doc_word_count,qurater,5121,0.00020150673477030662
A1,C_equal_indicator,rps_doc_word_count,ad_en,5121,0.00011200603318170918
A1,C_equal_indicator,rps_doc_num_sentences,rps_doc_unigram_entropy,5121,0.00016532447598485838
A1,C_equal_indicator,rps_doc_num_sentences,rps_doc_frac_unique_words,5121,0.0005823769866146663
A1,C_equal_indicator,rps_doc_num_sentences,rps_doc_frac_no_alph_words,5121,0.000476300732614987
A1,C_equal_indicator,rps_doc_num_sentences,rps_doc_frac_chars_top_2gram,5121,0.0002150100875337278
A1,C_equal_indicator,rps_doc_num_sentences,rps_doc_frac_chars_top_3gram,5121,0.0002024612268974792
A1,C_equal_indicator,rps_doc_num_sentences,rps_lines_uppercase_letter_fraction,5121,0.00044373838609760327
A1,C_equal_indicator,rps_doc_num_sentences,rps_lines_ending_with_terminal_punctution_mark,5121,0.0012856111905875328
A1,C_equal_indicator,rps_doc_num_sentences,rps_lines_numerical_chars_fraction,5121,0.0018153061621154478
A1,C_equal_indicator,rps_doc_num_sentences,rps_doc_mean_word_length,5121,0.0007320123034537528
A1,C_equal_indicator,rps_doc_num_sentences,fineweb_edu,5121,0.00023627539033067388
A1,C_equal_indicator,rps_doc_num_sentences,fluency_en,5121,0.0012227348457182917
A1,C_equal_indicator,rps_doc_num_sentences,modernbert_cleanliness,5121,0.0016093925085939591
A1,C_equal_indicator,rps_doc_num_sentences,modernbert_readability,5121,0.0006868179201009064
A1,C_equal_indicator,rps_doc_num_sentences,modernbert_reasoning,5121,0.0005748068464589727
A1,C_equal_indicator,rps_doc_num_sentences,modernbert_professionalism,5121,0.00045237729141809133
A1,C_equal_indicator,rps_doc_num_sentences,qurater,5121,0.000362782101473578
A1,C_equal_indicator,rps_doc_num_sentences,ad_en,5121,0.00020738147505859787
A1,C_equal_indicator,rps_doc_unigram_entropy,rps_doc_frac_unique_words,5121,0.00017642786025910855
A1,C_equal_indicator,rps_doc_unigram_entropy,rps_doc_frac_no_alph_words,5121,0.00013631229470841238
A1,C_equal_indicator,rps_doc_unigram_entropy,rps_doc_frac_chars_top_2gram,5121,6.0453726185165825e-05
A1,C_equal_indicator,rps_doc_unigram_entropy,rps_doc_frac_chars_top_3gram,5121,5.9292038135218305e-05
A1,C_equal_indicator,rps_doc_unigram_entropy,rps_lines_uppercase_letter_fraction,5121,0.0001257170736363693
A1,C_equal_indicator,rps_doc_unigram_entropy,rps_lines_ending_with_terminal_punctution_mark,5121,0.000371660835369831
A1,C_equal_indicator,rps_doc_unigram_entropy,rps_lines_numerical_chars_fraction,5121,0.0014538792033307278
A1,C_equal_indicator,rps_doc_unigram_entropy,rps_doc_mean_word_length,5121,0.0005678872223777594
A1,C_equal_indicator,rps_doc_unigram_entropy,fineweb_edu,5121,0.00021500930703796266
A1,C_equal_indicator,rps_doc_unigram_entropy,fluency_en,5121,0.0003963524524115373
A1,C_equal_indicator,rps_doc_unigram_entropy,modernbert_cleanliness,5121,0.0005018397307545957
A1,C_equal_indicator,rps_doc_unigram_entropy,modernbert_readability,5121,0.00023977223990171567
A1,C_equal_indicator,rps_doc_unigram_entropy,modernbert_reasoning,5121,0.0006382687510350238
A1,C_equal_indicator,rps_doc_unigram_entropy,modernbert_professionalism,5121,0.0003486188546247419
A1,C_equal_indicator,rps_doc_unigram_entropy,qurater,5121,0.0002079765388733926
A1,C_equal_indicator,rps_doc_unigram_entropy,ad_en,5121,8.170505784357378e-05
A1,C_equal_indicator,rps_doc_frac_unique_words,rps_doc_frac_no_alph_words,5121,0.0001501310675503662
A1,C_equal_indicator,rps_doc_frac_unique_words,rps_doc_frac_chars_top_2gram,5121,6.457514994947751e-05
A1,C_equal_indicator,rps_doc_frac_unique_words,rps_doc_frac_chars_top_3gram,5121,5.849997198730191e-05
A1,C_equal_indicator,rps_doc_frac_unique_words,rps_lines_uppercase_letter_fraction,5121,0.0002009658198460966
A1,C_equal_indicator,rps_doc_frac_unique_words,rps_lines_ending_with_terminal_punctution_mark,5121,0.0006142983842623091
A1,C_equal_indicator,rps_doc_frac_unique_words,rps_lines_numerical_chars_fraction,5121,0.003184462945510069
A1,C_equal_indicator,rps_doc_frac_unique_words,rps_doc_mean_word_length,5121,0.0010637380932210715
A1,C_equal_indicator,rps_doc_frac_unique_words,fineweb_edu,5121,0.0005791747632664709
A1,C_equal_indicator,rps_doc_frac_unique_words,fluency_en,5121,0.0006359176165634219
A1,C_equal_indicator,rps_doc_frac_unique_words,modernbert_cleanliness,5121,0.0012526974160660194
A1,C_equal_indicator,rps_doc_frac_unique_words,modernbert_readability,5121,0.0005536868474823055
A1,C_equal_indicator,rps_doc_frac_unique_words,modernbert_reasoning,5121,0.0018687500359854793
A1,C_equal_indicator,rps_doc_frac_unique_words,modernbert_professionalism,5121,0.0006994839343127922
A1,C_equal_indicator,rps_doc_frac_unique_words,qurater,5121,0.0005629783590317101
A1,C_equal_indicator,rps_doc_frac_unique_words,ad_en,5121,8.788285525488491e-05
A1,C_equal_indicator,rps_doc_frac_no_alph_words,rps_doc_frac_chars_top_2gram,5121,4.114748367752135e-05
A1,C_equal_indicator,rps_doc_frac_no_alph_words,rps_doc_frac_chars_top_3gram,5121,3.29911643261016e-05
A1,C_equal_indicator,rps_doc_frac_no_alph_words,rps_lines_uppercase_letter_fraction,5121,8.851921977422159e-05
A1,C_equal_indicator,rps_doc_frac_no_alph_words,rps_lines_ending_with_terminal_punctution_mark,5121,0.00025265975018152293
A1,C_equal_indicator,rps_doc_frac_no_alph_words,rps_lines_numerical_chars_fraction,5121,0.0029063538230393103
A1,C_equal_indicator,rps_doc_frac_no_alph_words,rps_doc_mean_word_length,5121,0.0010057136489065074
A1,C_equal_indicator,rps_doc_frac_no_alph_words,fineweb_edu,5121,0.0005114102362125135
A1,C_equal_indicator,rps_doc_frac_no_alph_words,fluency_en,5121,0.00034015793622998655
A1,C_equal_indicator,rps_doc_frac_no_alph_words,modernbert_cleanliness,5121,0.0009480379501959799
A1,C_equal_indicator,rps_doc_frac_no_alph_words,modernbert_readability,5121,0.00038838687095347016
A1,C_equal_indicator,rps_doc_frac_no_alph_words,modernbert_reasoning,5121,0.001614455162134002
A1,C_equal_indicator,rps_doc_frac_no_alph_words,modernbert_professionalism,5121,0.000623135174145
A1,C_equal_indicator,rps_doc_frac_no_alph_words,qurater,5121,0.0005057420393371838
A1,C_equal_indicator,rps_doc_frac_no_alph_words,ad_en,5121,7.228841448253088e-05
A1,C_equal_indicator,rps_doc_frac_chars_top_2gram,rps_doc_frac_chars_top_3gram,5121,7.949675838835945e-06
A1,C_equal_indicator,rps_doc_frac_chars_top_2gram,rps_lines_uppercase_letter_fraction,5121,5.607816541160923e-05
A1,C_equal_indicator,rps_doc_frac_chars_top_2gram,rps_lines_ending_with_terminal_punctution_mark,5121,0.00017760086935410873
A1,C_equal_indicator,rps_doc_frac_chars_top_2gram,rps_lines_numerical_chars_fraction,5121,0.0013749656335030782
A1,C_equal_indicator,rps_doc_frac_chars_top_2gram,rps_doc_mean_word_length,5121,0.00047967093821874376
A1,C_equal_indicator,rps_doc_frac_chars_top_2gram,fineweb_edu,5121,0.00024395294355452086
A1,C_equal_indicator,rps_doc_frac_chars_top_2gram,fluency_en,5121,0.00021044457731785623
A1,C_equal_indicator,rps_doc_frac_chars_top_2gram,modernbert_cleanliness,5121,0.00046770714116549974
A1,C_equal_indicator,rps_doc_frac_chars_top_2gram,modernbert_readability,5121,0.00020201957651114536
A1,C_equal_indicator,rps_doc_frac_chars_top_2gram,modernbert_reasoning,5121,0.0007404136035096912
A1,C_equal_indicator,rps_doc_frac_chars_top_2gram,modernbert_professionalism,5121,0.0002805560355899084
A1,C_equal_indicator,rps_doc_frac_chars_top_2gram,qurater,5121,0.00024087590905244304
A1,C_equal_indicator,rps_doc_frac_chars_top_2gram,ad_en,5121,2.8917670119735304e-05
A1,C_equal_indicator,rps_doc_frac_chars_top_3gram,rps_lines_uppercase_letter_fraction,5121,4.668548676683476e-05
A1,C_equal_indicator,rps_doc_frac_chars_top_3gram,rps_lines_ending_with_terminal_punctution_mark,5121,0.00014604987421339477
A1,C_equal_indicator,rps_doc_frac_chars_top_3gram,rps_lines_numerical_chars_fraction,5121,0.0012552062098704017
A1,C_equal_indicator,rps_doc_frac_chars_top_3gram,rps_doc_mean_word_length,5121,0.00043771532521079274
A1,C_equal_indicator,rps_doc_frac_chars_top_3gram,fineweb_edu,5121,0.00022656969732875513
A1,C_equal_indicator,rps_doc_frac_chars_top_3gram,fluency_en,5121,0.00017206775395571552
A1,C_equal_indicator,rps_doc_frac_chars_top_3gram,modernbert_cleanliness,5121,0.0004333779522506181
A1,C_equal_indicator,rps_doc_frac_chars_top_3gram,modernbert_readability,5121,0.0001821431215601253
A1,C_equal_indicator,rps_doc_frac_chars_top_3gram,modernbert_reasoning,5121,0.0006891318994152275
A1,C_equal_indicator,rps_doc_frac_chars_top_3gram,modernbert_professionalism,5121,0.0002568729420965939
A1,C_equal_indicator,rps_doc_frac_chars_top_3gram,qurater,5121,0.00022485736718427286
A1,C_equal_indicator,rps_doc_frac_chars_top_3gram,ad_en,5121,2.21477331449459e-05
A1,C_equal_indicator,rps_lines_uppercase_letter_fraction,rps_lines_ending_with_terminal_punctution_mark,5121,0.00028766557253790927
A1,C_equal_indicator,rps_lines_uppercase_letter_fraction,rps_lines_numerical_chars_fraction,5121,0.002690891010257419
A1,C_equal_indicator,rps_lines_uppercase_letter_fraction,rps_doc_mean_word_length,5121,0.0009790184313838728
A1,C_equal_indicator,rps_lines_uppercase_letter_fraction,fineweb_edu,5121,0.0004824708038947527
A1,C_equal_indicator,rps_lines_uppercase_letter_fraction,fluency_en,5121,0.00039197309546011724
A1,C_equal_indicator,rps_lines_uppercase_letter_fraction,modernbert_cleanliness,5121,0.0009429939983027151
A1,C_equal_indicator,rps_lines_uppercase_letter_fraction,modernbert_readability,5121,0.00039963029882176886
A1,C_equal_indicator,rps_lines_uppercase_letter_fraction,modernbert_reasoning,5121,0.0015048368860303989
A1,C_equal_indicator,rps_lines_uppercase_letter_fraction,modernbert_professionalism,5121,0.0006174804781535499
A1,C_equal_indicator,rps_lines_uppercase_letter_fraction,qurater,5121,0.0004910234597567135
A1,C_equal_indicator,rps_lines_uppercase_letter_fraction,ad_en,5121,9.082240994249443e-05
A1,C_equal_indicator,rps_lines_ending_with_terminal_punctution_mark,rps_lines_numerical_chars_fraction,5121,0.007805929017726122
A1,C_equal_indicator,rps_lines_ending_with_terminal_punctution_mark,rps_doc_mean_word_length,5121,0.002851672797695114
A1,C_equal_indicator,rps_lines_ending_with_terminal_punctution_mark,fineweb_edu,5121,0.0013923494264400289
A1,C_equal_indicator,rps_lines_ending_with_terminal_punctution_mark,fluency_en,5121,0.0010674284184192685
A1,C_equal_indicator,rps_lines_ending_with_terminal_punctution_mark,modernbert_cleanliness,5121,0.0023393938674019627
A1,C_equal_indicator,rps_lines_ending_with_terminal_punctution_mark,modernbert_readability,5121,0.001140527878459878
A1,C_equal_indicator,rps_lines_ending_with_terminal_punctution_mark,modernbert_reasoning,5121,0.004267285278146114
A1,C_equal_indicator,rps_lines_ending_with_terminal_punctution_mark,modernbert_professionalism,5121,0.0018919317382598796
A1,C_equal_indicator,rps_lines_ending_with_terminal_punctution_mark,qurater,5121,0.0013754725622915633
A1,C_equal_indicator,rps_lines_ending_with_terminal_punctution_mark,ad_en,5121,0.00028898247315777714
A1,C_equal_indicator,rps_lines_numerical_chars_fraction,rps_doc_mean_word_length,5121,0.002349710079326277
A1,C_equal_indicator,rps_lines_numerical_chars_fraction,fineweb_edu,5121,0.0015185809086817146
A1,C_equal_indicator,rps_lines_numerical_chars_fraction,fluency_en,5121,0.007148966848507069
A1,C_equal_indicator,rps_lines_numerical_chars_fraction,modernbert_cleanliness,5121,0.011007959316331663
A1,C_equal_indicator,rps_lines_numerical_chars_fraction,modernbert_readability,5121,0.004181655791161165
A1,C_equal_indicator,rps_lines_numerical_chars_fraction,modernbert_reasoning,5121,0.0046158063530567905
A1,C_equal_indicator,rps_lines_numerical_chars_fraction,modernbert_professionalism,5121,0.00206105634328988
A1,C_equal_indicator,rps_lines_numerical_chars_fraction,qurater,5121,0.0023503767460281255
A1,C_equal_indicator,rps_lines_numerical_chars_fraction,ad_en,5121,0.0011241595465749834
A1,C_equal_indicator,rps_doc_mean_word_length,fineweb_edu,5121,0.0005353430632553315
A1,C_equal_indicator,rps_doc_mean_word_length,fluency_en,5121,0.0026397369510223305
A1,C_equal_indicator,rps_doc_mean_word_length,modernbert_cleanliness,5121,0.004212382240004456
A1,C_equal_indicator,rps_doc_mean_word_length,modernbert_readability,5121,0.0016145331959326902
A1,C_equal_indicator,rps_doc_mean_word_length,modernbert_reasoning,5121,0.001941909010941247
A1,C_equal_indicator,rps_doc_mean_word_length,modernbert_professionalism,5121,0.00047274414184896724
A1,C_equal_indicator,rps_doc_mean_word_length,qurater,5121,0.0008111550714959944
A1,C_equal_indicator,rps_doc_mean_word_length,ad_en,5121,0.00038263758005149963
A1,C_equal_indicator,fineweb_edu,fluency_en,5121,0.0012641427008366856
A1,C_equal_indicator,fineweb_edu,modernbert_cleanliness,5121,0.0017726624717773
A1,C_equal_indicator,fineweb_edu,modernbert_readability,5121,0.0007300545652844787
A1,C_equal_indicator,fineweb_edu,modernbert_reasoning,5121,0.0005937828218884726
A1,C_equal_indicator,fineweb_edu,modernbert_professionalism,5121,0.00037901686338651493
A1,C_equal_indicator,fineweb_edu,qurater,5121,0.0003185176231127467
A1,C_equal_indicator,fineweb_edu,ad_en,5121,0.00021456892425369262
A1,C_equal_indicator,fluency_en,modernbert_cleanliness,5121,0.001927004703495846
A1,C_equal_indicator,fluency_en,modernbert_readability,5121,0.0007954954041326864
A1,C_equal_indicator,fluency_en,modernbert_reasoning,5121,0.0037139047757442094
A1,C_equal_indicator,fluency_en,modernbert_professionalism,5121,0.001625446452737603
A1,C_equal_indicator,fluency_en,qurater,5121,0.0011127141409288225
A1,C_equal_indicator,fluency_en,ad_en,5121,0.00026637266332018715
A1,C_equal_indicator,modernbert_cleanliness,modernbert_readability,5121,0.0013015687086035343
A1,C_equal_indicator,modernbert_cleanliness,modernbert_reasoning,5121,0.004752892674461938
A1,C_equal_indicator,modernbert_cleanliness,modernbert_professionalism,5121,0.0026779220791596637
A1,C_equal_indicator,modernbert_cleanliness,qurater,5121,0.001470496899540394
A1,C_equal_indicator,modernbert_cleanliness,ad_en,5121,0.0005682330792378911
A1,C_equal_indicator,modernbert_readability,modernbert_reasoning,5121,0.002068046513206363
A1,C_equal_indicator,modernbert_readability,modernbert_professionalism,5121,0.001047755011309224
A1,C_equal_indicator,modernbert_readability,qurater,5121,0.0006083536874434107
A1,C_equal_indicator,modernbert_readability,ad_en,5121,0.00024402630443663833
A1,C_equal_indicator,modernbert_reasoning,modernbert_professionalism,5121,0.0012242232950818346
A1,C_equal_indicator,modernbert_reasoning,qurater,5121,0.0008749048778359214
A1,C_equal_indicator,modernbert_reasoning,ad_en,5121,0.0006584654109619215
A1,C_equal_indicator,modernbert_professionalism,qurater,5121,0.0005550847031398153
A1,C_equal_indicator,modernbert_professionalism,ad_en,5121,0.00021476778892169825
A1,C_equal_indicator,qurater,ad_en,5121,0.00023004923722588137
A2,C_weighted_hierarchical,dsir_books,dsir_wiki,2036,1.794644325935195e-05
A2,C_weighted_hierarchical,dsir_books,dsir_math,2036,0.0007171258351714409
A2,C_weighted_hierarchical,dsir_books,rps_doc_word_count,2036,0.0029628303575599375
A2,C_weighted_hierarchical,dsir_books,rps_doc_num_sentences,2036,0.005004507902444028
A2,C_weighted_hierarchical,dsir_books,rps_doc_unigram_entropy,2036,0.002235341312537361
A2,C_weighted_hierarchical,dsir_books,rps_doc_frac_unique_words,2036,0.00015836024101046175
A2,C_weighted_hierarchical,dsir_books,rps_doc_frac_no_alph_words,2036,0.0013804679298063873
A2,C_weighted_hierarchical,dsir_books,rps_doc_frac_chars_top_2gram,2036,0.0011602183390704392
A2,C_weighted_hierarchical,dsir_books,rps_doc_frac_chars_top_3gram,2036,0.000986516557829709
A2,C_weighted_hierarchical,dsir_books,rps_lines_uppercase_letter_fraction,2036,0.0019997982472996383
A2,C_weighted_hierarchical,dsir_books,rps_lines_ending_with_terminal_punctution_mark,2036,0.0022740654684759542
A2,C_weighted_hierarchical,dsir_books,rps_lines_numerical_chars_fraction,2036,0.008485123708328289
A2,C_weighted_hierarchical,dsir_books,rps_doc_mean_word_length,2036,0.0011103887980887868
A2,C_weighted_hierarchical,dsir_books,fineweb_edu,2036,0.003287241131556826
A2,C_weighted_hierarchical,dsir_books,fluency_en,2036,0.007805471238147372
A2,C_weighted_hierarchical,dsir_books,modernbert_cleanliness,2036,0.016036456000162028
A2,C_weighted_hierarchical,dsir_books,modernbert_readability,2036,0.005884475702479176
A2,C_weighted_hierarchical,dsir_books,modernbert_reasoning,2036,0.016456481763205678
A2,C_weighted_hierarchical,dsir_books,modernbert_professionalism,2036,0.006191434962458594
A2,C_weighted_hierarchical,dsir_books,qurater,2036,0.005131008083074238
A2,C_weighted_hierarchical,dsir_books,ad_en,2036,0.0011908847120213075
A2,C_weighted_hierarchical,dsir_wiki,dsir_math,2036,0.0006600902600056895
A2,C_weighted_hierarchical,dsir_wiki,rps_doc_word_count,2036,0.0027482838817414765
A2,C_weighted_hierarchical,dsir_wiki,rps_doc_num_sentences,2036,0.004641941448795404
A2,C_weighted_hierarchical,dsir_wiki,rps_doc_unigram_entropy,2036,0.0020734472502200152
A2,C_weighted_hierarchical,dsir_wiki,rps_doc_frac_unique_words,2036,0.00014753941034817425
A2,C_weighted_hierarchical,dsir_wiki,rps_doc_frac_no_alph_words,2036,0.001279523152118273
A2,C_weighted_hierarchical,dsir_wiki,rps_doc_frac_chars_top_2gram,2036,0.0010761690066288334
A2,C_weighted_hierarchical,dsir_wiki,rps_doc_frac_chars_top_3gram,2036,0.0009150549049965949
A2,C_weighted_hierarchical,dsir_wiki,rps_lines_uppercase_letter_fraction,2036,0.0018544129372521953
A2,C_weighted_hierarchical,dsir_wiki,rps_lines_ending_with_terminal_punctution_mark,2036,0.0021047900601320305
A2,C_weighted_hierarchical,dsir_wiki,rps_lines_numerical_chars_fraction,2036,0.007857888152722805
A2,C_weighted_hierarchical,dsir_wiki,rps_doc_mean_word_length,2036,0.001027043280070801
A2,C_weighted_hierarchical,dsir_wiki,fineweb_edu,2036,0.003047386524954876
A2,C_weighted_hierarchical,dsir_wiki,fluency_en,2036,0.007240153312967645
A2,C_weighted_hierarchical,dsir_wiki,modernbert_cleanliness,2036,0.014875277773745883
A2,C_weighted_hierarchical,dsir_wiki,modernbert_readability,2036,0.005457914049240419
A2,C_weighted_hierarchical,dsir_wiki,modernbert_reasoning,2036,0.01526505325034861
A2,C_weighted_hierarchical,dsir_wiki,modernbert_professionalism,2036,0.005743179358002144
A2,C_weighted_hierarchical,dsir_wiki,qurater,2036,0.004758743791881026
A2,C_weighted_hierarchical,dsir_wiki,ad_en,2036,0.0011046470675510765
A2,C_weighted_hierarchical,dsir_math,rps_doc_word_count,2036,0.004996156316580772
A2,C_weighted_hierarchical,dsir_math,rps_doc_num_sentences,2036,0.008431267303140725
A2,C_weighted_hierarchical,dsir_math,rps_doc_unigram_entropy,2036,0.003768225870248408
A2,C_weighted_hierarchical,dsir_math,rps_doc_frac_unique_words,2036,0.00030719900987517964
A2,C_weighted_hierarchical,dsir_math,rps_doc_frac_no_alph_words,2036,0.0022822677729093
A2,C_weighted_hierarchical,dsir_math,rps_doc_frac_chars_top_2gram,2036,0.001954949671438699
A2,C_weighted_hierarchical,dsir_math,rps_doc_frac_chars_top_3gram,2036,0.0016625128135434465
A2,C_weighted_hierarchical,dsir_math,rps_lines_uppercase_letter_fraction,2036,0.0033470877921246644
A2,C_weighted_hierarchical,dsir_math,rps_lines_ending_with_terminal_punctution_mark,2036,0.00363717496356516
A2,C_weighted_hierarchical,dsir_math,rps_lines_numerical_chars_fraction,2036,0.013758518204054748
A2,C_weighted_hierarchical,dsir_math,rps_doc_mean_word_length,2036,0.001806679095634815
A2,C_weighted_hierarchical,dsir_math,fineweb_edu,2036,0.0054637514029401806
A2,C_weighted_hierarchical,dsir_math,fluency_en,2036,0.013157801266931845
A2,C_weighted_hierarchical,dsir_math,modernbert_cleanliness,2036,0.027044897866266383
A2,C_weighted_hierarchical,dsir_math,modernbert_readability,2036,0.009903209285935598
A2,C_weighted_hierarchical,dsir_math,modernbert_reasoning,2036,0.027760238607596546
A2,C_weighted_hierarchical,dsir_math,modernbert_professionalism,2036,0.010444101973653716
A2,C_weighted_hierarchical,dsir_math,qurater,2036,0.00862106917628995
A2,C_weighted_hierarchical,dsir_math,ad_en,2036,0.0020081678000793747
A2,C_weighted_hierarchical,rps_doc_word_count,rps_doc_num_sentences,2036,3.795503804395363e-05
A2,C_weighted_hierarchical,rps_doc_word_count,rps_doc_unigram_entropy,2036,1.1015252905393466e-05
A2,C_weighted_hierarchical,rps_doc_word_count,rps_doc_frac_unique_words,2036,0.0005594001300618301
A2,C_weighted_hierarchical,rps_doc_word_count,rps_doc_frac_no_alph_words,2036,0.00019582000372688084
A2,C_weighted_hierarchical,rps_doc_word_count,rps_doc_frac_chars_top_2gram,2036,8.741685171079656e-06
A2,C_weighted_hierarchical,rps_doc_word_count,rps_doc_frac_chars_top_3gram,2036,6.726308488184699e-06
A2,C_weighted_hierarchical,rps_doc_word_count,rps_lines_uppercase_letter_fraction,2036,0.00011024649563766894
A2,C_weighted_hierarchical,rps_doc_word_count,rps_lines_ending_with_terminal_punctution_mark,2036,0.0008795574805992815
A2,C_weighted_hierarchical,rps_doc_word_count,rps_lines_numerical_chars_fraction,2036,0.003037962166638097
A2,C_weighted_hierarchical,rps_doc_word_count,rps_doc_mean_word_length,2036,0.0014184510638744934
A2,C_weighted_hierarchical,rps_doc_word_count,fineweb_edu,2036,0.00034726970410065125
A2,C_weighted_hierarchical,rps_doc_word_count,fluency_en,2036,4.872334602152666e-05
A2,C_weighted_hierarchical,rps_doc_word_count,modernbert_cleanliness,2036,6.190366905672213e-05
A2,C_weighted_hierarchical,rps_doc_word_count,modernbert_readability,2036,8.727723840933458e-05
A2,C_weighted_hierarchical,rps_doc_word_count,modernbert_reasoning,2036,4.661289901774612e-05
A2,C_weighted_hierarchical,rps_doc_word_count,modernbert_professionalism,2036,1.671617402605213e-05
A2,C_weighted_hierarchical,rps_doc_word_count,qurater,2036,0.00013835328406707517
A2,C_weighted_hierarchical,rps_doc_word_count,ad_en,2036,5.712670620804881e-06
A2,C_weighted_hierarchical,rps_doc_num_sentences,rps_doc_unigram_entropy,2036,3.4196403022667433e-05
A2,C_weighted_hierarchical,rps_doc_num_sentences,rps_doc_frac_unique_words,2036,0.0009432242399188479
A2,C_weighted_hierarchical,rps_doc_num_sentences,rps_doc_frac_no_alph_words,2036,0.00031520357377245485
A2,C_weighted_hierarchical,rps_doc_num_sentences,rps_doc_frac_chars_top_2gram,2036,2.1282106208914497e-05
A2,C_weighted_hierarchical,rps_doc_num_sentences,rps_doc_frac_chars_top_3gram,2036,1.8421670726571894e-05
A2,C_weighted_hierarchical,rps_doc_num_sentences,rps_lines_uppercase_letter_fraction,2036,0.00017072673840412556
A2,C_weighted_hierarchical,rps_doc_num_sentences,rps_lines_ending_with_terminal_punctution_mark,2036,0.0014600305925367488
A2,C_weighted_hierarchical,rps_doc_num_sentences,rps_lines_numerical_chars_fraction,2036,0.005027462536269845
A2,C_weighted_hierarchical,rps_doc_num_sentences,rps_doc_mean_word_length,2036,0.002378015708819125
A2,C_weighted_hierarchical,rps_doc_num_sentences,fineweb_edu,2036,0.000554667888179131
A2,C_weighted_hierarchical,rps_doc_num_sentences,fluency_en,2036,0.00016346252271414428
A2,C_weighted_hierarchical,rps_doc_num_sentences,modernbert_cleanliness,2036,0.0002971105564007213
A2,C_weighted_hierarchical,rps_doc_num_sentences,modernbert_readability,2036,0.00013550035469499764
A2,C_weighted_hierarchical,rps_doc_num_sentences,modernbert_reasoning,2036,0.0002661422431193646
A2,C_weighted_hierarchical,rps_doc_num_sentences,modernbert_professionalism,2036,9.999453469099473e-05
A2,C_weighted_hierarchical,rps_doc_num_sentences,qurater,2036,0.00021338756652318337
A2,C_weighted_hierarchical,rps_doc_num_sentences,ad_en,2036,2.3647284967225387e-05
A2,C_weighted_hierarchical,rps_doc_unigram_entropy,rps_doc_frac_unique_words,2036,0.00042179244210128683
A2,C_weighted_hierarchical,rps_doc_unigram_entropy,rps_doc_frac_no_alph_words,2036,0.00014535962435232626
A2,C_weighted_hierarchical,rps_doc_unigram_entropy,rps_doc_frac_chars_top_2gram,2036,5.667628920566716e-06
A2,C_weighted_hierarchical,rps_doc_unigram_entropy,rps_doc_frac_chars_top_3gram,2036,4.52661556591408e-06
A2,C_weighted_hierarchical,rps_doc_unigram_entropy,rps_lines_uppercase_letter_fraction,2036,8.074195591215365e-05
A2,C_weighted_hierarchical,rps_doc_unigram_entropy,rps_lines_ending_with_terminal_punctution_mark,2036,0.0006598807904345668
A2,C_weighted_hierarchical,rps_doc_unigram_entropy,rps_lines_numerical_chars_fraction,2036,0.002289993105198078
A2,C_weighted_hierarchical,rps_doc_unigram_entropy,rps_doc_mean_word_length,2036,0.0010718614250935245
A2,C_weighted_hierarchical,rps_doc_unigram_entropy,fineweb_edu,2036,0.0002597223392616913
A2,C_weighted_hierarchical,rps_doc_unigram_entropy,fluency_en,2036,4.489512880803394e-05
A2,C_weighted_hierarchical,rps_doc_unigram_entropy,modernbert_cleanliness,2036,6.629986635097728e-05
A2,C_weighted_hierarchical,rps_doc_unigram_entropy,modernbert_readability,2036,6.093000899627348e-05
A2,C_weighted_hierarchical,rps_doc_unigram_entropy,modernbert_reasoning,2036,6.368107971682245e-05
A2,C_weighted_hierarchical,rps_doc_unigram_entropy,modernbert_professionalism,2036,2.3122138081060942e-05
A2,C_weighted_hierarchical,rps_doc_unigram_entropy,qurater,2036,0.00010206666424687186
A2,C_weighted_hierarchical,rps_doc_unigram_entropy,ad_en,2036,5.675309772202623e-06
A2,C_weighted_hierarchical,rps_doc_frac_unique_words,rps_doc_frac_no_alph_words,2036,0.0002530703059837241
A2,C_weighted_hierarchical,rps_doc_frac_unique_words,rps_doc_frac_chars_top_2gram,2036,0.0002190402527348665
A2,C_weighted_hierarchical,rps_doc_frac_unique_words,rps_doc_frac_chars_top_3gram,2036,0.00018662469615345507
A2,C_weighted_hierarchical,rps_doc_frac_unique_words,rps_lines_uppercase_letter_fraction,2036,0.00037218889309535523
A2,C_weighted_hierarchical,rps_doc_frac_unique_words,rps_lines_ending_with_terminal_punctution_mark,2036,0.00039212744032019045
A2,C_weighted_hierarchical,rps_doc_frac_unique_words,rps_lines_numerical_chars_fraction,2036,0.0014544492874315035
A2,C_weighted_hierarchical,rps_doc_frac_unique_words,rps_doc_mean_word_length,2036,0.0001421289799227104
A2,C_weighted_hierarchical,rps_doc_frac_unique_words,fineweb_edu,2036,0.0006036471786653054
A2,C_weighted_hierarchical,rps_doc_frac_unique_words,fluency_en,2036,0.0014771734542169367
A2,C_weighted_hierarchical,rps_doc_frac_unique_words,modernbert_cleanliness,2036,0.0030315226387858294
A2,C_weighted_hierarchical,rps_doc_frac_unique_words,modernbert_readability,2036,0.0011092863433312195
A2,C_weighted_hierarchical,rps_doc_frac_unique_words,modernbert_reasoning,2036,0.0031092338782920184
A2,C_weighted_hierarchical,rps_doc_frac_unique_words,modernbert_professionalism,2036,0.0011699499291086721
A2,C_weighted_hierarchical,rps_doc_frac_unique_words,qurater,2036,0.000962065537288127
A2,C_weighted_hierarchical,rps_doc_frac_unique_words,ad_en,2036,0.0002257004061551686
A2,C_weighted_hierarchical,rps_doc_frac_no_alph_words,rps_doc_frac_chars_top_2gram,2036,7.380828749726574e-05
A2,C_weighted_hierarchical,rps_doc_frac_no_alph_words,rps_doc_frac_chars_top_3gram,2036,6.341850052592089e-05
A2,C_weighted_hierarchical,rps_doc_frac_no_alph_words,rps_lines_uppercase_letter_fraction,2036,9.837937181243303e-05
A2,C_weighted_hierarchical,rps_doc_frac_no_alph_words,rps_lines_ending_with_terminal_punctution_mark,2036,0.0002790316616204314
A2,C_weighted_hierarchical,rps_doc_frac_no_alph_words,rps_lines_numerical_chars_fraction,2036,0.0013998996934333286
A2,C_weighted_hierarchical,rps_doc_frac_no_alph_words,rps_doc_mean_word_length,2036,0.0006118758301487893
A2,C_weighted_hierarchical,rps_doc_frac_no_alph_words,fineweb_edu,2036,0.00014228958640036786
A2,C_weighted_hierarchical,rps_doc_frac_no_alph_words,fluency_en,2036,0.0005093463912369459
A2,C_weighted_hierarchical,rps_doc_frac_no_alph_words,modernbert_cleanliness,2036,0.0010679280549562625
A2,C_weighted_hierarchical,rps_doc_frac_no_alph_words,modernbert_readability,2036,0.00035007712808293154
A2,C_weighted_hierarchical,rps_doc_frac_no_alph_words,modernbert_reasoning,2036,0.0011082919187151048
A2,C_weighted_hierarchical,rps_doc_frac_no_alph_words,modernbert_professionalism,2036,0.00041656574530148907
A2,C_weighted_hierarchical,rps_doc_frac_no_alph_words,qurater,2036,0.0002878765672094112
A2,C_weighted_hierarchical,rps_doc_frac_no_alph_words,ad_en,2036,7.909531208807191e-05
A2,C_weighted_hierarchical,rps_doc_frac_chars_top_2gram,rps_doc_frac_chars_top_3gram,2036,1.5991338184515125e-06
A2,C_weighted_hierarchical,rps_doc_frac_chars_top_2gram,rps_lines_uppercase_letter_fraction,2036,4.1057757730243375e-05
A2,C_weighted_hierarchical,rps_doc_frac_chars_top_2gram,rps_lines_ending_with_terminal_punctution_mark,2036,0.0003415821648221121
A2,C_weighted_hierarchical,rps_doc_frac_chars_top_2gram,rps_lines_numerical_chars_fraction,2036,0.0012001868603571325
A2,C_weighted_hierarchical,rps_doc_frac_chars_top_2gram,rps_doc_mean_word_length,2036,0.0005598683443223875
A2,C_weighted_hierarchical,rps_doc_frac_chars_top_2gram,fineweb_edu,2036,0.00013438605217678073
A2,C_weighted_hierarchical,rps_doc_frac_chars_top_2gram,fluency_en,2036,2.5381390289194128e-05
A2,C_weighted_hierarchical,rps_doc_frac_chars_top_2gram,modernbert_cleanliness,2036,4.6956560117344286e-05
A2,C_weighted_hierarchical,rps_doc_frac_chars_top_2gram,modernbert_readability,2036,2.7090156089063698e-05
A2,C_weighted_hierarchical,rps_doc_frac_chars_top_2gram,modernbert_reasoning,2036,5.4649811223575e-05
A2,C_weighted_hierarchical,rps_doc_frac_chars_top_2gram,modernbert_professionalism,2036,2.013084833955557e-05
A2,C_weighted_hierarchical,rps_doc_frac_chars_top_2gram,qurater,2036,5.19449680431731e-05
A2,C_weighted_hierarchical,rps_doc_frac_chars_top_2gram,ad_en,2036,3.6829935831590747e-06
A2,C_weighted_hierarchical,rps_doc_frac_chars_top_3gram,rps_lines_uppercase_letter_fraction,2036,3.5988613513865126e-05
A2,C_weighted_hierarchical,rps_doc_frac_chars_top_3gram,rps_lines_ending_with_terminal_punctution_mark,2036,0.0002923650226574926
A2,C_weighted_hierarchical,rps_doc_frac_chars_top_3gram,rps_lines_numerical_chars_fraction,2036,0.0010283431559575042
A2,C_weighted_hierarchical,rps_doc_frac_chars_top_3gram,rps_doc_mean_word_length,2036,0.0004781280437849815
A2,C_weighted_hierarchical,rps_doc_frac_chars_top_3gram,fineweb_edu,2036,0.00011605244492621105
A2,C_weighted_hierarchical,rps_doc_frac_chars_top_3gram,fluency_en,2036,1.8700726859423128e-05
A2,C_weighted_hierarchical,rps_doc_frac_chars_top_3gram,modernbert_cleanliness,2036,3.4620930803409003e-05
A2,C_weighted_hierarchical,rps_doc_frac_chars_top_3gram,modernbert_readability,2036,2.5146715421893195e-05
A2,C_weighted_hierarchical,rps_doc_frac_chars_top_3gram,modernbert_reasoning,2036,4.1265501339334635e-05
A2,C_weighted_hierarchical,rps_doc_frac_chars_top_3gram,modernbert_professionalism,2036,1.492022301097764e-05
A2,C_weighted_hierarchical,rps_doc_frac_chars_top_3gram,qurater,2036,4.623835882348235e-05
A2,C_weighted_hierarchical,rps_doc_frac_chars_top_3gram,ad_en,2036,2.557688381629571e-06
A2,C_weighted_hierarchical,rps_lines_uppercase_letter_fraction,rps_lines_ending_with_terminal_punctution_mark,2036,0.0005357921420072268
A2,C_weighted_hierarchical,rps_lines_uppercase_letter_fraction,rps_lines_numerical_chars_fraction,2036,0.001875858387483097
A2,C_weighted_hierarchical,rps_lines_uppercase_letter_fraction,rps_doc_mean_word_length,2036,0.0009201915550836824
A2,C_weighted_hierarchical,rps_lines_uppercase_letter_fraction,fineweb_edu,2036,0.00018738051460941689
A2,C_weighted_hierarchical,rps_lines_uppercase_letter_fraction,fluency_en,2036,0.00029671283792821995
A2,C_weighted_hierarchical,rps_lines_uppercase_letter_fraction,modernbert_cleanliness,2036,0.0006260028950212797
A2,C_weighted_hierarchical,rps_lines_uppercase_letter_fraction,modernbert_readability,2036,0.0001809708296584056
A2,C_weighted_hierarchical,rps_lines_uppercase_letter_fraction,modernbert_reasoning,2036,0.0006351136665711066
A2,C_weighted_hierarchical,rps_lines_uppercase_letter_fraction,modernbert_professionalism,2036,0.00023961787676984782
A2,C_weighted_hierarchical,rps_lines_uppercase_letter_fraction,qurater,2036,0.00016693677921035432
A2,C_weighted_hierarchical,rps_lines_uppercase_letter_fraction,ad_en,2036,4.633203849763333e-05
A2,C_weighted_hierarchical,rps_lines_ending_with_terminal_punctution_mark,rps_lines_numerical_chars_fraction,2036,0.0025454137671160897
A2,C_weighted_hierarchical,rps_lines_ending_with_terminal_punctution_mark,rps_doc_mean_word_length,2036,0.0008533023458228101
A2,C_weighted_hierarchical,rps_lines_ending_with_terminal_punctution_mark,fineweb_edu,2036,0.0007445872333526033
A2,C_weighted_hierarchical,rps_lines_ending_with_terminal_punctution_mark,fluency_en,2036,0.0023241417573484796
A2,C_weighted_hierarchical,rps_lines_ending_with_terminal_punctution_mark,modernbert_cleanliness,2036,0.004794443872136958
A2,C_weighted_hierarchical,rps_lines_ending_with_terminal_punctution_mark,modernbert_readability,2036,0.001695507227599769
A2,C_weighted_hierarchical,rps_lines_ending_with_terminal_punctution_mark,modernbert_reasoning,2036,0.004918614068727062
A2,C_weighted_hierarchical,rps_lines_ending_with_terminal_punctution_mark,modernbert_professionalism,2036,0.0018510347768255326
A2,C_weighted_hierarchical,rps_lines_ending_with_terminal_punctution_mark,qurater,2036,0.001424456353028343
A2,C_weighted_hierarchical,rps_lines_ending_with_terminal_punctution_mark,ad_en,2036,0.00035719935963538847
A2,C_weighted_hierarchical,rps_lines_numerical_chars_fraction,rps_doc_mean_word_length,2036,0.003124374484326237
A2,C_weighted_hierarchical,rps_lines_numerical_chars_fraction,fineweb_edu,2036,0.002916068776764091
A2,C_weighted_hierarchical,rps_lines_numerical_chars_fraction,fluency_en,2036,0.008123069494442454
A2,C_weighted_hierarchical,rps_lines_numerical_chars_fraction,modernbert_cleanliness,2036,0.016763496231301977
A2,C_weighted_hierarchical,rps_lines_numerical_chars_fraction,modernbert_readability,2036,0.005984191929908623
A2,C_weighted_hierarchical,rps_lines_numerical_chars_fraction,modernbert_reasoning,2036,0.016876525727761972
A2,C_weighted_hierarchical,rps_lines_numerical_chars_fraction,modernbert_professionalism,2036,0.006360578258818847
A2,C_weighted_hierarchical,rps_lines_numerical_chars_fraction,qurater,2036,0.0050795904460053595
A2,C_weighted_hierarchical,rps_lines_numerical_chars_fraction,ad_en,2036,0.0012460809983616667
A2,C_weighted_hierarchical,rps_doc_mean_word_length,fineweb_edu,2036,0.0014440325231672665
A2,C_weighted_hierarchical,rps_doc_mean_word_length,fluency_en,2036,0.0037866842578310068
A2,C_weighted_hierarchical,rps_doc_mean_word_length,modernbert_cleanliness,2036,0.007766937588499626
A2,C_weighted_hierarchical,rps_doc_mean_word_length,modernbert_readability,2036,0.0028275588348561282
A2,C_weighted_hierarchical,rps_doc_mean_word_length,modernbert_reasoning,2036,0.007864810756205818
A2,C_weighted_hierarchical,rps_doc_mean_word_length,modernbert_professionalism,2036,0.0029654193301674268
A2,C_weighted_hierarchical,rps_doc_mean_word_length,qurater,2036,0.0024238706670962414
A2,C_weighted_hierarchical,rps_doc_mean_word_length,ad_en,2036,0.0005793680350445694
A2,C_weighted_hierarchical,fineweb_edu,fluency_en,2036,0.0009276972308635293
A2,C_weighted_hierarchical,fineweb_edu,modernbert_cleanliness,2036,0.0019395211336689711
A2,C_weighted_hierarchical,fineweb_edu,modernbert_readability,2036,0.0006313035018733361
A2,C_weighted_hierarchical,fineweb_edu,modernbert_reasoning,2036,0.0019583499857917905
A2,C_weighted_hierarchical,fineweb_edu,modernbert_professionalism,2036,0.0007382932099209575
A2,C_weighted_hierarchical,fineweb_edu,qurater,2036,0.0004959186764607984
A2,C_weighted_hierarchical,fineweb_edu,ad_en,2036,0.00014471752405892846
A2,C_weighted_hierarchical,fluency_en,modernbert_cleanliness,2036,0.00017993211590048162
A2,C_weighted_hierarchical,fluency_en,modernbert_readability,2036,0.00023844642075861522
A2,C_weighted_hierarchical,fluency_en,modernbert_reasoning,2036,0.00022911426264333825
A2,C_weighted_hierarchical,fluency_en,modernbert_professionalism,2036,8.164559194914245e-05
A2,C_weighted_hierarchical,fluency_en,qurater,2036,0.0003602599597490079
A2,C_weighted_hierarchical,fluency_en,ad_en,2036,1.3525365714634085e-05
A2,C_weighted_hierarchical,modernbert_cleanliness,modernbert_readability,2036,0.0004979666754299134
A2,C_weighted_hierarchical,modernbert_cleanliness,modernbert_reasoning,2036,0.00016626885191548866
A2,C_weighted_hierarchical,modernbert_cleanliness,modernbert_professionalism,2036,6.220362555888381e-05
A2,C_weighted_hierarchical,modernbert_cleanliness,qurater,2036,0.0007942259097394416
A2,C_weighted_hierarchical,modernbert_cleanliness,ad_en,2036,1.5035478612662351e-05
A2,C_weighted_hierarchical,modernbert_readability,modernbert_reasoning,2036,0.0005621458372287679
A2,C_weighted_hierarchical,modernbert_readability,modernbert_professionalism,2036,0.00021030537533281722
A2,C_weighted_hierarchical,modernbert_readability,qurater,2036,0.00021164271703306848
A2,C_weighted_hierarchical,modernbert_readability,ad_en,2036,3.8943513336346713e-05
A2,C_weighted_hierarchical,modernbert_reasoning,modernbert_professionalism,2036,1.123184580014714e-05
A2,C_weighted_hierarchical,modernbert_reasoning,qurater,2036,0.0008287371849057296
A2,C_weighted_hierarchical,modernbert_reasoning,ad_en,2036,2.014677535821899e-05
A2,C_weighted_hierarchical,modernbert_professionalism,qurater,2036,0.0003103196479905941
A2,C_weighted_hierarchical,modernbert_professionalism,ad_en,2036,6.7826074267899045e-06
A2,C_weighted_hierarchical,qurater,ad_en,2036,5.991698796226246e-05
A2,C_equal_indicator,dsir_books,dsir_wiki,2012,1.5786400649916625e-05
A2,C_equal_indicator,dsir_books,dsir_math,2012,0.0007630271394267167
A2,C_equal_indicator,dsir_books,rps_doc_word_count,2012,0.0029614456641601818
A2,C_equal_indicator,dsir_books,rps_doc_num_sentences,2012,0.0049952509495962355
A2,C_equal_indicator,dsir_books,rps_doc_unigram_entropy,2012,0.0022305594920809164
A2,C_equal_indicator,dsir_books,rps_doc_frac_unique_words,2012,0.00014749658263157108
A2,C_equal_indicator,dsir_books,rps_doc_frac_no_alph_words,2012,0.00138404835472458
A2,C_equal_indicator,dsir_books,rps_doc_frac_chars_top_2gram,2012,0.0011565095204028551
A2,C_equal_indicator,dsir_books,rps_doc_frac_chars_top_3gram,2012,0.0009837780106378353
A2,C_equal_indicator,dsir_books,rps_lines_uppercase_letter_fraction,2012,0.001996464370383552
A2,C_equal_indicator,dsir_books,rps_lines_ending_with_terminal_punctution_mark,2012,0.0022506928729778227
A2,C_equal_indicator,dsir_books,rps_lines_numerical_chars_fraction,2012,0.007800173822472997
A2,C_equal_indicator,dsir_books,rps_doc_mean_word_length,2012,0.0010740024953256693
A2,C_equal_indicator,dsir_books,fineweb_edu,2012,0.0031428321835422117
A2,C_equal_indicator,dsir_books,fluency_en,2012,0.007723033823521411
A2,C_equal_indicator,dsir_books,modernbert_cleanliness,2012,0.015842078321044593
A2,C_equal_indicator,dsir_books,modernbert_readability,2012,0.005813796576495019
A2,C_equal_indicator,dsir_books,modernbert_reasoning,2012,0.016376633427704415
A2,C_equal_indicator,dsir_books,modernbert_professionalism,2012,0.006170530326199179
A2,C_equal_indicator,dsir_books,qurater,2012,0.004976065865205323
A2,C_equal_indicator,dsir_books,ad_en,2012,0.001187161522808333
A2,C_equal_indicator,dsir_wiki,dsir_math,2012,0.0006990061327162082
A2,C_equal_indicator,dsir_wiki,rps_doc_word_count,2012,0.002747792313488935
A2,C_equal_indicator,dsir_wiki,rps_doc_num_sentences,2012,0.004634741727666574
A2,C_equal_indicator,dsir_wiki,rps_doc_unigram_entropy,2012,0.0020696148106690983
A2,C_equal_indicator,dsir_wiki,rps_doc_frac_unique_words,2012,0.00013725333459763497
A2,C_equal_indicator,dsir_wiki,rps_doc_frac_no_alph_words,2012,0.001283477607922863
A2,C_equal_indicator,dsir_wiki,rps_doc_frac_chars_top_2gram,2012,0.0010730466103589281
A2,C_equal_indicator,dsir_wiki,rps_doc_frac_chars_top_3gram,2012,0.0009127839016948696
A2,C_equal_indicator,dsir_wiki,rps_lines_uppercase_letter_fraction,2012,0.0018520092735187933
A2,C_equal_indicator,dsir_wiki,rps_lines_ending_with_terminal_punctution_mark,2012,0.0020850670246711687
A2,C_equal_indicator,dsir_wiki,rps_lines_numerical_chars_fraction,2012,0.007228658497858134
A2,C_equal_indicator,dsir_wiki,rps_doc_mean_word_length,2012,0.0009934238641291647
A2,C_equal_indicator,dsir_wiki,fineweb_edu,2012,0.002914741736018686
A2,C_equal_indicator,dsir_wiki,fluency_en,2012,0.007166129402811623
A2,C_equal_indicator,dsir_wiki,modernbert_cleanliness,2012,0.014699082428860644
A2,C_equal_indicator,dsir_wiki,modernbert_readability,2012,0.005394004849312997
A2,C_equal_indicator,dsir_wiki,modernbert_reasoning,2012,0.015195257357728476
A2,C_equal_indicator,dsir_wiki,modernbert_professionalism,2012,0.00572540252911555
A2,C_equal_indicator,dsir_wiki,qurater,2012,0.004616490350351839
A2,C_equal_indicator,dsir_wiki,ad_en,2012,0.001101509522916385
A2,C_equal_indicator,dsir_math,rps_doc_word_count,2012,0.00498289202226286
A2,C_equal_indicator,dsir_math,rps_doc_num_sentences,2012,0.008396193805975668
A2,C_equal_indicator,dsir_math,rps_doc_unigram_entropy,2012,0.0037516601175006134
A2,C_equal_indicator,dsir_math,rps_doc_frac_unique_words,2012,0.0003126632781099426
A2,C_equal_indicator,dsir_math,rps_doc_frac_no_alph_words,2012,0.0022796082388105055
A2,C_equal_indicator,dsir_math,rps_doc_frac_chars_top_2gram,2012,0.001944172573249211
A2,C_equal_indicator,dsir_math,rps_doc_frac_chars_top_3gram,2012,0.0016540806836820587
A2,C_equal_indicator,dsir_math,rps_lines_uppercase_letter_fraction,2012,0.003331981347695393
A2,C_equal_indicator,dsir_math,rps_lines_ending_with_terminal_punctution_mark,2012,0.00358297164929208
A2,C_equal_indicator,dsir_math,rps_lines_numerical_chars_fraction,2012,0.012582811289424742
A2,C_equal_indicator,dsir_math,rps_doc_mean_word_length,2012,0.0018067083235820797
A2,C_equal_indicator,dsir_math,fineweb_edu,2012,0.005195145269241497
A2,C_equal_indicator,dsir_math,fluency_en,2012,0.012986555382193744
A2,C_equal_indicator,dsir_math,modernbert_cleanliness,2012,0.026651406122415428
A2,C_equal_indicator,dsir_math,modernbert_readability,2012,0.009757954630488463
A2,C_equal_indicator,dsir_math,modernbert_reasoning,2012,0.027563066442126433
A2,C_equal_indicator,dsir_math,modernbert_professionalism,2012,0.010385717935031175
A2,C_equal_indicator,dsir_math,qurater,2012,0.008337875607712132
A2,C_equal_indicator,dsir_math,ad_en,2012,0.001997385370084118
A2,C_equal_indicator,rps_doc_word_count,rps_doc_num_sentences,2012,3.9184304970941746e-05
A2,C_equal_indicator,rps_doc_word_count,rps_doc_unigram_entropy,2012,1.1016061621850915e-05
A2,C_equal_indicator,rps_doc_word_count,rps_doc_frac_unique_words,2012,0.0005615719773495006
A2,C_equal_indicator,rps_doc_word_count,rps_doc_frac_no_alph_words,2012,0.00019499608020311942
A2,C_equal_indicator,rps_doc_word_count,rps_doc_frac_chars_top_2gram,2012,9.060386916389596e-06
A2,C_equal_indicator,rps_doc_word_count,rps_doc_frac_chars_top_3gram,2012,6.909954697899674e-06
A2,C_equal_indicator,rps_doc_word_count,rps_lines_uppercase_letter_fraction,2012,0.00011086168312050249
A2,C_equal_indicator,rps_doc_word_count,rps_lines_ending_with_terminal_punctution_mark,2012,0.0008828421618930084
A2,C_equal_indicator,rps_doc_word_count,rps_lines_numerical_chars_fraction,2012,0.003144219530525579
A2,C_equal_indicator,rps_doc_word_count,rps_doc_mean_word_length,2012,0.0014249005011921425
A2,C_equal_indicator,rps_doc_word_count,fineweb_edu,2012,0.00037072805956735015
A2,C_equal_indicator,rps_doc_word_count,fluency_en,2012,5.859717268936779e-05
A2,C_equal_indicator,rps_doc_word_count,modernbert_cleanliness,2012,8.588601211782219e-05
A2,C_equal_indicator,rps_doc_word_count,modernbert_readability,2012,9.76836981419181e-05
A2,C_equal_indicator,rps_doc_word_count,modernbert_reasoning,2012,5.3983594475434484e-05
A2,C_equal_indicator,rps_doc_word_count,modernbert_professionalism,2012,1.7662472535266505e-05
A2,C_equal_indicator,rps_doc_word_count,qurater,2012,0.00016261792393237927
A2,C_equal_indicator,rps_doc_word_count,ad_en,2012,5.825465705321686e-06
A2,C_equal_indicator,rps_doc_num_sentences,rps_doc_unigram_entropy,2012,3.4866896718559766e-05
A2,C_equal_indicator,rps_doc_num_sentences,rps_doc_frac_unique_words,2012,0.000945695018601174
A2,C_equal_indicator,rps_doc_num_sentences,rps_doc_frac_no_alph_words,2012,0.0003127761209614955
A2,C_equal_indicator,rps_doc_num_sentences,rps_doc_frac_chars_top_2gram,2012,2.233740472036867e-05
A2,C_equal_indicator,rps_doc_num_sentences,rps_doc_frac_chars_top_3gram,2012,1.9145920287592816e-05
A2,C_equal_indicator,rps_doc_num_sentences,rps_lines_uppercase_letter_fraction,2012,0.00017086737123087512
A2,C_equal_indicator,rps_doc_num_sentences,rps_lines_ending_with_terminal_punctution_mark,2012,0.0014629039645694777
A2,C_equal_indicator,rps_doc_num_sentences,rps_lines_numerical_chars_fraction,2012,0.005201452850471611
A2,C_equal_indicator,rps_doc_num_sentences,rps_doc_mean_word_length,2012,0.0023840610114644668
A2,C_equal_indicator,rps_doc_num_sentences,fineweb_edu,2012,0.0005919926135252311
A2,C_equal_indicator,rps_doc_num_sentences,fluency_en,2012,0.00018267565667282358
A2,C_equal_indicator,rps_doc_num_sentences,modernbert_cleanliness,2012,0.00034470666615305943
A2,C_equal_indicator,rps_doc_num_sentences,modernbert_readability,2012,0.00015018600333651869
A2,C_equal_indicator,rps_doc_num_sentences,modernbert_reasoning,2012,0.00028576740414560026
A2,C_equal_indicator,rps_doc_num_sentences,modernbert_professionalism,2012,0.00010516083169310454
A2,C_equal_indicator,rps_doc_num_sentences,qurater,2012,0.0002511423592670377
A2,C_equal_indicator,rps_doc_num_sentences,ad_en,2012,2.4507589008821756e-05
A2,C_equal_indicator,rps_doc_unigram_entropy,rps_doc_frac_unique_words,2012,0.0004227199016656461
A2,C_equal_indicator,rps_doc_unigram_entropy,rps_doc_frac_no_alph_words,2012,0.00014419488540128337
A2,C_equal_indicator,rps_doc_unigram_entropy,rps_doc_frac_chars_top_2gram,2012,5.899574677055005e-06
A2,C_equal_indicator,rps_doc_unigram_entropy,rps_doc_frac_chars_top_3gram,2012,4.7032843446311e-06
A2,C_equal_indicator,rps_doc_unigram_entropy,rps_lines_uppercase_letter_fraction,2012,8.110135786675226e-05
A2,C_equal_indicator,rps_doc_unigram_entropy,rps_lines_ending_with_terminal_punctution_mark,2012,0.0006607475356925544
A2,C_equal_indicator,rps_doc_unigram_entropy,rps_lines_numerical_chars_fraction,2012,0.0023683967116455715
A2,C_equal_indicator,rps_doc_unigram_entropy,rps_doc_mean_word_length,2012,0.0010753303487215458
A2,C_equal_indicator,rps_doc_unigram_entropy,fineweb_edu,2012,0.00027672093661544866
A2,C_equal_indicator,rps_doc_unigram_entropy,fluency_en,2012,5.294250860606307e-05
A2,C_equal_indicator,rps_doc_unigram_entropy,modernbert_cleanliness,2012,8.646115593694745e-05
A2,C_equal_indicator,rps_doc_unigram_entropy,modernbert_readability,2012,6.801685305282042e-05
A2,C_equal_indicator,rps_doc_unigram_entropy,modernbert_reasoning,2012,7.255158539229359e-05
A2,C_equal_indicator,rps_doc_unigram_entropy,modernbert_professionalism,2012,2.4985276667371276e-05
A2,C_equal_indicator,rps_doc_unigram_entropy,qurater,2012,0.00011979887021854683
A2,C_equal_indicator,rps_doc_unigram_entropy,ad_en,2012,5.9076338297969265e-06
A2,C_equal_indicator,rps_doc_frac_unique_words,rps_doc_frac_no_alph_words,2012,0.00025547850377659196
A2,C_equal_indicator,rps_doc_frac_unique_words,rps_doc_frac_chars_top_2gram,2012,0.00021940881853284495
A2,C_equal_indicator,rps_doc_frac_unique_words,rps_doc_frac_chars_top_3gram,2012,0.00018696975862659364
A2,C_equal_indicator,rps_doc_frac_unique_words,rps_lines_uppercase_letter_fraction,2012,0.00037364292575002323
A2,C_equal_indicator,rps_doc_frac_unique_words,rps_lines_ending_with_terminal_punctution_mark,2012,0.0003927096543930429
A2,C_equal_indicator,rps_doc_frac_unique_words,rps_lines_numerical_chars_fraction,2012,0.0013423409517648326
A2,C_equal_indicator,rps_doc_frac_unique_words,rps_doc_mean_word_length,2012,0.0001412278324625135
A2,C_equal_indicator,rps_doc_frac_unique_words,fineweb_edu,2012,0.0005798980815931159
A2,C_equal_indicator,rps_doc_frac_unique_words,fluency_en,2012,0.0014683815534188378
A2,C_equal_indicator,rps_doc_frac_unique_words,modernbert_cleanliness,2012,0.003007928559366819
A2,C_equal_indicator,rps_doc_frac_unique_words,modernbert_readability,2012,0.0011009783226183917
A2,C_equal_indicator,rps_doc_frac_unique_words,modernbert_reasoning,2012,0.003107156942409718
A2,C_equal_indicator,rps_doc_frac_unique_words,modernbert_professionalism,2012,0.0011708405048014025
A2,C_equal_indicator,rps_doc_frac_unique_words,qurater,2012,0.0009364583516402576
A2,C_equal_indicator,rps_doc_frac_unique_words,ad_en,2012,0.0002260104820856211
A2,C_equal_indicator,rps_doc_frac_no_alph_words,rps_doc_frac_chars_top_2gram,2012,7.322342316488388e-05
A2,C_equal_indicator,rps_doc_frac_no_alph_words,rps_doc_frac_chars_top_3gram,2012,6.29923613676295e-05
A2,C_equal_indicator,rps_doc_frac_no_alph_words,rps_lines_uppercase_letter_fraction,2012,9.839007213500833e-05
A2,C_equal_indicator,rps_doc_frac_no_alph_words,rps_lines_ending_with_terminal_punctution_mark,2012,0.0002837128574080601
A2,C_equal_indicator,rps_doc_frac_no_alph_words,rps_lines_numerical_chars_fraction,2012,0.0014031087447506036
A2,C_equal_indicator,rps_doc_frac_no_alph_words,rps_doc_mean_word_length,2012,0.000620750937417517
A2,C_equal_indicator,rps_doc_frac_no_alph_words,fineweb_edu,2012,0.00013972735330787474
A2,C_equal_indicator,rps_doc_frac_no_alph_words,fluency_en,2012,0.0005013854382442433
A2,C_equal_indicator,rps_doc_frac_no_alph_words,modernbert_cleanliness,2012,0.0010520210299956821
A2,C_equal_indicator,rps_doc_frac_no_alph_words,modernbert_readability,2012,0.000342045638174121
A2,C_equal_indicator,rps_doc_frac_no_alph_words,modernbert_reasoning,2012,0.0011009414065483963
A2,C_equal_indicator,rps_doc_frac_no_alph_words,modernbert_professionalism,2012,0.0004134786657027504
A2,C_equal_indicator,rps_doc_frac_no_alph_words,qurater,2012,0.00028154301282240713
A2,C_equal_indicator,rps_doc_frac_no_alph_words,ad_en,2012,7.85119036705413e-05
A2,C_equal_indicator,rps_doc_frac_chars_top_2gram,rps_doc_frac_chars_top_3gram,2012,1.5595093555777531e-06
A2,C_equal_indicator,rps_doc_frac_chars_top_2gram,rps_lines_uppercase_letter_fraction,2012,4.1835325325685216e-05
A2,C_equal_indicator,rps_doc_frac_chars_top_2gram,rps_lines_ending_with_terminal_punctution_mark,2012,0.00034295548524108986
A2,C_equal_indicator,rps_doc_frac_chars_top_2gram,rps_lines_numerical_chars_fraction,2012,0.0012441748348831565
A2,C_equal_indicator,rps_doc_frac_chars_top_2gram,rps_doc_mean_word_length,2012,0.0005627384744485893
A2,C_equal_indicator,rps_doc_frac_chars_top_2gram,fineweb_edu,2012,0.0001444009287783729
A2,C_equal_indicator,rps_doc_frac_chars_top_2gram,fluency_en,2012,2.8058223021486564e-05
A2,C_equal_indicator,rps_doc_frac_chars_top_2gram,modernbert_cleanliness,2012,5.65226663602384e-05
A2,C_equal_indicator,rps_doc_frac_chars_top_2gram,modernbert_readability,2012,3.057901704886712e-05
A2,C_equal_indicator,rps_doc_frac_chars_top_2gram,modernbert_reasoning,2012,6.0198776923165297e-05
A2,C_equal_indicator,rps_doc_frac_chars_top_2gram,modernbert_professionalism,2012,2.098000341151601e-05
A2,C_equal_indicator,rps_doc_frac_chars_top_2gram,qurater,2012,6.182775011502689e-05
A2,C_equal_indicator,rps_doc_frac_chars_top_2gram,ad_en,2012,3.5674491941327994e-06
A2,C_equal_indicator,rps_doc_frac_chars_top_3gram,rps_lines_uppercase_letter_fraction,2012,3.659181412729656e-05
A2,C_equal_indicator,rps_doc_frac_chars_top_3gram,rps_lines_ending_with_terminal_punctution_mark,2012,0.00029343894466007795
A2,C_equal_indicator,rps_doc_frac_chars_top_3gram,rps_lines_numerical_chars_fraction,2012,0.001065656804276286
A2,C_equal_indicator,rps_doc_frac_chars_top_3gram,rps_doc_mean_word_length,2012,0.00048051368106599485
A2,C_equal_indicator,rps_doc_frac_chars_top_3gram,fineweb_edu,2012,0.0001245339691549104
A2,C_equal_indicator,rps_doc_frac_chars_top_3gram,fluency_en,2012,2.1312104410104726e-05
A2,C_equal_indicator,rps_doc_frac_chars_top_3gram,modernbert_cleanliness,2012,4.2792452369502554e-05
A2,C_equal_indicator,rps_doc_frac_chars_top_3gram,modernbert_readability,2012,2.8263025948456695e-05
A2,C_equal_indicator,rps_doc_frac_chars_top_3gram,modernbert_reasoning,2012,4.568879510481996e-05
A2,C_equal_indicator,rps_doc_frac_chars_top_3gram,modernbert_professionalism,2012,1.5517489728280414e-05
A2,C_equal_indicator,rps_doc_frac_chars_top_3gram,qurater,2012,5.470734293225787e-05
A2,C_equal_indicator,rps_doc_frac_chars_top_3gram,ad_en,2012,2.4734638337920708e-06
A2,C_equal_indicator,rps_lines_uppercase_letter_fraction,rps_lines_ending_with_terminal_punctution_mark,2012,0.000539232741390643
A2,C_equal_indicator,rps_lines_uppercase_letter_fraction,rps_lines_numerical_chars_fraction,2012,0.0019272382731377958
A2,C_equal_indicator,rps_lines_uppercase_letter_fraction,rps_doc_mean_word_length,2012,0.0009228259105952008
A2,C_equal_indicator,rps_lines_uppercase_letter_fraction,fineweb_edu,2012,0.000197827522077115
A2,C_equal_indicator,rps_lines_uppercase_letter_fraction,fluency_en,2012,0.00029785727674562235
A2,C_equal_indicator,rps_lines_uppercase_letter_fraction,modernbert_cleanliness,2012,0.0006299770616787002
A2,C_equal_indicator,rps_lines_uppercase_letter_fraction,modernbert_readability,2012,0.0001824069148223369
A2,C_equal_indicator,rps_lines_uppercase_letter_fraction,modernbert_reasoning,2012,0.0006382174769170268
A2,C_equal_indicator,rps_lines_uppercase_letter_fraction,modernbert_professionalism,2012,0.00024077755628509968
A2,C_equal_indicator,rps_lines_uppercase_letter_fraction,qurater,2012,0.000174900941511721
A2,C_equal_indicator,rps_lines_uppercase_letter_fraction,ad_en,2012,4.703576172047509e-05
A2,C_equal_indicator,rps_lines_ending_with_terminal_punctution_mark,rps_lines_numerical_chars_fraction,2012,0.0023799225647826204
A2,C_equal_indicator,rps_lines_ending_with_terminal_punctution_mark,rps_doc_mean_word_length,2012,0.0008541209505349711
A2,C_equal_indicator,rps_lines_ending_with_terminal_punctution_mark,fineweb_edu,2012,0.0006968437872953708
A2,C_equal_indicator,rps_lines_ending_with_terminal_punctution_mark,fluency_en,2012,0.002305667670983211
A2,C_equal_indicator,rps_lines_ending_with_terminal_punctution_mark,modernbert_cleanliness,2012,0.0047436006765207315
A2,C_equal_indicator,rps_lines_ending_with_terminal_punctution_mark,modernbert_readability,2012,0.0016782981379269664
A2,C_equal_indicator,rps_lines_ending_with_terminal_punctution_mark,modernbert_reasoning,2012,0.004906268843621051
A2,C_equal_indicator,rps_lines_ending_with_terminal_punctution_mark,modernbert_professionalism,2012,0.0018521827238165392
A2,C_equal_indicator,rps_lines_ending_with_terminal_punctution_mark,qurater,2012,0.0013756917796195673
A2,C_equal_indicator,rps_lines_ending_with_terminal_punctution_mark,ad_en,2012,0.0003582488367207933
A2,C_equal_indicator,rps_lines_numerical_chars_fraction,rps_doc_mean_word_length,2012,0.002827236662634898
A2,C_equal_indicator,rps_lines_numerical_chars_fraction,fineweb_edu,2012,0.0028502015092322463
A2,C_equal_indicator,rps_lines_numerical_chars_fraction,fluency_en,2012,0.00836127762562088
A2,C_equal_indicator,rps_lines_numerical_chars_fraction,modernbert_cleanliness,2012,0.017195880571949564
A2,C_equal_indicator,rps_lines_numerical_chars_fraction,modernbert_readability,2012,0.0061346982343769485
A2,C_equal_indicator,rps_lines_numerical_chars_fraction,modernbert_reasoning,2012,0.0174531267382156
A2,C_equal_indicator,rps_lines_numerical_chars_fraction,modernbert_professionalism,2012,0.006573204588009188
A2,C_equal_indicator,rps_lines_numerical_chars_fraction,qurater,2012,0.005107460311242304
A2,C_equal_indicator,rps_lines_numerical_chars_fraction,ad_en,2012,0.001290074318822217
A2,C_equal_indicator,rps_doc_mean_word_length,fineweb_edu,2012,0.001379885131928546
A2,C_equal_indicator,rps_doc_mean_word_length,fluency_en,2012,0.0037740070918996344
A2,C_equal_indicator,rps_doc_mean_word_length,modernbert_cleanliness,2012,0.007721848024764657
A2,C_equal_indicator,rps_doc_mean_word_length,modernbert_readability,2012,0.002813639074144548
A2,C_equal_indicator,rps_doc_mean_word_length,modernbert_reasoning,2012,0.007860293612656152
A2,C_equal_indicator,rps_doc_mean_word_length,modernbert_professionalism,2012,0.0029680805904248875
A2,C_equal_indicator,rps_doc_mean_word_length,qurater,2012,0.002357919677502969
A2,C_equal_indicator,rps_doc_mean_word_length,ad_en,2012,0.0005819114484989119
A2,C_equal_indicator,fineweb_edu,fluency_en,2012,0.0009756490628226199
A2,C_equal_indicator,fineweb_edu,modernbert_cleanliness,2012,0.0020278591706275524
A2,C_equal_indicator,fineweb_edu,modernbert_readability,2012,0.0006673176638693905
A2,C_equal_indicator,fineweb_edu,modernbert_reasoning,2012,0.002067878711152242
A2,C_equal_indicator,fineweb_edu,modernbert_professionalism,2012,0.0007836489261096929
A2,C_equal_indicator,fineweb_edu,qurater,2012,0.0005094466971318584
A2,C_equal_indicator,fineweb_edu,ad_en,2012,0.00015468377886805298
A2,C_equal_indicator,fluency_en,modernbert_cleanliness,2012,0.0002306615809110969
A2,C_equal_indicator,fluency_en,modernbert_readability,2012,0.00026032185932999745
A2,C_equal_indicator,fluency_en,modernbert_reasoning,2012,0.00028617408128619174
A2,C_equal_indicator,fluency_en,modernbert_professionalism,2012,0.00010196062780448472
A2,C_equal_indicator,fluency_en,qurater,2012,0.00040992405291519885
A2,C_equal_indicator,fluency_en,ad_en,2012,1.72244807491421e-05
A2,C_equal_indicator,modernbert_cleanliness,modernbert_readability,2012,0.000544983011648078
A2,C_equal_indicator,modernbert_cleanliness,modernbert_reasoning,2012,0.0002870152490584892
A2,C_equal_indicator,modernbert_cleanliness,modernbert_professionalism,2012,0.00011703367618063824
A2,C_equal_indicator,modernbert_cleanliness,qurater,2012,0.0008860274439522111
A2,C_equal_indicator,modernbert_cleanliness,ad_en,2012,2.586135492939685e-05
A2,C_equal_indicator,modernbert_readability,modernbert_reasoning,2012,0.0006185340840261305
A2,C_equal_indicator,modernbert_readability,modernbert_professionalism,2012,0.00023154126026152082
A2,C_equal_indicator,modernbert_readability,qurater,2012,0.0002424372275391436
A2,C_equal_indicator,modernbert_readability,ad_en,2012,4.26519876691292e-05
A2,C_equal_indicator,modernbert_reasoning,modernbert_professionalism,2012,2.9555176742990226e-05
A2,C_equal_indicator,modernbert_reasoning,qurater,2012,0.0009464208602117062
A2,C_equal_indicator,modernbert_reasoning,ad_en,2012,2.612219137904095e-05
A2,C_equal_indicator,modernbert_professionalism,qurater,2012,0.00035875851456137353
A2,C_equal_indicator,modernbert_professionalism,ad_en,2012,7.721795409718115e-06
A2,C_equal_indicator,qurater,ad_en,2012,7.003791680077779e-05
A3,C_weighted_hierarchical,dsir_books,dsir_wiki,33403,1.5825333713087936e-06
A3,C_weighted_hierarchical,dsir_books,dsir_math,33403,9.20752964959245e-05
A3,C_weighted_hierarchical,dsir_books,rps_doc_word_count,33403,0.0024342701485968138
A3,C_weighted_hierarchical,dsir_books,rps_doc_num_sentences,33403,0.004446891174572512
A3,C_weighted_hierarchical,dsir_books,rps_doc_unigram_entropy,33403,0.0017118140034442068
A3,C_weighted_hierarchical,dsir_books,rps_doc_frac_unique_words,33403,0.0008424213174185696
A3,C_weighted_hierarchical,dsir_books,rps_doc_frac_no_alph_words,33403,0.0008999920654857605
A3,C_weighted_hierarchical,dsir_books,rps_doc_frac_chars_top_2gram,33403,0.00020013068754403562
A3,C_weighted_hierarchical,dsir_books,rps_doc_frac_chars_top_3gram,33403,0.00010124307028268712
A3,C_weighted_hierarchical,dsir_books,rps_lines_uppercase_letter_fraction,33403,0.0012169689299842549
A3,C_weighted_hierarchical,dsir_books,rps_lines_ending_with_terminal_punctution_mark,33403,0.005475496264759924
A3,C_weighted_hierarchical,dsir_books,rps_lines_numerical_chars_fraction,33403,0.02563063558977607
A3,C_weighted_hierarchical,dsir_books,rps_doc_mean_word_length,33403,0.006076880826651253
A3,C_weighted_hierarchical,dsir_books,fineweb_edu,33403,0.0041908547516294435
A3,C_weighted_hierarchical,dsir_books,fluency_en,33403,0.004700274388738624
A3,C_weighted_hierarchical,dsir_books,modernbert_cleanliness,33403,0.013518809511213814
A3,C_weighted_hierarchical,dsir_books,modernbert_readability,33403,0.004738480853566634
A3,C_weighted_hierarchical,dsir_books,modernbert_reasoning,33403,0.015707440007594033
A3,C_weighted_hierarchical,dsir_books,modernbert_professionalism,33403,0.0024821706749861825
A3,C_weighted_hierarchical,dsir_books,qurater,33403,0.004658075333256974
A3,C_weighted_hierarchical,dsir_books,ad_en,33403,3.639836061778281e-05
A3,C_weighted_hierarchical,dsir_wiki,dsir_math,33403,8.449121847774031e-05
A3,C_weighted_hierarchical,dsir_wiki,rps_doc_word_count,33403,0.0022600442726238715
A3,C_weighted_hierarchical,dsir_wiki,rps_doc_num_sentences,33403,0.0041286244844377495
A3,C_weighted_hierarchical,dsir_wiki,rps_doc_unigram_entropy,33403,0.0015892899096443937
A3,C_weighted_hierarchical,dsir_wiki,rps_doc_frac_unique_words,33403,0.0007820505774461748
A3,C_weighted_hierarchical,dsir_wiki,rps_doc_frac_no_alph_words,33403,0.000835530983401591
A3,C_weighted_hierarchical,dsir_wiki,rps_doc_frac_chars_top_2gram,33403,0.0001858000943314977
A3,C_weighted_hierarchical,dsir_wiki,rps_doc_frac_chars_top_3gram,33403,9.400099458243618e-05
A3,C_weighted_hierarchical,dsir_wiki,rps_lines_uppercase_letter_fraction,33403,0.0011298419612039367
A3,C_weighted_hierarchical,dsir_wiki,rps_lines_ending_with_terminal_punctution_mark,33403,0.005083576127158113
A3,C_weighted_hierarchical,dsir_wiki,rps_lines_numerical_chars_fraction,33403,0.023796350743326405
A3,C_weighted_hierarchical,dsir_wiki,rps_doc_mean_word_length,33403,0.005641802137881489
A3,C_weighted_hierarchical,dsir_wiki,fineweb_edu,33403,0.003890898512081005
A3,C_weighted_hierarchical,dsir_wiki,fluency_en,33403,0.004363814038578502
A3,C_weighted_hierarchical,dsir_wiki,modernbert_cleanliness,33403,0.012551255984399726
A3,C_weighted_hierarchical,dsir_wiki,modernbert_readability,33403,0.00439931773449166
A3,C_weighted_hierarchical,dsir_wiki,modernbert_reasoning,33403,0.014583320253081962
A3,C_weighted_hierarchical,dsir_wiki,modernbert_professionalism,33403,0.0023044564639316746
A3,C_weighted_hierarchical,dsir_wiki,qurater,33403,0.004324678125193474
A3,C_weighted_hierarchical,dsir_wiki,ad_en,33403,3.379830414042875e-05
A3,C_weighted_hierarchical,dsir_math,rps_doc_word_count,33403,0.004183240411464963
A3,C_weighted_hierarchical,dsir_math,rps_doc_num_sentences,33403,0.0076429574165240086
A3,C_weighted_hierarchical,dsir_math,rps_doc_unigram_entropy,33403,0.002940771549403736
A3,C_weighted_hierarchical,dsir_math,rps_doc_frac_unique_words,33403,0.0014361273086957917
A3,C_weighted_hierarchical,dsir_math,rps_doc_frac_no_alph_words,33403,0.00153943164780115
A3,C_weighted_hierarchical,dsir_math,rps_doc_frac_chars_top_2gram,33403,0.0003429682543318401
A3,C_weighted_hierarchical,dsir_math,rps_doc_frac_chars_top_3gram,33403,0.0001750643832024171
A3,C_weighted_hierarchical,dsir_math,rps_lines_uppercase_letter_fraction,33403,0.002087780839982961
A3,C_weighted_hierarchical,dsir_math,rps_lines_ending_with_terminal_punctution_mark,33403,0.009405040115970492
A3,C_weighted_hierarchical,dsir_math,rps_lines_numerical_chars_fraction,33403,0.04407105393015239
A3,C_weighted_hierarchical,dsir_math,rps_doc_mean_word_length,33403,0.01044629331437029
A3,C_weighted_hierarchical,dsir_math,fineweb_edu,33403,0.007200606664839207
A3,C_weighted_hierarchical,dsir_math,fluency_en,33403,0.0080678900019661
A3,C_weighted_hierarchical,dsir_math,modernbert_cleanliness,33403,0.023234332523529296
A3,C_weighted_hierarchical,dsir_math,modernbert_readability,33403,0.008139754159271043
A3,C_weighted_hierarchical,dsir_math,modernbert_reasoning,33403,0.027008001949141394
A3,C_weighted_hierarchical,dsir_math,modernbert_professionalism,33403,0.004254603980924788
A3,C_weighted_hierarchical,dsir_math,qurater,33403,0.0080033897348055
A3,C_weighted_hierarchical,dsir_math,ad_en,33403,6.361679480706516e-05
A3,C_weighted_hierarchical,rps_doc_word_count,rps_doc_num_sentences,33403,8.958089778591367e-05
A3,C_weighted_hierarchical,rps_doc_word_count,rps_doc_unigram_entropy,33403,2.782452176835026e-05
A3,C_weighted_hierarchical,rps_doc_word_count,rps_doc_frac_unique_words,33403,0.00034494920872606204
A3,C_weighted_hierarchical,rps_doc_word_count,rps_doc_frac_no_alph_words,33403,0.0002078202378559395
A3,C_weighted_hierarchical,rps_doc_word_count,rps_doc_frac_chars_top_2gram,33403,0.00013647259172821493
A3,C_weighted_hierarchical,rps_doc_word_count,rps_doc_frac_chars_top_3gram,33403,0.0001267043014272561
A3,C_weighted_hierarchical,rps_doc_word_count,rps_lines_uppercase_letter_fraction,33403,0.0001688774369250477
A3,C_weighted_hierarchical,rps_doc_word_count,rps_lines_ending_with_terminal_punctution_mark,33403,0.0002849976505014896
A3,C_weighted_hierarchical,rps_doc_word_count,rps_lines_numerical_chars_fraction,33403,0.0008165469427879606
A3,C_weighted_hierarchical,rps_doc_word_count,rps_doc_mean_word_length,33403,0.00040498591651938053
A3,C_weighted_hierarchical,rps_doc_word_count,fineweb_edu,33403,7.437186230785131e-05
A3,C_weighted_hierarchical,rps_doc_word_count,fluency_en,33403,0.00039716249641810286
A3,C_weighted_hierarchical,rps_doc_word_count,modernbert_cleanliness,33403,0.0004736736577298863
A3,C_weighted_hierarchical,rps_doc_word_count,modernbert_readability,33403,0.00021524762249786704
A3,C_weighted_hierarchical,rps_doc_word_count,modernbert_reasoning,33403,0.00042890843277433843
A3,C_weighted_hierarchical,rps_doc_word_count,modernbert_professionalism,33403,0.0004366926342513482
A3,C_weighted_hierarchical,rps_doc_word_count,qurater,33403,0.0001577681412478071
A3,C_weighted_hierarchical,rps_doc_word_count,ad_en,33403,0.00015822462186875524
A3,C_weighted_hierarchical,rps_doc_num_sentences,rps_doc_unigram_entropy,33403,9.006090448355269e-05
A3,C_weighted_hierarchical,rps_doc_num_sentences,rps_doc_frac_unique_words,33403,0.0006361599544002335
A3,C_weighted_hierarchical,rps_doc_num_sentences,rps_doc_frac_no_alph_words,33403,0.00038681919326414747
A3,C_weighted_hierarchical,rps_doc_num_sentences,rps_doc_frac_chars_top_2gram,33403,0.00024813171062589386
A3,C_weighted_hierarchical,rps_doc_num_sentences,rps_doc_frac_chars_top_3gram,33403,0.00022963725240415897
A3,C_weighted_hierarchical,rps_doc_num_sentences,rps_lines_uppercase_letter_fraction,33403,0.0003195783454058223
A3,C_weighted_hierarchical,rps_doc_num_sentences,rps_lines_ending_with_terminal_punctution_mark,33403,0.0005411576126415612
A3,C_weighted_hierarchical,rps_doc_num_sentences,rps_lines_numerical_chars_fraction,33403,0.0011838352169110074
A3,C_weighted_hierarchical,rps_doc_num_sentences,rps_doc_mean_word_length,33403,0.0007185358358206122
A3,C_weighted_hierarchical,rps_doc_num_sentences,fineweb_edu,33403,0.00019147325709432657
A3,C_weighted_hierarchical,rps_doc_num_sentences,fluency_en,33403,0.0008023381948059753
A3,C_weighted_hierarchical,rps_doc_num_sentences,modernbert_cleanliness,33403,0.0009522064141825293
A3,C_weighted_hierarchical,rps_doc_num_sentences,modernbert_readability,33403,0.000463753635688966
A3,C_weighted_hierarchical,rps_doc_num_sentences,modernbert_reasoning,33403,0.0007137641992642892
A3,C_weighted_hierarchical,rps_doc_num_sentences,modernbert_professionalism,33403,0.0008124274448464344
A3,C_weighted_hierarchical,rps_doc_num_sentences,qurater,33403,0.00033632956232056567
A3,C_weighted_hierarchical,rps_doc_num_sentences,ad_en,33403,0.0002893365826883056
A3,C_weighted_hierarchical,rps_doc_unigram_entropy,rps_doc_frac_unique_words,33403,0.00023481870644274553
A3,C_weighted_hierarchical,rps_doc_unigram_entropy,rps_doc_frac_no_alph_words,33403,0.00014344465437946175
A3,C_weighted_hierarchical,rps_doc_unigram_entropy,rps_doc_frac_chars_top_2gram,33403,9.473025235089267e-05
A3,C_weighted_hierarchical,rps_doc_unigram_entropy,rps_doc_frac_chars_top_3gram,33403,8.857800807765397e-05
A3,C_weighted_hierarchical,rps_doc_unigram_entropy,rps_lines_uppercase_letter_fraction,33403,0.00011292546970053173
A3,C_weighted_hierarchical,rps_doc_unigram_entropy,rps_lines_ending_with_terminal_punctution_mark,33403,0.00022447070888408687
A3,C_weighted_hierarchical,rps_doc_unigram_entropy,rps_lines_numerical_chars_fraction,33403,0.0008276191122322557
A3,C_weighted_hierarchical,rps_doc_unigram_entropy,rps_doc_mean_word_length,33403,0.0003018515527520924
A3,C_weighted_hierarchical,rps_doc_unigram_entropy,fineweb_edu,33403,6.113884997095398e-05
A3,C_weighted_hierarchical,rps_doc_unigram_entropy,fluency_en,33403,0.00029589711260654143
A3,C_weighted_hierarchical,rps_doc_unigram_entropy,modernbert_cleanliness,33403,0.0004043917239426032
A3,C_weighted_hierarchical,rps_doc_unigram_entropy,modernbert_readability,33403,0.00016813483870558565
A3,C_weighted_hierarchical,rps_doc_unigram_entropy,modernbert_reasoning,33403,0.0004541693388379698
A3,C_weighted_hierarchical,rps_doc_unigram_entropy,modernbert_professionalism,33403,0.0002960330771142398
A3,C_weighted_hierarchical,rps_doc_unigram_entropy,qurater,33403,0.00013203647839906424
A3,C_weighted_hierarchical,rps_doc_unigram_entropy,ad_en,33403,0.00011113825172055445
A3,C_weighted_hierarchical,rps_doc_frac_unique_words,rps_doc_frac_no_alph_words,33403,0.00010909810204254433
A3,C_weighted_hierarchical,rps_doc_frac_unique_words,rps_doc_frac_chars_top_2gram,33403,4.469657644562518e-05
A3,C_weighted_hierarchical,rps_doc_frac_unique_words,rps_doc_frac_chars_top_3gram,33403,4.110520167512722e-05
A3,C_weighted_hierarchical,rps_doc_frac_unique_words,rps_lines_uppercase_letter_fraction,33403,0.00019685716798273343
A3,C_weighted_hierarchical,rps_doc_frac_unique_words,rps_lines_ending_with_terminal_punctution_mark,33403,0.0007362053488280975
A3,C_weighted_hierarchical,rps_doc_frac_unique_words,rps_lines_numerical_chars_fraction,33403,0.003812011427442201
A3,C_weighted_hierarchical,rps_doc_frac_unique_words,rps_doc_mean_word_length,33403,0.0008311917896184166
A3,C_weighted_hierarchical,rps_doc_frac_unique_words,fineweb_edu,33403,0.0005812284928508686
A3,C_weighted_hierarchical,rps_doc_frac_unique_words,fluency_en,33403,0.0007078689084761609
A3,C_weighted_hierarchical,rps_doc_frac_unique_words,modernbert_cleanliness,33403,0.0019201831133282038
A3,C_weighted_hierarchical,rps_doc_frac_unique_words,modernbert_readability,33403,0.0006746799478378925
A3,C_weighted_hierarchical,rps_doc_frac_unique_words,modernbert_reasoning,33403,0.002331426216458242
A3,C_weighted_hierarchical,rps_doc_frac_unique_words,modernbert_professionalism,33403,0.0003765919963128335
A3,C_weighted_hierarchical,rps_doc_frac_unique_words,qurater,33403,0.000640602097998329
A3,C_weighted_hierarchical,rps_doc_frac_unique_words,ad_en,33403,5.5616394873056946e-05
A3,C_weighted_hierarchical,rps_doc_frac_no_alph_words,rps_doc_frac_chars_top_2gram,33403,5.556044886236556e-05
A3,C_weighted_hierarchical,rps_doc_frac_no_alph_words,rps_doc_frac_chars_top_3gram,33403,4.9405457021421994e-05
A3,C_weighted_hierarchical,rps_doc_frac_no_alph_words,rps_lines_uppercase_letter_fraction,33403,0.0001462976534990311
A3,C_weighted_hierarchical,rps_doc_frac_no_alph_words,rps_lines_ending_with_terminal_punctution_mark,33403,0.00043132147477627805
A3,C_weighted_hierarchical,rps_doc_frac_no_alph_words,rps_lines_numerical_chars_fraction,33403,0.0023856199663498407
A3,C_weighted_hierarchical,rps_doc_frac_no_alph_words,rps_doc_mean_word_length,33403,0.0005004421449059824
A3,C_weighted_hierarchical,rps_doc_frac_no_alph_words,fineweb_edu,33403,0.00035102014021388885
A3,C_weighted_hierarchical,rps_doc_frac_no_alph_words,fluency_en,33403,0.00042326591757443243
A3,C_weighted_hierarchical,rps_doc_frac_no_alph_words,modernbert_cleanliness,33403,0.0011506663699306545
A3,C_weighted_hierarchical,rps_doc_frac_no_alph_words,modernbert_readability,33403,0.0003939227836715444
A3,C_weighted_hierarchical,rps_doc_frac_no_alph_words,modernbert_reasoning,33403,0.0014402453858923926
A3,C_weighted_hierarchical,rps_doc_frac_no_alph_words,modernbert_professionalism,33403,0.0002390156249920829
A3,C_weighted_hierarchical,rps_doc_frac_no_alph_words,qurater,33403,0.0003763374196275182
A3,C_weighted_hierarchical,rps_doc_frac_no_alph_words,ad_en,33403,5.821691830564275e-05
A3,C_weighted_hierarchical,rps_doc_frac_chars_top_2gram,rps_doc_frac_chars_top_3gram,33403,7.854987145194776e-06
A3,C_weighted_hierarchical,rps_doc_frac_chars_top_2gram,rps_lines_uppercase_letter_fraction,33403,7.80483150666289e-05
A3,C_weighted_hierarchical,rps_doc_frac_chars_top_2gram,rps_lines_ending_with_terminal_punctution_mark,33403,0.00031047073215059306
A3,C_weighted_hierarchical,rps_doc_frac_chars_top_2gram,rps_lines_numerical_chars_fraction,33403,0.0014466266964881106
A3,C_weighted_hierarchical,rps_doc_frac_chars_top_2gram,rps_doc_mean_word_length,33403,0.00035059108671487734
A3,C_weighted_hierarchical,rps_doc_frac_chars_top_2gram,fineweb_edu,33403,0.00023461681838322224
A3,C_weighted_hierarchical,rps_doc_frac_chars_top_2gram,fluency_en,33403,0.00028402043103970275
A3,C_weighted_hierarchical,rps_doc_frac_chars_top_2gram,modernbert_cleanliness,33403,0.0007618811186349714
A3,C_weighted_hierarchical,rps_doc_frac_chars_top_2gram,modernbert_readability,33403,0.00027247221867392326
A3,C_weighted_hierarchical,rps_doc_frac_chars_top_2gram,modernbert_reasoning,33403,0.0008852138416881168
A3,C_weighted_hierarchical,rps_doc_frac_chars_top_2gram,modernbert_professionalism,33403,0.00016624830658630677
A3,C_weighted_hierarchical,rps_doc_frac_chars_top_2gram,qurater,33403,0.0002593179073369814
A3,C_weighted_hierarchical,rps_doc_frac_chars_top_2gram,ad_en,33403,1.4231369520303612e-05
A3,C_weighted_hierarchical,rps_doc_frac_chars_top_3gram,rps_lines_uppercase_letter_fraction,33403,6.949304742976687e-05
A3,C_weighted_hierarchical,rps_doc_frac_chars_top_3gram,rps_lines_ending_with_terminal_punctution_mark,33403,0.00028399958140880413
A3,C_weighted_hierarchical,rps_doc_frac_chars_top_3gram,rps_lines_numerical_chars_fraction,33403,0.0013279760590004627
A3,C_weighted_hierarchical,rps_doc_frac_chars_top_3gram,rps_doc_mean_word_length,33403,0.00031797416728748866
A3,C_weighted_hierarchical,rps_doc_frac_chars_top_3gram,fineweb_edu,33403,0.0002176745763641706
A3,C_weighted_hierarchical,rps_doc_frac_chars_top_3gram,fluency_en,33403,0.0002564041925124909
A3,C_weighted_hierarchical,rps_doc_frac_chars_top_3gram,modernbert_cleanliness,33403,0.0007025200707861173
A3,C_weighted_hierarchical,rps_doc_frac_chars_top_3gram,modernbert_readability,33403,0.00025176999005419503
A3,C_weighted_hierarchical,rps_doc_frac_chars_top_3gram,modernbert_reasoning,33403,0.0008127780961949731
A3,C_weighted_hierarchical,rps_doc_frac_chars_top_3gram,modernbert_professionalism,33403,0.00014490505235813803
A3,C_weighted_hierarchical,rps_doc_frac_chars_top_3gram,qurater,33403,0.00024100442354646324
A3,C_weighted_hierarchical,rps_doc_frac_chars_top_3gram,ad_en,33403,7.927497087394923e-06
A3,C_weighted_hierarchical,rps_lines_uppercase_letter_fraction,rps_lines_ending_with_terminal_punctution_mark,33403,0.0005173187923154442
A3,C_weighted_hierarchical,rps_lines_uppercase_letter_fraction,rps_lines_numerical_chars_fraction,33403,0.002060042454922975
A3,C_weighted_hierarchical,rps_lines_uppercase_letter_fraction,rps_doc_mean_word_length,33403,0.0004986043203217676
A3,C_weighted_hierarchical,rps_lines_uppercase_letter_fraction,fineweb_edu,33403,0.0002833394369513527
A3,C_weighted_hierarchical,rps_lines_uppercase_letter_fraction,fluency_en,33403,0.0004340873422652616
A3,C_weighted_hierarchical,rps_lines_uppercase_letter_fraction,modernbert_cleanliness,33403,0.0010858771509853966
A3,C_weighted_hierarchical,rps_lines_uppercase_letter_fraction,modernbert_readability,33403,0.0003757020651179954
A3,C_weighted_hierarchical,rps_lines_uppercase_letter_fraction,modernbert_reasoning,33403,0.0012546897573976151
A3,C_weighted_hierarchical,rps_lines_uppercase_letter_fraction,modernbert_professionalism,33403,0.0002659707018684909
A3,C_weighted_hierarchical,rps_lines_uppercase_letter_fraction,qurater,33403,0.00036451355365463577
A3,C_weighted_hierarchical,rps_lines_uppercase_letter_fraction,ad_en,33403,7.921639681680725e-05
A3,C_weighted_hierarchical,rps_lines_ending_with_terminal_punctution_mark,rps_lines_numerical_chars_fraction,33403,0.003170221645568413
A3,C_weighted_hierarchical,rps_lines_ending_with_terminal_punctution_mark,rps_doc_mean_word_length,33403,0.0010357507205600378
A3,C_weighted_hierarchical,rps_lines_ending_with_terminal_punctution_mark,fineweb_edu,33403,0.0005280327398466175
A3,C_weighted_hierarchical,rps_lines_ending_with_terminal_punctution_mark,fluency_en,33403,0.0011125996146702061
A3,C_weighted_hierarchical,rps_lines_ending_with_terminal_punctution_mark,modernbert_cleanliness,33403,0.001289547555545361
A3,C_weighted_hierarchical,rps_lines_ending_with_terminal_punctution_mark,modernbert_readability,33403,0.0006875038150533309
A3,C_weighted_hierarchical,rps_lines_ending_with_terminal_punctution_mark,modernbert_reasoning,33403,0.001750942226545924
A3,C_weighted_hierarchical,rps_lines_ending_with_terminal_punctution_mark,modernbert_professionalism,33403,0.0010762011304849982
A3,C_weighted_hierarchical,rps_lines_ending_with_terminal_punctution_mark,qurater,33403,0.0004394889982279151
A3,C_weighted_hierarchical,rps_lines_ending_with_terminal_punctution_mark,ad_en,33403,0.00035560927045819154
A3,C_weighted_hierarchical,rps_lines_numerical_chars_fraction,rps_doc_mean_word_length,33403,0.005040992162130052
A3,C_weighted_hierarchical,rps_lines_numerical_chars_fraction,fineweb_edu,33403,0.001743165474559616
A3,C_weighted_hierarchical,rps_lines_numerical_chars_fraction,fluency_en,33403,0.004923517697573895
A3,C_weighted_hierarchical,rps_lines_numerical_chars_fraction,modernbert_cleanliness,33403,0.004781653295859639
A3,C_weighted_hierarchical,rps_lines_numerical_chars_fraction,modernbert_readability,33403,0.0027394489937057898
A3,C_weighted_hierarchical,rps_lines_numerical_chars_fraction,modernbert_reasoning,33403,0.0019684562818319444
A3,C_weighted_hierarchical,rps_lines_numerical_chars_fraction,modernbert_professionalism,33403,0.005295270394303722
A3,C_weighted_hierarchical,rps_lines_numerical_chars_fraction,qurater,33403,0.0020722029262689734
A3,C_weighted_hierarchical,rps_lines_numerical_chars_fraction,ad_en,33403,0.0016730338600153092
A3,C_weighted_hierarchical,rps_doc_mean_word_length,fineweb_edu,33403,0.0006908459037804471
A3,C_weighted_hierarchical,rps_doc_mean_word_length,fluency_en,33403,0.0014946366154350626
A3,C_weighted_hierarchical,rps_doc_mean_word_length,modernbert_cleanliness,33403,0.0025619150514377296
A3,C_weighted_hierarchical,rps_doc_mean_word_length,modernbert_readability,33403,0.0010870344129874057
A3,C_weighted_hierarchical,rps_doc_mean_word_length,modernbert_reasoning,33403,0.003059283184427373
A3,C_weighted_hierarchical,rps_doc_mean_word_length,modernbert_professionalism,33403,0.001050769606920824
A3,C_weighted_hierarchical,rps_doc_mean_word_length,qurater,33403,0.0008375982420942897
A3,C_weighted_hierarchical,rps_doc_mean_word_length,ad_en,33403,0.0003962429713901541
A3,C_weighted_hierarchical,fineweb_edu,fluency_en,33403,0.0007068750866885574
A3,C_weighted_hierarchical,fineweb_edu,modernbert_cleanliness,33403,0.0009710812682689822
A3,C_weighted_hierarchical,fineweb_edu,modernbert_readability,33403,0.00042167377886325586
A3,C_weighted_hierarchical,fineweb_edu,modernbert_reasoning,33403,0.0009665963429152316
A3,C_weighted_hierarchical,fineweb_edu,modernbert_professionalism,33403,0.0007246089681213941
A3,C_weighted_hierarchical,fineweb_edu,qurater,33403,0.0003106840360801607
A3,C_weighted_hierarchical,fineweb_edu,ad_en,33403,0.0002719882650376929
A3,C_weighted_hierarchical,fluency_en,modernbert_cleanliness,33403,0.0021734349860489943
A3,C_weighted_hierarchical,fluency_en,modernbert_readability,33403,0.0007367228388237506
A3,C_weighted_hierarchical,fluency_en,modernbert_reasoning,33403,0.002755473279422553
A3,C_weighted_hierarchical,fluency_en,modernbert_professionalism,33403,0.000867563257721762
A3,C_weighted_hierarchical,fluency_en,qurater,33403,0.0007165680287019671
A3,C_weighted_hierarchical,fluency_en,ad_en,33403,0.0003024049444189178
A3,C_weighted_hierarchical,modernbert_cleanliness,modernbert_readability,33403,0.0009534598497606301
A3,C_weighted_hierarchical,modernbert_cleanliness,modernbert_reasoning,33403,0.0020074688922594296
A3,C_weighted_hierarchical,modernbert_cleanliness,modernbert_professionalism,33403,0.0026169818961779283
A3,C_weighted_hierarchical,modernbert_cleanliness,qurater,33403,0.000547419012034061
A3,C_weighted_hierarchical,modernbert_cleanliness,ad_en,33403,0.0008792428336491457
A3,C_weighted_hierarchical,modernbert_readability,modernbert_reasoning,33403,0.0013659393507267337
A3,C_weighted_hierarchical,modernbert_readability,modernbert_professionalism,33403,0.0008624528273855724
A3,C_weighted_hierarchical,modernbert_readability,qurater,33403,0.00032268775195324457
A3,C_weighted_hierarchical,modernbert_readability,ad_en,33403,0.0003074067449578774
A3,C_weighted_hierarchical,modernbert_reasoning,modernbert_professionalism,33403,0.0031542181445831856
A3,C_weighted_hierarchical,modernbert_reasoning,qurater,33403,0.0010231145529381847
A3,C_weighted_hierarchical,modernbert_reasoning,ad_en,33403,0.0010245704629940923
A3,C_weighted_hierarchical,modernbert_professionalism,qurater,33403,0.0008748200298197917
A3,C_weighted_hierarchical,modernbert_professionalism,ad_en,33403,0.00015845995197471353
A3,C_weighted_hierarchical,qurater,ad_en,33403,0.00030218489650286505
A3,C_equal_indicator,dsir_books,dsir_wiki,23614,3.4175630460854297e-06
A3,C_equal_indicator,dsir_books,dsir_math,23614,0.00012522298527280565
A3,C_equal_indicator,dsir_books,rps_doc_word_count,23614,0.0025919595597693676
A3,C_equal_indicator,dsir_books,rps_doc_num_sentences,23614,0.00462921994347271
A3,C_equal_indicator,dsir_books,rps_doc_unigram_entropy,23614,0.001840072647414232
A3,C_equal_indicator,dsir_books,rps_doc_frac_unique_words,23614,0.0005228361383054697
A3,C_equal_indicator,dsir_books,rps_doc_frac_no_alph_words,23614,0.0008316991225258319
A3,C_equal_indicator,dsir_books,rps_doc_frac_chars_top_2gram,23614,0.00012938651273933062
A3,C_equal_indicator,dsir_books,rps_doc_frac_chars_top_3gram,23614,5.4355541354171164e-05
A3,C_equal_indicator,dsir_books,rps_lines_uppercase_letter_fraction,23614,0.0013684422341478492
A3,C_equal_indicator,dsir_books,rps_lines_ending_with_terminal_punctution_mark,23614,0.0050965909560933016
A3,C_equal_indicator,dsir_books,rps_lines_numerical_chars_fraction,23614,0.02385781675994045
A3,C_equal_indicator,dsir_books,rps_doc_mean_word_length,23614,0.0058461562591878334
A3,C_equal_indicator,dsir_books,fineweb_edu,23614,0.004386101506958168
A3,C_equal_indicator,dsir_books,fluency_en,23614,0.0051171914665537445
A3,C_equal_indicator,dsir_books,modernbert_cleanliness,23614,0.013029894388714948
A3,C_equal_indicator,dsir_books,modernbert_readability,23614,0.00498204757109519
A3,C_equal_indicator,dsir_books,modernbert_reasoning,23614,0.015363541940636695
A3,C_equal_indicator,dsir_books,modernbert_professionalism,23614,0.003060993789247512
A3,C_equal_indicator,dsir_books,qurater,23614,0.004576075136905295
A3,C_equal_indicator,dsir_books,ad_en,23614,7.10437408094347e-05
A3,C_equal_indicator,dsir_wiki,dsir_math,23614,0.0001134681167430737
A3,C_equal_indicator,dsir_wiki,rps_doc_word_count,23614,0.0024067334599728266
A3,C_equal_indicator,dsir_wiki,rps_doc_num_sentences,23614,0.00429840362896416
A3,C_equal_indicator,dsir_wiki,rps_doc_unigram_entropy,23614,0.00170858780156029
A3,C_equal_indicator,dsir_wiki,rps_doc_frac_unique_words,23614,0.0004852322448306565
A3,C_equal_indicator,dsir_wiki,rps_doc_frac_no_alph_words,23614,0.0007722564767320724
A3,C_equal_indicator,dsir_wiki,rps_doc_frac_chars_top_2gram,23614,0.00012023566486592538
A3,C_equal_indicator,dsir_wiki,rps_doc_frac_chars_top_3gram,23614,5.05572949372222e-05
A3,C_equal_indicator,dsir_wiki,rps_lines_uppercase_letter_fraction,23614,0.0012707438245465467
A3,C_equal_indicator,dsir_wiki,rps_lines_ending_with_terminal_punctution_mark,23614,0.004731651434779669
A3,C_equal_indicator,dsir_wiki,rps_lines_numerical_chars_fraction,23614,0.022149383331159386
A3,C_equal_indicator,dsir_wiki,rps_doc_mean_word_length,23614,0.005427636405573543
A3,C_equal_indicator,dsir_wiki,fineweb_edu,23614,0.004072512844119543
A3,C_equal_indicator,dsir_wiki,fluency_en,23614,0.004751336338881174
A3,C_equal_indicator,dsir_wiki,modernbert_cleanliness,23614,0.012096640052881996
A3,C_equal_indicator,dsir_wiki,modernbert_readability,23614,0.004625644792491591
A3,C_equal_indicator,dsir_wiki,modernbert_reasoning,23614,0.014265239750584134
A3,C_equal_indicator,dsir_wiki,modernbert_professionalism,23614,0.0028423952731704855
A3,C_equal_indicator,dsir_wiki,qurater,23614,0.00424872536063322
A3,C_equal_indicator,dsir_wiki,ad_en,23614,6.60560816230792e-05
A3,C_equal_indicator,dsir_math,rps_doc_word_count,23614,0.004470004289528219
A3,C_equal_indicator,dsir_math,rps_doc_num_sentences,23614,0.007983515229534945
A3,C_equal_indicator,dsir_math,rps_doc_unigram_entropy,23614,0.0031736146581740287
A3,C_equal_indicator,dsir_math,rps_doc_frac_unique_words,23614,0.0008855890095298961
A3,C_equal_indicator,dsir_math,rps_doc_frac_no_alph_words,23614,0.0014319005216731993
A3,C_equal_indicator,dsir_math,rps_doc_frac_chars_top_2gram,23614,0.0002282435674208586
A3,C_equal_indicator,dsir_math,rps_doc_frac_chars_top_3gram,23614,9.950537415029061e-05
A3,C_equal_indicator,dsir_math,rps_lines_uppercase_letter_fraction,23614,0.002364348694824955
A3,C_equal_indicator,dsir_math,rps_lines_ending_with_terminal_punctution_mark,23614,0.008756635845450342
A3,C_equal_indicator,dsir_math,rps_lines_numerical_chars_fraction,23614,0.04102607742825866
A3,C_equal_indicator,dsir_math,rps_doc_mean_word_length,23614,0.010078937954137427
A3,C_equal_indicator,dsir_math,fineweb_edu,23614,0.007557521544519697
A3,C_equal_indicator,dsir_math,fluency_en,23614,0.008807029628907219
A3,C_equal_indicator,dsir_math,modernbert_cleanliness,23614,0.022368219832541916
A3,C_equal_indicator,dsir_math,modernbert_readability,23614,0.008574619311106093
A3,C_equal_indicator,dsir_math,modernbert_reasoning,23614,0.02647258739069108
A3,C_equal_indicator,dsir_math,modernbert_professionalism,23614,0.00528408615048424
A3,C_equal_indicator,dsir_math,qurater,23614,0.007874156608054718
A3,C_equal_indicator,dsir_math,ad_en,23614,0.00012748779722081575
A3,C_equal_indicator,rps_doc_word_count,rps_doc_num_sentences,23614,7.782911926252353e-05
A3,C_equal_indicator,rps_doc_word_count,rps_doc_unigram_entropy,23614,2.66254940502353e-05
A3,C_equal_indicator,rps_doc_word_count,rps_doc_frac_unique_words,23614,0.0004307516949538478
A3,C_equal_indicator,rps_doc_word_count,rps_doc_frac_no_alph_words,23614,0.00024099493057184264
A3,C_equal_indicator,rps_doc_word_count,rps_doc_frac_chars_top_2gram,23614,0.0001583973157279432
A3,C_equal_indicator,rps_doc_word_count,rps_doc_frac_chars_top_3gram,23614,0.0001416880383433665
A3,C_equal_indicator,rps_doc_word_count,rps_lines_uppercase_letter_fraction,23614,0.00017042985783861098
A3,C_equal_indicator,rps_doc_word_count,rps_lines_ending_with_terminal_punctution_mark,23614,0.0003664136562148068
A3,C_equal_indicator,rps_doc_word_count,rps_lines_numerical_chars_fraction,23614,0.0007617830456327351
A3,C_equal_indicator,rps_doc_word_count,rps_doc_mean_word_length,23614,0.0004929207675458968
A3,C_equal_indicator,rps_doc_word_count,fineweb_edu,23614,8.939740609265374e-05
A3,C_equal_indicator,rps_doc_word_count,fluency_en,23614,0.00039610115180308794
A3,C_equal_indicator,rps_doc_word_count,modernbert_cleanliness,23614,0.0005326796863098223
A3,C_equal_indicator,rps_doc_word_count,modernbert_readability,23614,0.00021343895170519272
A3,C_equal_indicator,rps_doc_word_count,modernbert_reasoning,23614,0.0003507540321562312
A3,C_equal_indicator,rps_doc_word_count,modernbert_professionalism,23614,0.0004032734388737893
A3,C_equal_indicator,rps_doc_word_count,qurater,23614,0.00019378212157513801
A3,C_equal_indicator,rps_doc_word_count,ad_en,23614,0.0001636297257421033
A3,C_equal_indicator,rps_doc_num_sentences,rps_doc_unigram_entropy,23614,8.040968549451019e-05
A3,C_equal_indicator,rps_doc_num_sentences,rps_doc_frac_unique_words,23614,0.0007710297585471871
A3,C_equal_indicator,rps_doc_num_sentences,rps_doc_frac_no_alph_words,23614,0.0004338658192591768
A3,C_equal_indicator,rps_doc_num_sentences,rps_doc_frac_chars_top_2gram,23614,0.0002810303444217344
A3,C_equal_indicator,rps_doc_num_sentences,rps_doc_frac_chars_top_3gram,23614,0.00025224011223940905
A3,C_equal_indicator,rps_doc_num_sentences,rps_lines_uppercase_letter_fraction,23614,0.0003083245321802514
A3,C_equal_indicator,rps_doc_num_sentences,rps_lines_ending_with_terminal_punctution_mark,23614,0.0006774876052606384
A3,C_equal_indicator,rps_doc_num_sentences,rps_lines_numerical_chars_fraction,23614,0.0012638246317230415
A3,C_equal_indicator,rps_doc_num_sentences,rps_doc_mean_word_length,23614,0.0008537066417003425
A3,C_equal_indicator,rps_doc_num_sentences,fineweb_edu,23614,0.00019410674829147212
A3,C_equal_indicator,rps_doc_num_sentences,fluency_en,23614,0.000763951180332147
A3,C_equal_indicator,rps_doc_num_sentences,modernbert_cleanliness,23614,0.001060660190734211
A3,C_equal_indicator,rps_doc_num_sentences,modernbert_readability,23614,0.00043744456637289606
A3,C_equal_indicator,rps_doc_num_sentences,modernbert_reasoning,23614,0.0006714245634871482
A3,C_equal_indicator,rps_doc_num_sentences,modernbert_professionalism,23614,0.0007144291815621174
A3,C_equal_indicator,rps_doc_num_sentences,qurater,23614,0.0003843820510922122
A3,C_equal_indicator,rps_doc_num_sentences,ad_en,23614,0.0002918239152575509
A3,C_equal_indicator,rps_doc_unigram_entropy,rps_doc_frac_unique_words,23614,0.0003018157617240381
A3,C_equal_indicator,rps_doc_unigram_entropy,rps_doc_frac_no_alph_words,23614,0.00016753970312850686
A3,C_equal_indicator,rps_doc_unigram_entropy,rps_doc_frac_chars_top_2gram,23614,0.00011244069837292073
A3,C_equal_indicator,rps_doc_unigram_entropy,rps_doc_frac_chars_top_3gram,23614,0.0001006512284850356
A3,C_equal_indicator,rps_doc_unigram_entropy,rps_lines_uppercase_letter_fraction,23614,0.00011798821516293533
A3,C_equal_indicator,rps_doc_unigram_entropy,rps_lines_ending_with_terminal_punctution_mark,23614,0.0002677430999441433
A3,C_equal_indicator,rps_doc_unigram_entropy,rps_lines_numerical_chars_fraction,23614,0.0007205013604840183
A3,C_equal_indicator,rps_doc_unigram_entropy,rps_doc_mean_word_length,23614,0.0003585455495214683
A3,C_equal_indicator,rps_doc_unigram_entropy,fineweb_edu,23614,7.13731589594345e-05
A3,C_equal_indicator,rps_doc_unigram_entropy,fluency_en,23614,0.0003000983532316838
A3,C_equal_indicator,rps_doc_unigram_entropy,modernbert_cleanliness,23614,0.0004107117909624818
A3,C_equal_indicator,rps_doc_unigram_entropy,modernbert_readability,23614,0.00016495166312602405
A3,C_equal_indicator,rps_doc_unigram_entropy,modernbert_reasoning,23614,0.0003686532585390367
A3,C_equal_indicator,rps_doc_unigram_entropy,modernbert_professionalism,23614,0.00028227148774222346
A3,C_equal_indicator,rps_doc_unigram_entropy,qurater,23614,0.00014788814697092135
A3,C_equal_indicator,rps_doc_unigram_entropy,ad_en,23614,0.00011652926275731398
A3,C_equal_indicator,rps_doc_frac_unique_words,rps_doc_frac_no_alph_words,23614,0.00012113707703552545
A3,C_equal_indicator,rps_doc_frac_unique_words,rps_doc_frac_chars_top_2gram,23614,4.282630306780913e-05
A3,C_equal_indicator,rps_doc_frac_unique_words,rps_doc_frac_chars_top_3gram,23614,3.534438008911051e-05
A3,C_equal_indicator,rps_doc_frac_unique_words,rps_lines_uppercase_letter_fraction,23614,0.00024565631945623633
A3,C_equal_indicator,rps_doc_frac_unique_words,rps_lines_ending_with_terminal_punctution_mark,23614,0.0007989536252737654
A3,C_equal_indicator,rps_doc_frac_unique_words,rps_lines_numerical_chars_fraction,23614,0.003962784141720966
A3,C_equal_indicator,rps_doc_frac_unique_words,rps_doc_mean_word_length,23614,0.000953181056014091
A3,C_equal_indicator,rps_doc_frac_unique_words,fineweb_edu,23614,0.0007151769481321509
A3,C_equal_indicator,rps_doc_frac_unique_words,fluency_en,23614,0.0008388447613290385
A3,C_equal_indicator,rps_doc_frac_unique_words,modernbert_cleanliness,23614,0.0021151490978903076
A3,C_equal_indicator,rps_doc_frac_unique_words,modernbert_readability,23614,0.0008063718092559332
A3,C_equal_indicator,rps_doc_frac_unique_words,modernbert_reasoning,23614,0.002570735864488633
A3,C_equal_indicator,rps_doc_frac_unique_words,modernbert_professionalism,23614,0.0004882851568978724
A3,C_equal_indicator,rps_doc_frac_unique_words,qurater,23614,0.0007334055394282019
A3,C_equal_indicator,rps_doc_frac_unique_words,ad_en,23614,4.336822664904045e-05
A3,C_equal_indicator,rps_doc_frac_no_alph_words,rps_doc_frac_chars_top_2gram,23614,5.805192656092154e-05
A3,C_equal_indicator,rps_doc_frac_no_alph_words,rps_doc_frac_chars_top_3gram,23614,4.811802388494185e-05
A3,C_equal_indicator,rps_doc_frac_no_alph_words,rps_lines_uppercase_letter_fraction,23614,0.00016404077815586435
A3,C_equal_indicator,rps_doc_frac_no_alph_words,rps_lines_ending_with_terminal_punctution_mark,23614,0.0004356569772302789
A3,C_equal_indicator,rps_doc_frac_no_alph_words,rps_lines_numerical_chars_fraction,23614,0.0023702774526976112
A3,C_equal_indicator,rps_doc_frac_no_alph_words,rps_doc_mean_word_length,23614,0.0005355727319265456
A3,C_equal_indicator,rps_doc_frac_no_alph_words,fineweb_edu,23614,0.00040236935670956474
A3,C_equal_indicator,rps_doc_frac_no_alph_words,fluency_en,23614,0.00047445966347828
A3,C_equal_indicator,rps_doc_frac_no_alph_words,modernbert_cleanliness,23614,0.0012076896708202917
A3,C_equal_indicator,rps_doc_frac_no_alph_words,modernbert_readability,23614,0.00044549940818552626
A3,C_equal_indicator,rps_doc_frac_no_alph_words,modernbert_reasoning,23614,0.001495094819826307
A3,C_equal_indicator,rps_doc_frac_no_alph_words,modernbert_professionalism,23614,0.0002687836453458755
A3,C_equal_indicator,rps_doc_frac_no_alph_words,qurater,23614,0.000403813875580704
A3,C_equal_indicator,rps_doc_frac_no_alph_words,ad_en,23614,5.4465306106144204e-05
A3,C_equal_indicator,rps_doc_frac_chars_top_2gram,rps_doc_frac_chars_top_3gram,23614,4.445025590816471e-06
A3,C_equal_indicator,rps_doc_frac_chars_top_2gram,rps_lines_uppercase_letter_fraction,23614,9.083309134150373e-05
A3,C_equal_indicator,rps_doc_frac_chars_top_2gram,rps_lines_ending_with_terminal_punctution_mark,23614,0.00034103644852324515
A3,C_equal_indicator,rps_doc_frac_chars_top_2gram,rps_lines_numerical_chars_fraction,23614,0.0015336415878718077
A3,C_equal_indicator,rps_doc_frac_chars_top_2gram,rps_doc_mean_word_length,23614,0.00039544101661682544
A3,C_equal_indicator,rps_doc_frac_chars_top_2gram,fineweb_edu,23614,0.00028082152555194474
A3,C_equal_indicator,rps_doc_frac_chars_top_2gram,fluency_en,23614,0.000335193996433657
A3,C_equal_indicator,rps_doc_frac_chars_top_2gram,modernbert_cleanliness,23614,0.0008518283296431071
A3,C_equal_indicator,rps_doc_frac_chars_top_2gram,modernbert_readability,23614,0.0003198220592765877
A3,C_equal_indicator,rps_doc_frac_chars_top_2gram,modernbert_reasoning,23614,0.0009690609617417485
A3,C_equal_indicator,rps_doc_frac_chars_top_2gram,modernbert_professionalism,23614,0.00019715254642711582
A3,C_equal_indicator,rps_doc_frac_chars_top_2gram,qurater,23614,0.0002948998146755351
A3,C_equal_indicator,rps_doc_frac_chars_top_2gram,ad_en,23614,7.817834827916884e-06
A3,C_equal_indicator,rps_doc_frac_chars_top_3gram,rps_lines_uppercase_letter_fraction,23614,7.658953068439631e-05
A3,C_equal_indicator,rps_doc_frac_chars_top_3gram,rps_lines_ending_with_terminal_punctution_mark,23614,0.00029937340057178166
A3,C_equal_indicator,rps_doc_frac_chars_top_3gram,rps_lines_numerical_chars_fraction,23614,0.0013746391767975542
A3,C_equal_indicator,rps_doc_frac_chars_top_3gram,rps_doc_mean_word_length,23614,0.0003406593704431803
A3,C_equal_indicator,rps_doc_frac_chars_top_3gram,fineweb_edu,23614,0.00025030779545840635
A3,C_equal_indicator,rps_doc_frac_chars_top_3gram,fluency_en,23614,0.0002933179245686737
A3,C_equal_indicator,rps_doc_frac_chars_top_3gram,modernbert_cleanliness,23614,0.0007601380085448927
A3,C_equal_indicator,rps_doc_frac_chars_top_3gram,modernbert_readability,23614,0.000284806677199033
A3,C_equal_indicator,rps_doc_frac_chars_top_3gram,modernbert_reasoning,23614,0.0008687823175097505
A3,C_equal_indicator,rps_doc_frac_chars_top_3gram,modernbert_professionalism,23614,0.0001664754744787129
A3,C_equal_indicator,rps_doc_frac_chars_top_3gram,qurater,23614,0.00026380673286944634
A3,C_equal_indicator,rps_doc_frac_chars_top_3gram,ad_en,23614,3.2478836594394292e-06
A3,C_equal_indicator,rps_lines_uppercase_letter_fraction,rps_lines_ending_with_terminal_punctution_mark,23614,0.000537585931219826
A3,C_equal_indicator,rps_lines_uppercase_letter_fraction,rps_lines_numerical_chars_fraction,23614,0.0018441002777721935
A3,C_equal_indicator,rps_lines_uppercase_letter_fraction,rps_doc_mean_word_length,23614,0.0005001732738601006
A3,C_equal_indicator,rps_lines_uppercase_letter_fraction,fineweb_edu,23614,0.0002972036608826599
A3,C_equal_indicator,rps_lines_uppercase_letter_fraction,fluency_en,23614,0.00047132876135301885
A3,C_equal_indicator,rps_lines_uppercase_letter_fraction,modernbert_cleanliness,23614,0.0010676162285701625
A3,C_equal_indicator,rps_lines_uppercase_letter_fraction,modernbert_readability,23614,0.00040404456180106297
A3,C_equal_indicator,rps_lines_uppercase_letter_fraction,modernbert_reasoning,23614,0.0011555750576398443
A3,C_equal_indicator,rps_lines_uppercase_letter_fraction,modernbert_professionalism,23614,0.0002928575261868721
A3,C_equal_indicator,rps_lines_uppercase_letter_fraction,qurater,23614,0.00037222028753515984
A3,C_equal_indicator,rps_lines_uppercase_letter_fraction,ad_en,23614,8.56927551182424e-05
A3,C_equal_indicator,rps_lines_ending_with_terminal_punctution_mark,rps_lines_numerical_chars_fraction,23614,0.003468103718063999
A3,C_equal_indicator,rps_lines_ending_with_terminal_punctution_mark,rps_doc_mean_word_length,23614,0.0011663411738449389
A3,C_equal_indicator,rps_lines_ending_with_terminal_punctution_mark,fineweb_edu,23614,0.0006053414018427839
A3,C_equal_indicator,rps_lines_ending_with_terminal_punctution_mark,fluency_en,23614,0.0010314649280874983
A3,C_equal_indicator,rps_lines_ending_with_terminal_punctution_mark,modernbert_cleanliness,23614,0.0013884737584995953
A3,C_equal_indicator,rps_lines_ending_with_terminal_punctution_mark,modernbert_readability,23614,0.0006847830760134978
A3,C_equal_indicator,rps_lines_ending_with_terminal_punctution_mark,modernbert_reasoning,23614,0.002000920964811631
A3,C_equal_indicator,rps_lines_ending_with_terminal_punctution_mark,modernbert_professionalism,23614,0.0009856084277916658
A3,C_equal_indicator,rps_lines_ending_with_terminal_punctution_mark,qurater,23614,0.00048212572829787825
A3,C_equal_indicator,rps_lines_ending_with_terminal_punctution_mark,ad_en,23614,0.00034537127197478473
A3,C_equal_indicator,rps_lines_numerical_chars_fraction,rps_doc_mean_word_length,23614,0.0051339508292302174
A3,C_equal_indicator,rps_lines_numerical_chars_fraction,fineweb_edu,23614,0.0014549993975849042
A3,C_equal_indicator,rps_lines_numerical_chars_fraction,fluency_en,23614,0.0042770581827031705
A3,C_equal_indicator,rps_lines_numerical_chars_fraction,modernbert_cleanliness,23614,0.005140775755814179
A3,C_equal_indicator,rps_lines_numerical_chars_fraction,modernbert_readability,23614,0.002307969083804234
A3,C_equal_indicator,rps_lines_numerical_chars_fraction,modernbert_reasoning,23614,0.003032260970882811
A3,C_equal_indicator,rps_lines_numerical_chars_fraction,modernbert_professionalism,23614,0.00459717021869949
A3,C_equal_indicator,rps_lines_numerical_chars_fraction,qurater,23614,0.0020911905985678114
A3,C_equal_indicator,rps_lines_numerical_chars_fraction,ad_en,23614,0.0015983131065592014
A3,C_equal_indicator,rps_doc_mean_word_length,fineweb_edu,23614,0.0007762563584577419
A3,C_equal_indicator,rps_doc_mean_word_length,fluency_en,23614,0.0014860826717324525
A3,C_equal_indicator,rps_doc_mean_word_length,modernbert_cleanliness,23614,0.0027289759658048526
A3,C_equal_indicator,rps_doc_mean_word_length,modernbert_readability,23614,0.001144390473729481
A3,C_equal_indicator,rps_doc_mean_word_length,modernbert_reasoning,23614,0.0032122827880819976
A3,C_equal_indicator,rps_doc_mean_word_length,modernbert_professionalism,23614,0.0009348194059735368
A3,C_equal_indicator,rps_doc_mean_word_length,qurater,23614,0.0009337624894163961
A3,C_equal_indicator,rps_doc_mean_word_length,ad_en,23614,0.0003906475491951864
A3,C_equal_indicator,fineweb_edu,fluency_en,23614,0.000685822130305241
A3,C_equal_indicator,fineweb_edu,modernbert_cleanliness,23614,0.0009570513803825556
A3,C_equal_indicator,fineweb_edu,modernbert_readability,23614,0.00039981735284740154
A3,C_equal_indicator,fineweb_edu,modernbert_reasoning,23614,0.0007643134815728307
A3,C_equal_indicator,fineweb_edu,modernbert_professionalism,23614,0.0007037243847468894
A3,C_equal_indicator,fineweb_edu,qurater,23614,0.00033481304867797245
A3,C_equal_indicator,fineweb_edu,ad_en,23614,0.0002893148867592224
A3,C_equal_indicator,fluency_en,modernbert_cleanliness,23614,0.0018799549208253416
A3,C_equal_indicator,fluency_en,modernbert_readability,23614,0.0007510045287975664
A3,C_equal_indicator,fluency_en,modernbert_reasoning,23614,0.002326223047413909
A3,C_equal_indicator,fluency_en,modernbert_professionalism,23614,0.0009422639297324973
A3,C_equal_indicator,fluency_en,qurater,23614,0.0006558822460712896
A3,C_equal_indicator,fluency_en,ad_en,23614,0.0003353865126768375
A3,C_equal_indicator,modernbert_cleanliness,modernbert_readability,23614,0.000804987000723712
A3,C_equal_indicator,modernbert_cleanliness,modernbert_reasoning,23614,0.002137403769416638
A3,C_equal_indicator,modernbert_cleanliness,modernbert_professionalism,23614,0.0023945522366263074
A3,C_equal_indicator,modernbert_cleanliness,qurater,23614,0.0005317948411017654
A3,C_equal_indicator,modernbert_cleanliness,ad_en,23614,0.0008835647138164495
A3,C_equal_indicator,modernbert_readability,modernbert_reasoning,23614,0.001107341589686281
A3,C_equal_indicator,modernbert_readability,modernbert_professionalism,23614,0.0008983442697616735
A3,C_equal_indicator,modernbert_readability,qurater,23614,0.00029664366903738433
A3,C_equal_indicator,modernbert_readability,ad_en,23614,0.0003297365452668718
A3,C_equal_indicator,modernbert_reasoning,modernbert_professionalism,23614,0.002758784015582705
A3,C_equal_indicator,modernbert_reasoning,qurater,23614,0.0010079783233358972
A3,C_equal_indicator,modernbert_reasoning,ad_en,23614,0.0010127307889372195
A3,C_equal_indicator,modernbert_professionalism,qurater,23614,0.0008262741298731158
A3,C_equal_indicator,modernbert_professionalism,ad_en,23614,0.00018387483888477533
A3,C_equal_indicator,qurater,ad_en,23614,0.00030611300544200254
