N,D,log_N,log_D,prediction,residual,group
0.070542,0.134,-2.651547001868478,-2.0099154790312257,4.7385965343430705,0.00020346565692985763,0.070542
0.070542,0.268,-2.651547001868478,-1.3167682984712803,4.354728145063839,-0.000628145063839014,0.070542
0.070542,0.537,-2.651547001868478,-0.6217571844732723,4.037780658442153,0.0006193415578472639,0.070542
0.070542,1.074,-2.651547001868478,0.071389996086673,3.7774937251788345,0.00010627482116554177,0.070542
0.070542,2.097,-2.651547001868478,0.7405077519197829,3.5698629338734653,-6.293387346545387e-05,0.070542
0.070542,4.194,-2.651547001868478,1.433654932479728,3.3920883347143285,0.00011166528567141398,0.070542
0.070542,6.291,-2.651547001868478,1.8391200405878927,3.3030079608609406,-0.0006079608609406151,0.070542
0.070542,8.389,-2.651547001868478,2.1269213238641576,3.2456395840820105,-0.00043958408201039134,0.070542
0.070542,10.486,-2.651547001868478,2.3500410341503413,3.2042377260742527,-0.00013772607425277528,0.070542
0.070542,12.583,-2.651547001868478,2.5323466966098307,3.1722768284687755,-0.0002768284687753031,0.070542
0.070542,14.68,-2.651547001868478,2.6864860231863696,3.1464975077081863,0.00010249229181358288,0.070542
0.070542,16.777,-2.651547001868478,2.8200089007882636,3.125047735328191,-0.0002477353281911121,0.070542
0.070542,18.874,-2.651547001868478,2.937785313599141,3.1067815834949166,-0.0003815834949167929,0.070542
0.070542,20.972,-2.651547001868478,3.043188214710286,3.090937259265302,0.00036274073469799717,0.070542
0.070542,23.069,-2.651547001868478,3.1384897249089483,3.0770082475920466,-8.247592046650709e-06,0.070542
0.070542,25.166,-2.651547001868478,3.225493877169776,3.06461232739274,-1.2327392739930332e-05,0.070542
0.070542,27.263,-2.651547001868478,3.3055304715704805,3.053472617487608,-0.0003726174876077515,0.070542
0.070542,29.36,-2.651547001868478,3.3796332037463146,3.04337891676953,-0.00017891676953007973,0.070542
0.070542,31.457,-2.651547001868478,3.4486215338968873,3.034168177832881,3.182216711872243e-05,0.070542
0.070542,33.554,-2.651547001868478,3.513156081348209,3.0257115845326354,-0.00031158453263557817,0.070542
0.070542,35.652,-2.651547001868478,3.573805246268471,3.0179021551643466,9.784483565322688e-05,0.070542
0.070542,37.749,-2.651547001868478,3.6309589852779407,3.010663146508881,-0.00016314650888116233,0.070542
0.070542,39.846,-2.651547001868478,3.6850220237866314,3.0039213562262748,-2.1356226274971135e-05,0.070542
0.070542,41.943,-2.651547001868478,3.736311553673797,2.9976190381975756,-0.00011903819757552725,0.070542
0.070542,44.04,-2.651547001868478,3.785098311854479,2.991707628095566,0.00039237190443408565,0.070542
0.070542,46.137,-2.651547001868478,3.831615231125896,2.986145926188339,-4.5926188338984986e-05,0.070542
0.070542,48.234,-2.651547001868478,3.8760641665738786,2.9808987042612096,-0.00019870426120949247,0.070542
0.070542,50.332,-2.651547001868478,3.9186410577297215,2.975933320598064,0.00016667940193615394,0.070542
0.070542,52.429,-2.651547001868478,3.9594598733527677,2.971228200634575,-0.0002282006345750709,0.070542
0.070542,54.526,-2.651547001868478,3.9986776521304255,2.9667579805324444,4.20194675556651e-05,0.070542
0.070542,56.623,-2.651547001868478,4.036415263091129,2.962502552886135,-0.00040255288613488815,0.070542
0.070542,58.72,-2.651547001868478,4.07278038430626,2.9584441970140523,-0.0002441970140520944,0.070542
0.070542,60.817,-2.651547001868478,4.107869355153013,2.954567222167143,3.2777832857266986e-05,0.070542
0.070542,62.915,-2.651547001868478,4.141784609043931,2.950855943244963,0.00014405675503725845,0.070542
0.070542,65.012,-2.651547001868478,4.174571868240929,2.947301433572093,-1.4335720930347406e-06,0.070542
0.070542,67.109,-2.651547001868478,4.206318163150173,2.943890717826967,9.282173033309249e-06,0.070542
0.070542,69.206,-2.651547001868478,4.237087564067258,2.940613750908566,-1.375090856603478e-05,0.070542
0.070542,71.303,-2.651547001868478,4.266938402271417,2.9374614672730037,-0.0002614672730039125,0.070542
0.070542,73.4,-2.651547001868478,4.29592393562047,2.934425659880235,-0.0001256598802350517,0.070542
0.070542,75.497,-2.651547001868478,4.324092920366181,2.9314988770787616,-9.887707876155005e-05,0.070542
0.070542,77.595,-2.651547001868478,4.351502992123588,2.928673010790712,0.00022698920928787558,0.070542
0.070542,79.692,-2.651547001868478,4.378169204346577,2.9259445593011026,5.544069889751313e-05,0.070542
0.070542,81.789,-2.651547001868478,4.40414276023859,2.923306484564722,-0.0003064845647218206,0.070542
0.070542,83.886,-2.651547001868478,4.429458734233743,2.9207535882966993,4.641170330055289e-05,0.070542
0.070542,85.983,-2.651547001868478,4.45414960229474,2.918281091782318,-8.109178231796577e-05,0.070542
0.070542,88.08,-2.651547001868478,4.478245492414424,2.915884592746978,-8.459274697791841e-05,0.070542
0.070542,90.178,-2.651547001868478,4.501785494880516,2.9135589355987057,0.00014106440129424413,0.070542
0.070542,92.275,-2.651547001868478,4.524773248916063,2.911302577747026,0.00019742225297436633,0.070542
0.070542,94.372,-2.651547001868478,4.547244418984467,2.909110911925631,0.00018908807436890385,0.070542
0.070542,96.469,-2.651547001868478,4.569221713211871,2.9069807064594113,-0.00018070645941126173,0.070542
0.070542,98.566,-2.651547001868478,4.59072637455568,2.904908956947132,-8.956947131988358e-06,0.070542
0.070542,100.663,-2.651547001868478,4.611778304202336,2.90289286584204,0.00010713415796015369,0.070542
0.070542,102.76,-2.651547001868478,4.632396172241683,2.900929824249224,0.00017017575077593605,0.070542
0.070542,104.858,-2.651547001868478,4.652607053912713,2.899016495381425,-0.00011649538142499694,0.070542
0.070542,106.955,-2.651547001868478,4.672408185253769,2.8971524236293136,-5.2423629313569364e-05,0.070542
0.070542,109.052,-2.651547001868478,4.691824832690371,2.8953345512415396,-0.00023455124153981544,0.070542
0.070542,111.149,-2.651547001868478,4.710871643518631,2.8935608772861605,-0.0002608772861605324,0.070542
0.070542,113.246,-2.651547001868478,4.729562443651074,2.891829523183175,0.000170476816824916,0.070542
0.070542,115.343,-2.651547001868478,4.747910297906233,2.890138723120459,0.0002612768795411391,0.070542
0.070542,117.441,-2.651547001868478,4.7659360798163295,2.888486036656206,1.3963343794110017e-05,0.070542
0.070542,119.538,-2.651547001868478,4.783634312454741,2.886871473186218,0.00022852681378227047,0.070542
0.070542,121.635,-2.651547001868478,4.8010247570646305,2.885292759453331,0.00010724054666910732,0.070542
0.070542,123.732,-2.651547001868478,4.818117936323807,2.8837485016665116,-0.00014850166651170227,0.070542
0.070542,125.829,-2.651547001868478,4.834923842341907,2.882237382685967,6.261731403300885e-05,0.070542
0.070542,127.926,-2.651547001868478,4.851451971740923,2.8807581566131097,0.0003418433868902504,0.070542
0.070542,130.023,-2.651547001868478,4.867711357883463,2.8793096438439494,-9.643843949191933e-06,0.070542
0.070542,132.121,-2.651547001868478,4.883718169370724,2.87789005678704,0.00030994321296029526,0.070542
0.070542,134.218,-2.651547001868478,4.899465343710118,2.876499688082674,-0.0004996880826739769,0.070542
0.070542,136.315,-2.651547001868478,4.914968384004581,2.8751368477159733,0.00016315228402685733,0.070542
0.070542,138.412,-2.651547001868478,4.930234744627203,2.873800579567625,-5.795676250031079e-07,0.070542
0.070542,140.509,-2.651547001868478,4.945271543661744,2.8724899745759287,-8.997457592885283e-05,0.070542
0.070542,142.606,-2.651547001868478,4.960085582831362,2.871204167759249,-4.167759248829839e-06,0.070542
0.070542,144.703,-2.651547001868478,4.974683365972625,2.8699423354675098,-0.0003423354675096135,0.070542
0.070542,146.801,-2.651547001868478,4.9890779281463145,2.8687031075798717,-3.107579871652888e-06,0.070542
0.070542,148.898,-2.651547001868478,5.00326150776631,2.8674869167318766,0.00011308326812331515,0.070542
0.070542,150.995,-2.651547001868478,5.017246723683909,2.866292452646687,0.0003075473533131756,0.070542
0.070542,153.092,-2.651547001868478,5.031039047869249,2.865119033431225,-0.0001190334312246577,0.070542
0.070542,155.189,-2.651547001868478,5.044643728948616,2.8639660075628233,-0.00016600756282336704,0.070542
0.070542,157.286,-2.651547001868478,5.0580658041961435,2.8628327521477983,-3.275214779829838e-05,0.070542
0.070542,159.384,-2.651547001868478,5.071316384906522,2.8617181445102986,0.00018185548970128806,0.070542
0.070542,161.481,-2.651547001868478,5.084387488682929,2.8606226765887697,7.732341123034558e-05,0.070542
0.070542,163.578,-2.651547001868478,5.097289940798535,2.859545266308716,-4.526630871604098e-05,0.070542
0.070542,165.675,-2.651547001868478,5.110028037974291,2.85848539017589,0.00011460982410982368,0.070542
0.070542,167.772,-2.651547001868478,5.122605914793688,2.8574425462548874,5.7453745112567844e-05,0.070542
0.070542,169.869,-2.651547001868478,5.135027551759238,2.856416253024958,0.00018374697504164317,0.070542
0.070542,171.966,-2.651547001868478,5.147296782854686,2.855406048309815,-0.0001060483098149767,0.070542
0.070542,174.064,-2.651547001868478,5.159423047678727,2.8544110176617905,-1.1017661790457822e-05,0.070542
0.070542,176.161,-2.651547001868478,5.171398349615842,2.8534316830374555,-3.1683037455376706e-05,0.070542
0.070542,178.258,-2.651547001868478,5.183231939072707,2.852467156567493,-0.0002671565674932097,0.070542
0.070542,180.355,-2.651547001868478,5.1949271308355005,2.85151704405193,8.295594806995155e-05,0.070542
0.070542,182.452,-2.651547001868478,5.2064871247297475,2.8505809662132453,1.9033786754718562e-05,0.070542
0.070542,184.549,-2.651547001868478,5.217915010875578,2.849658557967658,4.144203234179855e-05,0.070542
0.070542,186.647,-2.651547001868478,5.229219132367774,2.8487490373430275,-4.903734302752483e-05,0.070542
0.070542,188.744,-2.651547001868478,5.240391599544412,2.8478529325317066,-0.0002529325317066622,0.070542
0.070542,190.841,-2.651547001868478,5.251440620625794,2.846969480417667,-6.94804176668562e-05,0.070542
0.070542,192.938,-2.651547001868478,5.262368893771816,2.84609836623432,1.6337656796316935e-06,0.070542
0.070542,195.035,-2.651547001868478,5.273179029637338,2.845239286358794,-0.00013928635879389972,0.070542
0.070542,197.132,-2.651547001868478,5.283873555115625,2.8443919478026167,8.052197383090487e-06,0.070542
0.070542,199.229,-2.651547001868478,5.294454916883736,2.8435560677308187,4.393226918120163e-05,0.070542
0.070542,201.327,-2.651547001868478,5.304930451818283,2.8427309823599147,0.0003690176400854561,0.070542
0.070542,203.424,-2.651547001868478,5.315292470753998,2.841917214265657,8.278573434328251e-05,0.070542
0.070542,205.521,-2.651547001868478,5.325548218496291,2.8411141125313155,8.588746868465336e-05,0.070542
0.070542,207.618,-2.651547001868478,5.335699852735367,2.840321430636716,-2.1430636715891183e-05,0.070542
0.070542,209.715,-2.651547001868478,5.345749466107898,2.8395389301760945,-0.0003389301760945429,0.070542
0.070542,211.812,-2.651547001868478,5.355699088786142,2.838766380513033,3.361948696678496e-05,0.070542
0.070542,213.91,-2.651547001868478,5.365555365813714,2.838003196970918,-3.1969709177737116e-06,0.070542
0.070542,216.007,-2.651547001868478,5.375310814566464,2.8372498909375676,0.0004501090624322579,0.070542
0.070542,218.104,-2.651547001868478,5.384972013250316,2.8365058871221183,-5.887122118242161e-06,0.070542
0.070542,220.201,-2.651547001868478,5.394540765604335,2.83577098286044,2.9017139560050254e-05,0.070542
0.070542,222.298,-2.651547001868478,5.404018824078577,2.8350449817803516,5.501821964859488e-05,0.070542
0.070542,224.395,-2.651547001868478,5.413407891760373,2.8343276935491137,-0.00022769354911389428,0.070542
0.070542,226.492,-2.651547001868478,5.422709624211019,2.833618933633301,0.00018106636669923404,0.070542
0.070542,228.59,-2.651547001868478,5.431930005871957,2.8329181910282695,0.00018180897173047939,0.070542
0.070542,230.687,-2.651547001868478,5.441061813353569,2.832225960067217,0.00017403993278275465,0.070542
0.070542,232.784,-2.651547001868478,5.4501109849730325,2.8315417363079063,-0.00014173630790637048,0.070542
0.070542,234.881,-2.651547001868478,5.459079002910276,2.8308653562388737,0.000234643761126474,0.070542
0.070542,236.978,-2.651547001868478,5.467967309822219,2.8301966611095786,-0.0001966611095784998,0.070542
0.070542,239.075,-2.651547001868478,5.476777310235606,2.8295354967511077,0.00016450324889216716,0.070542
0.070542,241.172,-2.651547001868478,5.485510371879013,2.8288817134051354,0.00041828659486453645,0.070542
0.070542,243.27,-2.651547001868478,5.494171937624576,2.828234858943681,-0.0001348589436811487,0.070542
0.070542,245.367,-2.651547001868478,5.5027550489067,2.827595408531183,-9.540853118306103e-05,0.070542
0.070542,247.464,-2.651547001868478,5.511265116883752,2.8269629146593402,3.7085340659714916e-05,0.070542
0.070542,249.561,-2.651547001868478,5.519703374286969,2.826337243653595,-3.7243653595364634e-05,0.070542
0.070542,251.658,-2.651547001868478,5.528071022901853,2.8257182655038244,-0.00021826550382453291,0.070542
0.070542,253.755,-2.651547001868478,5.536369234595365,2.8251058537343465,-5.85373434658365e-06,0.070542
0.070542,255.853,-2.651547001868478,5.544603060802837,2.8244995978282144,-0.00019959782821432626,0.070542
0.070542,257.95,-2.651547001868478,5.5527657676906585,2.8238999559010796,0.00010004409892028221,0.070542
0.070542,260.047,-2.651547001868478,5.560862383909509,2.823306520861938,-0.00010652086193818633,0.070542
0.070542,262.144,-2.651547001868478,5.568893971096879,2.822719179182971,0.00028082081702907047,0.070542
0.070542,264.241,-2.651547001868478,5.576861565513762,2.8221378202998806,-0.00013782029988052003,0.070542
0.070542,266.338,-2.651547001868478,5.584766178847036,2.821562336511742,-6.233651174225585e-05,0.070542
0.070542,268.435,-2.651547001868478,5.592608798980375,2.8209926228849973,0.00020737711500284917,0.070542
0.070542,270.533,-2.651547001868478,5.600394087148735,2.8204283095200533,-0.00022830952005348237,0.070542
0.070542,272.63,-2.651547001868478,5.6081155645645255,2.819869834660262,3.016533973809743e-05,0.070542
0.070542,274.727,-2.651547001868478,5.615777877313769,2.819316830817539,0.0002831691824609628,0.070542
0.070542,276.824,-2.651547001868478,5.6233819251871475,2.818769203244869,-0.00026920324486923164,0.070542
0.070542,278.921,-2.651547001868478,5.630928587603805,2.818226859537976,7.314046202377966e-05,0.070542
0.070542,281.018,-2.651547001868478,5.638418724221689,2.817689709560301,0.00011029043969923435,0.070542
0.070542,283.116,-2.651547001868478,5.645856707652577,2.8171574128583416,0.00014258714165826802,0.070542
0.070542,285.213,-2.651547001868478,5.653236269548997,2.8166303910164343,-0.00023039101643451687,0.070542
0.070542,287.31,-2.651547001868478,5.660561772201637,2.816108305353996,-0.00020830535399607442,0.070542
0.070542,289.407,-2.651547001868478,5.66783400187998,2.8155910741128767,0.00010892588712341222,0.070542
0.070542,291.504,-2.651547001868478,5.67505372782333,2.815078617469009,0.00012138253099092111,0.070542
0.070542,293.601,-2.651547001868478,5.682221702729111,2.814570857473132,2.9142526868142227e-05,0.070542
0.070542,295.698,-2.651547001868478,5.68933866322379,2.8140677179937414,0.00013228200625858832,0.070542
0.070542,297.796,-2.651547001868478,5.6964086883262555,2.813568887969965,-6.888796996529223e-05,0.070542
0.070542,299.893,-2.651547001868478,5.70342574436885,2.813074770243695,2.52297563050341e-05,0.070542
0.162405,0.134,-1.8176620635511658,-2.0099154790312257,4.523354577418772,0.00014542258122851592,0.162405
0.162405,0.268,-1.8176620635511658,-1.3167682984712803,4.13948618813954,0.00021381186046021128,0.162405
0.162405,0.537,-1.8176620635511658,-0.6217571844732723,3.8225387015178542,6.129848214575517e-05,0.162405
0.162405,1.074,-1.8176620635511658,0.071389996086673,3.562251768254536,0.000648231745464134,0.162405
0.162405,2.097,-1.8176620635511658,0.7405077519197829,3.3546209769491666,0.00017902305083339343,0.162405
0.162405,4.194,-1.8176620635511658,1.433654932479728,3.1768463777900298,0.00025362220997005025,0.162405
0.162405,6.291,-1.8176620635511658,1.8391200405878927,3.087766003936642,0.0005339960633579111,0.162405
0.162405,8.389,-1.8176620635511658,2.1269213238641576,3.0303976271577118,2.3728422884339295e-06,0.162405
0.162405,10.486,-1.8176620635511658,2.3500410341503413,2.988995769149954,-0.00019576914995411698,0.162405
0.162405,12.583,-1.8176620635511658,2.5323466966098307,2.9570348715444768,-0.00023487154447687786,0.162405
0.162405,14.68,-1.8176620635511658,2.6864860231863696,2.9312555507838876,-0.0001555507838877368,0.162405
0.162405,16.777,-1.8176620635511658,2.8200089007882636,2.9098057784038924,-5.778403892264805e-06,0.162405
0.162405,18.874,-1.8176620635511658,2.937785313599141,2.891539626570618,6.0373429382032384e-05,0.162405
0.162405,20.972,-1.8176620635511658,3.043188214710286,2.8756953023410032,4.6976589969105476e-06,0.162405
0.162405,23.069,-1.8176620635511658,3.1384897249089483,2.861766290667748,0.00013370933225198556,0.162405
0.162405,25.166,-1.8176620635511658,3.225493877169776,2.849370370468441,2.9629531558938993e-05,0.162405
0.162405,27.263,-1.8176620635511658,3.3055304715704805,2.838230660563309,0.00026933943669060767,0.162405
0.162405,29.36,-1.8176620635511658,3.3796332037463146,2.8281369598452315,-3.695984523144347e-05,0.162405
0.162405,31.457,-1.8176620635511658,3.4486215338968873,2.8189262209085824,0.0005737790914177587,0.162405
0.162405,33.554,-1.8176620635511658,3.513156081348209,2.8104696276083367,0.0001303723916632471,0.162405
0.162405,35.652,-1.8176620635511658,3.573805246268471,2.802660198240048,-0.0001601982400476487,0.162405
0.162405,37.749,-1.8176620635511658,3.6309589852779407,2.7954211895845824,-0.00022118958458250404,0.162405
0.162405,39.846,-1.8176620635511658,3.6850220237866314,2.788679399301976,0.00012060069802410922,0.162405
0.162405,41.943,-1.8176620635511658,3.736311553673797,2.782377081273277,-7.708127327665792e-05,0.162405
0.162405,44.04,-1.8176620635511658,3.785098311854479,2.7764656711712674,0.00013432882873276597,0.162405
0.162405,46.137,-1.8176620635511658,3.831615231125896,2.7709039692640403,9.603073595965128e-05,0.162405
0.162405,48.234,-1.8176620635511658,3.8760641665738786,2.765656747336911,-5.6747336910856205e-05,0.162405
0.162405,50.332,-1.8176620635511658,3.9186410577297215,2.7606913636737653,-0.00019136367376537677,0.162405
0.162405,52.429,-1.8176620635511658,3.9594598733527677,2.7559862437102765,-0.0002862437102764126,0.162405
0.162405,54.526,-1.8176620635511658,3.9986776521304255,2.7515160236081457,-0.00011602360814588764,0.162405
0.162405,56.623,-1.8176620635511658,4.036415263091129,2.747260595961836,0.00013940403816370406,0.162405
0.162405,58.72,-1.8176620635511658,4.07278038430626,2.7432022400897536,-2.2400897536911657e-06,0.162405
0.162405,60.817,-1.8176620635511658,4.107869355153013,2.739325265242844,-0.0002252652428440527,0.162405
0.162405,62.915,-1.8176620635511658,4.141784609043931,2.735613986320664,-1.3986320664294283e-05,0.162405
0.162405,65.012,-1.8176620635511658,4.174571868240929,2.732059476647794,4.0523352205834584e-05,0.162405
0.162405,67.109,-1.8176620635511658,4.206318163150173,2.728648760902668,-0.0001487609026682435,0.162405
0.162405,69.206,-1.8176620635511658,4.237087564067258,2.725371793984267,2.8206015732834544e-05,0.162405
0.162405,71.303,-1.8176620635511658,4.266938402271417,2.722219510348705,-1.9510348705065184e-05,0.162405
0.162405,73.4,-1.8176620635511658,4.29592393562047,2.7191837029559363,-0.0001837029559363934,0.162405
0.162405,75.497,-1.8176620635511658,4.324092920366181,2.716256920154463,4.3079845537086214e-05,0.162405
0.162405,77.595,-1.8176620635511658,4.351502992123588,2.7134310538664135,6.894613358632284e-05,0.162405
0.162405,79.692,-1.8176620635511658,4.378169204346577,2.710702602376804,0.0001973976231961494,0.162405
0.162405,81.789,-1.8176620635511658,4.40414276023859,2.708064527640423,0.00013547235957700465,0.162405
0.162405,83.886,-1.8176620635511658,4.429458734233743,2.7055116313724006,-0.0002116313724007668,0.162405
0.162405,85.983,-1.8176620635511658,4.45414960229474,2.7030391348580194,-0.00013913485801930747,0.162405
0.162405,88.08,-1.8176620635511658,4.478245492414424,2.700642635822679,5.736417732071786e-05,0.162405
0.162405,90.178,-1.8176620635511658,4.501785494880516,2.698316978674407,8.302132559290243e-05,0.162405
0.162405,92.275,-1.8176620635511658,4.524773248916063,2.696060620822727,3.937917727281359e-05,0.162405
0.162405,94.372,-1.8176620635511658,4.547244418984467,2.6938689550013324,0.0006310449986677291,0.162405
0.162405,96.469,-1.8176620635511658,4.569221713211871,2.6917387495351126,6.125046488758557e-05,0.162405
0.162405,98.566,-1.8176620635511658,4.59072637455568,2.6896670000228333,0.0001329999771666479,0.162405
0.162405,100.663,-1.8176620635511658,4.611778304202336,2.687650908917741,0.000149091082259023,0.162405
0.162405,102.76,-1.8176620635511658,4.632396172241683,2.6856878673249254,0.00011213267507459435,0.162405
0.162405,104.858,-1.8176620635511658,4.652607053912713,2.683774538457126,-7.453845712612761e-05,0.162405
0.162405,106.955,-1.8176620635511658,4.672408185253769,2.681910466705015,8.95332949850669e-05,0.162405
0.162405,109.052,-1.8176620635511658,4.691824832690371,2.680092594317241,-9.259431724073508e-05,0.162405
0.162405,111.149,-1.8176620635511658,4.710871643518631,2.678318920361862,-1.892036186168511e-05,0.162405
0.162405,113.246,-1.8176620635511658,4.729562443651074,2.6765875662588763,-8.756625887640368e-05,0.162405
0.162405,115.343,-1.8176620635511658,4.747910297906233,2.6748967661961602,3.2338038398194158e-06,0.162405
0.162405,117.441,-1.8176620635511658,4.7659360798163295,2.6732440797319073,0.00035592026809272426,0.162405
0.162405,119.538,-1.8176620635511658,4.783634312454741,2.6716295162619192,-0.0003295162619192382,0.162405
0.162405,121.635,-1.8176620635511658,4.8010247570646305,2.6700508025290324,0.00014919747096753255,0.162405
0.162405,123.732,-1.8176620635511658,4.818117936323807,2.668506544742213,-0.00020654474221304397,0.162405
0.162405,125.829,-1.8176620635511658,4.834923842341907,2.666995425761668,-9.54257616680998e-05,0.162405
0.162405,127.926,-1.8176620635511658,4.851451971740923,2.665516199688811,0.00018380031118914175,0.162405
0.162405,130.023,-1.8176620635511658,4.867711357883463,2.6640676869196507,3.23130803492333e-05,0.162405
0.162405,132.121,-1.8176620635511658,4.883718169370724,2.662648099862741,-0.0001480998627410024,0.162405
0.162405,134.218,-1.8176620635511658,4.899465343710118,2.661257731158375,-0.00015773115837536267,0.162405
0.162405,136.315,-1.8176620635511658,4.914968384004581,2.6598948907916746,0.00010510920832551562,0.162405
0.162405,138.412,-1.8176620635511658,4.930234744627203,2.6585586226433264,-0.00015862264332655585,0.162405
0.162405,140.509,-1.8176620635511658,4.945271543661744,2.65724801765163,5.198234837022753e-05,0.162405
0.162405,142.606,-1.8176620635511658,4.960085582831362,2.65596221083495,3.7789165050039486e-05,0.162405
0.162405,144.703,-1.8176620635511658,4.974683365972625,2.654700378543211,-0.00010037854321121031,0.162405
0.162405,146.801,-1.8176620635511658,4.9890779281463145,2.653461150655573,0.00033884934442696135,0.162405
0.162405,148.898,-1.8176620635511658,5.00326150776631,2.652244959807578,5.5040192421973444e-05,0.162405
0.162405,150.995,-1.8176620635511658,5.017246723683909,2.651050495722388,-0.0003504957223881,0.162405
0.162405,153.092,-1.8176620635511658,5.031039047869249,2.649877076506926,2.2923493073978563e-05,0.162405
0.162405,155.189,-1.8176620635511658,5.044643728948616,2.6487240506385246,-0.00012405063852449771,0.162405
0.162405,157.286,-1.8176620635511658,5.0580658041961435,2.6475907952234996,0.00010920477650033789,0.162405
0.162405,159.384,-1.8176620635511658,5.071316384906522,2.646476187586,-7.618758600003162e-05,0.162405
0.162405,161.481,-1.8176620635511658,5.084387488682929,2.645380719664471,1.9280335529003878e-05,0.162405
0.162405,163.578,-1.8176620635511658,5.097289940798535,2.6443033093844175,9.669061558259529e-05,0.162405
0.162405,165.675,-1.8176620635511658,5.110028037974291,2.6432434332515915,0.000156566748408693,0.162405
0.162405,167.772,-1.8176620635511658,5.122605914793688,2.6422005893305887,-0.00020058933058875184,0.162405
0.162405,169.869,-1.8176620635511658,5.135027551759238,2.6411742961006595,-7.429610065967651e-05,0.162405
0.162405,171.966,-1.8176620635511658,5.147296782854686,2.6401640913855164,-6.409138551655147e-05,0.162405
0.162405,174.064,-1.8176620635511658,5.159423047678727,2.639169060737492,-6.906073749179953e-05,0.162405
0.162405,176.161,-1.8176620635511658,5.171398349615842,2.638189726113157,0.00031027388684323753,0.162405
0.162405,178.258,-1.8176620635511658,5.183231939072707,2.6372251996431944,7.480035680584862e-05,0.162405
0.162405,180.355,-1.8176620635511658,5.1949271308355005,2.6362750871276313,-0.00017508712763136813,0.162405
0.162405,182.452,-1.8176620635511658,5.2064871247297475,2.6353390092889466,0.00016099071105335483,0.162405
0.162405,184.549,-1.8176620635511658,5.217915010875578,2.6344166010433594,0.00028339895664064585,0.162405
0.162405,186.647,-1.8176620635511658,5.229219132367774,2.633507080418729,0.00019291958127132247,0.162405
0.162405,188.744,-1.8176620635511658,5.240391599544412,2.632610975607408,-0.00021097560740779286,0.162405
0.162405,190.841,-1.8176620635511658,5.251440620625794,2.6317275234933684,-2.7523493368430962e-05,0.162405
0.162405,192.938,-1.8176620635511658,5.262368893771816,2.6308564093100215,0.000243590689978479,0.162405
0.162405,195.035,-1.8176620635511658,5.273179029637338,2.629997329434495,-9.73294344950304e-05,0.162405
0.162405,197.132,-1.8176620635511658,5.283873555115625,2.629149990878318,5.000912168195981e-05,0.162405
0.162405,199.229,-1.8176620635511658,5.294454916883736,2.62831411080652,8.588919348007096e-05,0.162405
0.162405,201.327,-1.8176620635511658,5.304930451818283,2.627489025435616,-8.902543561584153e-05,0.162405
0.162405,203.424,-1.8176620635511658,5.315292470753998,2.626675257341358,2.4742658641940807e-05,0.162405
0.162405,205.521,-1.8176620635511658,5.325548218496291,2.625872155607017,-0.00047215560701685533,0.162405
0.162405,207.618,-1.8176620635511658,5.335699852735367,2.6250794737124172,-0.00017947371241744392,0.162405
0.162405,209.715,-1.8176620635511658,5.345749466107898,2.624296973251796,3.026748204071339e-06,0.162405
0.162405,211.812,-1.8176620635511658,5.355699088786142,2.6235244235887345,-0.0001244235887343237,0.162405
0.162405,213.91,-1.8176620635511658,5.365555365813714,2.622761240046619,0.00023875995338107359,0.162405
0.162405,216.007,-1.8176620635511658,5.375310814566464,2.622007934013269,-0.00020793401326901773,0.162405
0.162405,218.104,-1.8176620635511658,5.384972013250316,2.6212639301978196,-6.393019781958387e-05,0.162405
0.162405,220.201,-1.8176620635511658,5.394540765604335,2.620529025936141,7.097406385891958e-05,0.162405
0.162405,222.298,-1.8176620635511658,5.404018824078577,2.619803024856053,0.00019697514394723115,0.162405
0.162405,224.395,-1.8176620635511658,5.413407891760373,2.619085736624815,-0.00018573662481502495,0.162405
0.162405,226.492,-1.8176620635511658,5.422709624211019,2.618376976709002,0.00022302329099765927,0.162405
0.162405,228.59,-1.8176620635511658,5.431930005871957,2.6176762341039708,2.3765896029370737e-05,0.162405
0.162405,230.687,-1.8176620635511658,5.441061813353569,2.6169840031429183,-8.400314291856503e-05,0.162405
0.162405,232.784,-1.8176620635511658,5.4501109849730325,2.6162997793836076,0.00010022061639247681,0.162405
0.162405,234.881,-1.8176620635511658,5.459079002910276,2.615623399314575,7.660068542492127e-05,0.162405
0.162405,236.978,-1.8176620635511658,5.467967309822219,2.61495470418528,-5.470418527986354e-05,0.162405
0.162405,239.075,-1.8176620635511658,5.476777310235606,2.614293539826809,6.460173191058516e-06,0.162405
0.162405,241.172,-1.8176620635511658,5.485510371879013,2.6136397564808367,-3.97564808367612e-05,0.162405
0.162405,243.27,-1.8176620635511658,5.494171937624576,2.6129929020193825,7.097980617487565e-06,0.162405
0.162405,245.367,-1.8176620635511658,5.5027550489067,2.6123534516068845,0.00014654839311534218,0.162405
0.162405,247.464,-1.8176620635511658,5.511265116883752,2.6117209577350415,0.0002790422649585622,0.162405
0.162405,249.561,-1.8176620635511658,5.519703374286969,2.6110952867292965,-0.00019528672929647328,0.162405
0.162405,251.658,-1.8176620635511658,5.528071022901853,2.6104763085795257,0.0003236914204740593,0.162405
0.162405,253.755,-1.8176620635511658,5.536369234595365,2.609863896810048,-0.00026389681004790333,0.162405
0.162405,255.853,-1.8176620635511658,5.544603060802837,2.6092576409039157,-5.764090391568999e-05,0.162405
0.162405,257.95,-1.8176620635511658,5.5527657676906585,2.608657998976781,0.00014200102321915153,0.162405
0.162405,260.047,-1.8176620635511658,5.560862383909509,2.6080645639376394,3.543606236044994e-05,0.162405
0.162405,262.144,-1.8176620635511658,5.568893971096879,2.607477222258672,-7.722225867201615e-05,0.162405
0.162405,264.241,-1.8176620635511658,5.576861565513762,2.606895863375582,4.1366244181162415e-06,0.162405
0.162405,266.338,-1.8176620635511658,5.584766178847036,2.6063203795874434,-2.0379587443386527e-05,0.162405
0.162405,268.435,-1.8176620635511658,5.592608798980375,2.6057506659606986,-5.0665960698470514e-05,0.162405
0.162405,270.533,-1.8176620635511658,5.600394087148735,2.6051863525957546,0.00011364740424557596,0.162405
0.162405,272.63,-1.8176620635511658,5.6081155645645255,2.6046278777359633,7.212226403652267e-05,0.162405
0.162405,274.727,-1.8176620635511658,5.615777877313769,2.60407487389324,-7.487389324012383e-05,0.162405
0.162405,276.824,-1.8176620635511658,5.6233819251871475,2.6035272463205703,0.00017275367942959363,0.162405
0.162405,278.921,-1.8176620635511658,5.630928587603805,2.6029849026136773,1.5097386322882045e-05,0.162405
0.162405,281.018,-1.8176620635511658,5.638418724221689,2.602447752636002,0.0001522473639976596,0.162405
0.162405,283.116,-1.8176620635511658,5.645856707652577,2.601915455934043,8.454406595692632e-05,0.162405
0.162405,285.213,-1.8176620635511658,5.653236269548997,2.6013884340921356,-8.843409213543652e-05,0.162405
0.162405,287.31,-1.8176620635511658,5.660561772201637,2.6008663484296974,-6.634842969743815e-05,0.162405
0.162405,289.407,-1.8176620635511658,5.66783400187998,2.600349117188578,0.00015088281142183746,0.162405
0.162405,291.504,-1.8176620635511658,5.67505372782333,2.5998366605447103,6.33394552895794e-05,0.162405
0.162405,293.601,-1.8176620635511658,5.682221702729111,2.599328900548833,-2.890054883319948e-05,0.162405
0.162405,295.698,-1.8176620635511658,5.68933866322379,2.5988257610694427,7.423893055724662e-05,0.162405
0.162405,297.796,-1.8176620635511658,5.6964086883262555,2.5983269310456665,0.00017306895433355507,0.162405
0.162405,299.893,-1.8176620635511658,5.70342574436885,2.597832813319396,-3.2813319396307605e-05,0.162405
0.409009,0.134,-0.8940181182914637,-2.0099154790312257,4.346382266297169,-0.0002822662971695422,0.409009
0.409009,0.268,-0.8940181182914637,-1.3167682984712803,3.962513877017938,-1.3877017937868885e-05,0.409009
0.409009,0.537,-0.8940181182914637,-0.6217571844732723,3.645566390396252,0.00023360960374807505,0.409009
0.409009,1.074,-0.8940181182914637,0.071389996086673,3.3852794571329334,0.00032054286706673096,0.409009
0.409009,2.097,-0.8940181182914637,0.7405077519197829,3.1776486658275642,5.1334172435968384e-05,0.409009
0.409009,4.194,-0.8940181182914637,1.433654932479728,2.9998740666684274,2.5933331572414176e-05,0.409009
0.409009,6.291,-0.8940181182914637,1.8391200405878927,2.9107936928150395,0.00010630718496029701,0.409009
0.409009,8.389,-0.8940181182914637,2.1269213238641576,2.8534253160361094,-0.0001253160361094352,0.409009
0.409009,10.486,-0.8940181182914637,2.3500410341503413,2.8120234580283516,0.00047654197164836987,0.409009
0.409009,12.583,-0.8940181182914637,2.5323466966098307,2.7800625604228744,-0.00016256042287432493,0.409009
0.409009,14.68,-0.8940181182914637,2.6864860231863696,2.754283239662285,-0.00028323966228516184,0.409009
0.409009,16.777,-0.8940181182914637,2.8200089007882636,2.73283346728229,0.00016653271771005507,0.409009
0.409009,18.874,-0.8940181182914637,2.937785313599141,2.7145673154490155,0.00013268455098458531,0.409009
0.409009,20.972,-0.8940181182914637,3.043188214710286,2.698722991219401,7.700878059901939e-05,0.409009
0.409009,23.069,-0.8940181182914637,3.1384897249089483,2.6847939795461455,0.00010602045385432746,0.409009
0.409009,25.166,-0.8940181182914637,3.225493877169776,2.672398059346839,1.940653161280892e-06,0.409009
0.409009,27.263,-0.8940181182914637,3.3055304715704805,2.661258349441707,-0.00015834944170700638,0.409009
0.409009,29.36,-0.8940181182914637,3.3796332037463146,2.651164648723629,3.5351276370665374e-05,0.409009
0.409009,31.457,-0.8940181182914637,3.4486215338968873,2.64195390978698,-0.00015390978698004432,0.409009
0.409009,33.554,-0.8940181182914637,3.513156081348209,2.6334973164867344,0.000102683513265589,0.409009
0.409009,35.652,-0.8940181182914637,3.573805246268471,2.6256878871184455,-8.788711844553987e-05,0.409009
0.409009,37.749,-0.8940181182914637,3.6309589852779407,2.61844887846298,-0.0001488784629799511,0.409009
0.409009,39.846,-0.8940181182914637,3.6850220237866314,2.6117070881803737,-0.00010708818037352685,0.409009
0.409009,41.943,-0.8940181182914637,3.736311553673797,2.6054047701516745,9.522984832566195e-05,0.409009
0.409009,44.04,-0.8940181182914637,3.785098311854479,2.599493360049665,-9.33600496648701e-05,0.409009
0.409009,46.137,-0.8940181182914637,3.831615231125896,2.593931658142438,-0.0001316581424379848,0.409009
0.409009,48.234,-0.8940181182914637,3.8760641665738786,2.5886844362153085,1.5563784691252636e-05,0.409009
0.409009,50.332,-0.8940181182914637,3.9186410577297215,2.583719052552163,-1.90525521630569e-05,0.409009
0.409009,52.429,-0.8940181182914637,3.9594598733527677,2.579013932588674,-0.00011393258867409273,0.409009
0.409009,54.526,-0.8940181182914637,3.9986776521304255,2.5745437124865433,-4.3712486543334705e-05,0.409009
0.409009,56.623,-0.8940181182914637,4.036415263091129,2.5702882848402338,1.1715159766279015e-05,0.409009
0.409009,58.72,-0.8940181182914637,4.07278038430626,2.566229928968151,-0.00022992896815132724,0.409009
0.409009,60.817,-0.8940181182914637,4.107869355153013,2.5623529541212418,-0.0002529541212417108,0.409009
0.409009,62.915,-0.8940181182914637,4.141784609043931,2.5586416751990617,-0.00014167519906171933,0.409009
0.409009,65.012,-0.8940181182914637,4.174571868240929,2.5550871655261918,-8.716552619159046e-05,0.409009
0.409009,67.109,-0.8940181182914637,4.206318163150173,2.551676449781066,2.3550218934076383e-05,0.409009
0.409009,69.206,-0.8940181182914637,4.237087564067258,2.548399482862665,0.00020051713733515442,0.409009
0.409009,71.303,-0.8940181182914637,4.266938402271417,2.5452471992271026,0.0001528007728972547,0.409009
0.409009,73.4,-0.8940181182914637,4.29592393562047,2.542211391834334,-1.1391834334073536e-05,0.409009
0.409009,75.497,-0.8940181182914637,4.324092920366181,2.5392846090328605,1.5390967139428113e-05,0.409009
0.409009,77.595,-0.8940181182914637,4.351502992123588,2.536458742744811,-0.00015874274481086914,0.409009
0.409009,79.692,-0.8940181182914637,4.378169204346577,2.5337302912552015,-3.0291255201486678e-05,0.409009
0.409009,81.789,-0.8940181182914637,4.40414276023859,2.5310922165188208,-9.221651882063142e-05,0.409009
0.409009,83.886,-0.8940181182914637,4.429458734233743,2.528539320250798,6.067974920176411e-05,0.409009
0.409009,85.983,-0.8940181182914637,4.45414960229474,2.526066823736417,-0.00016682373641696557,0.409009
0.409009,88.08,-0.8940181182914637,4.478245492414424,2.5236703247010768,2.9675298923059756e-05,0.409009
0.409009,90.178,-0.8940181182914637,4.501785494880516,2.5213446675528046,0.00015533244719545536,0.409009
0.409009,92.275,-0.8940181182914637,4.524773248916063,2.5190883097011247,1.1690298875155491e-05,0.409009
0.409009,94.372,-0.8940181182914637,4.547244418984467,2.51689664387973,3.3561202701370974e-06,0.409009
0.409009,96.469,-0.8940181182914637,4.569221713211871,2.51476643841351,3.3561586489927464e-05,0.409009
0.409009,98.566,-0.8940181182914637,4.59072637455568,2.512694688901231,-9.468890123098817e-05,0.409009
0.409009,100.663,-0.8940181182914637,4.611778304202336,2.5106785977961388,2.140220386115388e-05,0.409009
0.409009,102.76,-0.8940181182914637,4.632396172241683,2.508715556203323,-1.5556203322830697e-05,0.409009
0.409009,104.858,-0.8940181182914637,4.652607053912713,2.5068022273355237,-2.2273355235746806e-06,0.409009
0.409009,106.955,-0.8940181182914637,4.672408185253769,2.5049381555834125,-0.00013815558341256917,0.409009
0.409009,109.052,-0.8940181182914637,4.691824832690371,2.5031202831956385,-2.028319563862624e-05,0.409009
0.409009,111.149,-0.8940181182914637,4.710871643518631,2.5013466092402594,5.339075974042373e-05,0.409009
0.409009,113.246,-0.8940181182914637,4.729562443651074,2.499615255137274,0.00018474486272612722,0.409009
0.409009,115.343,-0.8940181182914637,4.747910297906233,2.497924455074558,7.554492544237235e-05,0.409009
0.409009,117.441,-0.8940181182914637,4.7659360798163295,2.496271768610305,0.00022823138969529921,0.409009
0.409009,119.538,-0.8940181182914637,4.783634312454741,2.494657205140317,-5.7205140316707315e-05,0.409009
0.409009,121.635,-0.8940181182914637,4.8010247570646305,2.49307849140743,0.00012150859256987445,0.409009
0.409009,123.732,-0.8940181182914637,4.818117936323807,2.4915342336206106,6.576637938948693e-05,0.409009
0.409009,125.829,-0.8940181182914637,4.834923842341907,2.4900231146400658,0.00027688535993419805,0.409009
0.409009,127.926,-0.8940181182914637,4.851451971740923,2.4885438885672087,-0.00014388856720870535,0.409009
0.409009,130.023,-0.8940181182914637,4.867711357883463,2.4870953757980483,-9.537579804819174e-05,0.409009
0.409009,132.121,-0.8940181182914637,4.883718169370724,2.4856757887411387,-7.578874113889356e-05,0.409009
0.409009,134.218,-0.8940181182914637,4.899465343710118,2.4842854200367728,-0.0002854200367727877,0.409009
0.409009,136.315,-0.8940181182914637,4.914968384004581,2.4829225796700722,-2.2579670072353508e-05,0.409009
0.409009,138.412,-0.8940181182914637,4.930234744627203,2.481586311521724,-8.631152172400292e-05,0.409009
0.409009,140.509,-0.8940181182914637,4.945271543661744,2.4802757065300276,2.4293469972569426e-05,0.409009
0.409009,142.606,-0.8940181182914637,4.960085582831362,2.4789898997133477,1.0100286652381385e-05,0.409009
0.409009,144.703,-0.8940181182914637,4.974683365972625,2.4777280674216087,0.0002719325783915316,0.409009
0.409009,146.801,-0.8940181182914637,4.9890779281463145,2.4764888395339706,0.00011116046602932528,0.409009
0.409009,148.898,-0.8940181182914637,5.00326150776631,2.4752726486859755,-7.26486859754516e-05,0.409009
0.409009,150.995,-0.8940181182914637,5.017246723683909,2.4740781846007858,-7.81846007855691e-05,0.409009
0.409009,153.092,-0.8940181182914637,5.031039047869249,2.4729047653853238,9.52346146760874e-05,0.409009
0.409009,155.189,-0.8940181182914637,5.044643728948616,2.471751739516922,-0.00015173951692215581,0.409009
0.409009,157.286,-0.8940181182914637,5.0580658041961435,2.470618484101897,0.00018151589810289082,0.409009
0.409009,159.384,-0.8940181182914637,5.071316384906522,2.4695038764643975,9.612353560228826e-05,0.409009
0.409009,161.481,-0.8940181182914637,5.084387488682929,2.4684084085428686,-0.00010840854286842116,0.409009
0.409009,163.578,-0.8940181182914637,5.097289940798535,2.467330998262815,-0.00023099826281525182,0.409009
0.409009,165.675,-0.8940181182914637,5.110028037974291,2.466271122129989,0.0001288778700110349,0.409009
0.409009,167.772,-0.8940181182914637,5.122605914793688,2.4652282782089863,-2.8278208986431963e-05,0.409009
0.409009,169.869,-0.8940181182914637,5.135027551759238,2.464201984979057,0.0001980150209428544,0.409009
0.409009,171.966,-0.8940181182914637,5.147296782854686,2.463191780263914,-0.0001917802639139765,0.409009
0.409009,174.064,-0.8940181182914637,5.159423047678727,2.4621967496158894,-9.674961588945763e-05,0.409009
0.409009,176.161,-0.8940181182914637,5.171398349615842,2.4612174149915544,-1.741499155460957e-05,0.409009
0.409009,178.258,-0.8940181182914637,5.183231939072707,2.460252888521592,4.711147840819052e-05,0.409009
0.409009,180.355,-0.8940181182914637,5.1949271308355005,2.459302776006029,-0.0001027760060288152,0.409009
0.409009,182.452,-0.8940181182914637,5.2064871247297475,2.458366698167344,3.3301832655929786e-05,0.409009
0.409009,184.549,-0.8940181182914637,5.217915010875578,2.457444289921757,-0.0001442899217569682,0.409009
0.409009,186.647,-0.8940181182914637,5.229219132367774,2.4565347692971264,-3.47692971263136e-05,0.409009
0.409009,188.744,-0.8940181182914637,5.240391599544412,2.4556386644858055,6.133551419473804e-05,0.409009
0.409009,190.841,-0.8940181182914637,5.251440620625794,2.454755212371766,4.478762823412197e-05,0.409009
0.409009,192.938,-0.8940181182914637,5.262368893771816,2.453884098188419,0.00011590181158105395,0.409009
0.409009,195.035,-0.8940181182914637,5.273179029637338,2.4530250183128928,-0.0001250183128926885,0.409009
0.409009,197.132,-0.8940181182914637,5.283873555115625,2.4521776797567156,-0.00017767975671567626,0.409009
0.409009,199.229,-0.8940181182914637,5.294454916883736,2.4513417996849176,0.0001582003150821798,0.409009
0.409009,201.327,-0.8940181182914637,5.304930451818283,2.4505167143140136,8.328568598647834e-05,0.409009
0.409009,203.424,-0.8940181182914637,5.315292470753998,2.4497029462197557,-0.00010294621975548424,0.409009
0.409009,205.521,-0.8940181182914637,5.325548218496291,2.4488998444854144,0.00020015551458563152,0.409009
0.409009,207.618,-0.8940181182914637,5.335699852735367,2.448107162590815,-7.162590814679959e-06,0.409009
0.409009,209.715,-0.8940181182914637,5.345749466107898,2.4473246621301934,0.0001753378698063912,0.409009
0.409009,211.812,-0.8940181182914637,5.355699088786142,2.446552112467132,4.7887532867996185e-05,0.409009
0.409009,213.91,-0.8940181182914637,5.365555365813714,2.4457889289250168,0.00021107107498341549,0.409009
0.409009,216.007,-0.8940181182914637,5.375310814566464,2.4450356228916665,0.00016437710833328012,0.409009
0.409009,218.104,-0.8940181182914637,5.384972013250316,2.444291619076217,8.380923782969063e-06,0.409009
0.409009,220.201,-0.8940181182914637,5.394540765604335,2.4435567148145387,0.0001432851854614725,0.409009
0.409009,222.298,-0.8940181182914637,5.404018824078577,2.4428307137344505,6.928626554936201e-05,0.409009
0.409009,224.395,-0.8940181182914637,5.413407891760373,2.4421134255032126,0.0001865744967872729,0.409009
0.409009,226.492,-0.8940181182914637,5.422709624211019,2.4414046655873998,-0.00010466558739974374,0.409009
0.409009,228.59,-0.8940181182914637,5.431930005871957,2.4407039229823684,9.607701763147958e-05,0.409009
0.409009,230.687,-0.8940181182914637,5.441061813353569,2.440011692021316,8.830797868419893e-05,0.409009
0.409009,232.784,-0.8940181182914637,5.4501109849730325,2.439327468262005,-0.0002274682620053703,0.409009
0.409009,234.881,-0.8940181182914637,5.459079002910276,2.4386510881929726,-0.0001510881929727148,0.409009
0.409009,236.978,-0.8940181182914637,5.467967309822219,2.4379823930636775,-0.0002823930636774996,0.409009
0.409009,239.075,-0.8940181182914637,5.476777310235606,2.4373212287052066,-2.1228705206599585e-05,0.409009
0.409009,241.172,-0.8940181182914637,5.485510371879013,2.4366674453592343,0.00013255464076555867,0.409009
0.409009,243.27,-0.8940181182914637,5.494171937624576,2.43602059089778,0.00017940910221980744,0.409009
0.409009,245.367,-0.8940181182914637,5.5027550489067,2.435381140485282,1.8859514717917136e-05,0.409009
0.409009,247.464,-0.8940181182914637,5.511265116883752,2.434748646613439,0.00015135338656069308,0.409009
0.409009,249.561,-0.8940181182914637,5.519703374286969,2.434122975607694,-0.00012297560769392035,0.409009
0.409009,251.658,-0.8940181182914637,5.528071022901853,2.4335039974579233,-0.0002039974579233217,0.409009
0.409009,253.755,-0.8940181182914637,5.536369234595365,2.4328915856884454,8.414311554627574e-06,0.409009
0.409009,255.853,-0.8940181182914637,5.544603060802837,2.4322853297823133,1.467021768686294e-05,0.409009
0.409009,257.95,-0.8940181182914637,5.5527657676906585,2.4316856878551785,1.4312144821726491e-05,0.409009
0.409009,260.047,-0.8940181182914637,5.560862383909509,2.431092252816037,-0.00019225281603718614,0.409009
0.409009,262.144,-0.8940181182914637,5.568893971096879,2.43050491113707,-4.911137069907312e-06,0.409009
0.409009,264.241,-0.8940181182914637,5.576861565513762,2.4299235522539795,-0.0001235522539793088,0.409009
0.409009,266.338,-0.8940181182914637,5.584766178847036,2.429348068465841,5.1931534158722314e-05,0.409009
0.409009,268.435,-0.8940181182914637,5.592608798980375,2.428778354839096,2.1645160903638327e-05,0.409009
0.409009,270.533,-0.8940181182914637,5.600394087148735,2.428214041474152,-0.00011404147415206012,0.409009
0.409009,272.63,-0.8940181182914637,5.6081155645645255,2.427655566614361,-5.556661436090238e-05,0.409009
0.409009,274.727,-0.8940181182914637,5.615777877313769,2.427102562771638,-0.00010256277163778194,0.409009
0.409009,276.824,-0.8940181182914637,5.6233819251871475,2.426554935198968,4.506480103216859e-05,0.409009
0.409009,278.921,-0.8940181182914637,5.630928587603805,2.426012591492075,8.740850792499089e-05,0.409009
0.409009,281.018,-0.8940181182914637,5.638418724221689,2.4254754415143998,-7.544151439997648e-05,0.409009
0.409009,283.116,-0.8940181182914637,5.645856707652577,2.4249431448124406,5.6855187559268217e-05,0.409009
0.409009,285.213,-0.8940181182914637,5.653236269548997,2.424416122970533,-1.6122970533327674e-05,0.409009
0.409009,287.31,-0.8940181182914637,5.660561772201637,2.423894037308095,-9.403730809509625e-05,0.409009
0.409009,289.407,-0.8940181182914637,5.66783400187998,2.4233768060669756,2.3193933024412416e-05,0.409009
0.409009,291.504,-0.8940181182914637,5.67505372782333,2.422864349423108,-6.434942310784564e-05,0.409009
0.409009,293.601,-0.8940181182914637,5.682221702729111,2.4223565894272308,-5.658942723085758e-05,0.409009
0.409009,295.698,-0.8940181182914637,5.68933866322379,2.4218534499478404,-0.00015344994784038946,0.409009
0.409009,297.796,-0.8940181182914637,5.6964086883262555,2.421354619924064,0.000245380075936108,0.409009
0.409009,299.893,-0.8940181182914637,5.70342574436885,2.420860502197794,3.9497802206245325e-05,0.409009
1.040867,0.134,0.04005401970307076,-2.0099154790312257,4.21586265914368,-0.0005626591436795891,1.040867
1.040867,0.268,0.04005401970307076,-1.3167682984712803,3.8319942698644485,-0.0004942698644483379,1.040867
1.040867,0.537,0.04005401970307076,-0.6217571844732723,3.515046783242763,-0.000446783242762816,1.040867
1.040867,1.074,0.04005401970307076,0.071389996086673,3.254759849979444,-0.00025984997944394905,1.040867
1.040867,2.097,0.04005401970307076,0.7405077519197829,3.0471290586740754,0.00047094132592473414,1.040867
1.040867,4.194,0.04005401970307076,1.433654932479728,2.869354459514938,0.0003455404850618571,1.040867
1.040867,6.291,0.04005401970307076,1.8391200405878927,2.78027408566155,-7.408566155042706e-05,1.040867
1.040867,8.389,0.04005401970307076,2.1269213238641576,2.72290570888262,9.429111737979667e-05,1.040867
1.040867,10.486,0.04005401970307076,2.3500410341503413,2.6815038508748623,9.614912513766782e-05,1.040867
1.040867,12.583,0.04005401970307076,2.5323466966098307,2.6495429532693855,0.0005570467306146298,1.040867
1.040867,14.68,0.04005401970307076,2.6864860231863696,2.623763632508796,0.000136367491204048,1.040867
1.040867,16.777,0.04005401970307076,2.8200089007882636,2.6023138601288007,-1.3860128800669003e-05,1.040867
1.040867,18.874,0.04005401970307076,2.937785313599141,2.584047708295526,-0.0001477082955263498,1.040867
1.040867,20.972,0.04005401970307076,3.043188214710286,2.568203384065911,-0.00030338406591123857,1.040867
1.040867,23.069,0.04005401970307076,3.1384897249089483,2.554274372392656,2.5627607343814418e-05,1.040867
1.040867,25.166,0.04005401970307076,3.225493877169776,2.541878452193349,-0.0001784521933489991,1.040867
1.040867,27.263,0.04005401970307076,3.3055304715704805,2.5307387422882175,-0.00023874228821751942,1.040867
1.040867,29.36,0.04005401970307076,3.3796332037463146,2.52064504157014,-0.0001450415701396146,1.040867
1.040867,31.457,0.04005401970307076,3.4486215338968873,2.51143430263349,-0.00013430263349034632,1.040867
1.040867,33.554,0.04005401970307076,3.513156081348209,2.502977709333245,0.00022229066675505393,1.040867
1.040867,35.652,0.04005401970307076,3.573805246268471,2.495168279964956,0.000131720035043692,1.040867
1.040867,37.749,0.04005401970307076,3.6309589852779407,2.4879292713094907,-2.9271309490930264e-05,1.040867
1.040867,39.846,0.04005401970307076,3.6850220237866314,2.4811874810268844,0.00021251897311547197,1.040867
1.040867,41.943,0.04005401970307076,3.736311553673797,2.474885162998185,1.483700181470482e-05,1.040867
1.040867,44.04,0.04005401970307076,3.785098311854479,2.4689737528961757,-0.00017375289617582723,1.040867
1.040867,46.137,0.04005401970307076,3.831615231125896,2.4634120509889486,0.00018794901105145811,1.040867
1.040867,48.234,0.04005401970307076,3.8760641665738786,2.458164829061819,3.517093818095063e-05,1.040867
1.040867,50.332,0.04005401970307076,3.9186410577297215,2.453199445398673,-0.00019944539867333688,1.040867
1.040867,52.429,0.04005401970307076,3.9594598733527677,2.4484943254351847,5.674564815372207e-06,1.040867
1.040867,54.526,0.04005401970307076,3.9986776521304255,2.444024105333054,-0.00012410533305384774,1.040867
1.040867,56.623,0.04005401970307076,4.036415263091129,2.4397686776867444,-0.00016867768674444505,1.040867
1.040867,58.72,0.04005401970307076,4.07278038430626,2.435710321814662,8.967818533811567e-05,1.040867
1.040867,60.817,0.04005401970307076,4.107869355153013,2.4318333469677524,0.0002666530322477101,1.040867
1.040867,62.915,0.04005401970307076,4.141784609043931,2.428122068045573,-0.00022206804557267645,1.040867
1.040867,65.012,0.04005401970307076,4.174571868240929,2.4245675583727024,3.2441627297430387e-05,1.040867
1.040867,67.109,0.04005401970307076,4.206318163150173,2.4211568426275765,-5.6842627576436655e-05,1.040867
1.040867,69.206,0.04005401970307076,4.237087564067258,2.4178798757091755,-7.98757091753366e-05,1.040867
1.040867,71.303,0.04005401970307076,4.266938402271417,2.4147275920736133,-0.00012759207361323632,1.040867
1.040867,73.4,0.04005401970307076,4.29592393562047,2.411691784680844,-9.178468084414249e-05,1.040867
1.040867,75.497,0.04005401970307076,4.324092920366181,2.408765001879371,3.499812062868202e-05,1.040867
1.040867,77.595,0.04005401970307076,4.351502992123588,2.405939135591322,-0.00013913559132205933,1.040867
1.040867,79.692,0.04005401970307076,4.378169204346577,2.403210684101712,-1.0684101711788685e-05,1.040867
1.040867,81.789,0.04005401970307076,4.40414276023859,2.400572609365331,2.7390634668833513e-05,1.040867
1.040867,83.886,0.04005401970307076,4.429458734233743,2.398019713097309,-1.9713097308748928e-05,1.040867
1.040867,85.983,0.04005401970307076,4.45414960229474,2.3955472165829277,-0.00014721658292771167,1.040867
1.040867,88.08,0.04005401970307076,4.478245492414424,2.3931507175475875,-5.071754758745328e-05,1.040867
1.040867,90.178,0.04005401970307076,4.501785494880516,2.3908250603993153,7.493960068449823e-05,1.040867
1.040867,92.275,0.04005401970307076,4.524773248916063,2.3885687025476354,3.1297452364409395e-05,1.040867
1.040867,94.372,0.04005401970307076,4.547244418984467,2.3863770367262407,-7.703672624082003e-05,1.040867
1.040867,96.469,0.04005401970307076,4.569221713211871,2.384246831260021,-4.6831260021029664e-05,1.040867
1.040867,98.566,0.04005401970307076,4.59072637455568,2.382175081747741,2.491825225892086e-05,1.040867
1.040867,100.663,0.04005401970307076,4.611778304202336,2.3801589906426495,-0.0001589906426495702,1.040867
1.040867,102.76,0.04005401970307076,4.632396172241683,2.3781959490498332,4.050950166867295e-06,1.040867
1.040867,104.858,0.04005401970307076,4.652607053912713,2.3762826201820344,-8.262018203453181e-05,1.040867
1.040867,106.955,0.04005401970307076,4.672408185253769,2.374418548429923,8.14515700766627e-05,1.040867
1.040867,109.052,0.04005401970307076,4.691824832690371,2.372600676042149,-0.00010067604214913928,1.040867
1.040867,111.149,0.04005401970307076,4.710871643518631,2.37082700208677,-0.00022700208677006728,1.040867
1.040867,113.246,0.04005401970307076,4.729562443651074,2.3690956479837846,-0.00019564798378457482,1.040867
1.040867,115.343,0.04005401970307076,4.747910297906233,2.3674048479210685,-4.847921068584782e-06,1.040867
1.040867,117.441,0.04005401970307076,4.7659360798163295,2.3657521614568155,4.7838543184575144e-05,1.040867
1.040867,119.538,0.04005401970307076,4.783634312454741,2.3641375979868275,-0.00013759798682766444,1.040867
1.040867,121.635,0.04005401970307076,4.8010247570646305,2.3625588842539407,4.111574605936141e-05,1.040867
1.040867,123.732,0.04005401970307076,4.818117936323807,2.3610146264671212,-0.00021462646712144817,1.040867
1.040867,125.829,0.04005401970307076,4.834923842341907,2.3595035074865764,-3.507486576292962e-06,1.040867
1.040867,127.926,0.04005401970307076,4.851451971740923,2.3580242814137193,-0.00012428141371945145,1.040867
1.040867,130.023,0.04005401970307076,4.867711357883463,2.356575768644559,-7.576864455893784e-05,1.040867
1.040867,132.121,0.04005401970307076,4.883718169370724,2.3551561815876494,4.381841235057138e-05,1.040867
1.040867,134.218,0.04005401970307076,4.899465343710118,2.3537658128832835,-6.581288328355583e-05,1.040867
1.040867,136.315,0.04005401970307076,4.914968384004581,2.352402972516583,-2.9725165830996048e-06,1.040867
1.040867,138.412,0.04005401970307076,4.930234744627203,2.3510667043682347,0.00013329563176522896,1.040867
1.040867,140.509,0.04005401970307076,4.945271543661744,2.3497560993765383,-5.60993765383877e-05,1.040867
1.040867,142.606,0.04005401970307076,4.960085582831362,2.3484702925598584,2.970744014163529e-05,1.040867
1.040867,144.703,0.04005401970307076,4.974683365972625,2.3472084602681194,-0.00010846026811917042,1.040867
1.040867,146.801,0.04005401970307076,4.9890779281463145,2.3459692323804813,3.076761951881224e-05,1.040867
1.040867,148.898,0.04005401970307076,5.00326150776631,2.344753041532486,0.00014695846751378028,1.040867
1.040867,150.995,0.04005401970307076,5.017246723683909,2.343558577447297,-0.00025857744729673726,1.040867
1.040867,153.092,0.04005401970307076,5.031039047869249,2.3423851582318345,-8.515823183463667e-05,1.040867
1.040867,155.189,0.04005401970307076,5.044643728948616,2.341232132363433,6.786763656707606e-05,1.040867
1.040867,157.286,0.04005401970307076,5.0580658041961435,2.340098876948408,1.123051592166746e-06,1.040867
1.040867,159.384,0.04005401970307076,5.071316384906522,2.338984269310908,1.573068909177522e-05,1.040867
1.040867,161.481,0.04005401970307076,5.084387488682929,2.3378888013893793,-8.880138937916726e-05,1.040867
1.040867,163.578,0.04005401970307076,5.097289940798535,2.336811391109326,-1.1391109325575854e-05,1.040867
1.040867,165.675,0.04005401970307076,5.110028037974291,2.3357515149765,-5.151497649968917e-05,1.040867
1.040867,167.772,0.04005401970307076,5.122605914793688,2.3347086710554974,9.132894450258888e-05,1.040867
1.040867,169.869,0.04005401970307076,5.135027551759238,2.3336823778255678,1.7622174432130322e-05,1.040867
1.040867,171.966,0.04005401970307076,5.147296782854686,2.3326721731104243,2.7826889575699454e-05,1.040867
1.040867,174.064,0.04005401970307076,5.159423047678727,2.3316771424624,-7.714246240020373e-05,1.040867
1.040867,176.161,0.04005401970307076,5.171398349615842,2.330697807838065,-9.780783806512261e-05,1.040867
1.040867,178.258,0.04005401970307076,5.183231939072707,2.329733281368103,-3.3281368103210696e-05,1.040867
1.040867,180.355,0.04005401970307076,5.1949271308355005,2.3287831688525396,1.683114746064973e-05,1.040867
1.040867,182.452,0.04005401970307076,5.2064871247297475,2.327847091013855,-4.709101385502734e-05,1.040867
1.040867,184.549,0.04005401970307076,5.217915010875578,2.3269246827682677,-2.4682768267503263e-05,1.040867
1.040867,186.647,0.04005401970307076,5.229219132367774,2.326015162143637,0.00018483785636291827,1.040867
1.040867,188.744,0.04005401970307076,5.240391599544412,2.325119057332316,8.094266768399194e-05,1.040867
1.040867,190.841,0.04005401970307076,5.251440620625794,2.324235605218276,-3.560521827639107e-05,1.040867
1.040867,192.938,0.04005401970307076,5.262368893771816,2.32336449103493,0.00013550896507030785,1.040867
1.040867,195.035,0.04005401970307076,5.273179029637338,2.322505411159403,-5.411159403223564e-06,1.040867
1.040867,197.132,0.04005401970307076,5.283873555115625,2.3216580726032263,-0.00015807260322642236,1.040867
1.040867,199.229,0.04005401970307076,5.294454916883736,2.3208221925314283,-0.0001221925314283112,1.040867
1.040867,201.327,0.04005401970307076,5.304930451818283,2.3199971071605243,-0.00019710716052445676,1.040867
1.040867,203.424,0.04005401970307076,5.315292470753998,2.3191833390662664,-8.333906626623033e-05,1.040867
1.040867,205.521,0.04005401970307076,5.325548218496291,2.318380237331925,1.9762668074907452e-05,1.040867
1.040867,207.618,0.04005401970307076,5.335699852735367,2.3175875554373255,0.00021244456267455192,1.040867
1.040867,209.715,0.04005401970307076,5.345749466107898,2.316805054976704,-5.054976703888769e-06,1.040867
1.040867,211.812,0.04005401970307076,5.355699088786142,2.3160325053136424,-3.250531364251685e-05,1.040867
1.040867,213.91,0.04005401970307076,5.365555365813714,2.3152693217715274,3.0678228472691416e-05,1.040867
1.040867,216.007,0.04005401970307076,5.375310814566464,2.3145160157381772,-0.00021601573817742192,1.040867
1.040867,218.104,0.04005401970307076,5.384972013250316,2.313772011922728,2.7988077272222966e-05,1.040867
1.040867,220.201,0.04005401970307076,5.394540765604335,2.3130371076610494,6.289233895051538e-05,1.040867
1.040867,222.298,0.04005401970307076,5.404018824078577,2.312311106580961,-0.00011110658096136206,1.040867
1.040867,224.395,0.04005401970307076,5.413407891760373,2.3115938183497233,0.00010618165027675985,1.040867
1.040867,226.492,0.04005401970307076,5.422709624211019,2.3108850584339105,1.4941566089721192e-05,1.040867
1.040867,228.59,0.04005401970307076,5.431930005871957,2.310184315828879,-8.431582887924449e-05,1.040867
1.040867,230.687,0.04005401970307076,5.441061813353569,2.3094920848678266,0.00010791513217345283,1.040867
1.040867,232.784,0.04005401970307076,5.4501109849730325,2.308807861108516,0.00019213889148428365,1.040867
1.040867,234.881,0.04005401970307076,5.459079002910276,2.3081314810394833,-3.148103948324987e-05,1.040867
1.040867,236.978,0.04005401970307076,5.467967309822219,2.307462785910188,3.7214089811943296e-05,1.040867
1.040867,239.075,0.04005401970307076,5.476777310235606,2.3068016215517173,-1.6215517173456817e-06,1.040867
1.040867,241.172,0.04005401970307076,5.485510371879013,2.306147838205745,-4.7838205745165396e-05,1.040867
1.040867,243.27,0.04005401970307076,5.494171937624576,2.305500983744291,9.90162557092944e-05,1.040867
1.040867,245.367,0.04005401970307076,5.5027550489067,2.3048615333317928,-6.15333317925959e-05,1.040867
1.040867,247.464,0.04005401970307076,5.511265116883752,2.30422903945995,-2.9039459950030988e-05,1.040867
1.040867,249.561,0.04005401970307076,5.519703374286969,2.3036033684542048,-3.368454204899507e-06,1.040867
1.040867,251.658,0.04005401970307076,5.528071022901853,2.3029843903044345,1.5609695565466097e-05,1.040867
1.040867,253.755,0.04005401970307076,5.536369234595365,2.302371978534956,2.8021465043881477e-05,1.040867
1.040867,255.853,0.04005401970307076,5.544603060802837,2.301765722628824,0.00013427737117588379,1.040867
1.040867,257.95,0.04005401970307076,5.5527657676906585,2.301166080701689,-6.608070168923064e-05,1.040867
1.040867,260.047,0.04005401970307076,5.560862383909509,2.3005726456625477,-7.26456625477212e-05,1.040867
1.040867,262.144,0.04005401970307076,5.568893971096879,2.299985303983581,-8.530398358086444e-05,1.040867
1.040867,264.241,0.04005401970307076,5.576861565513762,2.29940394510049,-3.945100490287956e-06,1.040867
1.040867,266.338,0.04005401970307076,5.584766178847036,2.2988284613123517,7.153868764842031e-05,1.040867
1.040867,268.435,0.04005401970307076,5.592608798980375,2.2982587476856073,4.125231439244814e-05,1.040867
1.040867,270.533,0.04005401970307076,5.600394087148735,2.297694434320663,-9.443432066280621e-05,1.040867
1.040867,272.63,0.04005401970307076,5.6081155645645255,2.2971359594608716,6.404053912856256e-05,1.040867
1.040867,274.727,0.04005401970307076,5.615777877313769,2.2965829556181485,0.00011704438185144994,1.040867
1.040867,276.824,0.04005401970307076,5.6233819251871475,2.2960353280454786,6.467195452142249e-05,1.040867
1.040867,278.921,0.04005401970307076,5.630928587603805,2.295492984338585,0.0002070156614148999,1.040867
1.040867,281.018,0.04005401970307076,5.638418724221689,2.29495583436091,-5.58343609098344e-05,1.040867
1.040867,283.116,0.04005401970307076,5.645856707652577,2.2944235376589512,-0.00012353765895145585,1.040867
1.040867,285.213,0.04005401970307076,5.653236269548997,2.293896515817044,-0.00019651581704405174,1.040867
1.040867,287.31,0.04005401970307076,5.660561772201637,2.2933744301546057,0.00012556984539413563,1.040867
1.040867,289.407,0.04005401970307076,5.66783400187998,2.2928571989134863,4.280108651366632e-05,1.040867
1.040867,291.504,0.04005401970307076,5.67505372782333,2.2923447422696186,-4.4742269618591735e-05,1.040867
1.040867,293.601,0.04005401970307076,5.682221702729111,2.2918369822737414,6.301772625860735e-05,1.040867
1.040867,295.698,0.04005401970307076,5.68933866322379,2.2913338427943515,-0.00013384279435157964,1.040867
1.040867,297.796,0.04005401970307076,5.6964086883262555,2.2908350127705748,0.0002649872294253619,1.040867
1.040867,299.893,0.04005401970307076,5.70342574436885,2.290340895044305,5.910495569505514e-05,1.040867
1.416184,0.134,0.3479659303324273,-2.0099154790312257,4.181156438070446,0.0004435619295541926,1.416184
1.416184,0.268,0.3479659303324273,-1.3167682984712803,3.7972880487912146,0.0003119512087854659,1.416184
1.416184,0.537,0.3479659303324273,-0.6217571844732723,3.4803405621695287,0.00015943783047145388,1.416184
1.416184,1.074,0.3479659303324273,0.071389996086673,3.2200536289062103,-5.362890621007921e-05,1.416184
1.416184,2.097,0.3479659303324273,0.7405077519197829,3.012422837600841,7.716239915911416e-05,1.416184
1.416184,4.194,0.3479659303324273,1.433654932479728,2.834648238441704,5.176155829600404e-05,1.416184
1.416184,6.291,0.3479659303324273,1.8391200405878927,2.7455678645883164,0.00023213541168365381,1.416184
1.416184,8.389,0.3479659303324273,2.1269213238641576,2.6881994878093862,-0.0002994878093862674,1.416184
1.416184,10.486,0.3479659303324273,2.3500410341503413,2.6467976298016285,0.00030237019837153767,1.416184
1.416184,12.583,0.3479659303324273,2.5323466966098307,2.614836732196151,-3.673219615141221e-05,1.416184
1.416184,14.68,0.3479659303324273,2.6864860231863696,2.589057411435562,-5.7411435562038093e-05,1.416184
1.416184,16.777,0.3479659303324273,2.8200089007882636,2.567607639055567,-0.0002076390555667551,1.416184
1.416184,18.874,0.3479659303324273,2.937785313599141,2.5493414872222924,-0.00024148722229222486,1.416184
1.416184,20.972,0.3479659303324273,3.043188214710286,2.5334971629926777,0.00010283700732216516,1.416184
1.416184,23.069,0.3479659303324273,3.1384897249089483,2.5195681513194224,3.184868057770629e-05,1.416184
1.416184,25.166,0.3479659303324273,3.225493877169776,2.5071722311201157,-0.0001722311201155513,1.416184
1.416184,27.263,0.3479659303324273,3.3055304715704805,2.4960325212149836,-0.00023252121498362754,1.416184
1.416184,29.36,0.3479659303324273,3.3796332037463146,2.485938820496906,-3.882049690595579e-05,1.416184
1.416184,31.457,0.3479659303324273,3.4486215338968873,2.476728081560257,0.00017191843974329046,1.416184
1.416184,33.554,0.3479659303324273,3.513156081348209,2.468271488260011,-7.14882600112432e-05,1.416184
1.416184,35.652,0.3479659303324273,3.573805246268471,2.4604620588917223,-0.00026205889172237207,1.416184
1.416184,37.749,0.3479659303324273,3.6309589852779407,2.453223050236257,-2.3050236257038392e-05,1.416184
1.416184,39.846,0.3479659303324273,3.6850220237866314,2.4464812599536505,-8.125995365038108e-05,1.416184
1.416184,41.943,0.3479659303324273,3.736311553673797,2.4401789419249513,-0.00037894192495135925,1.416184
1.416184,44.04,0.3479659303324273,3.785098311854479,2.434267531822942,-6.753182294172433e-05,1.416184
1.416184,46.137,0.3479659303324273,3.831615231125896,2.4287058299157147,-5.829915714627987e-06,1.416184
1.416184,48.234,0.3479659303324273,3.8760641665738786,2.4234586079885854,4.13920114148425e-05,1.416184
1.416184,50.332,0.3479659303324273,3.9186410577297215,2.41849322432544,0.00020677567456006685,1.416184
1.416184,52.429,0.3479659303324273,3.9594598733527677,2.413788104361951,0.00011189563804903102,1.416184
1.416184,54.526,0.3479659303324273,3.9986776521304255,2.40931788425982,-1.788425982018893e-05,1.416184
1.416184,56.623,0.3479659303324273,4.036415263091129,2.4050624566135106,-0.00016245661351055318,1.416184
1.416184,58.72,0.3479659303324273,4.07278038430626,2.401004100741428,0.0002958992585719855,1.416184
1.416184,60.817,0.3479659303324273,4.107869355153013,2.3971271258945186,-2.7125894518587046e-05,1.416184
1.416184,62.915,0.3479659303324273,4.141784609043931,2.3934158469723386,-1.584697233836252e-05,1.416184
1.416184,65.012,0.3479659303324273,4.174571868240929,2.3898613372994686,-6.133729946844468e-05,1.416184
1.416184,67.109,0.3479659303324273,4.206318163150173,2.3864506215543426,4.937844565722216e-05,1.416184
1.416184,69.206,0.3479659303324273,4.237087564067258,2.3831736546359417,-7.365463594144472e-05,1.416184
1.416184,71.303,0.3479659303324273,4.266938402271417,2.3800213710003795,-0.00012137100037934445,1.416184
1.416184,73.4,0.3479659303324273,4.29592393562047,2.3769855636076107,-8.55636076106947e-05,1.416184
1.416184,75.497,0.3479659303324273,4.324092920366181,2.3740587808061373,-5.8780806137193053e-05,1.416184
1.416184,77.595,0.3479659303324273,4.351502992123588,2.371232914518088,-3.2914518087956424e-05,1.416184
1.416184,79.692,0.3479659303324273,4.378169204346577,2.3685044630284784,-0.00010446302847855193,1.416184
1.416184,81.789,0.3479659303324273,4.40414276023859,2.3658663882920976,3.3611707902281296e-05,1.416184
1.416184,83.886,0.3479659303324273,4.429458734233743,2.363313492024075,-1.3492024074857056e-05,1.416184
1.416184,85.983,0.3479659303324273,4.45414960229474,2.360840995509694,0.0001590044903063692,1.416184
1.416184,88.08,0.3479659303324273,4.478245492414424,2.3584444964743536,-0.0003444964743537504,1.416184
1.416184,90.178,0.3479659303324273,4.501785494880516,2.3561188393260815,8.11606739183901e-05,1.416184
1.416184,92.275,0.3479659303324273,4.524773248916063,2.3538624814744016,0.0001375185255985123,1.416184
1.416184,94.372,0.3479659303324273,4.547244418984467,2.351670815653007,-0.00027081565300690613,1.416184
1.416184,96.469,0.3479659303324273,4.569221713211871,2.349540610186787,-4.061018678713779e-05,1.416184
1.416184,98.566,0.3479659303324273,4.59072637455568,2.3474688606745078,-6.886067450784239e-05,1.416184
1.416184,100.663,0.3479659303324273,4.611778304202336,2.3454527695694156,-0.00015276956941567832,1.416184
1.416184,102.76,0.3479659303324273,4.632396172241683,2.3434897279766,-8.972797659989595e-05,1.416184
1.416184,104.858,0.3479659303324273,4.652607053912713,2.3415763991088006,-0.00017639910880040688,1.416184
1.416184,106.955,0.3479659303324273,4.672408185253769,2.3397123273566893,0.0001876726433107656,1.416184
1.416184,109.052,0.3479659303324273,4.691824832690371,2.3378944549689153,0.00010554503108473057,1.416184
1.416184,111.149,0.3479659303324273,4.710871643518631,2.3361207810135363,7.921898646356951e-05,1.416184
1.416184,113.246,0.3479659303324273,4.729562443651074,2.3343894269105507,0.00011057308944906197,1.416184
1.416184,115.343,0.3479659303324273,4.747910297906233,2.3326986268478347,-9.862684783490394e-05,1.416184
1.416184,117.441,0.3479659303324273,4.7659360798163295,2.3310459403835817,-4.5940383581744015e-05,1.416184
1.416184,119.538,0.3479659303324273,4.783634312454741,2.3294313769135937,6.86230864062054e-05,1.416184
1.416184,121.635,0.3479659303324273,4.8010247570646305,2.327852663180707,-0.0001526631807067247,1.416184
1.416184,123.732,0.3479659303324273,4.818117936323807,2.3263084053938874,9.15946061126327e-05,1.416184
1.416184,125.829,0.3479659303324273,4.834923842341907,2.3247972864133426,2.71358665759891e-06,1.416184
1.416184,127.926,0.3479659303324273,4.851451971740923,2.3233180603404855,-1.8060340485348547e-05,1.416184
1.416184,130.023,0.3479659303324273,4.867711357883463,2.321869547571325,3.0452428674720977e-05,1.416184
1.416184,132.121,0.3479659303324273,4.883718169370724,2.3204499605144155,5.003948558446325e-05,1.416184
1.416184,134.218,0.3479659303324273,4.899465343710118,2.3190595918100496,-5.959181004966396e-05,1.416184
1.416184,136.315,0.3479659303324273,4.914968384004581,2.317696751443349,0.0001032485566510033,1.416184
1.416184,138.412,0.3479659303324273,4.930234744627203,2.316360483295001,-0.00016048329500106817,1.416184
1.416184,140.509,0.3479659303324273,4.945271543661744,2.3150498783033044,5.01216966957152e-05,1.416184
1.416184,142.606,0.3479659303324273,4.960085582831362,2.3137640714866246,3.592851337552716e-05,1.416184
1.416184,144.703,0.3479659303324273,4.974683365972625,2.3125022391948855,-2.2391948855116084e-06,1.416184
1.416184,146.801,0.3479659303324273,4.9890779281463145,2.3112630113072474,3.698869275270411e-05,1.416184
1.416184,148.898,0.3479659303324273,5.00326150776631,2.3100468204592524,-0.00014682045925251686,1.416184
1.416184,150.995,0.3479659303324273,5.017246723683909,2.3088523563740626,4.7643625937343614e-05,1.416184
1.416184,153.092,0.3479659303324273,5.031039047869249,2.3076789371586006,2.1062841399466237e-05,1.416184
1.416184,155.189,0.3479659303324273,5.044643728948616,2.306525911290199,-2.591129019879901e-05,1.416184
1.416184,157.286,0.3479659303324273,5.0580658041961435,2.305392655875174,0.00010734412482582556,1.416184
1.416184,159.384,0.3479659303324273,5.071316384906522,2.3042780482376743,-7.804823767454394e-05,1.416184
1.416184,161.481,0.3479659303324273,5.084387488682929,2.3031825803161454,-0.00018258031614548642,1.416184
1.416184,163.578,0.3479659303324273,5.097289940798535,2.302105170036092,-0.00020517003609210605,1.416184
1.416184,165.675,0.3479659303324273,5.110028037974291,2.301045293903266,5.4706096733969645e-05,1.416184
1.416184,167.772,0.3479659303324273,5.122605914793688,2.300002449982263,-0.00010244998226305313,1.416184
1.416184,169.869,0.3479659303324273,5.135027551759238,2.298976156752334,0.00012384324766623322,1.416184
1.416184,171.966,0.3479659303324273,5.147296782854686,2.297965952037191,-0.00016595203719083074,1.416184
1.416184,174.064,0.3479659303324273,5.159423047678727,2.2969709213891663,0.00012907861083366612,1.416184
1.416184,176.161,0.3479659303324273,5.171398349615842,2.2959915867648313,8.413235168536204e-06,1.416184
1.416184,178.258,0.3479659303324273,5.183231939072707,2.295027060294869,-2.7060294868874735e-05,1.416184
1.416184,180.355,0.3479659303324273,5.1949271308355005,2.2940769477793057,-7.694777930566943e-05,1.416184
1.416184,182.452,0.3479659303324273,5.2064871247297475,2.293140869940621,5.913005937907556e-05,1.416184
1.416184,184.549,0.3479659303324273,5.217915010875578,2.292218461695034,-1.846169503405548e-05,1.416184
1.416184,186.647,0.3479659303324273,5.229219132367774,2.2913089410704033,9.105892959659911e-05,1.416184
1.416184,188.744,0.3479659303324273,5.240391599544412,2.2904128362590823,-1.2836259082327217e-05,1.416184
1.416184,190.841,0.3479659303324273,5.251440620625794,2.289529384145043,-2.9384145042943288e-05,1.416184
1.416184,192.938,0.3479659303324273,5.262368893771816,2.288658269961696,-5.826996169577825e-05,1.416184
1.416184,195.035,0.3479659303324273,5.273179029637338,2.2877991900861696,8.099138302242181e-07,1.416184
1.416184,197.132,0.3479659303324273,5.283873555115625,2.2869518515299925,4.8148470007447486e-05,1.416184
1.416184,199.229,0.3479659303324273,5.294454916883736,2.2861159714581945,-0.00011597145819441934,1.416184
1.416184,201.327,0.3479659303324273,5.304930451818283,2.2852908860872905,-9.088608729035386e-05,1.416184
1.416184,203.424,0.3479659303324273,5.315292470753998,2.2844771179930325,2.288200696742848e-05,1.416184
1.416184,205.521,0.3479659303324273,5.325548218496291,2.2836740162586913,2.5983741308799324e-05,1.416184
1.416184,207.618,0.3479659303324273,5.335699852735367,2.2828813343640917,1.8665635908465816e-05,1.416184
1.416184,209.715,0.3479659303324273,5.345749466107898,2.2820988339034702,1.1660965295590131e-06,1.416184
1.416184,211.812,0.3479659303324273,5.355699088786142,2.281326284240409,7.371575959114196e-05,1.416184
1.416184,213.91,0.3479659303324273,5.365555365813714,2.2805631006982936,-6.310069829362774e-05,1.416184
1.416184,216.007,0.3479659303324273,5.375310814566464,2.2798097946649434,-0.00010979466494331902,1.416184
1.416184,218.104,0.3479659303324273,5.384972013250316,2.279065790849494,3.420915050611484e-05,1.416184
1.416184,220.201,0.3479659303324273,5.394540765604335,2.2783308865878156,-0.00013088658781557072,1.416184
1.416184,222.298,0.3479659303324273,5.404018824078577,2.2776048855077273,-4.885507727259153e-06,1.416184
1.416184,224.395,0.3479659303324273,5.413407891760373,2.2768875972764895,-0.00018759727648953728,1.416184
1.416184,226.492,0.3479659303324273,5.422709624211019,2.2761788373606766,0.00012116263932338,1.416184
1.416184,228.59,0.3479659303324273,5.431930005871957,2.275478094755645,2.190524435485841e-05,1.416184
1.416184,230.687,0.3479659303324273,5.441061813353569,2.274785863794593,1.4136205407133673e-05,1.416184
1.416184,232.784,0.3479659303324273,5.4501109849730325,2.274101640035282,9.835996471796449e-05,1.416184
1.416184,234.881,0.3479659303324273,5.459079002910276,2.2734252599662494,0.00017474003375061997,1.416184
1.416184,236.978,0.3479659303324273,5.467967309822219,2.2727565648369543,4.343516304583517e-05,1.416184
1.416184,239.075,0.3479659303324273,5.476777310235606,2.2720954004784835,-0.00019540047848343178,1.416184
1.416184,241.172,0.3479659303324273,5.485510371879013,2.271441617132511,-0.00014161713251104047,1.416184
1.416184,243.27,0.3479659303324273,5.494171937624576,2.270794762671057,-9.47626710567917e-05,1.416184
1.416184,245.367,0.3479659303324273,5.5027550489067,2.270155312258559,4.468774144106291e-05,1.416184
1.416184,247.464,0.3479659303324273,5.511265116883752,2.269522818386716,7.718161328407191e-05,1.416184
1.416184,249.561,0.3479659303324273,5.519703374286969,2.268897147380971,-9.714738097077458e-05,1.416184
1.416184,251.658,0.3479659303324273,5.528071022901853,2.2682781692312,2.183076879980206e-05,1.416184
1.416184,253.755,0.3479659303324273,5.536369234595365,2.2676657574617223,-6.575746172243768e-05,1.416184
1.416184,255.853,0.3479659303324273,5.544603060802837,2.26705950155559,-5.9501555590202315e-05,1.416184
1.416184,257.95,0.3479659303324273,5.5527657676906585,2.2664598596284553,-0.0001598596284551057,1.416184
1.416184,260.047,0.3479659303324273,5.560862383909509,2.265866424589314,-6.642458931382933e-05,1.416184
1.416184,262.144,0.3479659303324273,5.568893971096879,2.2652790829103466,-7.908291034652848e-05,1.416184
1.416184,264.241,0.3479659303324273,5.576861565513762,2.2646977240272563,-9.772402725616303e-05,1.416184
1.416184,266.338,0.3479659303324273,5.584766178847036,2.264122240239118,7.775976088231218e-05,1.416184
1.416184,268.435,0.3479659303324273,5.592608798980375,2.263552526612373,-5.252661237298284e-05,1.416184
1.416184,270.533,0.3479659303324273,5.600394087148735,2.262988213247429,0.00021178675257083057,1.416184
1.416184,272.63,0.3479659303324273,5.6081155645645255,2.2624297383876377,7.026161236245443e-05,1.416184
1.416184,274.727,0.3479659303324273,5.615777877313769,2.2618767345449147,2.3265455085130782e-05,1.416184
1.416184,276.824,0.3479659303324273,5.6233819251871475,2.2613291069722448,-2.9106972244896667e-05,1.416184
1.416184,278.921,0.3479659303324273,5.630928587603805,2.2607867632653518,0.00011323673464813666,1.416184
1.416184,281.018,0.3479659303324273,5.638418724221689,2.2602496132876766,-4.961328767638662e-05,1.416184
1.416184,283.116,0.3479659303324273,5.645856707652577,2.2597173165857174,-1.731658571735295e-05,1.416184
1.416184,285.213,0.3479659303324273,5.653236269548997,2.25919029474381,0.00020970525618979607,1.416184
1.416184,287.31,0.3479659303324273,5.660561772201637,2.258668209081372,3.1790918628260556e-05,1.416184
1.416184,289.407,0.3479659303324273,5.66783400187998,2.2581509778402524,0.00014902215974776922,1.416184
1.416184,291.504,0.3479659303324273,5.67505372782333,2.2576385211963848,-3.852119638469986e-05,1.416184
1.416184,293.601,0.3479659303324273,5.682221702729111,2.2571307612005076,-3.0761200507711806e-05,1.416184
1.416184,295.698,0.3479659303324273,5.68933866322379,2.256627621721117,0.00017237827888294532,1.416184
1.416184,297.796,0.3479659303324273,5.6964086883262555,2.256128791697341,-2.879169734093523e-05,1.416184
1.416184,299.893,0.3479659303324273,5.70342574436885,2.2556346739710706,0.00016532602892915804,1.416184
2.782831,0.134,1.0234687548644361,-2.0099154790312257,4.116626220857654,-0.00042622085765398054,2.782831
2.782831,0.268,1.0234687548644361,-1.3167682984712803,3.7327578315784224,-0.0003578315784222852,2.782831
2.782831,0.537,1.0234687548644361,-0.6217571844732723,3.415810344956737,0.0005896550432629155,2.782831
2.782831,1.074,1.0234687548644361,0.071389996086673,3.1555234116934185,0.0002765883065816155,2.782831
2.782831,2.097,1.0234687548644361,0.7405077519197829,2.9478926203880493,-0.0002926203880493361,2.782831
2.782831,4.194,1.0234687548644361,1.433654932479728,2.770118021228912,8.197877108795382e-05,2.782831
2.782831,6.291,1.0234687548644361,1.8391200405878927,2.6810376473755246,6.235262447518153e-05,2.782831
2.782831,8.389,1.0234687548644361,2.1269213238641576,2.6236692705965945,0.00013072940340563832,2.782831
2.782831,10.486,1.0234687548644361,2.3500410341503413,2.5822674125888367,0.00013258741116306538,2.782831
2.782831,12.583,1.0234687548644361,2.5323466966098307,2.5503065149833595,9.348501664030451e-05,2.782831
2.782831,14.68,1.0234687548644361,2.6864860231863696,2.52452719422277,7.280577723012271e-05,2.782831
2.782831,16.777,1.0234687548644361,2.8200089007882636,2.5030774218427747,-7.74218427745943e-05,2.782831
2.782831,18.874,1.0234687548644361,2.937785313599141,2.4848112700095006,-0.00021127000950071917,2.782831
2.782831,20.972,1.0234687548644361,3.043188214710286,2.4689669457798855,3.3054220114348e-05,2.782831
2.782831,23.069,1.0234687548644361,3.1384897249089483,2.45503793410663,-3.7934106630110875e-05,2.782831
2.782831,25.166,1.0234687548644361,3.225493877169776,2.4426420139073235,5.7986092676376444e-05,2.782831
2.782831,27.263,1.0234687548644361,3.3055304715704805,2.431502304002192,-0.00020230400219212186,2.782831
2.782831,29.36,1.0234687548644361,3.3796332037463146,2.421408603284114,-0.000208603284113984,2.782831
2.782831,31.457,1.0234687548644361,3.4486215338968873,2.4121978643474646,0.0001021356525354733,2.782831
2.782831,33.554,1.0234687548644361,3.513156081348209,2.4037412710472195,-4.127104721929342e-05,2.782831
2.782831,35.652,1.0234687548644361,3.573805246268471,2.39593184167893,6.815832106976671e-05,2.782831
2.782831,37.749,1.0234687548644361,3.6309589852779407,2.3886928330234647,7.166976535355474e-06,2.782831
2.782831,39.846,1.0234687548644361,3.6850220237866314,2.381951042740859,-5.104274085887539e-05,2.782831
2.782831,41.943,1.0234687548644361,3.736311553673797,2.3756487247121596,5.127528784054647e-05,2.782831
2.782831,44.04,1.0234687548644361,3.785098311854479,2.3697373146101497,-3.731461014977455e-05,2.782831
2.782831,46.137,1.0234687548644361,3.831615231125896,2.364175612702923,2.43872970768777e-05,2.782831
2.782831,48.234,1.0234687548644361,3.8760641665738786,2.3589283907757936,-2.8390775793418754e-05,2.782831
2.782831,50.332,1.0234687548644361,3.9186410577297215,2.3539630071126476,-6.300711264772829e-05,2.782831
2.782831,52.429,1.0234687548644361,3.9594598733527677,2.349257887149159,-5.7887149158997175e-05,2.782831
2.782831,54.526,1.0234687548644361,3.9986776521304255,2.344787667047028,1.2332952972204936e-05,2.782831
2.782831,56.623,1.0234687548644361,4.036415263091129,2.3405322394007184,-3.2239400718392375e-05,2.782831
2.782831,58.72,1.0234687548644361,4.07278038430626,2.3364738835286363,0.00012611647136351323,2.782831
2.782831,60.817,1.0234687548644361,4.107869355153013,2.3325969086817264,-9.690868172640421e-05,2.782831
2.782831,62.915,1.0234687548644361,4.141784609043931,2.328885629759547,-8.562975954662377e-05,2.782831
2.782831,65.012,1.0234687548644361,4.174571868240929,2.3253311200866764,-3.112008667649491e-05,2.782831
2.782831,67.109,1.0234687548644361,4.206318163150173,2.321920404341551,0.00017959565844893888,2.782831
2.782831,69.206,1.0234687548644361,4.237087564067258,2.3186434374231495,-4.343742314949495e-05,2.782831
2.782831,71.303,1.0234687548644361,4.266938402271417,2.3154911537875873,0.0001088462124125833,2.782831
2.782831,73.4,1.0234687548644361,4.29592393562047,2.3124553463948185,-0.00015534639481851187,2.782831
2.782831,75.497,1.0234687548644361,4.324092920366181,2.3095285635933456,-2.8563593345687366e-05,2.782831
2.782831,77.595,1.0234687548644361,4.351502992123588,2.306702697305296,9.73026947037603e-05,2.782831
2.782831,79.692,1.0234687548644361,4.378169204346577,2.303974245815686,2.5754184313608874e-05,2.782831
2.782831,81.789,1.0234687548644361,4.40414276023859,2.3013361710793054,6.382892069467516e-05,2.782831
2.782831,83.886,1.0234687548644361,4.429458734233743,2.2987832748112833,-8.327481128311831e-05,2.782831
2.782831,85.983,1.0234687548644361,4.45414960229474,2.296310778296902,8.922170309810795e-05,2.782831
2.782831,88.08,1.0234687548644361,4.478245492414424,2.2939142792615614,0.00018572073843836634,2.782831
2.782831,90.178,1.0234687548644361,4.501785494880516,2.2915886221132897,-8.86221132896381e-05,2.782831
2.782831,92.275,1.0234687548644361,4.524773248916063,2.28933226426161,-3.226426160995999e-05,2.782831
2.782831,94.372,1.0234687548644361,4.547244418984467,2.287140598440215,0.0001594015597849996,2.782831
2.782831,96.469,1.0234687548644361,4.569221713211871,2.2850103929739953,8.960702600457893e-05,2.782831
2.782831,98.566,1.0234687548644361,4.59072637455568,2.2829386434617156,-3.8643461715448524e-05,2.782831
2.782831,100.663,1.0234687548644361,4.611778304202336,2.2809225523566234,-2.255235662351751e-05,2.782831
2.782831,102.76,1.0234687548644361,4.632396172241683,2.2789595107638076,-5.951076380750209e-05,2.782831
2.782831,104.858,1.0234687548644361,4.652607053912713,2.2770461818960084,-0.0001461818960084571,2.782831
2.782831,106.955,1.0234687548644361,4.672408185253769,2.275182110143897,-8.211014389702953e-05,2.782831
2.782831,109.052,1.0234687548644361,4.691824832690371,2.273364237756123,-6.423775612329763e-05,2.782831
2.782831,111.149,1.0234687548644361,4.710871643518631,2.271590563800744,-9.05638007440146e-05,2.782831
2.782831,113.246,1.0234687548644361,4.729562443651074,2.2698592096977586,-5.920969775852214e-05,2.782831
2.782831,115.343,1.0234687548644361,4.747910297906233,2.2681684096350425,3.1590364957700956e-05,2.782831
2.782831,117.441,1.0234687548644361,4.7659360798163295,2.26651572317079,8.42768292099727e-05,2.782831
2.782831,119.538,1.0234687548644361,4.783634312454741,2.2649011597008015,-0.0001011597008013787,2.782831
2.782831,121.635,1.0234687548644361,4.8010247570646305,2.2633224459679147,7.755403208520306e-05,2.782831
2.782831,123.732,1.0234687548644361,4.818117936323807,2.2617781881810957,-7.818818109583958e-05,2.782831
2.782831,125.829,1.0234687548644361,4.834923842341907,2.260267069200551,3.29307994491046e-05,2.782831
2.782831,127.926,1.0234687548644361,4.851451971740923,2.2587878431276933,1.215687230660123e-05,2.782831
2.782831,130.023,1.0234687548644361,4.867711357883463,2.2573393303585334,-0.00013933035853330722,2.782831
2.782831,132.121,1.0234687548644361,4.883718169370724,2.2559197433016234,-1.9743301623353915e-05,2.782831
2.782831,134.218,1.0234687548644361,4.899465343710118,2.254529374597258,-2.9374597257714186e-05,2.782831
2.782831,136.315,1.0234687548644361,4.914968384004581,2.2531665342305573,3.3465769442742044e-05,2.782831
2.782831,138.412,1.0234687548644361,4.930234744627203,2.2518302660822087,-3.0266082208907363e-05,2.782831
2.782831,140.509,1.0234687548644361,4.945271543661744,2.2505196610905123,0.000180338909487876,2.782831
2.782831,142.606,1.0234687548644361,4.960085582831362,2.2492338542738324,-3.3854273832290005e-05,2.782831
2.782831,144.703,1.0234687548644361,4.974683365972625,2.2479720219820933,-7.202198209332877e-05,2.782831
2.782831,146.801,1.0234687548644361,4.9890779281463145,2.2467327940944557,-3.2794094455557143e-05,2.782831
2.782831,148.898,1.0234687548644361,5.00326150776631,2.2455166032464606,-1.6603246460800136e-05,2.782831
2.782831,150.995,1.0234687548644361,5.017246723683909,2.244322139161271,-2.213916127091764e-05,2.782831
2.782831,153.092,1.0234687548644361,5.031039047869249,2.2431487199458084,5.1280054191416014e-05,2.782831
2.782831,155.189,1.0234687548644361,5.044643728948616,2.2419956940774073,0.00010430592259291771,2.782831
2.782831,157.286,1.0234687548644361,5.0580658041961435,2.240862438662382,-6.243866238175855e-05,2.782831
2.782831,159.384,1.0234687548644361,5.071316384906522,2.2397478310248826,-4.7831024882594164e-05,2.782831
2.782831,161.481,1.0234687548644361,5.084387488682929,2.2386523631033537,4.763689664644133e-05,2.782831
2.782831,163.578,1.0234687548644361,5.097289940798535,2.2375749528233,-7.495282330038933e-05,2.782831
2.782831,165.675,1.0234687548644361,5.110028037974291,2.2365150766904742,8.492330952591942e-05,2.782831
2.782831,167.772,1.0234687548644361,5.122605914793688,2.2354722327694714,2.776723052866359e-05,2.782831
2.782831,169.869,1.0234687548644361,5.135027551759238,2.2344459395395417,-0.0001459395395415619,2.782831
2.782831,171.966,1.0234687548644361,5.147296782854686,2.2334357348243987,0.00016426517560130804,2.782831
2.782831,174.064,1.0234687548644361,5.159423047678727,2.232440704176374,0.00015929582362605998,2.782831
2.782831,176.161,1.0234687548644361,5.171398349615842,2.231461369552039,-6.136955203928096e-05,2.782831
2.782831,178.258,1.0234687548644361,5.183231939072707,2.230496843082077,3.156917923075042e-06,2.782831
2.782831,180.355,1.0234687548644361,5.1949271308355005,2.229546730566514,5.326943348604729e-05,2.782831
2.782831,182.452,1.0234687548644361,5.2064871247297475,2.2286106527278293,-1.0652727829185693e-05,2.782831
2.782831,184.549,1.0234687548644361,5.217915010875578,2.227688244482242,1.1755517757894296e-05,2.782831
2.782831,186.647,1.0234687548644361,5.229219132367774,2.2267787238576116,0.00012127614238854889,2.782831
2.782831,188.744,1.0234687548644361,5.240391599544412,2.2258826190462906,1.738095370962256e-05,2.782831
2.782831,190.841,1.0234687548644361,5.251440620625794,2.2249991669322506,-9.916693225076045e-05,2.782831
2.782831,192.938,1.0234687548644361,5.262368893771816,2.224128052748904,-0.00012805274890359541,2.782831
2.782831,195.035,1.0234687548644361,5.273179029637338,2.2232689728733774,-6.897287337759295e-05,2.782831
2.782831,197.132,1.0234687548644361,5.283873555115625,2.2224216343172003,-2.163431720036968e-05,2.782831
2.782831,199.229,1.0234687548644361,5.294454916883736,2.2215857542454027,0.00011424575459706432,2.782831
2.782831,201.327,1.0234687548644361,5.304930451818283,2.2207606688744987,-6.066887449884817e-05,2.782831
2.782831,203.424,1.0234687548644361,5.315292470753998,2.219946900780241,5.309921975937826e-05,2.782831
2.782831,205.521,1.0234687548644361,5.325548218496291,2.219143799045899,-4.379904589901784e-05,2.782831
2.782831,207.618,1.0234687548644361,5.335699852735367,2.2183511171512995,4.888284870041559e-05,2.782831
2.782831,209.715,1.0234687548644361,5.345749466107898,2.2175686166906785,0.00023138330932148676,2.782831
2.782831,211.812,1.0234687548644361,5.355699088786142,2.216796067027617,3.932972383324795e-06,2.782831
2.782831,213.91,1.0234687548644361,5.365555365813714,2.216032883485502,-3.288348550167797e-05,2.782831
2.782831,216.007,1.0234687548644361,5.375310814566464,2.2152795774521516,0.00012042254784816464,2.782831
2.782831,218.104,1.0234687548644361,5.384972013250316,2.2145355736367023,6.442636329762053e-05,2.782831
2.782831,220.201,1.0234687548644361,5.394540765604335,2.2138006693750234,0.00019933062497656806,2.782831
2.782831,222.298,1.0234687548644361,5.404018824078577,2.2130746682949356,2.5331705064246535e-05,2.782831
2.782831,224.395,1.0234687548644361,5.413407891760373,2.2123573800636973,-5.738006369737647e-05,2.782831
2.782831,226.492,1.0234687548644361,5.422709624211019,2.2116486201478844,5.137985211556284e-05,2.782831
2.782831,228.59,1.0234687548644361,5.431930005871957,2.210947877542853,5.212245714680819e-05,2.782831
2.782831,230.687,1.0234687548644361,5.441061813353569,2.210255646581801,4.435341819908345e-05,2.782831
2.782831,232.784,1.0234687548644361,5.4501109849730325,2.2095714228224903,2.8577177509703233e-05,2.782831
2.782831,234.881,1.0234687548644361,5.459079002910276,2.2088950427534573,0.0001049572465428028,2.782831
2.782831,236.978,1.0234687548644361,5.467967309822219,2.208226347624162,7.365237583778494e-05,2.782831
2.782831,239.075,1.0234687548644361,5.476777310235606,2.2075651832656913,0.000134816734308707,2.782831
2.782831,241.172,1.0234687548644361,5.485510371879013,2.206911399919719,8.860008028088728e-05,2.782831
2.782831,243.27,1.0234687548644361,5.494171937624576,2.206264545458265,3.5454541735369105e-05,2.782831
2.782831,245.367,1.0234687548644361,5.5027550489067,2.2056250950457668,-2.5095045766754254e-05,2.782831
2.782831,247.464,1.0234687548644361,5.511265116883752,2.2049926011739243,0.0001073988260755776,2.782831
2.782831,249.561,1.0234687548644361,5.519703374286969,2.2043669301681788,-6.69301681788248e-05,2.782831
2.782831,251.658,1.0234687548644361,5.528071022901853,2.2037479520184085,5.2047981591751835e-05,2.782831
2.782831,253.755,1.0234687548644361,5.536369234595365,2.20313554024893,-3.5540248930043816e-05,2.782831
2.782831,255.853,1.0234687548644361,5.544603060802837,2.2025292843427984,-2.928434279825254e-05,2.782831
2.782831,257.95,1.0234687548644361,5.5527657676906585,2.2019296424156636,7.035758433637795e-05,2.782831
2.782831,260.047,1.0234687548644361,5.560862383909509,2.201336207376522,6.379262347788739e-05,2.782831
2.782831,262.144,1.0234687548644361,5.568893971096879,2.200748865697555,5.113430244518824e-05,2.782831
2.782831,264.241,1.0234687548644361,5.576861565513762,2.2001675068144646,-6.750681446465734e-05,2.782831
2.782831,266.338,1.0234687548644361,5.584766178847036,2.199592023026326,0.00010797697367381787,2.782831
2.782831,268.435,1.0234687548644361,5.592608798980375,2.1990223093995813,7.769060041873388e-05,2.782831
2.782831,270.533,1.0234687548644361,5.600394087148735,2.198457996034637,0.0001420039653630134,2.782831
2.782831,272.63,1.0234687548644361,5.6081155645645255,2.1978995211748455,4.788251546372635e-07,2.782831
2.782831,274.727,1.0234687548644361,5.615777877313769,2.197346517332123,5.348266787708056e-05,2.782831
2.782831,276.824,1.0234687548644361,5.6233819251871475,2.196798889759453,1.1102405470531096e-06,2.782831
2.782831,278.921,1.0234687548644361,5.630928587603805,2.1962565460525596,0.00014345394744053053,2.782831
2.782831,281.018,1.0234687548644361,5.638418724221689,2.1957193960748844,-1.9396074884436842e-05,2.782831
2.782831,283.116,1.0234687548644361,5.645856707652577,2.195187099372925,1.2900627074596827e-05,2.782831
2.782831,285.213,1.0234687548644361,5.653236269548997,2.1946600775310183,3.992246898176788e-05,2.782831
2.782831,287.31,1.0234687548644361,5.660561772201637,2.1941379918685797,6.200813142021033e-05,2.782831
2.782831,289.407,1.0234687548644361,5.66783400187998,2.1936207606274607,-2.0760627460703063e-05,2.782831
2.782831,291.504,1.0234687548644361,5.67505372782333,2.1931083039835926,-8.303983592750086e-06,2.782831
2.782831,293.601,1.0234687548644361,5.682221702729111,2.1926005439877154,9.9456012284449e-05,2.782831
2.782831,295.698,1.0234687548644361,5.68933866322379,2.1920974045083255,-9.74045083252939e-05,2.782831
2.782831,297.796,1.0234687548644361,5.6964086883262555,2.1915985744845488,1.4255154514586366e-06,2.782831
2.782831,299.893,1.0234687548644361,5.70342574436885,2.191104456758279,-4.456758278870154e-06,2.782831
6.86104,0.134,1.9258590337456871,-2.0099154790312257,4.05058876736476,0.0006112326352400999,6.86104
6.86104,0.268,1.9258590337456871,-1.3167682984712803,3.666720378085528,-0.0009203780855280286,6.86104
6.86104,0.537,1.9258590337456871,-0.6217571844732723,3.3497728914638425,-0.00037289146384233973,6.86104
6.86104,1.074,1.9258590337456871,0.071389996086673,3.089485958200524,0.00041404179947601705,6.86104
6.86104,2.097,1.9258590337456871,0.7405077519197829,2.881855166895155,-5.5166895154723505e-05,6.86104
6.86104,4.194,1.9258590337456871,1.433654932479728,2.7040805677360176,-0.00018056773601760057,6.86104
6.86104,6.291,1.9258590337456871,1.8391200405878927,2.61500019388263,9.980611736981615e-05,6.86104
6.86104,8.389,1.9258590337456871,2.1269213238641576,2.5576318171037,6.818289630006191e-05,6.86104
6.86104,10.486,1.9258590337456871,2.3500410341503413,2.5162299590959423,-0.000129959095942489,6.86104
6.86104,12.583,1.9258590337456871,2.5323466966098307,2.484269061490465,-0.00016906149046480579,6.86104
6.86104,14.68,1.9258590337456871,2.6864860231863696,2.4584897407298754,0.00011025927012475734,6.86104
6.86104,16.777,1.9258590337456871,2.8200089007882636,2.4370399683498802,6.003165011980727e-05,6.86104
6.86104,18.874,1.9258590337456871,2.937785313599141,2.418773816516606,-7.38165166063176e-05,6.86104
6.86104,20.972,1.9258590337456871,3.043188214710286,2.402929492286991,0.0002705077130089606,6.86104
6.86104,23.069,1.9258590337456871,3.1384897249089483,2.3890004806137357,-0.00010048061373568729,6.86104
6.86104,25.166,1.9258590337456871,3.225493877169776,2.376604560414429,-0.00020456041442917794,6.86104
6.86104,27.263,1.9258590337456871,3.3055304715704805,2.3654648505092974,-6.48505092972762e-05,6.86104
6.86104,29.36,1.9258590337456871,3.3796332037463146,2.3553711497912193,-7.114979121913834e-05,6.86104
6.86104,31.457,1.9258590337456871,3.4486215338968873,2.34616041085457,3.958914542989689e-05,6.86104
6.86104,33.554,1.9258590337456871,3.513156081348209,2.337703817554325,-3.81755432510289e-06,6.86104
6.86104,35.652,1.9258590337456871,3.573805246268471,2.3298943881860357,5.611813964190304e-06,6.86104
6.86104,37.749,1.9258590337456871,3.6309589852779407,2.32265537953057,-0.00015537953057043197,6.86104
6.86104,39.846,1.9258590337456871,3.6850220237866314,2.3159135892479643,0.0001864107520357372,6.86104
6.86104,41.943,1.9258590337456871,3.736311553673797,2.309611271219265,-1.1271219265029941e-05,6.86104
6.86104,44.04,1.9258590337456871,3.785098311854479,2.303699861117255,0.00010013888274462701,6.86104
6.86104,46.137,1.9258590337456871,3.831615231125896,2.2981381592100285,6.184078997151232e-05,6.86104
6.86104,48.234,1.9258590337456871,3.8760641665738786,2.292890937282899,9.062717100771778e-06,6.86104
6.86104,50.332,1.9258590337456871,3.9186410577297215,2.287925553619753,7.444638024667327e-05,6.86104
6.86104,52.429,1.9258590337456871,3.9594598733527677,2.2832204336562647,-2.0433656264806643e-05,6.86104
6.86104,54.526,1.9258590337456871,3.9986776521304255,2.2787502135541335,4.978644586639547e-05,6.86104
6.86104,56.623,1.9258590337456871,4.036415263091129,2.274494785907824,0.00010521409217600919,6.86104
6.86104,58.72,1.9258590337456871,4.07278038430626,2.270436430035742,-3.6430035741830125e-05,6.86104
6.86104,60.817,1.9258590337456871,4.107869355153013,2.266559455188832,4.054481116799735e-05,6.86104
6.86104,62.915,1.9258590337456871,4.141784609043931,2.2628481762666524,-4.817626665243324e-05,6.86104
6.86104,65.012,1.9258590337456871,4.174571868240929,2.259293666593782,0.00010633340621790666,6.86104
6.86104,67.109,1.9258590337456871,4.206318163150173,2.2558829508486564,-8.29508486566155e-05,6.86104
6.86104,69.206,1.9258590337456871,4.237087564067258,2.252605983930255,0.00019401606974511765,6.86104
6.86104,71.303,1.9258590337456871,4.266938402271417,2.249453700294693,-5.370029469276005e-05,6.86104
6.86104,73.4,1.9258590337456871,4.29592393562047,2.246417892901924,-0.00011789290192387725,6.86104
6.86104,75.497,1.9258590337456871,4.324092920366181,2.243491110100451,8.889899548947255e-06,6.86104
6.86104,77.595,1.9258590337456871,4.351502992123588,2.2406652438124017,-6.524381240158306e-05,6.86104
6.86104,79.692,1.9258590337456871,4.378169204346577,2.2379367923227917,6.32076772082435e-05,6.86104
6.86104,81.789,1.9258590337456871,4.40414276023859,2.235298717586411,-9.871758641111228e-05,6.86104
6.86104,83.886,1.9258590337456871,4.429458734233743,2.232745821318389,-4.582131838892778e-05,6.86104
6.86104,85.983,1.9258590337456871,4.45414960229474,2.2302733248040076,-0.00017332480400744643,6.86104
6.86104,88.08,1.9258590337456871,4.478245492414424,2.227876825768667,-7.682576866718804e-05,6.86104
6.86104,90.178,1.9258590337456871,4.501785494880516,2.2255511686203953,-0.00025116862039542553,6.86104
6.86104,92.275,1.9258590337456871,4.524773248916063,2.2232948107687154,-0.00019481076871530334,6.86104
6.86104,94.372,1.9258590337456871,4.547244418984467,2.2211031449473206,9.685505267942318e-05,6.86104
6.86104,96.469,1.9258590337456871,4.569221713211871,2.218972939481101,2.7060518899002517e-05,6.86104
6.86104,98.566,1.9258590337456871,4.59072637455568,2.216901189968821,-1.1899688212579917e-06,6.86104
6.86104,100.663,1.9258590337456871,4.611778304202336,2.214885098863729,-8.509886372909392e-05,6.86104
6.86104,102.76,1.9258590337456871,4.632396172241683,2.212922057270913,-2.2057270913311555e-05,6.86104
6.86104,104.858,1.9258590337456871,4.652607053912713,2.211008728403114,-8.728403114055538e-06,6.86104
6.86104,106.955,1.9258590337456871,4.672408185253769,2.2091446566510027,-0.00014465665100260594,6.86104
6.86104,109.052,1.9258590337456871,4.691824832690371,2.2073267842632287,7.321573677110393e-05,6.86104
6.86104,111.149,1.9258590337456871,4.710871643518631,2.2055531103078496,4.6889692150386963e-05,6.86104
6.86104,113.246,1.9258590337456871,4.729562443651074,2.203821756204864,-2.1756204863887518e-05,6.86104
6.86104,115.343,1.9258590337456871,4.747910297906233,2.202130956142148,-3.0956142147875454e-05,6.86104
6.86104,117.441,1.9258590337456871,4.7659360798163295,2.2004782696778955,2.1730322104396294e-05,6.86104
6.86104,119.538,1.9258590337456871,4.783634312454741,2.198863706207907,-0.00016370620790695511,6.86104
6.86104,121.635,1.9258590337456871,4.8010247570646305,2.19728499247502,1.5007524979626652e-05,6.86104
6.86104,123.732,1.9258590337456871,4.818117936323807,2.195740734688201,-4.073468820120496e-05,6.86104
6.86104,125.829,1.9258590337456871,4.834923842341907,2.1942296157076564,-0.00012961570765623875,6.86104
6.86104,127.926,1.9258590337456871,4.851451971740923,2.192750389634799,-5.038963479897518e-05,6.86104
6.86104,130.023,1.9258590337456871,4.867711357883463,2.191301876865639,9.812313436086129e-05,6.86104
6.86104,132.121,1.9258590337456871,4.883718169370724,2.189882289808729,1.7710191271280706e-05,6.86104
6.86104,134.218,1.9258590337456871,4.899465343710118,2.1884919211043634,-9.19211043632906e-05,6.86104
6.86104,136.315,1.9258590337456871,4.914968384004581,2.187129080737663,7.091926233693258e-05,6.86104
6.86104,138.412,1.9258590337456871,4.930234744627203,2.1857928125893142,0.00010718741068593829,6.86104
6.86104,140.509,1.9258590337456871,4.945271543661744,2.184482207597618,1.7792402382088568e-05,6.86104
6.86104,142.606,1.9258590337456871,4.960085582831362,2.183196400780938,3.599219061900527e-06,6.86104
6.86104,144.703,1.9258590337456871,4.974683365972625,2.181934568489199,-3.456848919869415e-05,6.86104
6.86104,146.801,1.9258590337456871,4.9890779281463145,2.1806953406015612,4.659398438633389e-06,6.86104
6.86104,148.898,1.9258590337456871,5.00326150776631,2.179479149753566,2.0850246433834485e-05,6.86104
6.86104,150.995,1.9258590337456871,5.017246723683909,2.1782846856683764,1.531433162371698e-05,6.86104
6.86104,153.092,1.9258590337456871,5.031039047869249,2.177111266452914,8.873354708605063e-05,6.86104
6.86104,155.189,1.9258590337456871,5.044643728948616,2.175958240584513,4.17594154873413e-05,6.86104
6.86104,157.286,1.9258590337456871,5.0580658041961435,2.1748249851694874,-2.4985169487568015e-05,6.86104
6.86104,159.384,1.9258590337456871,5.071316384906522,2.173710377531988,8.96224680118074e-05,6.86104
6.86104,161.481,1.9258590337456871,5.084387488682929,2.172614909610459,-1.4909610459135081e-05,6.86104
6.86104,163.578,1.9258590337456871,5.097289940798535,2.1715374993304057,0.00016250066959422327,6.86104
6.86104,165.675,1.9258590337456871,5.110028037974291,2.1704776231975798,-7.762319757986802e-05,6.86104
6.86104,167.772,1.9258590337456871,5.122605914793688,2.169434779276577,0.00016522072342306515,6.86104
6.86104,169.869,1.9258590337456871,5.135027551759238,2.1684084860466473,-8.48604664716035e-06,6.86104
6.86104,171.966,1.9258590337456871,5.147296782854686,2.1673982813315043,-9.828133150424634e-05,6.86104
6.86104,174.064,1.9258590337456871,5.159423047678727,2.1664032506834796,-3.2506834797274564e-06,6.86104
6.86104,176.161,1.9258590337456871,5.171398349615842,2.1654239160591446,-2.391605914464634e-05,6.86104
6.86104,178.258,1.9258590337456871,5.183231939072707,2.1644593895891826,4.0610410817265574e-05,6.86104
6.86104,180.355,1.9258590337456871,5.1949271308355005,2.1635092770736195,-9.27707361952912e-06,6.86104
6.86104,182.452,1.9258590337456871,5.2064871247297475,2.162573199234935,-7.31992349347621e-05,6.86104
6.86104,184.549,1.9258590337456871,5.217915010875578,2.1616507909893476,-5.0790989347682114e-05,6.86104
6.86104,186.647,1.9258590337456871,5.229219132367774,2.160741270364717,0.00015872963528273942,6.86104
6.86104,188.744,1.9258590337456871,5.240391599544412,2.159845165553396,0.00015483444660402412,6.86104
6.86104,190.841,1.9258590337456871,5.251440620625794,2.158961713439356,3.828656064364111e-05,6.86104
6.86104,192.938,1.9258590337456871,5.262368893771816,2.1580905992560093,9.400743990806149e-06,6.86104
6.86104,195.035,1.9258590337456871,5.273179029637338,2.157231519380483,-3.1519380482958326e-05,6.86104
6.86104,197.132,1.9258590337456871,5.283873555115625,2.156384180824306,1.5819175694264942e-05,6.86104
6.86104,199.229,1.9258590337456871,5.294454916883736,2.1555483007525083,-4.830075250827903e-05,6.86104
6.86104,201.327,1.9258590337456871,5.304930451818283,2.1547232153816043,-2.3215381604213547e-05,6.86104
6.86104,203.424,1.9258590337456871,5.315292470753998,2.1539094472873463,-0.00010944728734640918,6.86104
6.86104,205.521,1.9258590337456871,5.325548218496291,2.1531063455530046,-6.345553004827309e-06,6.86104
6.86104,207.618,1.9258590337456871,5.335699852735367,2.152313663658405,8.633634159505021e-05,6.86104
6.86104,209.715,1.9258590337456871,5.345749466107898,2.151531163197784,-3.116319778406762e-05,6.86104
6.86104,211.812,1.9258590337456871,5.355699088786142,2.1507586135347223,0.00014138646527772636,6.86104
6.86104,213.91,1.9258590337456871,5.365555365813714,2.1499954299926074,-9.542999260725438e-05,6.86104
6.86104,216.007,1.9258590337456871,5.375310814566464,2.149242123959257,-0.00014212395925738974,6.86104
6.86104,218.104,1.9258590337456871,5.384972013250316,2.148498120143808,1.879856192044116e-06,6.86104
6.86104,220.201,1.9258590337456871,5.394540765604335,2.147763215882129,3.678411787122471e-05,6.86104
6.86104,222.298,1.9258590337456871,5.404018824078577,2.147037214802041,0.0001627851979590922,6.86104
6.86104,224.395,1.9258590337456871,5.413407891760373,2.146319926570803,-1.992657080274185e-05,6.86104
6.86104,226.492,1.9258590337456871,5.422709624211019,2.14561116665499,8.883334501019746e-05,6.86104
6.86104,228.59,1.9258590337456871,5.431930005871957,2.1449104240499586,-1.0424049958768222e-05,6.86104
6.86104,230.687,1.9258590337456871,5.441061813353569,2.1442181930889066,-1.819308890649296e-05,6.86104
6.86104,232.784,1.9258590337456871,5.4501109849730325,2.143533969329596,6.603067040433785e-05,6.86104
6.86104,234.881,1.9258590337456871,5.459079002910276,2.142857589260563,4.24107394372264e-05,6.86104
6.86104,236.978,1.9258590337456871,5.467967309822219,2.1421888941312677,-8.889413126755841e-05,6.86104
6.86104,239.075,1.9258590337456871,5.476777310235606,2.141527729772797,7.227022720313059e-05,6.86104
6.86104,241.172,1.9258590337456871,5.485510371879013,2.1408739464268245,0.0001260535731755219,6.86104
6.86104,243.27,1.9258590337456871,5.494171937624576,2.1402270919653703,-2.7091965370207305e-05,6.86104
6.86104,245.367,1.9258590337456871,5.5027550489067,2.1395876415528723,1.2358447127880368e-05,6.86104
6.86104,247.464,1.9258590337456871,5.511265116883752,2.13895514768103,4.485231897000119e-05,6.86104
6.86104,249.561,1.9258590337456871,5.519703374286969,2.1383294766752843,7.052332471557676e-05,6.86104
6.86104,251.658,1.9258590337456871,5.528071022901853,2.137710498525514,-1.0498525513824575e-05,6.86104
6.86104,253.755,1.9258590337456871,5.536369234595365,2.1370980867560356,1.913243964590805e-06,6.86104
6.86104,255.853,1.9258590337456871,5.544603060802837,2.136491830849904,8.169150095937994e-06,6.86104
6.86104,257.95,1.9258590337456871,5.5527657676906585,2.135892188922769,0.00010781107723101258,6.86104
6.86104,260.047,1.9258590337456871,5.560862383909509,2.1352987538836277,1.2461163723109792e-06,6.86104
6.86104,262.144,1.9258590337456871,5.568893971096879,2.1347114122046604,-1.141220466038817e-05,6.86104
6.86104,264.241,1.9258590337456871,5.576861565513762,2.13413005332157,6.994667842974422e-05,6.86104
6.86104,266.338,1.9258590337456871,5.584766178847036,2.1335545695334317,-0.00015456953343173652,6.86104
6.86104,268.435,1.9258590337456871,5.592608798980375,2.132984855906687,0.0001151440933133685,6.86104
6.86104,270.533,1.9258590337456871,5.600394087148735,2.1324205425417424,-0.00012054254174254098,6.86104
6.86104,272.63,1.9258590337456871,5.6081155645645255,2.131862067681951,-6.206768195093915e-05,6.86104
6.86104,274.727,1.9258590337456871,5.615777877313769,2.1313090638392285,-0.0001090638392282628,6.86104
6.86104,276.824,1.9258590337456871,5.6233819251871475,2.1307614362665586,-6.14362665585233e-05,6.86104
6.86104,278.921,1.9258590337456871,5.630928587603805,2.130219092559665,8.090744033495412e-05,6.86104
6.86104,281.018,1.9258590337456871,5.638418724221689,2.12968194258199,1.805741801019778e-05,6.86104
6.86104,283.116,1.9258590337456871,5.645856707652577,2.1291496458800308,5.035411996923145e-05,6.86104
6.86104,285.213,1.9258590337456871,5.653236269548997,2.128622624038124,-2.2624038123808532e-05,6.86104
6.86104,287.31,1.9258590337456871,5.660561772201637,2.1281005383756852,-5.38375685366077e-07,6.86104
6.86104,289.407,1.9258590337456871,5.66783400187998,2.1275833071345662,1.669286543393156e-05,6.86104
6.86104,291.504,1.9258590337456871,5.67505372782333,2.127070850490698,-7.08504906983265e-05,6.86104
6.86104,293.601,1.9258590337456871,5.682221702729111,2.126563090494821,3.690950517887259e-05,6.86104
6.86104,295.698,1.9258590337456871,5.68933866322379,2.126059951015431,-5.995101543110337e-05,6.86104
6.86104,297.796,1.9258590337456871,5.6964086883262555,2.1255611209916543,-6.112099165411777e-05,6.86104
6.86104,299.893,1.9258590337456871,5.70342574436885,2.1250670032653844,-6.700326538444656e-05,6.86104
11.965825,0.134,2.482054670090715,-2.0099154790312257,4.0189012355926925,-0.00010123559269281657,11.965825
11.965825,0.268,2.482054670090715,-1.3167682984712803,3.635032846313461,6.715368653908982e-05,11.965825
11.965825,0.537,2.482054670090715,-0.6217571844732723,3.318085359691775,0.0004146403082248007,11.965825
11.965825,1.074,2.482054670090715,0.071389996086673,3.0577984264284566,0.0002015735715432676,11.965825
11.965825,2.097,2.482054670090715,0.7405077519197829,2.8501676351230874,3.2364876912716056e-05,11.965825
11.965825,4.194,2.482054670090715,1.433654932479728,2.6723930359639505,6.964036049605937e-06,11.965825
11.965825,6.291,2.482054670090715,1.8391200405878927,2.5833126621105627,-1.2662110562722262e-05,11.965825
11.965825,8.389,2.482054670090715,2.1269213238641576,2.5259442853316325,0.00015571466836750147,11.965825
11.965825,10.486,2.482054670090715,2.3500410341503413,2.4845424273238748,-4.242732387460535e-05,11.965825
11.965825,12.583,2.482054670090715,2.5323466966098307,2.4525815297183975,0.00011847028160261175,11.965825
11.965825,14.68,2.482054670090715,2.6864860231863696,2.4268022089578083,-2.208957808225165e-06,11.965825
11.965825,16.777,2.482054670090715,2.8200089007882636,2.405352436577813,-5.2436577813175234e-05,11.965825
11.965825,18.874,2.482054670090715,2.937785313599141,2.3870862847445387,-0.00028628474453862296,11.965825
11.965825,20.972,2.482054670090715,3.043188214710286,2.371241960514924,5.803948507621115e-05,11.965825
11.965825,23.069,2.482054670090715,3.1384897249089483,2.3573129488416686,-1.2948841668691813e-05,11.965825
11.965825,25.166,2.482054670090715,3.225493877169776,2.344917028642362,8.29713576382396e-05,11.965825
11.965825,27.263,2.482054670090715,3.3055304715704805,2.33377731873723,-0.0003773187372297926,11.965825
11.965825,29.36,2.482054670090715,3.3796332037463146,2.3236836180191522,0.0002163819808478351,11.965825
11.965825,31.457,2.482054670090715,3.4486215338968873,2.314472879082503,-7.287908250308561e-05,11.965825
11.965825,33.554,2.482054670090715,3.513156081348209,2.3060162857822575,8.371421774233667e-05,11.965825
11.965825,35.652,2.482054670090715,3.573805246268471,2.2982068564139686,-0.0001068564139687922,11.965825
11.965825,37.749,2.482054670090715,3.6309589852779407,2.290967847758503,3.2152241496774536e-05,11.965825
11.965825,39.846,2.482054670090715,3.6850220237866314,2.284226057475897,-0.00012605747589677918,11.965825
11.965825,41.943,2.482054670090715,3.736311553673797,2.2779237394471976,-0.00012373944719756835,11.965825
11.965825,44.04,2.482054670090715,3.785098311854479,2.272012329345188,0.00018767065481206657,11.965825
11.965825,46.137,2.482054670090715,3.831615231125896,2.266450627437961,-5.062743796102609e-05,11.965825
11.965825,48.234,2.482054670090715,3.8760641665738786,2.2612034055108317,-3.4055108315556026e-06,11.965825
11.965825,50.332,2.482054670090715,3.9186410577297215,2.256238021847686,6.19781523139018e-05,11.965825
11.965825,52.429,2.482054670090715,3.9594598733527677,2.251532901884197,6.709811580263292e-05,11.965825
11.965825,54.526,2.482054670090715,3.9986776521304255,2.2470626817820665,3.7318217933624e-05,11.965825
11.965825,56.623,2.482054670090715,4.036415263091129,2.242807254135757,-7.254135756973312e-06,11.965825
11.965825,58.72,2.482054670090715,4.07278038430626,2.2387488982636743,0.0002511017363255874,11.965825
11.965825,60.817,2.482054670090715,4.107869355153013,2.234871923416765,2.8076583235225883e-05,11.965825
11.965825,62.915,2.482054670090715,4.141784609043931,2.231160644494585,3.935550541500632e-05,11.965825
11.965825,65.012,2.482054670090715,4.174571868240929,2.227606134821715,9.386517828513519e-05,11.965825
11.965825,67.109,2.482054670090715,4.206318163150173,2.224195419076589,0.00010458092341103509,11.965825
11.965825,69.206,2.482054670090715,4.237087564067258,2.220918452158188,8.154784181213515e-05,11.965825
11.965825,71.303,2.482054670090715,4.266938402271417,2.2177661685226258,3.383147737423542e-05,11.965825
11.965825,73.4,2.482054670090715,4.29592393562047,2.214730361129857,-0.0001303611298570928,11.965825
11.965825,75.497,2.482054670090715,4.324092920366181,2.2118035783283836,9.642167161638682e-05,11.965825
11.965825,77.595,2.482054670090715,4.351502992123588,2.208977712040334,-7.771204033435453e-05,11.965825
11.965825,79.692,2.482054670090715,4.378169204346577,2.2062492605507247,5.0739449275472026e-05,11.965825
11.965825,81.789,2.482054670090715,4.40414276023859,2.203611185814344,-0.00011118581434388375,11.965825
11.965825,83.886,2.482054670090715,4.429458734233743,2.2010582895463213,-5.828954632125516e-05,11.965825
11.965825,85.983,2.482054670090715,4.45414960229474,2.19858579303194,1.4206968059760072e-05,11.965825
11.965825,88.08,2.482054670090715,4.478245492414424,2.1961892939966,1.0706003400251518e-05,11.965825
11.965825,90.178,2.482054670090715,4.501785494880516,2.1938636368483277,3.636315167243609e-05,11.965825
11.965825,92.275,2.482054670090715,4.524773248916063,2.191607278996648,9.27210033521142e-05,11.965825
11.965825,94.372,2.482054670090715,4.547244418984467,2.189415613175253,-1.561317525311523e-05,11.965825
11.965825,96.469,2.482054670090715,4.569221713211871,2.1872854077090333,1.4592290966675137e-05,11.965825
11.965825,98.566,2.482054670090715,4.59072637455568,2.185213658196754,8.634180324573748e-05,11.965825
11.965825,100.663,2.482054670090715,4.611778304202336,2.183197567091662,0.00010243290833811258,11.965825
11.965825,102.76,2.482054670090715,4.632396172241683,2.181234525498846,-0.00013452549884629406,11.965825
11.965825,104.858,2.482054670090715,4.652607053912713,2.179321196631047,7.880336895293993e-05,11.965825
11.965825,106.955,2.482054670090715,4.672408185253769,2.1774571248789356,4.287512106460056e-05,11.965825
11.965825,109.052,2.482054670090715,4.691824832690371,2.1756392524911616,-3.925249116143448e-05,11.965825
11.965825,111.149,2.482054670090715,4.710871643518631,2.1738655785357826,0.00013442146421738244,11.965825
11.965825,113.246,2.482054670090715,4.729562443651074,2.172134224432797,-3.422443279710308e-05,11.965825
11.965825,115.343,2.482054670090715,4.747910297906233,2.170443424370081,-4.342437008109101e-05,11.965825
11.965825,117.441,2.482054670090715,4.7659360798163295,2.168790737905828,9.262094172068913e-06,11.965825
11.965825,119.538,2.482054670090715,4.783634312454741,2.16717617443584,2.38255641598073e-05,11.965825
11.965825,121.635,2.482054670090715,4.8010247570646305,2.165597460702953,-9.746070295291176e-05,11.965825
11.965825,123.732,2.482054670090715,4.818117936323807,2.1640532029161337,-0.00015320291613374337,11.965825
11.965825,125.829,2.482054670090715,4.834923842341907,2.162542083935589,0.00015791606441117878,11.965825
11.965825,127.926,2.482054670090715,4.851451971740923,2.161062857862732,-6.285786273174665e-05,11.965825
11.965825,130.023,2.482054670090715,4.867711357883463,2.1596143450935714,-0.00011434509357144407,11.965825
11.965825,132.121,2.482054670090715,4.883718169370724,2.158194758036662,-0.00019475803666191283,11.965825
11.965825,134.218,2.482054670090715,4.899465343710118,2.156804389332296,-4.389332295851034e-06,11.965825
11.965825,136.315,2.482054670090715,4.914968384004581,2.1554415489655954,-0.00014154896559537278,11.965825
11.965825,138.412,2.482054670090715,4.930234744627203,2.154105280817247,9.471918275272273e-05,11.965825
11.965825,140.509,2.482054670090715,4.945271543661744,2.1527946758255507,0.00010532417444908404,11.965825
11.965825,142.606,2.482054670090715,4.960085582831362,2.151508869008871,-8.869008870870942e-06,11.965825
11.965825,144.703,2.482054670090715,4.974683365972625,2.150247036717132,0.00015296328286806826,11.965825
11.965825,146.801,2.482054670090715,4.9890779281463145,2.1490078088294937,9.219117050607295e-05,11.965825
11.965825,148.898,2.482054670090715,5.00326150776631,2.1477916179814986,8.382018501507105e-06,11.965825
11.965825,150.995,2.482054670090715,5.017246723683909,2.146597153896309,-0.00019715389630903246,11.965825
11.965825,153.092,2.482054670090715,5.031039047869249,2.145423734680847,0.0001762653191530461,11.965825
11.965825,155.189,2.482054670090715,5.044643728948616,2.1442707088124453,-7.070881244519711e-05,11.965825
11.965825,157.286,2.482054670090715,5.0580658041961435,2.1431374533974203,-0.00013745339742055052,11.965825
11.965825,159.384,2.482054670090715,5.071316384906522,2.1420228457599206,7.715424007948002e-05,11.965825
11.965825,161.481,2.482054670090715,5.084387488682929,2.1409273778383917,0.00017262216160807142,11.965825
11.965825,163.578,2.482054670090715,5.097289940798535,2.1398499675583382,5.003244166168486e-05,11.965825
11.965825,165.675,2.482054670090715,5.110028037974291,2.1387900914255122,9.908574487571542e-06,11.965825
11.965825,167.772,2.482054670090715,5.122605914793688,2.1377472475045094,5.275249549052674e-05,11.965825
11.965825,169.869,2.482054670090715,5.135027551759238,2.13672095427458,7.904572541983512e-05,11.965825
11.965825,171.966,2.482054670090715,5.147296782854686,2.135710749559437,8.925044056296016e-05,11.965825
11.965825,174.064,2.482054670090715,5.159423047678727,2.1347157189114125,-1.5718911412498926e-05,11.965825
11.965825,176.161,2.482054670090715,5.171398349615842,2.1337363842870776,-3.638428707741781e-05,11.965825
11.965825,178.258,2.482054670090715,5.183231939072707,2.132771857817115,2.8142182884938194e-05,11.965825
11.965825,180.355,2.482054670090715,5.1949271308355005,2.131821745301552,-2.17453015518565e-05,11.965825
11.965825,182.452,2.482054670090715,5.2064871247297475,2.1308856674628673,1.4332537132677459e-05,11.965825
11.965825,184.549,2.482054670090715,5.217915010875578,2.12996325921728,-0.00016325921728022053,11.965825
11.965825,186.647,2.482054670090715,5.229219132367774,2.1290537385926496,-5.373859264956593e-05,11.965825
11.965825,188.744,2.482054670090715,5.240391599544412,2.1281576337813286,-5.763378132872532e-05,11.965825
11.965825,190.841,2.482054670090715,5.251440620625794,2.127274181667289,-7.41816672888973e-05,11.965825
11.965825,192.938,2.482054670090715,5.262368893771816,2.1264030674839423,-3.0674839424094102e-06,11.965825
11.965825,195.035,2.482054670090715,5.273179029637338,2.125543987608416,5.601239158403715e-05,11.965825
11.965825,197.132,2.482054670090715,5.283873555115625,2.1246966490522388,0.00010335094776126041,11.965825
11.965825,199.229,2.482054670090715,5.294454916883736,2.1238607689804407,-6.076898044060641e-05,11.965825
11.965825,201.327,2.482054670090715,5.304930451818283,2.1230356836095368,-3.568360953654093e-05,11.965825
11.965825,203.424,2.482054670090715,5.315292470753998,2.122221915515279,7.808448472124141e-05,11.965825
11.965825,205.521,2.482054670090715,5.325548218496291,2.1214188137809376,-1.881378093759878e-05,11.965825
11.965825,207.618,2.482054670090715,5.335699852735367,2.120626131886338,-2.6131886337932286e-05,11.965825
11.965825,209.715,2.482054670090715,5.345749466107898,2.1198436314257165,5.636857428337194e-05,11.965825
11.965825,211.812,2.482054670090715,5.355699088786142,2.1190710817626552,-7.108176265502308e-05,11.965825
11.965825,213.91,2.482054670090715,5.365555365813714,2.11830789822054,-7.898220539814815e-06,11.965825
11.965825,216.007,2.482054670090715,5.375310814566464,2.1175545921871897,-5.459218718950609e-05,11.965825
11.965825,218.104,2.482054670090715,5.384972013250316,2.1168105883717403,-1.0588371740283264e-05,11.965825
11.965825,220.201,2.482054670090715,5.394540765604335,2.116075684110062,2.431588993800915e-05,11.965825
11.965825,222.298,2.482054670090715,5.404018824078577,2.1153496830299736,-0.0001496830299734242,11.965825
11.965825,224.395,2.482054670090715,5.413407891760373,2.1146323947987358,6.760520126425362e-05,11.965825
11.965825,226.492,2.482054670090715,5.422709624211019,2.113923634882923,-2.363488292278504e-05,11.965825
11.965825,228.59,2.482054670090715,5.431930005871957,2.1132228922778915,7.710772210867134e-05,11.965825
11.965825,230.687,2.482054670090715,5.441061813353569,2.112530661316839,-3.066131683926443e-05,11.965825
11.965825,232.784,2.482054670090715,5.4501109849730325,2.1118464375575283,5.3562442471566385e-05,11.965825
11.965825,234.881,2.482054670090715,5.459079002910276,2.1111700574884957,2.9942511504454927e-05,11.965825
11.965825,236.978,2.482054670090715,5.467967309822219,2.1105013623592006,-1.3623592005629348e-06,11.965825
11.965825,239.075,2.482054670090715,5.476777310235606,2.1098401980007297,5.980199927035912e-05,11.965825
11.965825,241.172,2.482054670090715,5.485510371879013,2.1091864146547574,1.3585345242539404e-05,11.965825
11.965825,243.27,2.482054670090715,5.494171937624576,2.1085395601933032,-3.9560193303422864e-05,11.965825
11.965825,245.367,2.482054670090715,5.5027550489067,2.107900109780805,-1.0978080533519119e-07,11.965825
11.965825,247.464,2.482054670090715,5.511265116883752,2.1072676159089623,-6.761590896209313e-05,11.965825
11.965825,249.561,2.482054670090715,5.519703374286969,2.106641944903217,-4.194490321740574e-05,11.965825
11.965825,251.658,2.482054670090715,5.528071022901853,2.1060229667534465,-0.00012296675344636299,11.965825
11.965825,253.755,2.482054670090715,5.536369234595365,2.1054105549839686,8.944501603158628e-05,11.965825
11.965825,255.853,2.482054670090715,5.544603060802837,2.1048042990778364,-0.00010429907783660042,11.965825
11.965825,257.95,2.482054670090715,5.5527657676906585,2.1042046571507016,-4.657150701525836e-06,11.965825
11.965825,260.047,2.482054670090715,5.560862383909509,2.10361122211156,-1.1222111560016401e-05,11.965825
11.965825,262.144,2.482054670090715,5.568893971096879,2.103023880432593,7.611956740705139e-05,11.965825
11.965825,264.241,2.482054670090715,5.576861565513762,2.1024425215495026,-4.252154950279419e-05,11.965825
11.965825,266.338,2.482054670090715,5.584766178847036,2.101867037761364,0.00013296223863568102,11.965825
11.965825,268.435,2.482054670090715,5.592608798980375,2.1012973241346193,2.675865380830089e-06,11.965825
11.965825,270.533,2.482054670090715,5.600394087148735,2.1007330107696753,6.698923032466553e-05,11.965825
11.965825,272.63,2.482054670090715,5.6081155645645255,2.100174535909884,-7.45359098841547e-05,11.965825
11.965825,274.727,2.482054670090715,5.615777877313769,2.099621532067161,0.00017846793283915474,11.965825
11.965825,276.824,2.482054670090715,5.6233819251871475,2.099073904494491,-7.390449449085068e-05,11.965825
11.965825,278.921,2.482054670090715,5.630928587603805,2.098531560787598,6.843921240173856e-05,11.965825
11.965825,281.018,2.482054670090715,5.638418724221689,2.097994410809923,5.58919007698222e-06,11.965825
11.965825,283.116,2.482054670090715,5.645856707652577,2.0974621141079637,3.788589203645998e-05,11.965825
11.965825,285.213,2.482054670090715,5.653236269548997,2.0969350922660563,-3.509226605613591e-05,11.965825
11.965825,287.31,2.482054670090715,5.660561772201637,2.096413006603618,-1.3006603618137547e-05,11.965825
11.965825,289.407,2.482054670090715,5.66783400187998,2.0958957753624987,4.224637501160089e-06,11.965825
11.965825,291.504,2.482054670090715,5.67505372782333,2.095383318718631,1.6681281369113066e-05,11.965825
11.965825,293.601,2.482054670090715,5.682221702729111,2.094875558722754,2.4441277246101123e-05,11.965825
11.965825,295.698,2.482054670090715,5.68933866322379,2.0943724192433635,0.00012758075663654722,11.965825
11.965825,297.796,2.482054670090715,5.6964086883262555,2.093873589219587,-7.358921958733333e-05,11.965825
11.965825,299.893,2.482054670090715,5.70342574436885,2.093379471493317,-7.947149331677394e-05,11.965825
