recipe,nearest_distance,support_status,h_agg,h_1,h_2,h_3,h_4,h_5,h_6,h_7,h_8,h_9,h_10,h_11,h_12,h_13
p0,0.25199741134123815,within_support,0.0,0.0,0.0,0.0,0.0,0.0,0.0,0.0,0.0,0.0,0.0,0.0,0.0,0.0
A4:1,0.0,within_support,0.24904443679467206,0.5095403528827928,0.1618804194800686,0.3841119331546136,0.04162725710619839,0.9803169612928847,0.4040350753484354,0.2801658887307403,-0.06523738987116837,-0.05878018961967076,0.2768475129204875,0.040451286377325264,0.15125638139829134,0.13136218912973766
A4:2,0.0,within_support,0.11975126995611667,0.11994422495894634,0.17223278055825628,0.2625301605424983,0.005665792453723714,0.8625776719470883,-0.07811975498126955,0.06643866321611931,-0.027726865607968696,-0.02287533659346392,-0.026529894126901085,-0.03635607757182286,0.10205031304359478,0.15693483159071547
A4:3,0.0,within_support,0.1858544308191581,-0.11634630602330058,0.2416569339931033,0.07659103988660154,0.10389278839102115,0.6234544999149035,0.4187052080933015,0.29012554328931256,0.09889393822878527,0.012625997629753955,0.31482074984379604,0.0950836085440171,0.10773657363279181,0.14886702522496756
A4:4,0.0,within_support,0.13044906005729837,0.1478822918389786,0.1036552957612817,0.16405195588004715,0.08052180672923497,0.9021770965464524,-0.0905752827804628,-0.03871483915953681,-0.0018440168290455993,0.06336845373797369,0.29165968711714096,0.09832370172982469,0.032108379461268106,-0.05677674928827844
A4:5,0.0,within_support,0.05027201443308957,-0.04274557508170204,0.20362633606335873,0.05531950286256396,0.07562112241004486,-0.047559666446720904,-0.0016572063661685805,-0.08594918156319345,-0.012643832177646067,0.05365714445569487,0.2652777222060554,0.06917518261211868,0.10964140155649083,0.01177323709926822
A4:6,0.0,within_support,0.15278487663816304,-0.08530671131880971,0.18406879993915198,0.16627483794443929,-0.004459418372037986,0.9435642998839846,-0.03554554009347052,0.10278646568093912,0.16729839013866812,0.07339982989057664,-0.018461260306169666,0.15269461108695925,0.17250569776482183,0.16738339405706687
A4:7,0.0,within_support,0.09164899311715921,0.2547382058931527,0.22264550742354694,-0.061524064418512894,0.03994021325705371,0.3253019220328654,0.26126495693100515,0.09920685500631464,0.07093762357738528,-0.011522760025989901,0.0707810329879801,0.031099063048837246,0.001576493566859573,-0.11300813875742802
A4:8,0.0,within_support,0.24840599156878046,0.5509327457814465,-0.13376985375204298,0.39248374934104124,0.06650729559862092,0.9911155490728923,0.41686937822187664,0.3105194997087584,0.027415365839941277,-0.028216796999089837,0.2976433926350245,0.06392257319858735,0.12983856045501416,0.14401643129207545
A4:9,0.0,within_support,0.2799986359754034,0.30115526163980305,0.3595629212217871,-0.1192604158726643,0.1341628660794027,0.9503160026069917,0.5547784761269144,0.42452781563892455,0.22613446417282554,0.13594519115753073,0.3962435521959913,0.21612778610083777,-0.08023334360915933,0.14052169022105893
A4:10,0.0,within_support,0.1602258731312403,0.1777680884692938,0.22729340584765143,-0.04652109478267084,-0.10632373402477639,0.9400823651450168,0.174840489690036,0.08330584395727926,0.03518210002952097,0.010403068537976911,0.32423307611888047,0.09941490748324741,0.03217063844699772,0.13108719578767045
A4:11,0.0,within_support,0.26152172774063887,0.5603924830033867,-0.1449692648634141,0.3593038139764844,0.121905355220475,1.0050502267048682,0.29558047419900124,0.30233892621604125,0.03557529527877709,0.09783068992687514,0.3759073892437316,0.15904952306194195,0.053098627765914425,0.1787189208942226
A4:12,0.0,within_support,0.21324452081040993,0.3645706238885509,-0.13759213142093904,0.02816605992188641,0.10398358280460653,0.9830343463036902,0.4143121870925091,0.2988222497936569,-0.041679462801300006,0.08536881099480387,0.35528425782234063,0.14943329943823133,0.007508236845730437,0.16096670985156153
A4:13,0.0,within_support,0.20727931115927542,0.29996675426125813,0.14754698455670462,-0.10659813566220408,0.09448848937404301,0.964626718890857,0.43555250603732504,0.3211658690176987,0.08792209670162045,0.005809722318100616,0.3034419711862152,0.02296650746464956,-0.011922225145561835,0.1296637860698738
A4:14,0.0,within_support,0.03466816933812948,0.25598925395042627,0.136317415105942,-0.05584822304522395,0.024115059553537634,0.07982407090834819,0.04115869151129467,0.07680165860605395,-0.009216375813872038,0.024204307121750843,-0.02186227619491946,-0.033288776588651925,-0.10799404046658986,0.040485436747586936
A4:15,0.0,within_support,0.06223043398907361,0.15119371119730662,0.26794553360122825,0.06033139859919031,-0.0197967946752142,0.20291644828745864,-0.03848637719901372,-0.07798658930982207,0.030603410129473006,0.042480923998647925,0.2584570134811024,0.0019063916118722355,-0.055454849052252626,-0.015114578812019852
A4:16,0.0,within_support,0.017538344878389137,0.008298738713906623,0.034843350060271644,0.006907340273102811,0.12418289280061294,-0.1441752428980811,0.0006321466127160278,-0.005069271411239592,0.036942212745186116,0.07526741983510697,-0.08137580463617076,0.10798216725794231,0.05628911160228411,0.007273422463420652
A4:17,0.0,within_support,0.0736813234191406,-0.10848660943619555,-0.0342753268883338,0.29193821683500887,0.11986387170575587,0.25180003198991,0.08536286526761923,-0.0038064429497531188,0.07469019322562803,0.04431966291294843,-0.014757987999437288,0.06587439174379847,0.16241274672624537,0.022921591315633275
A4:18,0.0,within_support,0.04305661283865531,0.21005907510654678,0.13375319741996233,-0.04379306049427492,0.011061627099244463,0.13778559475341112,0.07827407606135385,0.006220619784536265,0.04972291226612237,-0.0430625328096987,-0.09663354439534844,0.013735470359690296,-0.011186847972034286,0.11379937972300802
A4:19,0.0,within_support,0.04797132143769262,-0.01994691709543143,-0.04770913819354693,0.17861813591152237,-0.023568988108976882,0.1591104819237789,0.1957935602277635,0.04589708430253644,0.02909604321340902,-0.04012621902452706,-0.025849099086662792,-0.035158292235152676,0.09470004126105384,0.11277048559423776
A4:20,0.0,within_support,0.12320782738955828,0.24435711204011307,0.21397266031225437,-0.07654114409266857,-0.002881925564678022,0.9326870611815177,0.14524427791581385,0.16994406363163467,-0.03632059993677509,-0.020314215161969226,-0.011090393947996862,-0.008798609864674739,-0.060084370492800354,0.11152784004448692
A4:21,0.0,within_support,0.149140778309933,-0.12055879943547672,0.2391714639080798,0.09012395359299955,0.04238350101740951,0.9610992927309727,0.18627008963859734,0.19398250117750024,0.14833077574642117,0.0782135877459876,-0.05049691920425379,0.0157888917048098,0.12216189223062433,0.032359887175457305
A4:22,0.0,within_support,0.10751238862891316,0.24286932014351348,0.0020234484752804428,0.2101551663769325,0.16085422602184365,0.06131897769484807,-0.012172458625511215,0.13513288093921277,-0.05494595604373552,0.10052885628706155,0.30683749784941433,0.14412772059172285,0.1297773965352299,-0.02884602406994176
A4:23,0.0,within_support,0.12859728426885242,0.21152393311474643,0.08757564626968761,-0.0911110205029813,0.10490100503133468,0.9495656918494174,0.09166695524527119,0.16026042791745432,0.17540568579237661,0.0874555875669428,-0.11664795584646769,0.15119350228636574,-0.059600226792447544,-0.08042453643661879
A4:24,0.0,within_support,0.2600925392672028,0.5998395581163032,-0.14174928057449546,0.43387858745067587,0.17711498973206963,1.019441278522454,0.2351029833412975,0.2752883295705092,0.05724360020321448,0.10651649947143911,0.33820633525665833,0.16571342919761262,0.1762099181872265,-0.06160321800132838
A4:25,0.0,within_support,0.13317399928346874,0.1746132663688273,-0.06300851295272021,0.025740513335594527,0.16554406333424052,0.8656394744901839,0.10031911035767475,-0.10493179428670336,0.11454535837744698,0.0799488666608407,-0.0038496771393444424,0.10981877095899911,0.08849693030122265,0.17838562087883114
A4:26,0.0,within_support,0.15610191124160785,-0.08145130598969688,0.21582274355375736,-0.08553893384483281,0.03217225905190158,0.9139773423292237,0.30679511457942743,0.20989471226438702,0.18507949615016217,0.07931218662586281,0.03911599225170795,0.1643571631110119,-0.019811272570181546,0.0695993486281718
A4:27,0.0,within_support,0.05918631781769386,0.29481833519756184,-0.07373173418099281,-0.0590146057939665,-0.013815313114500152,0.14797827185538598,0.1374376723811878,0.18155101471389007,-0.03147143275090818,0.02344473015737639,0.11711988646236808,-0.02144070241845444,-0.05903001145714645,0.1255760205782186
A4:28,0.0,within_support,0.07671994128629221,0.10785459583973199,-0.07874396343272612,0.33693824542914597,0.08924294460762945,-0.12983437714897722,0.034187699201139926,-0.0625780639163403,-0.00599478294511578,0.037823829653478296,0.2725246962214289,0.08860767490377168,0.2098048047357338,0.09752593357289814
A4:29,0.0,within_support,0.2695343909311014,0.31405702872547825,0.2762168309314497,0.28556765891074554,0.16577041583744787,0.9954840836921222,0.5367836875242227,0.4036800777648561,-0.05852871847144807,0.08109423205836894,0.35028246490153314,0.15872701014007093,0.11474472806281477,-0.11993241797334374
A4:30,0.0,within_support,0.18179324979665598,0.49180202901017056,0.229906979257899,0.24801142870156867,-0.025786016352538774,0.9509884423858475,0.02335814959314432,0.14609968509307883,-0.052877174874854535,0.053803640090944266,0.1469488191070216,0.13548000156609724,0.12432055238542615,-0.10874428860727703
A4:31,0.0,within_support,0.12907672348592106,0.03739804221550812,0.09444528618905518,0.11368785103826337,-0.07936992416088519,0.5979166138731393,0.2784719974171478,0.2474113034055312,-0.0685599009876095,0.004043964903409291,0.3319947351361584,0.026345769677748373,-0.03068663994110246,0.12489830655061021
A4:32,0.0,within_support,0.29349433315347695,0.6117046343789381,-0.1445501046004357,0.415475709758825,0.13367603500236064,1.0193565576552401,0.5068445838442479,0.4219300973472613,0.08597232993620953,0.05424963181015092,0.3430225398495641,0.13623776458269848,0.15228506869916644,0.07922148273097379
A4:33,0.0,within_support,0.21954148620869016,0.45066470485957616,0.2250616812406542,0.38812529780418853,0.09825451409974158,0.9579955184510539,-0.08433816485553162,0.09106979493036024,-0.05507704178642367,0.011449168669694799,0.29168813168837443,0.0788826316394309,0.21205523543959157,0.18820784853226022
A4:34,0.0,within_support,0.18538033409093282,0.2986951374523436,0.14326681209003567,0.2002781646612676,0.21585310242836725,0.9057731009736202,-0.17136941125647703,0.024096761412794727,0.08274205342547697,0.1225595828735738,-0.018208966678667008,0.1224062471265891,0.22794040987419142,0.25591134879901095
A4:35,0.0,within_support,0.10096488069997168,0.20626760062116622,0.27722615350825164,0.25088005411291725,-0.06712359135583827,-0.12918458049101003,0.10013573316099908,-0.08383962269648253,0.1513038297102801,0.034141512794868656,0.05641125354000257,0.11387227289752051,0.2160197316232294,0.1864331016737274
A4:36,0.0,within_support,0.09294073910351729,-0.11939535520867814,0.31274259960530953,0.015830924233419644,0.18241868398362068,0.1916247135732645,0.19040130697906046,0.008202566354186848,0.022653649807673926,0.09720299981433823,-0.04686627704694365,0.11555800717297694,0.07430525758634367,0.16355053149115198
A4:37,0.0,within_support,0.05215136578027181,0.17376367503385723,0.10528696898385609,-0.026100137471900233,-0.0743414826534941,-0.07260027312131552,0.11759420074462784,0.12995496411464647,0.050218283778016286,0.030830834085539778,0.32672380993785055,0.019991542771127187,-0.042380796385815864,-0.06097383467346204
A4:38,0.0,within_support,0.19430087501048404,0.1701068926744974,0.07503318872525767,0.3024033329583462,0.05472481603319441,0.9809987257782066,0.3868126859225939,0.26635231068532594,0.03846514213710262,-0.04611734313468623,0.2558575128461097,0.05173865230920574,0.07017721872840302,-0.08064176052726414
A4:39,0.0,within_support,0.06879633836148157,0.2132708653249457,0.05347661774408608,0.17082153642697612,-0.08070446843740652,0.05188302953497296,0.06691829634410747,-0.0836733264972347,0.04587385853147298,0.027808764292665187,0.2750977957299697,0.007244865273022273,0.09831430299213015,0.04802026143955279
A4:40,0.0,within_support,0.14984764045368168,0.06434134157489195,-0.11136968834381598,-0.06820849915796029,0.12637043231522582,0.9421555047135144,0.24396454257145328,0.08574875163985472,0.0942093971815798,0.044531374750656764,0.3310204197089236,0.07651871746194251,-0.01555340026677992,0.1342904317483751
A4:41,0.0,within_support,0.10423727368880592,0.1067314297960699,0.29609691421362955,0.23217706507374727,0.09694278360527518,0.16442590080397312,-0.16540988767896989,0.06154981123929029,0.041543532417909604,0.08059853528783387,0.03636763704015111,0.08565915900220847,0.15841291242856606,0.1599887647247924
A4:42,0.0,within_support,0.08483147913351416,0.19802113575278804,0.23944856426186753,0.10192798571779964,0.007445483680355744,0.16000429005507402,-0.09172112245563288,0.08729506380922607,0.033192508480287555,0.061095136853487775,0.2912660933285405,-0.015621320222781976,0.06643386591918199,-0.03597845644451006
A4:43,0.0,within_support,0.07063559928674659,-0.06827565330438261,0.23849374471326037,0.2683347164752176,-0.02334789965252185,-0.0879254130716441,0.10176154979556969,-0.0014636619135153753,-0.04055084484453083,0.020317349043587882,0.26456214920212767,0.03822293939702749,0.12609084409559163,0.08204297079191825
A4:44,0.0,within_support,0.0727060351770862,0.15615875320086017,-0.0367108404981199,-0.07401531163142357,0.15793488534465844,-0.039020091185672616,0.01897528541436129,-0.0039727614122458165,0.09482869488844582,0.08851894893720268,0.2851750911570921,0.12252675641464296,0.02293139175764258,0.15184765491467628
A4:45,0.0,within_support,0.1815263967446377,-0.13731686802654447,0.10709123488113505,0.30658548538572644,0.18895383625381912,0.4533926185949055,0.22542299061529458,0.07327777226265629,0.15511840001213392,0.11458671325253311,0.3449020335961954,0.14996236498450133,0.1793768669661817,0.19848970890175227
A4:46,0.0,within_support,0.05447718093801939,0.13289737878238111,0.0804977337068098,-0.06074884804607707,-0.06834582835122129,0.4568515402551769,0.04655178068539316,0.044987095774015814,0.007955103855867703,-0.013362871634370874,-0.010659414202092075,-0.018426123866556756,-0.019782239342811012,0.1297880445777366
A4:47,0.0,within_support,0.20327151675454377,0.5943826711750322,0.26826265307985964,0.3965029480402696,-0.09420837806227567,0.33904296373614184,0.4991941037352835,0.380463550401214,0.15175072469442247,0.03735119330842289,0.04410969735900116,0.030488092323054154,0.09357183921820438,-0.0983823411995607
A4:48,0.0,within_support,0.147161115284902,-0.01358229895321905,0.3111677119152868,0.002794879189057464,0.04088285036278644,0.87572446183194,0.14659305636412542,-0.06084327889184489,0.14285708415403328,0.07594978585363903,0.31814625134557273,0.1142825772698271,0.03815952178970438,-0.07903810352718246
A4:49,0.0,within_support,0.21774722341735947,-0.108680872252155,-0.020530117943293017,0.3062789306903551,0.13609363535137908,0.9696111563566718,0.4421175802713838,0.33060718262570177,0.09716819773557094,0.051217084970240016,0.3369925919564456,0.1289653054711241,0.13267023421475446,0.028202994977494882
A4:50,0.0,within_support,0.10313765781555023,-0.10567487336987877,0.10174838528804388,0.03128239003924511,-0.015534111389416428,0.2179016402406388,0.4235916559244907,0.3153110366367655,0.09097907685726915,0.044109962824217856,0.21108640397168865,-0.0235829525428889,0.053680273659962516,-0.004109336537984867
A4:51,0.0,within_support,0.21735790191134333,0.2584963941222816,0.3575134171158104,0.3287799609841131,0.22367441488335768,0.8879025054192524,-0.16609666534331538,-0.01977756569330687,0.2095847756479421,0.12406612552798825,0.3007407701743304,0.12903712403073467,-0.015511720766135672,0.20724318874441025
A4:52,0.0,within_support,0.0945691521454232,0.06536270184153854,-0.12684183393684248,0.17105784732357426,0.15824861274297852,0.12673366356354818,0.2286251892694512,0.08501182370906403,0.02889764412177395,0.08679572512979479,0.35373686558457523,0.1095032843128014,-0.03712793276592838,-0.02060461300582765
A4:53,0.0,within_support,0.17820806217768936,0.538645179108948,-0.13337471086386235,0.1990631821131283,0.14349938664315445,0.4440816450834406,0.20513726419057032,0.24349662662544214,0.05813475816092991,0.10740134325671542,0.3426998428549081,0.16914730508453527,0.06894804647944665,-0.07017506042739485
A4:54,0.0,within_support,0.13479781549322503,0.018804353029670824,0.16963220600526935,0.3037684348342284,0.04509713136208306,0.4116882190194671,0.1934410560215732,0.18418439652922733,0.034462799692099054,-0.05656425668748225,0.28215120908632096,0.0371480812053743,0.126976030724126,0.001581940589968267
A4:55,0.0,within_support,0.14859007007610694,0.0060429837642013845,-0.11782504119436205,0.24374487534345918,0.1415917604771052,0.9342258219009903,0.1970923899514904,0.0412708944997846,0.020275315790541888,0.05360706644642056,0.29968916847245175,0.040982865313943725,-0.06786929627123392,0.13884210649459758
A4:56,0.0,within_support,0.03860438053049124,0.05906861478173795,0.10761533814022352,0.12129154753871743,0.07722217094576053,0.19141221687344695,0.10859053676089715,0.022306538465366083,-0.052181689248922955,-0.031339884308225735,-0.042078120527290694,-0.020712918557800823,0.01782524850136559,-0.057162652468888867
A4:57,0.0,within_support,0.24873990085553802,0.5007662759874545,0.16412921718684845,0.38148754182500066,0.04162725710619839,0.9812340014526819,0.4038418903150669,0.2790116184964787,-0.05685263859010783,-0.05919038662746436,0.2764539576672765,0.04030665280003014,0.15044456643875267,0.13035875706377703
A4:58,0.0,within_support,0.16777171894504533,0.1437390238197564,0.16549456323069858,0.30517585593771446,-0.03324780869481853,0.9494481391152776,-0.005818232781385937,0.10853470205858126,0.019238061988967367,-0.05271233842588572,0.260302633315081,0.037107387411383586,0.15553843819465735,0.12823192111556142
A4:59,0.0,within_support,0.21303434257132192,-0.07222493899876158,0.3491358711966297,-0.10140396575447705,0.18823540740836409,0.9401257217045427,0.30931686900077526,0.1528493500100059,0.2338189124052738,0.13251412530146728,0.3686879684837859,0.19340201007721494,-0.06774408335488871,0.1427332059472525
A4:60,0.0,within_support,0.1420270134266791,-0.0764459237013839,0.30922071235443943,0.020910044455761296,0.11804290997853666,0.8774727005531705,0.04677051604376082,-0.07142589940074327,0.005007153473587365,0.09126005570936895,0.26522910314350634,0.10105057049649291,0.004121991684942973,0.1551372397553882
A4:61,0.0,within_support,0.09948105777302249,0.09142034851437365,-0.07581713549407491,0.23892655644110933,0.10449424623806884,0.5238004034635614,0.050604595076949095,-0.05882557116462848,0.0724144267853802,0.042724544408376516,0.28201616969850385,-0.03699043359777995,-0.0730691065524939,0.1315547072319467
A4:62,0.0,within_support,0.07380590390927953,-0.005800157579363685,0.18708134173196886,-0.045747238276472244,0.0854621660595417,0.3662545354867389,-0.004423853702471737,-0.03664775847623409,0.16447054184571552,0.07825851720900025,0.0672420455620579,0.1199812811823742,0.033763220384592514,-0.05041789060681418
A4:63,0.0,within_support,0.12519884001876094,0.06255057532852716,0.05872495556810964,0.21389769504400077,0.11356722039313423,0.8895571975826484,0.12965212926383712,-0.050051442900180376,0.050368454796245105,0.019155342261009324,0.16172264251121743,0.08053315604843296,-0.11945931052920425,0.017366304876114513
A4:64,0.0,within_support,0.13355387882669126,-0.11823227900380041,0.20250706500529736,-0.04352512357993733,0.16898844083408807,0.6123156620223644,0.1269525879101459,0.18042297734399285,0.17881351929380823,0.08699007456333513,0.06796363762866793,0.15877984557036606,0.032577633379449134,0.0816463837792087
A4:65,0.0,within_support,0.17394891294888232,0.03301862016657414,0.04880216278950877,0.30000389715834147,0.02693985930987357,0.9712042657984361,0.3115177084434056,0.18487857412908792,-0.032133709320663444,-0.058384407453711235,0.2819886760435811,-0.017320172972324487,0.12899365707743732,0.08182673716592358
A4:66,0.0,within_support,0.14769856953641705,0.28274484109901316,0.17799982355555272,0.06407696056240293,0.05587864006000012,0.9317504257698577,0.1872366771034417,0.055220423103153254,0.03508354140935523,-0.04098273913244561,0.2516711397746327,0.018996944437980067,-0.035134232585129446,-0.06446104118439328
A4:67,0.0,within_support,0.06956381854938375,0.24779394092993842,-0.005838527524690418,0.13848798593621064,-0.09448619372743947,-0.028170407179978273,0.04902516692115835,0.16255725228459214,-0.012711343670152676,0.03457450496561497,0.3494449586724981,0.045548870542007604,0.0819164144596131,-0.06381298146738391
A4:68,0.0,within_support,0.08769947343547545,0.2601050403637651,0.12781002047030832,0.29659177633319644,0.05904202529324851,-0.13180058513102844,0.13177466539253366,0.0316674150581615,-0.051216145379756405,-0.03670822430050698,0.28925805838296187,0.04292146629492028,0.002173926675909128,0.11847371520746805
A4:69,0.0,within_support,0.20838930988923815,0.35168761164968265,0.17664036827626478,0.3678348188470171,0.04597113923172402,0.9541373141722755,0.39327937427382437,0.26276586535631535,0.03589680257574334,-0.06406759856084877,-0.0674825513526576,-0.017037823964466414,0.14094717291787692,0.12848853513734493
A4:70,0.0,within_support,0.27240074609792425,0.30748726136943094,0.3619841522955695,-0.11529305750406046,0.1920803677905354,0.9520755453840226,0.5631994006778266,0.4222623599486296,0.20331748681403025,0.12747953622944058,0.3894199665363787,0.05938144861339055,-0.06961199033396799,0.14742722145178883
A4:71,0.0,within_support,0.15597408524943462,0.33369003905888095,0.113476991642214,0.03494756684094329,0.1464958120991584,0.9241924705163254,-0.10694150093855309,0.07765824458023114,0.13961931110015718,0.09185153278975797,0.29287863018246835,-0.003145559604765701,0.04817023586200029,-0.06523066588616871
A4:72,0.0,within_support,0.017314286901338315,0.06903526908715624,0.09465608437882608,-0.048502870792749724,0.080334358785695,-0.10560494727960772,-0.032410346881181246,0.05579829054747464,0.010056780287680063,0.03056407663791345,-0.027065251744041847,0.013009001682765508,0.0049239821490411504,0.08029130285842649
A4:73,0.0,within_support,0.08454284299725542,0.3184527606902474,-0.08742924651145632,0.2999764149610159,-0.03175940250732966,-0.11645085126001013,0.02040182433101238,0.12495403025576686,0.0856659949209043,0.04515859153204917,0.3449855802488454,0.02824895969567207,-0.0554165060547034,0.12226880866230642
A4:74,0.0,within_support,0.1033361533349091,-0.12902144353519546,0.2772665471675866,0.13077673770890005,0.027167181216412255,0.05389666713068083,0.16646209121297345,-0.02313510551502053,0.12289950488884545,0.041068420104506426,0.3146883761711828,0.04047424043348634,0.15418081100929357,0.16664596536016665
A4:75,0.0,within_support,0.06817109862116136,0.2575847974011053,-0.09001178650565328,0.06072419748936647,0.0968147251491388,0.21133643564499197,0.15166618252398198,0.04947275145953553,-0.051710835960916586,0.022755852187465158,0.01979649238914636,0.08730778526163427,0.09187922114795745,-0.021391536112655617
A4:76,0.0,within_support,0.17544149666535455,-0.09024881947437632,-0.0845894217038262,0.31253804330786605,0.18555909223925696,0.05573707268778003,0.4937730046646506,0.3793144920517052,0.0472045528483981,0.11285358693699833,0.38940498004211865,0.17245180662980872,0.13437004338291855,0.1723710230363105
A4:77,0.0,within_support,0.14756064183338186,0.19557179027873697,-0.08805285600258887,-0.08729270695173788,0.16295435048481777,0.9464289803217306,0.23159304678532963,0.06404616000023858,0.09763269337157264,0.0841547984292051,0.3239342952965911,0.04102325871424385,-0.06902795833477425,0.015322491440598992
A4:78,0.0,within_support,0.1863964456853622,-0.08952936192080498,-0.09548530101554031,0.04483234351675116,0.10018610018485902,0.9661534415561183,0.4706748063838119,0.3599375297754637,0.03213740718920577,0.08925981287486336,0.13171091022481785,0.15925941686663303,0.0958287096064267,0.15818797866710305
A4:79,0.0,within_support,0.1345536697384719,-0.1313158123264787,0.352014963373442,0.30529278427049084,0.2067944406640501,0.02601067099752721,0.18316568143634165,-0.01058845956816199,0.21797210315463442,0.11675035114937095,-0.11504302493271794,0.1406734745396582,0.24739199593712854,0.21007853790484912
A4:80,0.0,within_support,0.08164750679251864,0.3447185076355394,0.10130952606413687,0.3569867229794131,-0.058535105907314505,-0.028000659225410195,-0.0384626320403419,0.09627659924588725,0.043454731698825355,-0.03751446134509989,-0.06765285658042107,0.054577989197792214,0.1666088644353473,0.1276503621443887
A4:81,0.0,within_support,0.139222504385278,0.20442786058884424,-0.11476982873142044,0.07740143969641482,0.09752948903030305,0.8811276779654187,0.14259951384723832,-0.04039125360994659,0.09932275466566239,0.07507705071788633,0.294380184390033,0.05670949581581055,0.08595484811737372,-0.04947667548500396
A4:82,0.0,within_support,0.1762272348858845,0.35978257339382524,0.2510422243186717,0.07973162090153436,-0.1012351968630336,0.9757803816381436,0.30058518247113125,0.17890821121935552,0.13584029034455825,0.016648693815027336,-0.03217691305952898,0.13364205262871098,0.07655876189208052,-0.0841538291839775
A4:83,0.0,within_support,0.22580923339505615,0.19855700925126704,0.3415832542699559,0.3807081829550609,0.19034489459842815,0.8538033410409468,0.09276044764770401,-0.13048115224489734,0.14876244742440098,0.09484200756016613,0.2823514065664926,0.04105165915485378,0.22547352985768915,0.21576300605366214
A4:84,0.0,within_support,0.05126683455773551,-0.01851401776830676,0.23823076805120977,0.2644174706637217,0.05449261149993363,-0.12746156672820427,0.06539109369630448,-0.0702377457547378,0.0743954265682961,-0.011252662094239823,-0.11289048125159867,0.07105677610962412,0.08486494325026249,0.15397623300829666
A4:85,0.0,within_support,0.16732140006015356,0.4195912452885112,0.34917407616914165,0.4456848322842384,0.2426230244654582,-0.12301496346390228,-0.15239106811358125,0.07315197480256706,0.07791716732894705,0.14548077638660437,-0.019469223586414713,0.1408490007197402,0.3096900102426647,0.26589134825802185
A4:86,0.0,within_support,0.11036085129879833,0.48392268959326545,0.12027899846643109,0.212312244721112,0.17391708603644593,0.13811651944240783,-0.010299098810855068,0.12343217986048848,0.1316439803413137,0.06612226407499348,-0.02218104611330581,0.06263510140543849,0.07346155138418906,-0.11867140351754621
A4:87,0.0,within_support,0.10491641473899219,-0.024742628132369212,0.25949159378025605,0.08040820450716135,0.03635705157718841,0.8643403245566255,-0.06668140590593441,-0.05032247050452352,0.11296690263629436,0.0527152106163633,0.010216155171730985,-0.026490327677106535,-0.029965746346139317,0.14562052732735142
A4:88,0.0,within_support,0.17142530004211562,-0.12028585736122385,-0.017270317555053816,0.17257948457233627,0.14724739873359216,0.602273296814979,0.4606637575139912,0.36030799727683,0.014403675342386138,0.10407433661962363,0.1278953011990347,0.1562699990531632,0.046032660277747633,0.17433716806009708
A4:89,0.0,within_support,0.07412570640350677,0.06203176755389389,-0.03852509214392792,0.28980581403741595,-0.01551145302343601,0.5369375261014973,-0.010150563434988649,0.10872959409055435,0.0563006109300236,-0.011424488935352516,-0.10079677171935823,-0.0005000950257973017,0.132675017183208,-0.045937682368144474
A4:90,0.0,within_support,0.1395037555718915,-0.10742727310340817,0.05695158402296212,0.09927741266170827,0.10370300746381565,0.9143700608103157,0.011180082589035785,0.07218695589930921,0.026045219660664448,0.013515737724395314,0.31126349604612796,0.09226944540910083,0.08336058568268537,0.13685250756787717
A4:91,0.0,within_support,0.13862122259317342,-0.02813836621216793,0.30692396123398535,0.05511882911865696,0.16953359757419625,0.8885971020882466,0.012832917416718537,-0.017064659216206503,0.0394788142765096,0.07877493816838435,0.2993219205307368,-0.03171691663498198,-0.11450852576093752,0.14292228112811367
A4:92,0.0,within_support,0.052229039193629485,0.12936636074727279,0.018401090002892893,-0.03469925264728765,0.18450407554548784,-0.12199145292379004,-0.07670305691194883,0.0988930768748615,0.14851556871763472,0.10536654048992151,0.0880414291587039,0.10400221228551511,0.030445829012494798,0.004835089165424791
A4:93,0.0,within_support,0.1588301511958935,0.1951097720273528,-0.058478341358333435,0.17087735274768115,0.14359303422792172,0.9436198270993351,-0.10946776863898752,0.08692571308936364,0.10204463627302149,0.06181989725824424,0.3067116867537461,0.11754191693313869,0.14544299455503487,-0.04094875542090317
A4:94,0.0,within_support,0.08029217212909441,0.3026073428680256,0.2949213900715079,0.042207481292394496,0.1467417694311944,-0.04082088782929653,-0.1114774109901935,0.0479890476516554,-0.021622758085813553,0.08255993254977077,0.07411747792964217,0.11357452041806554,-0.020091489702501797,0.13309182207377618
A4:95,0.0,within_support,0.06649986747620264,0.2749298203440031,-0.0007937747851197201,0.3340456684028589,-0.08263974899882465,0.06240160759504994,0.17017810939667083,0.17336940479557653,-0.04707014963791234,-0.027735043220513605,-0.020462526677176362,-0.02106533532633994,0.10295489472816081,-0.05361464942579911
A4:96,0.0,within_support,0.1880267518580067,-0.09516252024547718,0.35487903319401287,0.2379379095548268,0.20818583880139577,0.9644888187547532,0.03099291385670873,0.14017653499738034,0.22387619731525832,0.13156929344373208,0.14358950070343462,0.16858384797139062,-0.06087210293418518,-0.0038974912591444866
A4:97,0.0,within_support,0.10251529750837812,0.0560620877330786,0.10728755896510964,0.19928052792672882,0.04815037470763369,0.9118249438071697,0.1534649279682444,0.005406552525138907,-0.03575107483527527,-0.04039752296625863,-0.12515090718669444,-0.04558031035663918,-0.021632503396007606,0.11973421271668713
A4:98,0.0,within_support,0.061004420721773006,0.11113364562708326,0.09056674822282541,0.13042148698428255,-0.07686531782545883,0.13094702787306184,0.16682195751003623,-0.015364027645351268,-0.022491989669662968,-0.016472093361571873,0.2837546274518038,-0.024631411071821693,0.1032010513438701,-0.06796423605604754
A4:99,0.0,within_support,0.07952601736156505,0.019652541992238426,0.2605072874125187,0.25897715949935374,-0.08956615410684013,0.17376290648757553,0.12388089321461947,-0.06114226991003986,0.1463474179522053,0.03187955915095382,0.023049853142389026,0.11309266348873068,0.04953793858993842,-0.01614157121329765
A4:100,0.0,within_support,0.11746299798509566,-0.03846130982877366,0.20698553865247668,0.2825765894811579,0.050848631729585175,0.8317984768742095,0.10930888690100683,0.053422233452096325,-0.04989565896582073,-0.012383763494727949,-0.002977817876696454,0.03393768453858044,0.1040291900727092,-0.04216970772955975
A4:101,0.0,within_support,0.1809637016473429,0.1754905809715514,-0.03649344437668959,0.25584386101001616,0.07629784643814747,0.9900173060277234,0.3105455583230255,0.255699121081767,0.04790744831949246,-0.023783708490701615,0.3129511771598164,0.07026058815121455,-0.1192671618017662,0.03705894860186021
A4:102,0.0,within_support,0.0987230846554889,0.1606981003259389,0.032434626915446206,-0.02124193086440884,0.09559034099814036,0.932226308878344,0.02679425292142386,0.12644782747790062,0.00031633348768695904,-0.0052717474151346986,0.0018962925739150675,0.001607035645310215,0.0249869807271089,-0.09308432115031562
A4:103,0.0,within_support,0.21635220082408146,0.154943461282857,0.3389013728823174,-0.10498198977578325,0.17783782456696293,0.9241630224507627,0.24809407045826634,0.08804436585850085,0.21010393844885702,0.11006828231132286,0.36353683441432183,0.15896289579330478,-0.009165554267589752,0.1520700862889586
A4:104,0.0,within_support,0.178623905724153,0.2088563280192126,0.1764748610420198,0.25956917594887163,0.0870902508208625,0.8414237208819164,-0.13237725531141037,-0.12896728129502394,0.17306727733277735,0.07997051834859426,0.25796780418082094,0.10765563743954236,0.18095579130169168,0.21042394570411366
A4:105,0.0,within_support,0.09308128843977144,0.12454291345191001,-0.05404035724747759,-0.011993454895654844,0.0842188753149075,0.9059114049499709,0.1799812067104446,0.017929801604561646,-0.03075258265761347,-0.018969147424699247,-0.05974085685077994,-0.046721612906521964,0.012243274925746055,0.10744728474223536
A4:106,0.0,within_support,0.13087901898325277,0.09402071542042699,-0.04602818562227855,0.25074972963901787,-0.09401123646216537,0.551350709143451,0.2805668314508368,0.1568797192610476,0.038740088204220875,0.03497925428476789,0.31144117618147965,0.06080731136294026,-0.07407304397022084,0.13600417788876226
A4:107,0.0,within_support,0.05898716538110767,0.11294002169032293,0.26537673427375225,0.01112142452350086,0.07945422342228066,-0.023761117551714964,0.11968667642632604,-0.07910097592847494,-0.004928453767265745,0.030105786040090215,0.24960041574574138,0.011300719233924516,-0.06016154725312074,0.05519924309903734
A4:108,0.0,within_support,0.12401932148867838,0.29362071446000665,0.17198801849616985,0.3337950479827581,0.030701988039266662,0.3267953462037339,0.20875076776710266,0.035958062841853246,0.04432678591528412,-0.055352535065465495,0.26220504427479274,-0.023049028501655706,0.05518962437832319,-0.07267865743935092
A4:109,0.0,within_support,0.15532524520971674,0.2438531910632507,-0.12468797938391658,0.22369726522134994,0.04061099796981388,0.9787592552944754,0.10448168972119232,0.1645986363635916,-0.011994901973854546,-0.01321462596123886,0.1949099144446099,0.06791995637261047,0.00969342253781884,0.1406013660566146
A4:110,0.0,within_support,0.1389028470045198,0.26643404984756014,-0.08123452744738488,-0.09266854821762702,0.11262038464564625,0.08520634464895209,0.4735824761827706,0.36442925501302914,0.09512930548071376,0.03572706081366617,0.315217871093655,0.1174691872190099,0.0037823891199042664,0.11004176265886181
A4:111,0.0,within_support,0.13043107938721313,0.29978876260624304,0.3167832734923575,0.11558980630327657,0.05014641878279762,0.24014712810944072,-0.15509135526000128,0.016728159358867352,0.12764008166665802,0.0891512099379048,0.3060959982004469,0.11878661513951341,-0.02349089085169794,0.19332882454796388
A4:112,0.0,within_support,0.1855978601648984,0.0006783345113016467,0.14620243350411152,0.09815196643677047,0.05288652296096209,0.9726758471726918,0.40205029591123687,0.28670259934696196,0.08366652559685529,0.0025009793257714037,0.31398196562942104,0.09865716163295385,0.07794585101663455,-0.12332830090199334
A4:113,0.0,within_support,0.2251345339560592,0.13223880563775314,0.3455159916263839,0.3990804820255585,0.19294764111135196,0.8577930824848475,0.09276044764770401,-0.13027863547518465,0.16944356452111584,0.09463211916898152,0.24693255746090273,0.03178776461782654,0.2753423906824885,0.2185527299190401
A4:114,0.0,within_support,0.08766047140958808,0.23835294237985083,0.24033846564484204,0.049332902697678364,0.1094982734906895,0.032250584027069894,-0.13515923888461234,-0.006992079094550633,0.09245175534576446,0.0973275615964091,0.04274744630975003,0.11521332342377621,0.06083526858926113,0.20338892279871643
A4:115,0.0,within_support,0.06654085489767446,0.0026254138952080384,-0.08908928913438592,0.16644201928612237,0.024763500732713214,-0.11821516928240416,0.13304866146932395,-0.0452966332495019,-0.007025606217704898,0.049711175766848,0.28041254431165596,0.09257321601289514,0.197868780908106,0.17721249917089216
A4:116,0.0,within_support,0.18048675297298689,0.3530858294357632,0.3373606918016267,0.10753568346103513,0.11159036183220442,0.35369394431181295,-0.1664398251167975,0.07475163707179192,0.19725770078751967,0.12474502161903965,0.3198641865062093,0.15520110202404314,0.14613890044743408,0.2315425544671467
A4:117,0.0,within_support,0.18463781491280343,0.28851810612677187,-0.13891968812941508,0.37324526762300647,0.08829958733183635,0.9259794547487052,0.18396583329359453,-0.0022506714257377746,0.07145400569367244,0.025101750451003192,0.29704078262538547,0.025583629790127814,0.1581409798855869,0.10413255585190762
A4:118,0.0,within_support,0.13031186251477017,0.1930765395463369,0.22530916869868853,0.05311627349799506,0.03323889190262089,0.851025072325915,-0.04126370004633489,-0.08574682235678768,-0.028381733594101944,0.0013232883764230732,0.2531399839296978,-0.01786619269192704,0.10066053746644643,0.15642290563704042
A4:119,0.0,within_support,0.12485110566751388,-0.0628571508671217,-0.10103874043447235,0.1724656482057956,0.007827786785361284,0.5826045875611361,0.1691698876819107,0.20883658890531073,-0.00810709861574159,0.06093957427311248,0.08639919346078348,0.13429257578186035,0.19214695226742326,0.18038456867232208
A4:120,0.0,within_support,0.15769182541625085,0.4192781354257243,0.35089118221253696,0.2368760142941659,0.10632162374000984,0.23664997018061043,-0.1639448585916405,0.07806632830171262,0.1784163765740074,0.12162941677319761,-0.035911293035948214,0.14625059995316328,0.16523078618226475,0.21023944840145603
A4:121,0.0,within_support,0.039276170953723856,0.00397012670099438,-0.07465509423811306,0.2183363256816497,0.06233833198680351,0.001001204252790654,0.13062652159432964,0.07310523438387338,-0.05855756551506605,-0.013348047265832202,0.016476868045063788,0.01840911003802274,0.0496671208812361,0.08322008585265753
A4:122,0.0,within_support,0.16418774139216213,0.43216411243328073,0.08920692312387837,0.3622116745681976,0.05489830539669085,0.928444762844294,-0.10290789305647524,0.07952066520936397,0.05900716849399861,-0.026210208808996074,0.08040797946002695,0.029985930699031278,0.15680757247391822,-0.0090963547391015
A4:123,0.0,within_support,0.1244571541016766,0.08773967845302316,0.025356454233601427,-0.07495446654609361,0.11245830812218384,0.8628808683151195,0.027820691531387522,-0.06847909609638193,0.10383501729132821,0.03454933757398379,0.2618271908707434,0.09562433884779023,0.020727974822224295,0.12855670590288595
A4:124,0.0,within_support,0.17927153910103635,-0.11687844914300544,0.1236014221613691,0.09918189736838323,0.07476686974202994,0.9535678771407524,0.40193523428862743,0.2918059637630257,0.019401354227919467,0.009820284430417143,0.13393812737356905,0.09860496760332943,0.09858109730878582,0.1422033620482692
A4:125,0.0,within_support,0.05463324775999111,0.19292045146916215,0.23301288646296686,-0.07202525000363022,0.16524350849145678,-0.12690654219634157,0.0625266509297007,-0.013996808766135176,0.11463559936537675,0.07145637327748246,-0.009543472793776526,-0.015227657113875226,-0.005270945755560784,0.11340742751305814
A4:126,0.0,within_support,0.19395643821664998,0.4486041431179681,0.1454507604663183,0.1780914286493883,-0.048912675726612544,0.9530718802552068,0.35445415052039403,0.24931305836865758,0.03533322470082212,-0.043951858693610166,0.25682984474099535,-0.014158721181921134,0.09120484437827564,-0.08389638277943245
A4:127,0.0,within_support,0.10407753681016772,0.07507904699876429,0.29292397055428965,0.27915372478154854,0.16679720293080266,-0.030568594197544957,-0.16266735926225984,0.0681590580127461,0.12319202986009968,0.10397273612451916,-0.008277454519636261,0.07667912427791242,0.25380031366670547,0.11476417930423326
A4:128,0.0,within_support,0.17950201553805925,0.40169225933296365,0.052099534676707374,0.3001625034467496,0.07958721872827855,0.9789474521649152,0.301167782103257,0.15279678446649642,-0.0032593143625821316,-0.013548012287480544,0.3060293016964379,-0.040744310886631704,-0.05509310845126484,-0.1263118886330763
A4:129,0.0,within_support,0.08342080100978778,-0.050615745556307115,0.288185421540903,-0.00498078190603593,0.17124072454157305,0.17042848434073307,-0.02338589216848922,-0.07855312335964543,0.10852605345409476,0.08262092561161391,0.2401335550113554,-0.03065597824064898,0.04796249443775452,0.16356427542034008
A4:130,0.0,within_support,0.17769871636107365,0.43624405367515573,0.1782411363245006,0.3763743068757001,0.06103985890465291,0.9374234591704501,-0.07628720874993306,0.07650538254105099,0.039445181138128456,-0.043717406709995535,-0.0009344021101124593,0.009550095200982062,0.16733756739964017,0.1488612890337369
A4:131,0.0,within_support,0.2645312449069191,0.3109417046971436,0.3490790708568615,-0.10788161979405016,0.19365682889511693,0.9491605794992644,0.5593858146660562,0.42608648793183385,0.20573473164248088,0.1344925389348685,0.38743862408258506,0.0981696615696932,-0.01690920677579996,-0.05044903241610605
A4:132,0.0,within_support,0.08425076137075349,0.05265013652886565,-0.06949868898886763,-0.003974960683312902,0.061647755939628665,0.3655932124187671,-0.009105528994424926,-0.07208118283713971,0.1018958397103186,0.05285948570587598,0.2825000935233348,0.10664072691613395,0.07545986796725108,0.15067314061336476
A4:133,0.0,within_support,0.146666450772076,0.11421206916506059,0.32142288252611584,0.033937892672962634,0.17389519691358485,0.8981909403311027,0.18943863519617354,0.015407791365308189,0.1896072764715075,0.08819972541130885,-0.010880225049305145,0.08611048748444218,-0.06376216009743516,-0.12911665235383876
A4:134,0.0,within_support,0.052207187636115274,0.12317853264005739,0.1168106086066705,-0.09948332685904163,0.01214572924690183,0.11132906692642063,0.03439535139831182,0.04441407249734123,0.15902094356557422,0.061896248639511126,-0.10360907585910716,0.13490348117072115,-0.027884319860059043,0.11157612715619653
A4:135,0.0,within_support,0.05695159750952054,-0.1012351399570877,0.20871410056792225,0.02837845753262164,0.06900007329140478,0.04993052052893412,0.05209289328667083,-0.03734842325080641,0.11351344644299018,0.02468936243226939,0.02525117024397825,0.09877766672433087,0.0551618080278715,0.1534448317526673
A4:136,0.0,within_support,0.04670822383604679,0.3514419309076332,0.09793305959736055,0.056815966879760614,0.09581009674179225,-0.13845833786578562,-0.01510474748560908,0.10998697620066736,-0.011534351109782905,-0.00578565862381665,-0.12173411046827536,-0.018926249051130918,0.07166641529908219,0.13509591884671268
A4:137,0.0,within_support,0.024848593046150544,0.006834746127698878,0.038946097214804354,0.08443506696774804,-0.029325057060258734,-0.009789423233911328,0.13299515626547045,0.0051541213514347895,-0.023724627993492054,-0.042522905793179966,-0.013744341770435719,-0.02223526775470281,0.08045029585492151,0.11555784942385967
A4:138,0.0,within_support,0.17236296076892962,0.1660346261653093,0.305391721342684,0.1508196894390502,0.15058785710646377,0.8806173745798097,-0.17663815767907903,-0.030405754686794514,0.14641504085722154,0.06894390704002616,0.12242647446651396,0.06489283756917552,0.16167932533911875,0.22995354845658617
A4:139,0.0,within_support,0.030107698891971863,-0.02666488462684483,-0.03800291137338658,0.24592737069318435,-0.02403616420178193,-0.07179489895021006,0.11344735391800496,-0.02743292408240605,-0.034524996396456856,0.004902367660619264,0.026835266543613553,0.0473445680041795,0.03278138184706769,0.1426185565600512
A4:140,0.0,within_support,0.10490170795136594,0.05121087866198828,0.20925231616437057,-0.09663635706861132,0.08767019465495678,0.6013896634155464,0.006051161074419335,0.04426213634509363,0.07687112072615085,0.008940352094922067,0.1792644635425965,0.09097668752343568,-0.0065233567796998005,0.11099294301258815
A4:141,0.0,within_support,0.1254383363334829,0.08540432517176297,0.2339295722983386,0.05110943372673991,0.10650184181316957,0.5816047306050284,0.3633693843754337,0.2322281325937885,-0.017861990891581185,0.05175272391275947,-0.020793696039821164,0.13308578716564093,-0.045209751504197884,-0.12442212089178434
A4:142,0.0,within_support,0.06795418540171823,0.28461575353287394,0.13340674353347076,0.04372899386955936,0.08583345120365846,0.014639268904224833,0.290633833224015,0.20959910585489105,-0.049372606870007066,-0.015067795405733716,-0.0983283854452629,0.0801907793893175,-0.0034391705698514274,-0.09303556099881906
A4:143,0.0,within_support,0.031020490835741994,0.20857369177515608,0.11377705530416443,0.049808177550108586,-0.06654387487816708,0.07095678440880766,-0.0463450117095179,0.030414706622662494,0.054136509350354176,0.0213050376947603,-0.014225728339789136,0.017864818457705656,0.009195815308405483,-0.04565160068000471
A4:144,0.0,within_support,0.07543989310864026,0.2324461124710365,-0.007487058531393198,-0.08459233986685248,0.07587899847851716,0.5293760098666523,0.09570921037593896,0.12702784847360515,-0.005275868687487154,-0.009383810200596272,-0.027656840349198245,0.0844964140527599,-0.054820224577728394,0.02500015890706909
A4:145,0.0,within_support,0.26201071430879314,0.2995257996900897,0.31574447626620517,-0.11442650008000922,-0.004890946090860668,0.9550216642581957,0.5321011320849978,0.41616840234269725,0.19395118597514818,0.09013712997321255,0.39089136148893777,0.21404363217084116,-0.029374910212379764,0.14724685814723557
A4:146,0.0,within_support,0.12141719576755826,0.0947229660573654,0.16041582879140703,0.07585581524118576,0.04941124421797105,0.9518469187584314,0.014269811610598414,0.11124388187893246,0.011047898661944389,-0.05656860834519452,-0.09886972940201309,0.038782777560909094,0.1001227613015995,0.12614197864512042
A4:147,0.0,within_support,0.10572663211389785,0.17075793220817198,0.26618166131556165,-0.059335378561069727,-0.06232118128836518,-0.05158694512252161,0.19425831547871056,0.23248333634452223,0.16687863726532307,0.06531851852609621,0.3386853440964974,0.1921267860333056,0.006165397918689756,-0.08516620673425002
A4:148,0.0,within_support,0.04553500879960821,0.19971195038571463,0.12838492952942984,0.040689563731763564,0.13545641123633154,-0.010732830788378648,-0.09787596744264335,-0.07379974919735467,0.04748925909426963,0.04285358916964652,-0.13179302394859702,0.025489366779482547,0.10583785456144006,0.18024376128380196
A4:149,0.0,within_support,0.10525419955851108,-0.047312538313110886,-0.010284341442612293,-0.07325535918024657,-0.03219896052311079,0.09244128480503601,0.37887929668813886,0.3294159912514633,0.05935345105581866,0.05494727303713615,0.3561718462174379,0.10553471031879712,0.010721069099268751,0.1438908712466279
A4:150,0.0,within_support,0.24497131567408198,0.436699528218484,-0.1413908519407546,0.03785688634364439,0.1700704182554711,1.0013173938050457,0.5412955273301406,0.4234455189384985,0.10655915680029054,0.10207547081343257,0.3373733979848507,0.0594701323658674,-0.046831637387556496,0.15668616223565157
A4:151,0.0,within_support,0.10453301898555258,0.026619466755290717,0.2522468353659138,0.14577076273597492,-0.0015343904319636247,0.8901242877262896,0.07132557764889429,-0.03357252049678189,0.16131667542243083,0.04357280397649576,-0.12613633210014935,0.07493463093626472,-0.062290049541571045,-0.0834485011849052
A4:152,0.0,within_support,0.1767981328343895,0.556664489777255,0.15946158226757579,0.29720752116140653,-0.07305638009616024,0.3177519620265393,0.35797263918863237,0.29873255527414033,0.09373677647309607,0.034770254630084894,0.2927498732324028,-0.026297108160567358,0.10959673338140971,-0.12091517230875208
A4:153,0.0,within_support,0.15453707701914668,0.3772614777634774,-0.029399631495917376,0.3104276993790386,-0.02418217147818211,0.9402560086635599,0.29260430779836083,0.14749354097545134,0.00419739840455227,0.028796176932654596,-0.011573304061106807,0.12626532124500975,-0.03044977989453995,-0.12271504298345165
A4:154,0.0,within_support,0.05773461633575671,0.0550672362415346,-0.094417213226191,0.06537515238607365,-0.04101816300488486,-0.06452923523916601,-0.008903061681541594,0.05100012029742052,0.08382369406098344,0.04786077207034973,0.3060035519607421,0.06046750605873515,0.11630982185517125,0.1735098305856102
A4:155,0.0,within_support,0.15444276314088967,0.4691677852628892,0.207438046357059,0.11331409910614351,0.10542271894899226,0.968200698480745,0.06415879336808104,0.1618712761771999,-0.04418292826807717,0.003890703343364975,-0.0543635320425981,0.08101769777398653,-0.11934386800159223,0.051164430325371706
A4:156,0.0,within_support,0.07808765869311717,0.1607447335208914,-0.08671571466833503,-0.06556216211610234,0.13082778718945648,0.1561808343484097,-0.007926024709736107,0.10983172606422828,0.10151617309009119,0.04948888129925848,0.18747443199514507,0.11923126883971426,0.028931262096989548,0.13111636606051216
A4:157,0.0,within_support,0.12731767767386098,0.016340436648838004,0.1154499875444157,0.01714507324466425,0.10082121396669413,0.9309505441623429,-0.0912629919028075,0.05989066926155053,0.0841708858485232,0.01395711872122448,0.2501506303698515,0.049797219848776005,-0.032198732370765,0.1399177544168845
A4:158,0.0,within_support,0.24601604967836949,0.47576398496368144,0.32984760669832797,0.42726385347468054,0.2458002719778326,0.6407063138544347,-0.16460245393167539,0.08982014616177247,-0.011779596004171337,0.15263244899526465,0.32740098449087257,0.14302398508017555,0.2735769168383365,0.26875418321927086
A4:159,0.0,within_support,0.10100342895609897,0.02427846313023384,0.16896373659741223,0.2141339606030929,-0.05116209390812788,0.31572530471877375,0.3442747699614224,0.225952395628149,-0.05803526028668958,-0.04972471649552695,0.01347500923434097,0.05038427001834432,0.0018019219859926952,0.11297681524186892
A4:160,0.0,within_support,0.1994456627630471,0.3554058943353821,0.10783987015713263,0.3486080942410222,0.02117447610930152,0.9720628216842186,0.34965828340056465,0.24124662020531557,-0.07140789157435198,-0.045604859903995425,0.1434008214788164,0.0461620261981054,0.11747851650418235,0.006768943083918638
A4:161,0.0,within_support,0.17501033236156818,0.17357856113375508,-0.1417763427315523,0.21634516513319602,0.10187101455924845,0.9650817428946242,0.23911274423723364,0.07873474790778981,-0.002388091334687303,0.049573386602788594,0.3169075293218064,0.04827796166462273,0.17057285608663067,0.05924304522493009
A4:162,0.0,within_support,0.14683958025849236,-0.0428433474059468,0.07805524201327124,0.022652623826473546,0.18490164285922256,0.9015677598657142,-0.11148677969872564,0.0238207539819691,0.14875028909071558,0.11526393695778606,0.2998012401651003,0.13294931072165864,-0.019373066706861012,0.17485493769002305
A4:163,0.0,within_support,0.16001911335778005,-0.034160326817349054,0.26046524054369513,0.09063578215306906,0.06900048668851844,0.9629333416720126,0.4128583194617099,0.2887582169359529,-0.04585639788902484,0.02448508292754824,0.0474703340925983,-0.03211737177184057,-0.09604580656708431,0.13182157222133487
A4:164,0.0,within_support,0.09936190549861593,-0.10291116304147599,0.0767301852503902,0.18934638744539203,0.05367276929634127,0.35829546202627865,0.09464898582218295,-0.08027197559528607,0.10335305807001957,0.07170732109091814,0.10718625589560452,0.07775759167734288,0.15651193353794582,0.18567796000635325
A4:165,0.0,within_support,0.1162780052145118,0.2636825273627723,0.16742334994901636,0.022083454334673267,0.022194788847838574,0.5460738273611663,0.029128426072206285,0.12448522971636132,-0.06256034607690165,0.043364122872732204,0.26398319760384237,0.0747328941098068,0.06380508751498538,-0.04678249187984612
A4:166,0.0,within_support,0.18875065993436288,0.42956784890884797,0.24946773489533455,0.382901039834636,0.05825939725831375,0.9335707386579295,-0.12158357369624923,0.06819764230339784,0.09897129080004734,0.009153754042908479,-0.10802454154572214,0.026165454414950426,0.21559959971002454,0.21151219356229858
A4:167,0.0,within_support,0.10144266551961818,0.3543334239135685,0.1963521791978458,0.03220559757723558,-0.0823239882616628,-0.06359710363676471,0.327298423750448,0.20185031250308022,0.06845685220203898,-0.010949429155441106,0.3053879661340405,0.04205784018527437,0.042962760430492915,-0.09528018308511986
A4:168,0.0,within_support,0.0985198826770995,-0.05015702171061604,0.2920024051662182,0.29511408420067353,0.06662402129885865,-0.07990049436694836,0.11120835530621091,-0.09339688092048265,-0.01831712684731697,0.0753271571197215,0.29262687042503405,0.09348288137043194,0.10769144937220362,0.18845277438830538
A4:169,0.0,within_support,0.12807671900731693,0.20231194032231922,0.25649906307810727,0.3831823875616005,0.11755479438626534,-0.0326974299553621,-0.05106176677873545,-0.13420771698540315,0.11062450755181402,0.029759565286604152,0.2590023654987395,0.08693776506719487,0.24196745472159867,0.195124417340377
A4:170,0.0,within_support,0.01348873365388759,0.23027507453174936,-0.04517709545610592,0.04113516316484724,-0.029561304465137102,-0.11548971092386137,0.09745049517553826,0.007955676338798704,0.020519133071012583,-0.0005657459653314438,0.047182744804332384,-0.0307415261236706,-0.009273523146380696,-0.038355843505252785
A4:171,0.0,within_support,0.2233451069571265,0.555770801404578,0.2067491219710632,0.3853242826473683,-0.10877791186821452,0.981438152232898,0.3887442297861116,0.28841841615327035,0.06602530090870744,-0.02998950889219097,-0.10168633636202445,0.08654775951720818,0.14568934991936458,0.03923273302450496
A4:172,0.0,within_support,0.044341851682329875,0.11931224021694879,0.1599772224237583,0.06117055584142184,-0.03806910140460588,-0.042045190584567065,0.12404316416363506,0.17566755588845553,-0.061802378040997225,0.014398840855255843,-0.09232668610462423,0.03416356603487688,0.04808162560436883,0.07387265697636156
A4:173,0.0,within_support,0.18121187282099782,0.329761942724296,0.31325760788466084,-0.057545302193336714,0.18221895542676067,0.9816435491386754,0.2509343260496472,0.24588016966923903,0.053804321882195416,0.10142980769654328,-0.12666413255430461,0.10838940314069807,-0.12627527520908502,0.09891897301698259
A4:174,0.0,within_support,0.17646993420866436,0.2555701503412371,0.3228614767606246,-0.06960007712126136,0.08226477330603561,0.9143362149459741,-0.09721722103921365,0.10004207813616914,0.19208455073871067,0.1119426419002724,0.302999561008703,0.1755795447627258,-0.05931576795242537,0.06256121892508455
A4:175,0.0,within_support,0.08601827129207909,0.35356050145515033,0.15322859573517875,0.3450040600876019,0.06710662953047361,-0.08172861970757904,-0.0194291520260889,0.10803883673181645,0.028043589492904298,-0.04151377541017889,-0.08843239289605556,0.048580342661689,0.12484638454372016,0.12093252659839594
A4:176,0.0,within_support,0.15266720602124054,0.4183805659026658,0.14627127571296203,0.3453893533462035,0.18689052710769938,-0.10804092985116912,-0.15609923946064447,0.06802292510532537,0.13863790933891382,0.08994004334135741,0.29884136276899675,0.04217980725518773,0.25040031208311486,0.26385976562551394
A4:177,0.0,within_support,0.097408090391385,0.15524676160808026,0.2513389300126327,0.16609013863003547,-0.07236459219963877,0.4368031895485281,0.10475263808463481,-0.07895251389766031,0.08745745236332927,0.026507270289009056,0.27153054524654535,-0.035772509458723865,-0.026726544965114372,-0.019605590173652807
A4:178,0.0,within_support,0.25649782337965155,0.4478976295059346,0.326631933080836,0.39104176514641487,0.18170640438075025,0.9483228768543442,-0.1668070637450349,0.0755697804749938,0.15860345717654611,0.08443575783999982,0.30648502818673323,0.12561066408872842,0.2028174178705485,0.2521560530746752
A4:179,0.0,within_support,0.06468269429083182,0.19702105210079765,0.009592237935241771,0.014956216015287316,0.16587411701787094,0.21681653250563418,-0.10991723303689145,-0.004365350181723805,0.003007865522828533,0.07174095456299602,0.188452693500244,0.01639778721022807,0.04380504206390543,0.02749311056439491
A4:180,0.0,within_support,0.17102184885186572,0.1727063722177067,0.3431738894992325,-0.1065881620972138,0.17671818631629785,0.8579775142086039,0.15158213477605256,-0.06225337350477555,0.2070741571228972,0.09905659506090288,0.21911184833643516,0.12127230083317372,-0.09147265285685992,0.1349252251618012
A4:181,0.0,within_support,0.11076590451490273,0.011910135653820524,0.08683309163798722,-0.10835531921636773,0.04359617502110239,0.8977875488919375,0.057360973115896934,0.020098278766429827,0.1076531203786159,0.043365582162240526,0.17281080982034092,-0.00042208036871169255,-0.02678832364223877,0.13410676647268197
A4:182,0.0,within_support,0.14350281027393355,0.06200350860737425,0.22830461600456803,-0.021264989694126275,-0.1027777878411471,0.955290177252576,0.14160911297956194,0.17899335249578652,0.1006683477595267,0.007355146493091908,0.21199672373379533,0.1169562633758895,-0.01857808461315052,0.004980147007389712
A4:183,0.0,within_support,0.10705867675705096,-0.05202104560110466,0.2394105489477804,0.3131752823627433,0.08193700270327842,0.029878625432742577,0.09810818422044261,-0.10285912101846474,0.09143190024088751,0.004168634538459633,0.26310714425607257,0.04835063886016266,0.21290304004893026,0.16417196284973193
A4:184,0.0,within_support,0.11902838727158337,0.18465005900431675,0.21089383583345317,0.11872114052166884,0.04467379279368325,0.5349090626266855,0.1061903912913646,-0.10971703903849288,0.04897884976113706,-0.028366956510734887,0.25014960029964767,0.00408696171104977,0.13465355198337156,0.04754578425343344
A4:185,0.0,within_support,0.10906054973951178,0.008735817854588166,-0.1209458165999741,0.3264075657517708,0.18275468977371698,-0.11952029817510325,0.06319196847798353,0.1565293110295957,0.08834445524387702,0.09052948788878351,0.29517708066817727,0.010904506246976042,0.24810755695541065,0.18757082149785084
A4:186,0.0,within_support,0.043599895902526116,0.20894073141869793,0.17390093771930593,0.027683272740006152,0.02885801777849736,0.019701589039392512,0.1639589076553616,-0.031757480251523966,0.04925461509368699,-0.04332106490726029,-0.09492970946561768,0.04657524704490676,0.041466773760590464,-0.02353319089320425
A4:187,0.0,within_support,0.1708031781529423,0.048888341655595774,0.13636730768374605,0.24721571546770255,0.04569185713480375,0.9430058435398342,0.12452399091042157,0.15554820160330038,0.0335441214909385,-0.05501784153790757,0.23746508556585236,0.025047122291115012,0.15192038159270432,0.12624118859014294
A4:188,0.0,within_support,0.09721498594844245,-0.08275688703067242,0.1095526767933615,0.2839092570059509,-0.041423265865549924,0.0726453189170896,0.3417772833526099,0.24017944296997645,0.010139629056189437,-0.024226955073936136,0.17979880614009813,0.07157595949048222,0.08928683061852809,0.013336720955624343
A4:189,0.0,within_support,0.20904588999553214,0.15784686759099142,0.3434199815099407,0.3807364843332231,0.19207588793581085,0.8439888178393425,0.09483045182968033,-0.13048115224489734,0.1802197147571364,0.09534503281874611,0.15508055238807847,0.05737469221208369,0.2362976078415334,0.11086163113024888
A4:190,0.0,within_support,0.07161124627722025,0.3672852303527929,0.07748580415520533,0.0987104369106765,-0.021121030813667473,0.13393250463762588,0.016800172564921344,0.11390854110879657,-0.04810506550288421,-0.0375637843759728,0.04125818556889273,-0.03271979470113656,0.08401998072573882,0.13705502097287436
A4:191,0.0,within_support,0.11795138550760088,0.564896857079445,-0.12345792073628017,0.19479664686959913,0.1741069575952178,-0.0438303658775864,0.23320407946729263,0.25730555270060446,0.107497825906378,0.09069459014619209,-0.1036923792683668,0.06567700157315141,-0.04695468722743484,0.16312385337059926
A4:192,0.0,within_support,0.2336651470219463,0.6029120001675687,-0.09242124896401972,0.3732568014879043,0.09925203853555156,1.0085527390839628,0.34011577062014303,0.3321502904752648,-0.05196145727150008,0.05307521455461939,0.35179157337322314,0.06952218761237329,0.05528884871343423,-0.10388784710322331
A4:193,0.0,within_support,0.1772195395936307,0.21282731311087383,0.3381113778534871,0.23324712772073017,0.18813130681641496,0.8528348186784507,-0.1296090111619323,-0.09633312014621961,0.08047951823597031,0.10597039631848926,0.27768212933305814,0.10099273903942797,-0.031102285532307206,0.1706217044507559
A4:194,0.0,within_support,0.1623318382937395,0.23796363521345576,0.2765421386397316,0.27337469846967405,0.06235920973074848,0.8825096722261716,-0.10101988572732615,-0.05825658219412791,0.023626397514880982,0.058152828395162864,0.29245071927212873,0.09396071864516092,-0.07590720553229602,0.14455755316524918
A4:195,0.0,within_support,0.05233716781433251,0.09990009431179286,-0.022266393404322155,-0.002175341946237382,0.1488241323977862,0.07979817536683223,0.09466933749122944,0.0242454922166455,-0.01805299528852741,0.07259628621103373,0.15851181503473702,0.10632344117372208,-0.11914382362566227,0.0571529616472928
A4:196,0.0,within_support,0.0698387602003353,-0.09438822930673256,0.24886559735270153,0.06853253247828156,-0.06388434981152384,0.14397734002384094,0.22877505131133213,0.07474424616904593,0.017082182679556294,0.04303511466281033,-0.00904308085851789,0.10701878148785453,-0.0001633888301236544,0.14335208524583376
A4:197,0.0,within_support,0.07692917234601429,0.07587716918253369,-0.03082997941308471,0.25370443649861674,0.04508874287095324,0.43390686801952155,0.05179963286749058,-0.05272854040761965,0.027940463951339027,-0.048285462085118275,0.054381576605949,-0.0385849817046674,0.09858040123793857,0.12922891287433358
A4:198,0.0,within_support,0.13354355665746726,0.23234900520672436,0.06528554757231975,-0.09278631255575367,0.10195021653931378,0.9409121634896882,0.1765671129034343,0.0959515762524142,0.023416632585886932,0.06302337241865918,-0.08777090428637535,0.10515941650264084,-0.0025013110082151243,0.11450972092633693
A4:199,0.0,within_support,0.1928057432089651,0.20429507907043315,0.3097770752279949,0.36235732996817016,0.1764420511395355,0.8546084719727723,-0.06167934257334708,-0.13029511734263988,0.0036354377007117573,0.0929525619659554,0.26882202630978363,0.09102417221421776,0.18913834528695594,0.14539657077600232
A4:200,0.0,within_support,0.08290407642240458,0.20840834903363067,0.05479478047766152,-0.07447521235418905,-0.0031450267595555213,0.59388322376754,0.21040509789964246,0.07960110449476929,0.011000894227536934,-0.020190022611711215,-0.07326690761457985,0.06888247023486853,0.010125712372222064,0.011728530323423693
A4:201,0.0,within_support,0.0982304406220075,0.384211654008512,-0.02960951701839467,0.10886270048015513,0.17083276959235516,-0.13980021435031958,0.005532071267451995,0.10970710459429767,0.12476429697828363,0.09160076690682491,0.3402696058700676,0.07052239208814153,-0.10623759379554272,0.1463396914642648
A4:202,0.0,within_support,0.10719281977364885,0.0034191528214821986,0.2511119055627786,0.07687097024835242,0.1672852325619489,0.6073157089132916,-0.04023552104921,0.028213693853868193,-0.04674707597757333,0.07585279558868796,0.22049876653931869,0.01929726868666966,-0.0685687135496674,0.0991924728574873
A4:203,0.0,within_support,0.21070719577006344,0.3991625161781685,0.17274520029405915,0.32092970156551814,0.04482391307342988,0.9642199966632511,0.31732948656978827,0.17376533913084613,0.03658146189378224,-0.06031939705057619,0.2029729885241402,0.03759117437341512,0.01774677471576025,0.1116443890792416
A4:204,0.0,within_support,0.057709008868665077,0.031050824231720238,0.03851092065205739,0.0625286092579883,-0.015601348377159867,0.11428354723803918,0.02199044900004982,0.11755779790242313,-0.061860926399903635,0.0013404867663572306,0.2725884712186102,0.07953085389729868,0.09201010135447184,-0.0037126714493064517
A4:205,0.0,within_support,0.13713822442773665,0.3973052831744932,-0.14212666527711354,0.09207578727216179,0.03172117939135011,0.29694200260806897,0.3711228449976596,0.2580794837810625,0.02851477549550255,0.05658772034380115,0.1494390819836869,0.13809561556783445,0.11219414570174636,-0.0071543374796775
A4:206,0.0,within_support,0.12026818012290202,0.2934777321193181,-0.13779507657260678,0.3836381751928447,-0.02889471578877244,-0.011970372266409252,0.20051179232187852,0.032041942437733076,0.08272275802734187,0.05491042657916192,0.29577791492805255,0.04998777829701406,0.15525852591386766,0.1938194604083024
A4:207,0.0,within_support,0.20364255351512547,0.12766497036790525,-0.11660381830210471,-0.021268818236864308,0.1637495883614341,1.0049570026167782,0.5115354938567284,0.39251194781257864,0.04887729745993294,0.09298652500862065,0.35992658014675766,0.04367341695197075,-0.10149501286329708,0.1408380225161905
A4:208,0.0,within_support,0.1904343410856814,0.2003015237416161,0.24455914443233082,0.3709682865935929,0.07602912034231024,0.8508004154632144,0.0968919459477462,-0.12480668719025309,0.07778375161835371,-0.007678654938366331,0.23194442035986818,0.06833543343275393,0.21841139919934707,0.1721063351113442
A4:209,0.0,within_support,0.14908539416032626,0.12434713512927222,0.1243125555526761,0.09484519901443114,0.03074023569149681,0.9661887518153193,0.39078953555068835,0.26652899054527684,0.04662176766679232,-0.03609969270204914,-0.10341370886167085,0.060976481643725336,0.07574820482470221,-0.1034753317864187
A4:210,0.0,within_support,0.19117872369655073,-0.09270237538206486,-0.06473013934051151,-0.02138864584791304,0.17880970635753515,0.9391583897345267,0.2525241763007686,0.26719246154176624,0.14146469629985492,0.12398782685715537,0.34696653493673824,0.18977096859852072,0.06322686729407587,0.1610429407047074
A4:211,0.0,within_support,0.06271863576719192,0.10900026856089545,-0.02145344253310986,-0.1074766001702873,0.023219413728682047,0.3050048311392734,0.1506338620650005,0.03146197818976738,0.09364130736450697,0.02935235726588594,0.05314379533879796,0.10905712587429567,-0.01819510408343274,0.05795247223321932
A4:212,0.0,within_support,0.07254039184953814,-0.06428867791179624,0.22053795031277004,0.04882916061717655,0.10733321999560627,-0.05989473282535737,0.17990780640945742,0.03366935692582355,-0.058742393055254395,0.02066944442508339,0.3038977879140275,0.08734391966069475,0.052848827504605095,0.07091342407115932
A4:213,0.0,within_support,0.1398236038996797,0.10044305698050185,0.18404764502405083,0.24683744256578374,-0.05702180209990123,0.9037888104652839,0.13594239278107204,0.008623904916966041,0.08440349869520818,-0.0025664572700218216,0.2005918462570236,0.03048777436442498,0.10471608115393247,-0.12258734313848821
A4:214,0.0,within_support,0.06522418143714624,0.09029675401276607,0.20768779363169904,0.10183540533524729,-0.09839932960479926,0.2762832216061874,0.07314359810105253,0.09250544880379415,-0.04139014951088261,0.004740515367481304,0.0012044428972313795,0.008779123680516091,-0.003686546754875191,0.13491408111748293
A4:215,0.0,within_support,0.15450788312158753,0.19629352093434732,0.17930284445426234,0.07286552186649295,0.008097451938261349,0.8716358699473401,-0.1287090800851452,-0.09150878031570704,0.15461050329785406,0.06959073051060657,0.2578353534400388,0.11112887398343255,0.1253726259611061,0.18208704464774797
A4:216,0.0,within_support,0.12075159413392719,-0.10144731581937823,0.3228772207802909,0.26183362523248355,0.1885195658110387,0.28796249009143116,0.09952289509935013,-0.060911346676806,0.13382268011125717,0.09994301751279482,0.2948303839216623,0.04323356688126161,0.06653142997392489,-0.06694748917825756
A4:217,0.0,within_support,0.24717984910389434,-0.11162342176536551,0.10594417207763296,0.34249186997687714,-0.06318738161378143,0.9811481016977726,0.45470838267613,0.3523419684718321,0.1424107474581341,0.07184281152241002,0.3576815306615399,0.1949881407895395,0.2149780729426065,0.16961304345529873
A4:218,0.0,within_support,0.06994118236668262,-0.0969196156137355,0.30416434340103277,0.003654448601039773,0.07796912765754423,-0.07115439915359213,0.013003522682172452,0.0986450494350709,0.15974444287085252,0.07537013296950339,0.19387401332630688,0.061795738890074677,0.044063553607209496,0.04502501209339465
A4:219,0.0,within_support,0.1821803623047436,0.08471587527124862,0.34195856169494704,-0.07803645405399287,0.09056856385519592,0.9414535182174073,-0.042650119124213244,0.11486218650430806,0.21215573678441393,0.12253247837839501,0.31839899484538897,0.19077604170918516,-0.04946408157089871,0.1210734074502818
A4:220,0.0,within_support,0.11584965976396422,0.34956667737549185,-0.03438087447240794,0.09618746690656757,0.17658705263508626,-0.04982846269217771,-0.11755516326176343,0.09159031251610765,0.15312254255916843,0.1319970253823327,0.3343129455377862,0.16212648339244753,0.13734402782850835,0.07497554322438739
A4:221,0.0,within_support,0.13045599618568998,0.02861078638400071,0.10677866502025816,0.21247737110477327,0.059028662792126055,0.8735292637113892,-0.06532518989684637,-0.09139951480525985,0.0949771690055474,0.05457870978770317,0.2509949810443105,0.0933430656001691,0.11988275589067877,-0.04154877522488004
A4:222,0.0,within_support,0.2667546504026203,0.5342639549241074,-0.1439840427807149,0.4363999948814512,0.15257647433456095,1.0145703860597504,0.42358921832519447,0.3177159128510494,0.09162899721353267,0.06641092253873931,0.31304278432951926,0.05074841428608541,0.18882786259057793,0.022019575680210245
A4:223,0.0,within_support,0.20906801997676955,0.30993913864647843,0.2349527682357818,-0.10795308478817645,0.0769104323387953,0.9512094253553012,0.45385510241948956,0.3417541638358498,0.09867654510354645,0.014657519229337364,0.32535455528980584,0.11089673049107304,-0.017636968351066803,-0.07473206810821134
A4:224,0.0,within_support,0.14083417020739325,0.23949108960433976,0.2938430263312952,0.27646631267479,0.024985567857772846,0.8994874232129596,0.18556863172489518,-0.011040573303192079,0.1393953743427543,0.040358610722278754,-0.12532509100755712,0.04503872534756246,-0.11635870993450957,-0.061066174877277106
A4:225,0.0,within_support,0.06067282996617515,0.24237587462736834,0.07102057250816222,0.07144588606084255,-0.08578163841013162,-0.13377794484868943,0.33481605450205104,0.2116402571737507,-0.02291272046705096,0.015859237014653412,-0.10852386967391912,0.04773852287116411,0.03932808625686925,0.10551847194520646
A4:226,0.0,within_support,0.12207025022325227,0.19057314992679644,-0.05862310665184159,-0.06716611095508553,0.12457517230855132,0.8826979971883443,0.15007278061530072,-0.024653199578026634,0.07878066149424448,0.02775774782193594,0.02876722145033254,0.09554266692724987,0.021881728029581222,0.1367065443248966
A4:227,0.0,within_support,0.06356011509167947,0.001446135207126039,0.009296175690989963,-0.013001840900651917,-0.07379217268983519,0.3729691176018652,0.2627247373422065,0.22076070932562494,0.05552391767699717,-0.02470533826932913,-0.1253111421018177,0.01906130416427974,0.045119987905518744,0.07618990523885859
A4:228,0.0,within_support,0.1337889844916659,0.1994952449714272,0.3343655388374162,0.3799546510292364,0.19024572574982687,-0.081042540941729,-0.024313946477401687,-0.13128393646742423,0.18139596463430602,0.09801424990185517,0.2615323963311396,0.10981945027988022,0.2018000131651677,0.01927398737795616
A4:229,0.0,within_support,0.1181583624242941,0.4772125051599111,0.18964343785951956,0.307318171596657,0.0637820615592062,-0.07412210004445448,0.053884029385832526,0.15141720230412906,0.052108978012923905,-0.038850002525551645,0.2639608479697354,0.05239325980576541,-0.07145082483979567,0.1087611452719449
A4:230,0.0,within_support,0.18714807948751774,-0.07355314427239006,0.3444400202690615,-0.09123120544476242,0.18737212559761413,0.9388599997255219,0.3040349312501509,0.16253508786107818,0.2240255411293392,0.12157928879519518,-0.010589551967645291,0.17237874392411448,-0.0004177386084819228,0.15349093507893513
A4:231,0.0,within_support,0.19352590936001232,0.5156278780251479,0.19675857539580716,0.30986286210799063,-0.0970804643390575,0.9175434211285757,0.38911641880858994,0.27890810666232446,0.048331866363020476,-0.04891438609483354,-0.06427987360270854,0.02668799031893752,-0.06567719957532595,0.10895162648169159
A4:232,0.0,within_support,0.10592487188479141,0.2828520076740166,0.18990642287588885,0.3830839468351308,0.11873579855973725,-0.06424888719606466,-0.10569190799384885,0.06966775482789161,-0.04288761444308807,0.02286243288543809,0.1270686533545697,-0.016819995672129023,0.24068171212452663,0.17181301067021937
A4:233,0.0,within_support,0.14642208317928282,-0.04403063429668416,-0.04163242690356598,-0.06493513072255494,0.17001076672269122,0.8841426306921358,0.12360373365656593,0.18717997353754642,0.09234093626973734,0.10025278840635042,0.32125662601682214,0.0725485209836926,0.018081095004335027,0.08466820196360468
A4:234,0.0,within_support,0.07289822376507857,0.028976968246061625,0.23943579979748583,0.17785611039477403,0.021921783505299056,0.2494607603582312,-0.07659463024066546,0.04994377162858531,0.03659763706144024,0.0076587174733205865,0.11676044126004619,0.04903640907941926,-0.08490335034308054,0.13152649072510395
A4:235,0.0,within_support,0.09443660334895167,0.2877429272706807,-0.03872129357736432,-0.1004594404584691,0.12650075002666328,-0.06477874899580935,0.3396367788048374,0.2652767980544744,0.0888438790266074,0.034245616222829796,0.17195840025621498,-0.012168552944138017,-0.006198276739830974,0.13579700658967536
A4:236,0.0,within_support,0.08952364281373806,-0.010311228085113642,0.06811033663921072,0.21650880999533131,0.03515570083282173,-0.08456706846888992,-0.09546272525562521,0.07403525931565381,0.10559632355757491,0.04458916780759068,0.29332094904350986,0.10915114056641033,0.2062442937316839,0.20143639689843626
A4:237,0.0,within_support,0.2255019955079625,-0.1256502002365095,0.3304275681976529,0.05701334858870484,0.166026787127212,0.9772385141824649,0.37255854506094604,0.3102962426935293,0.058820590634864646,0.11866399766552635,0.3303217165978285,0.07524613983476378,0.11674602619971669,0.14381666505681157
A4:238,0.0,within_support,0.24752378840281236,0.19061104826886274,0.21346356010212167,-0.0991665591089323,0.16800541322921023,0.9674632460074999,0.5174633030815226,0.40910473369239486,0.05080404327160761,0.11246137170185927,0.38972596327831543,0.17430380508908944,-0.026096596198205688,0.1496659168212155
A4:239,0.0,within_support,0.06068403151285846,-0.07195828649788491,0.09323319585469077,0.030045588283074905,0.1437091471179686,-0.06473635319027551,0.12417801833863394,0.011989545636931324,0.08988846083873249,0.09802227773909927,0.3309965810609245,0.08637627110817146,-0.10927326454175885,0.02642122791885218
A4:240,0.0,within_support,0.17704538918705529,0.3712308446240032,0.167861205051958,0.10374390819260441,0.03251335579486348,0.9579159869625599,0.26618461497915813,0.22897470691776448,0.04256334153346497,-0.059853403221407135,0.08945856274433914,0.02311410085533945,-0.03115453837555374,0.10903737337262455
A4:241,0.0,within_support,0.15619270420331455,0.4195809313821961,0.31572754891229166,0.43126899942832614,0.22854176161906006,0.03170168679324096,-0.12725977333402175,0.07276907619581287,-0.01544132383683464,0.13146710839322698,0.07185360348050514,0.06824349940842553,0.28300412045375506,0.11904791574710517
A4:242,0.0,within_support,0.12576383066848237,0.2955686802213355,0.3208919800171403,-0.061673853348736936,0.18026103682213604,-0.08089671965143215,0.2698438428562317,0.18758208123127937,0.1890436733998386,0.11403348888585582,0.37313601043275163,0.07363367263224578,-0.11727908228104877,-0.10921501252732603
A4:243,0.0,within_support,0.14869411941610536,-0.10651617941817164,0.17692510269911343,0.13482179135309827,0.1848127119866451,0.9193023509744304,0.21328915250338007,0.03264737105006276,0.16169850149319726,0.09517812752285823,0.07095457374049881,0.031402220211281896,0.10579719890095955,-0.08728937060798458
A4:244,0.0,within_support,0.06867086247847773,-0.0044461663722064546,0.2717256125567612,-0.0478658375483298,0.11842117944439141,0.3015837337034693,0.12646413416333252,-0.08032343256464464,0.12396487153735875,0.021795510922771474,-0.004346497227041426,0.09558148029494862,-0.015090215376202126,-0.01474316131439835
A4:245,0.0,within_support,0.11867055591049701,0.25170850026185637,-0.01466448704246985,0.11598352478386757,-0.014609663839321082,0.5422836287890306,0.14031823948300917,0.021135459645435634,0.023774020515058683,-0.055880740947608705,0.2592340247632798,0.03603616875433966,0.11617454704342654,0.12122400462655666
A4:246,0.0,within_support,0.10470239208354751,-0.022623758171380303,-0.039968035629343514,0.10090716205872678,-0.09120571967654172,0.4338829794412731,0.09598913367215356,0.027238699272139958,0.09840043443954019,0.04419713333194455,0.2862062940389098,0.1359777468228899,0.13047037553524743,0.16165865195055787
A4:247,0.0,within_support,0.14479775001769052,0.331732336750727,-0.017708274321659116,0.07222227711928746,-0.04150944904547346,0.9363025145452932,-0.07201363993908542,0.08475091528135371,-0.04548553436783704,0.00901864565725295,0.26121346018186414,0.08577596066178256,0.11388219071532028,0.16418934699115065
A4:248,0.0,within_support,0.14854798263429966,0.21356176610953057,0.3012866747356272,0.1824255754050996,0.17790901342662538,0.886342425321816,-0.10142962269660737,-0.07080266417670183,-0.010572533006842686,0.07772979771593344,-0.11820204463914188,0.00798685551226,0.17464851839047082,0.21024001214782626
A4:249,0.0,within_support,0.15796916206341177,0.5233657808157861,0.20026192615046343,0.33112468149080704,-0.10570217029029783,0.6237487709245542,0.15607813356401454,0.1909183391798928,0.006822488975038166,-0.03108316882498435,-0.11531418922885676,0.046936579572753115,0.08368413067771714,0.14275780381746508
A4:250,0.0,within_support,0.16190366274641124,-0.12335135827084626,0.35944849041330923,0.05646513641693395,0.17460443522410848,-0.10495179931363795,0.33877945754529454,0.30433778646481113,0.18932095414394653,0.152418181296918,0.37231928021163757,0.13411532852156488,0.10764455202721714,0.1435971710220889
A4:251,0.0,within_support,0.13708154826290025,0.36513345258532687,-0.12543916450133574,-0.004349609301731152,0.08732645960166505,0.04701719344907918,0.42405710484682335,0.31907559324426754,0.059682071962216,-0.004357615146206238,0.31724840101723356,0.08419597045408046,0.0672830798721888,0.14518718933409536
A4:252,0.0,within_support,0.07327892703489003,-0.06406645519013271,-0.006531700863918325,0.13788242317307198,0.17076868558912656,0.3048044068551669,-0.03908408305749593,0.10182984773984152,0.10839542409816408,0.08240314974263285,0.012873314334602863,0.09416893259284224,0.08300692836668092,-0.03382482192701242
A4:253,0.0,within_support,0.18023889448845953,0.06297235597279442,0.21349327246613695,0.010355655386412334,-0.10616846118890835,0.9538529962357324,0.4242236259961485,0.30956733792550284,-0.035380517111059134,-0.00023272404754440102,0.2668391876846583,0.04079455140982022,0.06202522282839684,0.14076312479188335
A4:254,0.0,within_support,0.17147152739671115,0.2028477485254591,0.21551481224551242,-0.1111772171483251,0.11001942365805584,0.9021043594877984,0.2280082029656694,0.037569781039592395,0.12058808838342534,0.027258252483014965,0.3254412048382312,0.10949727792465197,-0.037534416022542566,0.09899233777670191
A4:255,0.0,within_support,0.1910523429934252,0.15988853577724266,0.2543765610273029,-0.0886407011272525,-0.08293264860878255,0.9585434970036069,0.33345156617200467,0.19358479030610776,0.05079704784959252,0.036190921431421434,0.36631926221532884,0.15682028878478724,0.001352956117058454,0.14392838196610888
A4:256,0.0,within_support,0.13924263912995055,0.047397638653424466,-0.006442906892157318,0.1353925475535128,-0.005850921588423233,0.9516355885428937,0.3192619903252628,0.2845800829758952,-0.062454587430213954,0.016010732562911318,-0.008700059518491558,0.10640515671631147,-0.09927600356953035,0.13219505035796178
A4:257,0.0,within_support,0.07615562664752322,0.017802994018717,0.27619794317301016,0.11635398803123627,0.0582638379899384,0.14988832260039084,-0.10998527395723717,0.08047901264245856,-0.037405638397134205,0.07952360418407349,0.07313102417466653,0.10259484513946826,0.11984234148450063,0.063336145333713
A4:258,0.0,within_support,0.1350804149235097,-0.030022140824869696,0.3330004066463945,0.15890849650825278,0.17976426656669464,0.46007162855228134,0.10210892901578425,-0.11863756069552796,0.17835839181982138,0.09493035733631082,0.03662725481507468,0.018615285890902177,0.14111319490280697,0.20120688347170015
A4:259,0.0,within_support,0.14592762591223798,0.15013290078275338,0.123266580465969,-0.01514300891428766,0.08342812934919873,0.931486613511918,0.23470717534140212,0.06455875494318983,0.079692762229526,-0.020976407329364267,0.31162917615991875,0.0734380966775496,-0.004765667636393328,-0.11439596872228645
A4:260,0.0,within_support,0.21501809984904627,-0.13155035326790096,0.30893995827913173,0.340683978132239,-0.0055124604014368216,0.9156691367948183,0.17298143292792803,-0.017854216586761194,0.19061576398700936,0.09123527406919259,0.3423990802044786,0.1489320751608976,0.2399143488315442,0.19878127990646047
A4:261,0.0,within_support,0.09251971762376993,0.2094288267698767,0.05021780997161509,-0.007132550004399085,-0.003028737751264734,0.5563601313734762,0.0953757051601127,0.07111417539856159,0.1000719906273892,0.01806791326932605,0.2010003383577696,0.09805942201053246,-0.12086487918723302,-0.06591381688675345
A4:262,0.0,within_support,0.1832750656429273,0.28472174046538484,0.1991143620345652,0.2137830068688848,-0.0852937785504931,0.9585181694204306,0.2862431470272302,0.15536620033992415,0.04952879309777868,-0.02980420030981801,0.2687668695118721,0.07931491029372534,0.09002823120360957,-0.08771159804503924
A4:263,0.0,within_support,0.12573718264472677,0.32396619005682564,0.21117980000219846,0.07043090639305294,-0.10116054381032295,0.1837205016767133,0.20382740753728587,0.15866810917027369,-0.05129337810359018,0.0247392302289879,0.29591448162095113,0.06069265641350622,0.10245115194649322,0.15144686124907294
A4:264,0.0,within_support,0.16848586156668655,-0.047711691664829727,0.34073413597655056,-0.0019485721635226748,0.19863177651996333,0.9354715431366448,0.058190042362769145,0.16194660715792517,0.194850060445691,0.1313480886872483,0.14715540378138575,0.1718306460838938,0.014849071047113013,-0.11503091100390725
A4:265,0.0,within_support,0.20031113165073403,0.22282079366310958,0.28223005740329216,0.24769054456149203,0.19391911903359435,0.8664708225983885,-0.14831127924722154,-0.08684270716138458,0.08106091017861917,0.09215722679555008,0.2756378422797967,0.09686083668446444,0.23749826917372474,0.24285227549611707
A4:266,0.0,within_support,0.1503833403618051,-0.024128174403488533,-0.12155843606321616,0.2805475058747078,0.12891359493841542,0.5667962147779074,0.16342658116579237,-0.022008506460908444,0.10925154805005582,0.09027832992503379,0.29211915624929224,0.12126823876844171,0.17712080854231807,0.19295656333911487
A4:267,0.0,within_support,0.188434189375,0.017730453434029545,0.20763648126624618,-0.08208881319369261,0.06707260405092827,0.9433763387396787,0.4413527922294046,0.29543915727768777,0.06927417599795936,-0.022195320841077535,0.31103538745795,0.07477030894349412,0.009630725502699902,0.11661017100969215
A4:268,0.0,within_support,0.11111440757824173,0.122550110940971,-0.006811543727787837,-0.014498567289585247,0.03415561998301505,0.9300449506527364,0.09981111269811453,0.017763354257837108,0.017418548679701728,-0.04088505127910279,0.2652183239967375,-0.0077580476683290515,0.00014670284613717093,0.027331784426696596
A4:269,0.0,within_support,0.17684330902649148,0.4950922727852018,0.17663098827115856,0.3909377176185778,0.04934413966513848,-0.05687532205318316,0.4097474253137997,0.2816735674269267,0.036823516906952215,-0.05713228032045053,0.24760900100677297,0.04171992055986848,0.15158360847274716,0.13180846169087865
A4:270,0.0,within_support,0.028941042123374474,0.0685715667045678,-0.014078107004670317,0.04746794796332521,-0.009516290610177548,0.1047206931608231,0.1241458532926805,0.023249815216487658,0.009019207849777833,-0.037887179754549846,0.031937548269644414,-0.0013459031070487133,0.0824182337389788,-0.0524698381159706
A4:271,0.0,within_support,0.09692054917107097,0.13447825359079654,0.34603104124074907,0.04023582435821522,0.18465494264769367,-0.005393000298121581,0.09738940129086766,-0.12389592901518544,0.19102495970539526,0.09212193880081006,-0.04822750747488024,0.11179214425613694,0.07498510103148028,0.16476996908996502
A4:272,0.0,within_support,0.09191739792724521,0.08942002237402337,0.33293231059357625,0.06976996879938133,0.1996507161448998,0.22002173273833311,-0.01056865831797672,0.13080698853053158,0.2065168507157507,0.11881974254712534,-0.09713463874823483,0.10109346471062107,-0.1088975871096455,-0.05750473992419773
A4:273,0.0,within_support,0.15710283206204098,0.21140632181227503,0.20098871403223165,0.27858704583368277,0.14446169610365941,0.6008813305285037,0.12236072358817093,-0.08278009598025782,0.1498174805312861,0.07831860502663282,0.30279548197225215,0.009168986842154656,-0.11345478776279906,0.1397853142787406
A4:274,0.0,within_support,0.1420145619573939,0.01609892863360514,-0.12698870910890936,0.33119037822215347,0.19209671159071318,-0.07652531283301536,0.4880537627433088,0.36148786484661594,0.12101384630126012,0.1016897162493338,-0.09881900749497548,0.09640227976647818,0.2326144371205024,0.20787440940905
A4:275,0.0,within_support,0.1752791563898416,-0.09252774292991331,0.20908919888741787,0.2788356299577276,0.07180225872526831,0.9268345044489076,0.25899710351400745,0.08791538975229998,0.057141325628859894,-0.0202303002161171,0.28862049539583534,-0.030577302281611107,0.10729680634581598,0.13543166583944188
A4:276,0.0,within_support,0.20914713681431862,0.2006797193255164,0.13364420332537558,0.396073718659688,0.17338244818505147,0.8600180555656903,0.08862535442874152,-0.13008569387512386,0.08820544257231723,0.08093257832199229,0.2822598487570909,0.06424928840697129,0.2686666520608897,0.21226116285194097
A4:277,0.0,within_support,0.20199831511754954,0.5116508916367487,0.17447440555286733,0.32149760706558994,0.045477272015694264,0.6327539236466654,0.40545483179972397,0.279074294786996,0.026313574879071818,-0.058236293026087384,0.2858410045907722,0.04014130267722415,-0.0635469733118138,0.025082254214691884
A4:278,0.0,within_support,0.2288470087992147,0.19270206062953596,0.3411368586362101,0.398335684757482,0.18565644673466278,0.8522730803766868,-0.0033754483723063555,-0.13317740632162747,0.18117433986620815,0.08782178505146114,0.2723020687240527,0.10725291171866635,0.27700415921303284,0.2159045733757259
A4:279,0.0,within_support,0.2199474238885921,0.46696936477982115,0.1569758117951854,0.3796036343804708,0.040366930819094635,0.9673428178755951,0.17739308498688391,0.1994552525176121,-0.019781683577740232,-0.059563969182025514,0.2371277451642094,0.033407892233663035,0.15039008328281595,0.1296295454761112
A4:280,0.0,within_support,0.209809150968637,0.5085477913148169,0.031155040221850568,0.28293475166923765,0.05824144142246434,0.9782923343824635,0.37680295778611556,0.2667114214097329,0.03142418880896991,-0.04347066169874355,0.2941565085992707,-0.04636745723681481,-0.11211044038004182,0.10120108629295849
A4:281,0.0,within_support,0.09469045830623646,-0.07414379990966265,0.14242777186459973,-0.03178020327368837,0.12841983863599507,0.8838812066153455,0.03482301937843028,-0.016428806941746154,0.019397464192701552,0.04184087480636694,-0.08546337571331086,0.09737975934736559,0.04711684083632691,0.043505368142350294
A4:282,0.0,within_support,0.11887315081179005,0.328903557720336,0.2315047891786965,0.3493985707496144,-0.09691232246951119,0.16504584316902135,0.2426713480032048,0.08186385101000135,0.0019455541856929904,0.03000506410056518,0.21308799492701253,0.019683805451371585,0.08197001763047385,-0.10381711310320867
A4:283,0.0,within_support,0.24502878670769757,-0.11416054494857975,0.26552221908289764,0.34525777008116704,0.015511432794300865,0.9705352259026901,0.4146143622364644,0.317077876482652,-0.03903476144651501,0.0825577138890488,0.3529363313895617,0.15322755380653497,0.23569333140776158,0.1856357165220844
A4:284,0.0,within_support,0.15780158459901222,0.3680309230559576,-0.09859130130793341,0.3348538322314024,0.039338464526888356,0.9305768329875289,-0.03316880532348642,0.12503190512545387,0.10458921141910263,0.06475807863048205,0.07007171843155871,0.11397977835143173,0.0660864981973018,-0.03413653653852915
A4:285,0.0,within_support,0.19478269322374395,-0.0972838339416656,0.2695004066249312,0.14848239328359125,-0.0840792168504823,0.9706238266657854,0.4532834147106612,0.32776071852311955,0.16110458728923874,0.030431640943003747,-0.05498382093280365,0.16039648407652507,0.0813168809991931,0.16562153051757408
A4:286,0.0,within_support,0.1868029534335782,0.28932639765976,0.3277569883077326,-0.11112893058931785,0.1137908644122194,0.9372938865370317,0.07834127118923542,0.17287472733800535,0.18715121115722638,0.09253437299582312,0.207779923162975,0.181785777385093,-0.03700947776907958,-0.01205861715018768
A4:287,0.0,within_support,0.11635716087476525,0.07845424517334214,-0.12174422333460198,0.18876296972985354,0.16512449739294566,0.11697410044313176,0.35160372848014093,0.27105311102077867,0.03667837769301017,0.08958662272513507,0.37295227824669697,0.06269822194188406,-0.06993407991088157,-0.029566758229487285
A4:288,0.0,within_support,0.13262535920721008,0.5003704453908201,-0.028973411907169157,0.273500179828433,-0.018833795650522695,0.44547966927058996,0.19521335944074422,0.22486280724634242,0.019924069967920458,0.0041342076214553585,0.04634157300958083,0.0677165061004652,-0.12989756177156814,0.12429162114663933
A4:289,0.0,within_support,0.1629167498004761,0.3855949193659957,0.23741275433441028,0.05803751814256213,-0.052415818885086195,0.9549208524445506,0.021100102661088558,0.143379915795798,0.10721965305967687,0.01855176537839567,0.29039107815719284,0.11023837595973536,-0.06933615055766221,-0.0871772184504684
A4:290,0.0,within_support,0.11059699912326947,0.1196621692723421,0.17543505073981686,-0.11082873280596138,0.1764441904982367,-0.1369944316396042,0.25784824934893347,0.25382711188702894,0.15395912656091332,0.10004773149717877,0.33735355278216195,-0.01044685513314641,-0.030723256627675458,0.1521770822222783
A4:291,0.0,within_support,0.19674006015408596,0.5009201739318431,0.1662333695987629,0.37042836063219126,0.044257137946424815,0.4015296997642641,0.2883364067157693,0.23673817866147676,0.032744668774599806,-0.05845816357912592,0.2780199961040477,0.034304821870106236,0.13623990305259906,0.12632622853015793
A4:292,0.0,within_support,0.2780464906845928,0.36609845346683434,0.37287134294467467,0.39891663219630963,0.25556458927530784,0.9372909944662956,-0.16714790341502941,0.08614916941430827,0.22182872583141744,0.1655941878768972,0.30820488665371054,0.17400017948288116,0.2275271305836894,0.26770599012240953
A4:293,0.0,within_support,0.10514289818821235,0.34379782813607823,0.17958927440146003,0.008486787018024196,-0.007430100217954389,0.3341897565677227,0.10082270343698577,0.16076871430599549,0.03898989024300317,-0.04112829949572529,0.2528806812958031,0.011172790387108068,-0.010106897967142732,-0.005175451664597547
A4:294,0.0,within_support,0.2821199689942083,0.30127004564299514,0.34844126397612324,-0.1119399172482956,0.18535422519765984,0.9604271262485383,0.5636959046668998,0.4306111285261014,0.21200923602753347,0.11627602540462342,0.3910013146334138,0.19798133420084973,-0.07022394886745555,0.1426558585157218
A4:295,0.0,within_support,0.12216112328882732,-0.09195127849420288,0.20300274416730552,0.05029971065472735,0.14629984779426056,0.8965747176758291,-0.009662409883834704,0.0012371890693564983,0.05722769945035723,0.09469819995819267,-0.0596802566578434,0.11423297012738243,0.020397532851179033,0.1654179360420458
A4:296,0.0,within_support,0.1758189277763748,-0.02740042641575701,0.3533706015757213,-0.08243874288054004,0.1991578738010837,0.05053459266416447,0.5236615821211615,0.39052989062385823,0.16324623901191737,0.13668115364394198,0.36812745641776373,0.2094096531119237,-0.004537652708606755,0.005303840126240097
A4:297,0.0,within_support,0.16215946847799678,-0.001038262477003408,0.28227632780770245,0.2423701459841669,0.16716777563686622,0.9316769352418781,0.22660235446827048,0.05801150067740949,-0.0019475860632308633,0.08031444052104722,0.3090875930595071,-0.004014555343935501,-0.057422053237250636,-0.1250115260614695
A4:298,0.0,within_support,0.09900608003893144,0.342385230326349,0.26153630137358,0.1451934028751075,0.09312066083802438,-0.09495624401543881,-0.11176494970299454,0.07178338738328234,0.16374770954465995,0.10320472151356182,0.11492680147410668,0.0404642200035642,0.14318164077890538,0.014256158113400919
A4:299,0.0,within_support,0.1361807724168653,0.24444602369833862,0.18569263459472235,0.0756427868396341,0.11841122870527403,0.4848502037191309,-0.11690171497731185,-0.0035524584526031334,0.18130483853926246,0.0826975470529772,0.27992228756839554,0.1272001889292172,0.0932920311110908,0.017344444091120754
A4:300,0.0,within_support,0.2553149855366367,-0.12607922585238654,0.3583235162289987,0.056638489801520815,0.11779738135708957,0.9761132441212219,0.49200925749772395,0.36024676001363637,0.23041985445050409,0.1383402207209827,0.21573030258422587,0.2097080958848528,0.11765593841520719,0.17219097675269884
A4:301,0.0,within_support,0.08110717352827258,-0.007786554691243109,0.07989661168259242,0.18911241243592222,0.11223724403244316,0.5987666827197436,0.012540020738676893,0.021654663787420442,-0.060696214720627466,0.03739912830172283,-0.12111834034584446,-0.009595932694438135,0.06636813045321151,0.13561540416796344
A4:302,0.0,within_support,0.14777265737317474,0.11243618644934668,0.21057929163436806,0.11661453362237807,-0.0901431771798563,0.9318577506463881,0.18844496306909808,0.02247490727428601,-0.06188976043131282,0.0015424499496013,0.2655736308144586,0.08746364101141688,0.11488522031343253,0.021204908677666546
A4:303,0.0,within_support,0.2373919912455877,-0.12140834198290257,-0.019266842632168445,0.0792070983425967,0.18675488019743258,0.950241387559004,0.48332091131415567,0.37822358907065146,0.151509540498579,0.1325015232889164,0.38933266922373344,0.19743850716861905,0.101758197737994,0.17648276640602947
A4:304,0.0,within_support,0.18394911002269362,-0.04675254242309555,0.302761613059913,0.008080962168129787,0.019012866579518017,0.9642750128392633,0.1633862902738161,0.20178633548447888,0.1962204724178783,0.09875226315680947,0.36705779232490665,0.1881567106840536,0.05040348195306217,-0.12180282822371649
A4:305,0.0,within_support,0.26566918984336,0.6023456643376573,-0.11546137892693344,0.42265278125340255,-0.09764776555475625,1.0109051387312016,0.35568277759385075,0.32983798965354927,0.05200813559280013,0.04260365069568044,0.33904745565873656,0.16221894440777257,0.20845848505957526,0.14104758946114346
A4:306,0.0,within_support,0.145847497786961,0.052506060736236926,0.06194202109115203,0.015224506420613432,-0.10077066400900116,0.9439520164212053,0.26218580628868976,0.10932462589973928,0.0033113722528251488,0.03858251536461975,0.212818382359723,0.12200596556165647,0.02552605266519345,0.1494088101778394
A4:307,0.0,within_support,0.18353543211397189,-0.11215670143084748,0.32968051888401023,-0.032622911063043325,0.07511642880754055,0.9192883418586476,0.22511588695840928,0.23465058406214084,0.07875082462686722,0.10969863222193758,0.1977556406722715,0.17888396521233452,0.025840967148644617,0.15595843952272123
A4:308,0.0,within_support,0.051862010507871585,0.028411199303210757,0.05627080017675558,0.14549699533510296,-0.07941723675848486,-0.12627135639791054,0.25858606417906677,0.10252702016058207,0.08479422449662331,-0.009586491722084913,0.055007881617149534,0.09628751961026859,0.02967687069405991,0.032422645907991494
A4:309,0.0,within_support,0.18899618296664028,0.43290535753312304,0.2038104590838677,0.3760497680472424,0.06771786290983864,0.9310198919403606,-0.10209286462538084,0.07738445870139002,0.0541126570437207,-0.03660670112186583,0.027413935010908642,0.049599787814574185,0.20059729931249398,0.17503846691605013
A4:310,0.0,within_support,0.1419082656406491,-0.03607264940601506,0.26125955701119663,0.23658051254217902,0.11992523337839062,0.8391952238836997,-0.017923487163465656,-0.04650121431937256,-0.04320599330479566,0.040443296040522464,0.2994458336194942,0.0865935070790554,-0.03810039740069697,0.14316803136824607
A4:311,0.0,within_support,0.05576860221488636,0.0006803767713325017,0.0016304559039912252,-0.08578815359258955,0.0688650999254172,0.3105574912493893,0.138644490919683,0.05496174263491045,-0.026873105028527758,0.030583163745005665,0.18727996750513506,0.005178366841909807,-0.019094822093271648,0.05836675401113728
A4:312,0.0,within_support,0.17723083415148583,0.15067293169485144,0.10144508308936136,0.2868868087387014,0.04204110992869831,0.9787831761034704,0.2304720442957238,0.19912189530132654,0.0029409108269692927,-0.05806311169749968,0.28201829975438675,0.03817209341849141,0.08898892765849342,-0.03947932514365911
A4:313,0.0,within_support,0.19651687645464866,-0.09815729805836143,0.2493965476182819,0.11054514145920118,-0.07472941386433231,0.9656625900776993,0.27269246796640095,0.27321966611624865,-0.016144266965145773,0.05027048681900581,0.37262356117951106,0.15002635309326656,0.13162071848466403,0.16769283998399231
A4:314,0.0,within_support,0.0943449092623758,0.19157893418483085,0.29309031931844176,0.06766413955952535,0.12425583647060646,0.1191153134083209,0.03653937538059677,0.12077103817472533,0.1498127948561571,0.05091953493382971,0.15290368772923604,0.1316951959096695,-0.10402760361758691,-0.10783474589746744
A4:315,0.0,within_support,0.14335884109369,0.30032910661057505,0.2880937771460187,-0.07886414219863425,-0.023987656020274056,-0.13186108427306992,0.5266912551004412,0.40903123080251613,0.07403147835410431,0.07796548782107786,0.1590491371615794,0.17922125512767736,-0.030824217880457708,0.11478930646641593
A4:316,0.0,within_support,0.11425632221573134,0.03253940898003369,0.06695965191075433,0.23896067653870504,-0.09163007628619295,0.8942256042197911,0.034571002293659225,0.06367683411561165,-0.017086229341814942,0.020427570054623524,-0.015414604531839276,0.01639195923301323,0.14188649489911404,0.09982389671904884
A4:317,0.0,within_support,0.2185049752341981,0.5158932881308328,0.015205823909605103,0.3378763879639104,0.04432719020217038,0.9761198056381584,0.38846812764077504,0.2797800802804912,0.02746659394941841,-0.05487442945629454,0.29763400175973226,0.038741103551825175,0.0504610007130195,-0.07653429623906911
A4:318,0.0,within_support,0.19294186452837592,-0.12304747371817747,0.34223653356241623,0.20163301226845046,0.21080363746387729,-0.06434860399961873,0.5045012970627092,0.3696938913192123,0.07992091653345512,0.1357863041077157,0.3822286002704762,0.08302911550301598,0.17708131842969033,0.20872569006566416
A4:319,0.0,within_support,0.1627710595177351,0.28072805276973595,0.26855762750076223,-0.054034659267627294,0.11599829404595022,0.9196591342114724,-0.07052177990421195,0.08621566017073606,0.15510758811988234,0.05021171814239379,0.06606511175386033,0.12215176918507764,0.01904924131230477,0.15683601569021935
A4:320,0.0,within_support,0.1715599465248314,-0.11938884168801628,0.31429379524097567,0.015314655536627824,0.16100954392606945,0.9625311450064422,0.2257792360104928,0.23135772090343082,0.03689570143177705,0.1209394214133063,-0.03811822564930369,0.0785532940175449,0.0732292033872574,0.1678826552862034
A4:321,0.0,within_support,0.1760646027289569,-0.10156488436022702,0.1747759676981995,0.2789315472700991,0.11846057003672525,0.9460507260195048,0.21839562459507936,0.207619473192779,0.012122059732727432,0.030013783282819933,0.3174579133192337,0.03885548040196021,0.09331363516297239,-0.04559206087543345
A4:322,0.0,within_support,0.22504888000017986,0.47839951920920826,0.19519767939997232,0.3538129156119569,0.23514217811536706,0.9576918827301585,-0.10117993992520445,0.1071232711317084,0.21107586360326897,0.1479776052597711,0.24823233990971938,0.17379865226102492,-0.01932853433214953,-0.06230799297246334
A4:323,0.0,within_support,0.04392647981270499,0.28495882834821284,-0.08865704530695218,0.08725983346296191,-0.023248115564007632,-0.09918814154746707,0.16536346471842944,0.06661642381563702,0.06676941720373843,-0.0051737910159343325,-0.095255800365915,0.08511352762916993,0.107966089663682,0.01851954652360954
A4:324,0.0,within_support,0.0972990976842619,0.24270608817715608,0.21559611752476085,0.34003506872220324,0.0987100385410651,-0.09918270643807606,-0.046887065166072106,-0.04172925069745979,-0.036456800237004525,0.0057634853925143,0.29617249221410175,0.046044063807683264,0.0855624696664367,0.15855426838809591
A4:325,0.0,within_support,0.1480977280587354,0.32431612169146173,0.10358684572164252,-0.03348132582587514,-0.09904442592849287,0.9657254014472879,0.2394929954980743,0.2161737455379368,0.06474887020437145,0.016073857580215595,-0.08804725029012211,0.02799003381110348,0.040076141044665,0.14765945427129148
A4:326,0.0,within_support,0.13843704576547988,0.17702117976974235,0.08767041765021648,0.12342071111627792,0.17102910843884014,0.8731486241290554,0.08141526749990784,-0.1329877802164626,0.11149238797089843,0.06542393047828245,-0.07758438366254809,-0.03616704706363425,0.16477574542902607,0.1910234334116362
A4:327,0.0,within_support,0.14243174963796484,0.018129471504651037,-0.04325722821733563,-0.07717249207027643,-0.010612052423761724,0.8675774102515713,0.46235768392602744,0.34634457965467524,-0.004514815376536226,0.05142657859491409,0.026482002977802673,0.14833781059795723,-0.07016127668201735,0.13667507255587155
A4:328,0.0,within_support,0.33301297535586494,0.607253268283601,-0.14480374279316224,0.44714022039687434,0.18375451736064005,1.018201946151594,0.540502415260073,0.42965309281808034,0.10765850096877105,0.1137124044704659,0.366672161766808,0.18435505117407405,0.26540632929875113,0.20966251446967418
A4:329,0.0,within_support,0.193651799797041,0.43863788224420236,0.08903735408482658,0.13174442293653116,-0.1109913060047139,0.9583695461385597,0.37374017821382255,0.2735134839607155,0.026621155144403663,-0.052551021410143506,0.17154047887267493,0.021765086534184908,0.07547945463816726,0.12056668200830178
A4:330,0.0,within_support,0.0946129178882076,0.24517005945290146,0.02894659950421789,0.3548517256958455,0.028285834516702933,0.18008674845217612,0.24277982924696956,0.1829948430796665,-0.02638676295469548,-0.06012697573592209,-0.05666817416295213,0.03610600835726836,0.11881985212507876,-0.044891655030558524
A4:331,0.0,within_support,0.09763822307781102,0.2361645038169327,0.08286111091861544,-0.03751438709144174,0.03037787642683877,0.6094248692985662,0.1448318484068447,0.19048868115936726,0.045448930651947425,0.056437514170973896,-0.06418216437735269,0.07482705748657167,0.024379075405674036,-0.12424801626199444
A4:332,0.0,within_support,0.13734393508401113,0.25717420706268035,-0.11095267825581796,0.024702100046805658,-0.042660774510122595,0.938949640368295,0.207610326392299,0.07458872088084322,0.04631023272034876,0.02956777855998705,0.2998771535937406,-0.035226195977313,0.07466044416572831,0.020870201044670147
A4:333,0.0,within_support,0.09791423062146119,-0.02725727340261111,0.13423030204305314,-0.09938119343936125,0.12256118025110818,0.15177742505373013,0.26042819629401615,0.22033423121060772,0.13043996763369986,0.09043100742973778,0.024941876637053273,0.15632773363742306,-0.01877456112511851,0.126826105855657
A4:334,0.0,within_support,0.10706777256439605,0.022863637426617376,0.343810259671008,-0.03916646797543801,0.13227184697034194,0.08963065160288368,0.1142895692882638,-0.11421242653493058,0.19008749656759663,0.09390867576115812,0.2822895250784642,0.05572892146759886,0.052345314357021076,0.16803403965656336
A4:335,0.0,within_support,0.20599631737269453,0.2039628410867506,-0.1405187710060743,0.4193261593123176,0.1571640141000373,0.9540374066013069,0.2067274562767965,0.05048229601589859,0.09732998140485091,0.08415511025394705,0.03738759780020761,0.12991097261748716,0.2692730956193227,0.208713965762181
A4:336,0.0,within_support,0.1821555222951688,0.279126368910806,0.14703426867018574,-0.09197735695214,0.1454772002655292,0.94543555534467,-0.021514342336098186,0.11090887394786107,0.15672932222546254,0.08228007725780949,0.3244672230902953,0.1448203356894215,-0.004036351708466887,0.14927061543185863
A4:337,0.0,within_support,0.18128759019270807,0.24923973342826206,0.16797664686657415,0.34662848864342977,0.04421973697465575,0.9009893397144146,0.16220207193824962,0.0052541643406853284,0.032973452869999136,-0.05787067706412181,0.26114992462371345,0.03511244058737641,0.0925331674426781,0.11633018213928825
A4:338,0.0,within_support,0.13748703880653762,0.20298149508367544,-0.08890595078214972,0.1854912018658899,-0.06707462298424449,0.9376003415486939,0.04278907918444259,0.08682934140340275,0.05901555708258522,0.01745118017339112,0.31660442699677177,0.04175813892936802,0.1164519898780812,-0.06366067389491865
A4:339,0.0,within_support,0.12320838366015054,-0.06231449045014023,0.2367934582971892,0.10588261908957862,0.16832095455070067,0.6092417885374942,0.0878559707892295,0.16201077289339214,0.0803406465323929,0.08097838010063566,-0.01741352553369279,0.12981711240417063,-0.11536281496006182,0.135558115331068
A4:340,0.0,within_support,0.059141066356077895,0.25971367396802647,-0.032404632038890845,-0.010983015223516608,0.022052742031835982,0.15261270685872316,0.2926995000704109,0.17163403108042366,0.06739334160972915,-0.007601049591374721,-0.06934586348723769,0.044545252286271264,-0.12281447855887422,0.0013316536234860732
A4:341,0.0,within_support,0.15814234783488584,0.41528670654579336,-0.13320548588490447,0.13374596239326025,0.1618232167724055,0.5622112765730934,0.0293769430704712,0.14284671377115693,0.07876437447229313,0.08030312783823228,0.2786326021012209,-0.022436248487555363,0.13692074140113059,0.1915805912869183
A4:342,0.0,within_support,0.13682094338640569,0.17157810145118013,-0.01760680025124913,0.32270645488036076,0.04260601997136819,0.3598884133657878,0.30299143288148,0.2262479470653825,0.02301554649169905,-0.05777857052816797,0.2660123973497736,0.03773934850636906,0.12047303402722462,-0.019201061187934864
A4:343,0.0,within_support,0.10254002531557807,0.09939316774423952,-0.037028217002801754,-0.027996517540806724,0.1034353118154996,0.9177504988535267,-0.09556793485682359,0.056454684306529744,0.05441638370600932,0.07354871238439678,0.053654643739550985,0.06998747600868824,0.038921459847492255,0.02605066009701358
A4:344,0.0,within_support,0.22854228470138413,0.39926353653263086,0.2595521247019381,0.41057424861285186,0.1321369748944064,0.9113596105732005,-0.1661356617220255,0.0579951371147763,0.1080244638990858,0.03554555668829162,0.26626003097166323,0.06443864086192676,0.25582404965037264,0.2362109883388748
A4:345,0.0,within_support,0.17263377533943142,-0.007714188766057141,0.3276832726235075,0.23227020968729614,0.1843690979862477,0.8710023492550373,0.02500456174677831,-0.10647862102545746,0.16065111021265757,0.09840780708630567,0.27052714834568176,0.10516545621551834,0.16719103108181213,-0.08384015503671957
A4:346,0.0,within_support,0.034011970359993114,0.019050845991948295,0.20153302037824408,0.16239314865515667,0.044121962107625784,0.042241011844828646,0.07362345432398316,-0.005562623378689808,0.06075088768191924,-0.032751864404948004,-0.07176651097800969,-0.01878609765564152,0.03705397732829174,-0.06974559721479802
A4:347,0.0,within_support,0.16789365330551578,0.1746580108835883,0.33744454226810344,0.09964890532165938,0.1841710946800429,0.3823218313784639,0.09563501027536368,-0.12590949789341466,0.18711673253878264,0.09830958977368294,0.283619799771806,0.1130396334085031,0.16231293864940002,0.19024890191572366
A4:348,0.0,within_support,0.18227900463838728,0.2796388371865572,-0.13931425645439827,0.34621103364663003,0.173136951603891,0.9081432262760437,0.1316768179233299,-0.03400830096855921,0.07480728442591607,0.06674744241126802,0.1162344768059839,-0.02932185925140631,0.2623565578196844,0.2133188488740941
A4:349,0.0,within_support,0.021128413923257868,0.09252715106846471,-0.007280074249220165,-0.029714539796229785,-0.053009561175987666,-0.05971622116175171,0.054971578915414425,0.12126082252201623,0.06713486327359858,0.005998467960631731,-0.13381699877203962,0.0509878857069386,0.025450899484602607,0.13987510722591437
A4:350,0.0,within_support,0.06731180846612547,0.10694451640035178,0.10050726526137067,0.26580951153443466,0.029466031195148068,0.28900553226082326,-0.070163116257866,-0.09269276682455377,0.08864708937071705,0.03411185114937853,-0.08149323809229679,0.08506860834023816,-0.005277823326519634,0.12512004904840496
A4:351,0.0,within_support,0.10916199398460338,-0.1009682960274862,0.008901212561188572,0.24369333891333894,0.10367158735483846,0.8524598246144164,0.047469586101206336,-0.049525231143547524,0.11578219705690805,0.07480739500727067,-0.03697945983453711,0.022504301023428708,0.055895287513254746,0.08139417865956394
A4:352,0.0,within_support,0.25611752022322554,0.5849950642213454,0.12134526855242951,0.3219620793946178,-0.10259523703725895,0.994623084675615,0.48450135572530134,0.3892774758902584,0.1140477977214904,0.03280385145497242,0.37705290206051567,0.1670061936696595,-0.09639292460058742,-0.05909914882642703
A4:353,0.0,within_support,0.07727389047040914,0.20608420505884822,0.25690869004660943,0.02445074822979554,0.12486964686333041,0.48717275343217303,-0.033937255070465494,0.0640199787321984,0.03912733625940826,0.06535434663739233,-0.10758282408497745,-0.0025879692787409846,-0.024833817228890456,-0.09448526348136241
A4:354,0.0,within_support,0.09819030027954988,0.05212539180977073,0.08744866539245105,0.03185155745068243,0.054464631230322504,0.9140941641436626,0.13114597762862512,0.04531018926235195,-0.043148400442384084,0.03190901994058299,0.05563693803996748,0.021936378503503925,-0.018992150637852416,-0.08730845868753583
A4:355,0.0,within_support,0.11740856689086418,0.1692040968857226,0.33537792254919435,0.27909074011084445,0.2107828158212967,-0.10502941572438408,-0.022366730777597023,0.12425350080343935,0.0760943691286217,0.1285194938507065,0.34519006548028974,0.04947680451294262,-0.09251305761840813,0.028230764558565775
A4:356,0.0,within_support,0.0639556733079209,-0.020141235885842542,0.2952538006884442,0.23105052708371604,0.07193094863844643,0.05790001056598444,0.010932957303784978,-0.0909560725093839,0.06053819278947374,0.054035896323659384,-0.10129981926933565,0.09475283328217397,0.16777834293247637,-0.00035262894062570993
A4:357,0.0,within_support,0.0831761910062742,-0.04711039437614896,-0.08796023579790162,0.15812515474119093,0.07023724386020877,-0.13255372043612754,0.33181875681672196,0.1974660554812152,0.07995662756628871,0.034685782228232064,0.29156445026787114,0.11217068577379254,0.06448077843300153,0.008409298523219902
A4:358,0.0,within_support,0.1299390518207946,-0.09277820016371356,0.21971520965424704,-0.016275057269729075,-0.01568128346364781,0.8887448574919841,0.19019894314788208,0.030495111988734922,0.08664409436195637,0.044721974468337714,0.25828023916474413,-0.031233881010196026,0.025083983527641303,0.1012916817720885
A4:359,0.0,within_support,0.11248259790532122,-0.0017769305998557076,-0.08865937223210746,0.30773840309592126,-0.04359033440168878,0.8630531643547107,0.16598990971000685,0.07787211877804205,0.02969586539352189,0.030441241835810477,0.03375162508953224,0.03771691877465837,0.12535451310558682,-0.07531335013496288
A4:360,0.0,within_support,0.13671994669827983,0.15646626304069963,0.3078671523522571,0.2922665531984198,0.2081816367554192,0.24073430880916571,-0.09490647684365032,0.10124168702823214,-0.041471957104546806,0.12314454708195913,0.33186424755712407,0.06558684993476635,-0.04642416936650808,0.13280866463430008
A4:361,0.0,within_support,0.20582696522387944,0.34845417111378935,0.31205021108252523,0.12537015954663697,0.07875545624697058,0.9223122042271458,-0.17006483434944142,0.06831872311580355,0.16999359596038202,0.08965605018249354,0.2050981831213677,0.13002161521740382,0.1724364241881239,0.22334858825723183
A4:362,0.0,within_support,0.2071040618390321,0.2211717629201426,0.3459154748145903,0.20135419363236362,0.23513443879688603,0.925759418426277,-0.1675158764831422,0.06183070341442357,0.15954660773193483,0.13793731418888755,0.06358876695378521,0.05069670387123335,0.23334566305657986,0.2235876325834558
A4:363,0.0,within_support,0.09743497531483158,-0.04809348664994095,0.2613040807127737,-0.02751973897543627,0.12391483269205007,0.881997624758253,0.1725992093115983,-0.03447138075769558,-0.026658951777118214,0.0295778306912802,-0.08148752617948499,0.035157061042198894,-0.053827778803510744,0.03416290302784306
A4:364,0.0,within_support,0.1959049006995285,0.25553254615016174,0.25280526996658587,-0.00862142012691518,-0.09943504030342891,0.9731624907461159,0.28147754130805563,0.14486573649899356,0.15045210773897436,0.044173568552632804,0.3095539826072913,0.1703489178815092,0.053115563202146186,0.019332444871748376
A4:365,0.0,within_support,0.06014556315310114,0.3329282938568145,0.17859617404723868,0.1393127768760244,0.00918166762146667,-0.011227622732524853,-0.007900737478706111,0.08153317208996697,0.04049158390308532,-0.04422460272525718,-0.1281532744417964,0.020270156228953888,0.1125682272581677,0.05851650648688123
A4:366,0.0,within_support,0.14801203377578673,0.18771890907328506,0.2955118920268038,0.25298545391829064,0.15425075012974976,0.2894090234274242,-0.13743773616741406,-0.07605034666213786,0.1735916979326939,0.088565333004484,0.2620929886296763,0.016762661616289788,0.18208621757463467,0.23466959458144726
A4:367,0.0,within_support,0.0353755225992973,0.2269149744307011,0.037908869938637964,0.025600875253471843,0.0598611671321743,-0.10025175479367929,0.044098744301521706,0.005093465348912926,-0.035830122656919,0.05940956507743089,0.05227045625464104,0.10190638250632458,-0.0341579951638164,0.017057166161463213
A4:368,0.0,within_support,0.05704947955318865,0.10224419733509085,0.023122528656598498,0.1387854609587406,-0.0428038834046089,0.35572118844928624,0.17044197829135346,-0.011819705544924846,-0.0490575832240451,0.027020768037155064,-0.047930221770108986,-0.013935034114834809,0.11804552612297213,-0.028191985601221773
A4:369,0.0,within_support,0.1895790232741561,0.44499960203063876,0.23791412956593144,0.37480862364780043,0.09721621051271422,0.9008091038592684,-0.11014415672003759,0.07260828857210838,0.07603606191973553,0.005103646653423136,0.2649931605619907,-0.028861634162733345,0.16914788179380277,-0.040103615670613345
A4:370,0.0,within_support,0.14014934043534844,-0.09354307508451074,-0.08561066501460428,0.24345658248473567,0.1153012795034145,0.1942966486906281,0.464570986906958,0.33565080366003747,0.026028331985898316,0.07559529851633562,0.12075352113479056,0.003088702526563159,0.2276119435518088,0.19474106679747477
A4:371,0.0,within_support,0.09273106429486268,-0.024416609335398798,0.33293908494852,-0.025010849910081786,0.10935591148330014,-0.12930461760309453,0.3252793580082102,0.28698770005543744,0.21130074569811294,0.11128165378778455,-0.11825838065372561,0.17317325284455873,-0.04370867682695134,-0.004114736663456912
A4:372,0.0,within_support,0.1565193107660917,0.1117499361021216,0.3227901251747124,-0.11168070918499573,0.047656119833459014,0.4327354916149412,0.07671492998471892,0.16771519756852843,0.20338480736772177,0.10639896393931372,0.3523529540952647,0.1914764993863527,-0.017561794444001366,0.15101851852105552
A4:373,0.0,within_support,0.2210441429821695,0.5185885184893411,0.2295501798803002,0.29504962055147826,0.0831934160537301,0.9889082123888313,0.27252707520731023,0.2523723798704025,0.08699970288870372,-0.008388883480911278,0.2777794241542937,0.08525857680058038,-0.11686397019922791,-0.09140039383662868
A4:374,0.0,within_support,0.14396843721772637,0.25257074026621873,0.07381479470258809,0.2983644533700908,0.06994022753466693,0.8942104939633072,-0.09705569746388566,-0.029545585930035503,0.10365935178790912,0.050475877956367425,0.26686759141474553,-0.002800167693448613,0.07650767758345696,-0.08542007366153843
A4:375,0.0,within_support,0.13637641691269647,0.0327813959075037,0.24369000643420136,-0.013054760697038884,0.1727550152645234,0.8640659845574378,-0.08586647766068263,-0.0105218461456964,0.10040503870243156,0.09437985554141975,0.3022516083164434,0.08458763329272971,0.04511410434955716,-0.057694137997775716
A4:376,0.0,within_support,0.14213632387545908,0.013755382797035488,0.13052464115751583,0.2995464695240141,0.0329617417477106,0.3486920085855757,0.3950736513652433,0.2773407089618651,0.05496360402847812,-0.028825436721510722,0.28069675260731825,0.0701207392046422,0.09735508122924191,-0.1244331341061619
A4:377,0.0,within_support,0.15761852778983362,0.07708171614696763,0.18736165906634036,0.2916418521523598,0.06833195355119275,0.9563256715429167,0.13245000818411196,0.16473273892684046,0.06387483464565441,-0.031611405679320526,0.09498290224320968,0.0679497864062015,0.10096824077860586,-0.1250490966972435
A4:378,0.0,within_support,0.26326988520980954,0.2219669809005692,0.36879243764957154,0.4213937433642958,0.25484179615356956,0.9529785518422487,-0.16546962149629543,0.08593572725185233,0.1686154363963605,0.16555226333558862,0.32393640495879505,0.1692805468266445,0.291032133678033,0.16365210686628998
A4:379,0.0,within_support,0.037977628645069914,-0.008582107926984526,0.2798736700424072,-0.02962047809066952,0.07494012435995347,-0.03464274265996019,-0.012582139711298223,-0.03834748770276728,0.0986882528457852,0.035265071434461163,0.10713718921288135,0.04464372671529534,-0.0692332843585397,0.04616937822534462
A4:380,0.0,within_support,0.18938097919592614,0.582013304092257,-0.12599441561795435,0.4379492444137551,0.16463355858920645,0.601238784415939,0.15711122519772064,0.21094348864103518,-0.06072327759735434,0.07452784393527043,-0.05591276187809248,0.025928319114977554,0.23783609495892133,0.21240132128135827
A4:381,0.0,within_support,0.0679535437454478,0.06269140656644792,-0.011093735030243062,0.20551550008946629,0.10873888688503285,0.20865823742646242,-0.1081500583640446,-0.040267475174882876,0.08186982579275859,0.041454242527018244,0.24068654239696613,-0.022347667343652088,0.09441725604318175,0.021223106876310138
A4:382,0.0,within_support,0.2430700892174086,0.31694808825526544,-0.05011130554395648,-0.08706658372728131,0.17242892364397452,0.9800122648308536,0.5490780970041729,0.42902581021612524,0.1003008106573579,0.11048742278677973,0.38973562638269277,0.10276230595959208,-0.00316469166339374,0.14947439102412938
A4:383,0.0,within_support,0.21046308206302605,0.47179812528804327,0.37329036648139274,0.44674799957750827,0.25666848643772144,0.1931406338886356,-0.15964277311747738,0.07754548835679306,0.19714183125237864,0.15235123456029606,0.12509442175782312,0.009679958488048129,0.31468348867043483,0.27752080517774075
A4:384,0.0,within_support,0.05516794026118343,0.13420927289458512,0.03282088641216982,0.10839483512326678,-0.042864612473629896,0.18416521976080352,0.006245291377584593,0.12360434221233613,-0.04133091242529855,0.03808548303722659,-0.09686518992088154,-0.00993328283359393,0.10225191919050906,0.17839997104030675
A4:385,0.0,within_support,0.08086792247688995,0.04052900848281854,0.18792316466681877,0.22688905223162,0.040158778690510974,-0.03524391761166422,-0.07220088999813809,0.05969788480578707,0.04873221443718917,-0.02930995551127179,0.26573408900710094,0.024867512587504293,0.1546891073663843,0.1388169430449094
A4:386,0.0,within_support,0.21843143950310526,0.327546477366096,0.34525372276770955,-0.09057611175396482,0.1945003359650268,0.23980035237384106,0.5592899737538648,0.42476389435963635,0.2267820333872071,0.1400699558738956,0.39193017687068854,0.21388368822337223,-0.009110458687835854,-0.12452532695916882
A4:387,0.0,within_support,0.2838412971371359,0.5987635507971002,-0.1424822348474339,0.3500539852598301,0.05957200383282129,0.9612389862068939,0.5324640491046464,0.4131484956082438,0.10810378424678321,0.08139862006716003,0.3744734888803927,0.035333933297325024,0.20945889336646747,0.10840930696253703
A4:388,0.0,within_support,0.16992039711860654,0.1768301120690631,0.3077171985650257,0.042422722684964206,0.11712609988709384,0.8750185025397343,0.11850680749444209,-0.11556975394706419,0.05721264260219499,0.06395039618159988,0.2589111427372609,0.09732519903298638,0.10570483645048508,0.10380925624409908
A4:389,0.0,within_support,0.23001440275173884,0.18720961212371773,0.3455719444069799,0.26709478223380223,0.1895463141166177,0.8661047070293839,0.09411333380156982,-0.1290445493250184,0.18923881610843846,0.0996235752814775,0.28730531982479274,0.11360223699872356,0.26308720664574087,0.21673393652637854
A4:390,0.0,within_support,0.10138402063321744,0.2622489796653274,-0.013565001172347007,-0.033502798309504526,0.024481124542896242,0.40739541839001137,0.2801016053944281,0.13412417439149404,0.04042243355839972,-0.03839200690470234,0.2598243621620929,0.019232141199464006,0.0025425771409317705,-0.026920741826664988
A4:391,0.0,within_support,0.18920231768480783,0.26037010019197293,0.20664591535756627,-0.06973734770001125,0.0710093848809324,0.9551734782252261,0.3326222023397893,0.16378214094822105,0.06030214216703837,-0.023902478112903604,0.31344006969838684,0.07447271725314313,-0.0012963085927822171,0.11674811324592209
A4:392,0.0,within_support,0.13361079779467455,-0.08250297877725936,-0.03230261308721351,0.00919218485068137,0.1689270225737555,0.7963075637838946,0.0644757533992365,-0.030734554165305062,0.10296268823805595,0.09531791505341343,0.3201766363629587,0.11458201401972186,0.05208001036564199,0.15845872871318759
A4:393,0.0,within_support,0.04956813978090708,0.16136741054187592,-0.03082272468181407,0.00924262142213168,0.05672836577505978,0.03854282429400512,0.1311848555939248,-0.06658912074739005,-0.03580097704774629,0.05544482684618814,0.11338106017070985,0.09085784959324607,0.0612255697319993,0.05962325565960167
A4:394,0.0,within_support,0.20722397492973568,0.2648696321249682,0.34121663221417586,-0.09789705416389924,0.18335639074635804,0.2575619567417738,0.46726020576390953,0.32826544551157294,0.11939426599594394,0.1267754047951138,0.39138011961542746,0.1938917327893901,-0.03289117837723945,0.1507281203290687
A4:395,0.0,within_support,0.10631328888389811,0.08740993255209267,-0.036242909131739394,0.18929953449355774,-0.10661422336862873,-0.07052447068341922,0.35650219649240195,0.2528365205422922,0.050298243257927165,-0.018563771398404802,0.30216431013935807,0.0823879719943258,0.14988193176548523,0.14323748883542683
A4:396,0.0,within_support,0.17800864521149184,-0.08149346260718646,0.2404707136601056,0.307318495123132,0.11202675467499003,0.9421346037918067,0.274208653262853,0.10086127619808595,-0.06314537594430178,0.025850629530647627,0.23045027751316055,0.09647985768206292,0.15597093462142908,-0.027020969757391128
A4:397,0.0,within_support,0.11916951489550656,0.22298396637945517,-0.0389487784783748,-0.004719143427185915,0.1187995631731057,0.9005393230881759,0.009905300398099202,0.005806775494407438,-0.056713918013026554,0.034174052862539134,0.07838861751456315,0.05741930975109926,0.06563455648164244,0.15593406841708515
A4:398,0.0,within_support,0.12256518157970045,-0.09526308694468853,0.03382210388160096,-0.033716388467442605,0.007128140378040478,0.833027219823265,0.23971300171085377,0.11466785275198416,0.11928515045762184,0.06680138122507749,0.304814244526559,0.039095551434555384,0.007831830388078442,-0.04385964062939938
A4:399,0.0,within_support,0.180687336217837,-0.0792334058396483,0.25379539429243825,-0.0005508849065485429,-0.08213263009900973,0.9645020568766506,0.33364696454328235,0.2039045586809926,0.045475993510382666,0.051092288632922776,0.36830743502084,0.1501544479587639,0.0002282950894070304,0.13974485707140738
A4:400,0.0,within_support,0.06400564712612022,0.09155244886705217,0.21884858062325122,0.2145757897157223,0.00868920335503963,0.001993715252830283,-0.06961037633319292,0.05944353261783634,0.0808189908903695,0.006612319653470886,0.20933074019466966,0.08042705161770304,-0.07811391617786306,0.007505332362673823
A4:401,0.0,within_support,0.04893863824570393,0.014177487679208319,0.009241188090394842,-0.032629014659181145,-0.06997403417352314,0.2652022382834861,0.17054349224289808,0.19500551725358162,0.09224975088273654,0.018075947571813467,-0.020085236698107235,0.10633399845502846,-0.05684243747366418,-0.055096600260520656
A4:402,0.0,within_support,0.13598787464254702,-0.09543018740837937,-0.04634630527886039,0.006748457141281668,0.06839727468122579,0.8630539668290067,0.12199094798703862,0.18571635899567746,0.09705692226141238,0.06896427043778008,0.13162500698777113,0.14566871218316116,0.06259524691475125,0.15780169862124463
A4:403,0.0,within_support,0.07200524013043248,-0.07865145974467866,-0.019358522647742366,0.2340386593534206,0.07696071131493734,0.4924898436802416,0.10219944718127168,0.04483804583677125,0.06726864958977852,0.008685558159304203,-0.10291892550771033,0.026371803914995873,-0.048439136306993,0.13258344687202575
A4:404,0.0,within_support,0.07276560015933108,0.0003978629711628954,0.29105948187080577,-0.03776105232236884,0.132460912559271,0.15691089663987115,0.08436144858211618,-0.09606857847274608,0.04146285757436667,0.04221151507028915,0.12097146867505276,0.008926116661958214,0.04923466658882299,0.15178520567270198
A4:405,0.0,within_support,0.12812376275179893,0.3824266837340312,-0.03620778685324675,0.03520162930964827,0.1740268510981356,-0.048529766334676504,0.5231709000940538,0.40101013489056814,0.130760107027219,0.0915511824931078,0.016580788937476453,0.06856607660699579,0.05194057471297311,-0.12488845994290008
A4:406,0.0,within_support,0.13049087306875812,0.2819454031698625,-0.008578283755472744,-0.08775059161271231,-0.06918689933757032,0.02520750385413456,0.42665626131371803,0.30854695263071796,0.08989446342306652,0.0499266775157388,0.3515352339301299,0.17619097147647167,0.00960168671775527,0.14239197056801536
A4:407,0.0,within_support,0.08066881150662547,0.021489135302325373,0.3010739729097969,-0.10932670557516269,0.029766542093301644,0.008544630065013917,0.027145300819853235,-0.016095402560837906,0.17776717503041586,0.07535738853909854,0.30918344236150963,0.0898588067605047,-0.014392220397310501,0.14832248423762232
A4:408,0.0,within_support,0.2080510325562333,0.38106397993811836,0.1479400902403882,0.20136090216801864,0.04093696229516572,0.9093894698066227,-0.16538177154638528,0.08116077762148702,0.1318923916670373,0.10239446448378407,0.32597070662567385,0.07956432750718347,0.22404878181161947,0.2443223406123186
A4:409,0.0,within_support,0.07378308713082839,0.09694092335843318,0.20979442078307342,0.19242991136465376,-0.08112857519329122,0.3523103882800506,0.016673596219852045,0.12942444392579258,0.02000541679561676,0.009346572453115095,-0.10464721892652804,0.07137727598352483,-0.06422611362003583,0.1108790912765119
A4:410,0.0,within_support,0.15483955289608275,0.5148438619680629,0.1783896993675132,0.3022559681799264,-0.11064508829069428,0.06604168889638647,0.22735023031460228,0.21229588143089004,0.034654316469255764,-0.03923943967550013,0.2882149057239216,0.05736181932265965,0.14872804481509844,0.13266229912695313
A4:411,0.0,within_support,0.12847879789122124,0.04631958401531061,0.04888022359498734,-0.09461411634095993,0.020655206895377587,0.9221840623216465,0.3138943165195657,0.17600403063383468,-0.018775704318632073,0.031118284182470663,0.04426332808760571,0.05818964022357705,-0.015472729153046625,0.13757824592413898
A4:412,0.0,within_support,0.20787298986718786,-0.12557495367481425,0.2923667761302084,0.20285073766057318,0.06385406862640565,0.9677166122005075,0.1794088971858184,0.20940063399724873,-9.84076271589916e-05,0.08960606023357057,0.3369229009316502,0.1607786893102779,0.19675749502277765,0.12835935827637718
A4:413,0.0,within_support,0.15483820173824808,0.14664562917357965,0.33129594907312193,0.013714914466723908,0.17847541176661846,0.8726174570152755,0.048691152760006476,-0.09456179753437852,0.07040662943605613,0.09622454280009272,0.2557169200689389,0.10031902313693009,0.062242970330338536,-0.068892179896079
A4:414,0.0,within_support,0.0725943620602618,0.20754804916669523,0.2176494096106677,0.3621487797421495,-0.026980474026001833,-0.11892203923750838,-0.01816896374179123,-0.09420114912676761,0.07021490360131824,-0.03237078301416286,-0.02475194682020767,0.05905293255279141,0.1826269565678304,0.15988103150839045
A4:415,0.0,within_support,0.07930918378899839,0.23046122449511067,-0.012613348221153396,0.20856712967677282,-0.107743110798277,0.02888648830541428,0.17577769194944473,0.11314191339670178,-0.03474848155189617,-0.012884086890501002,0.09198776332228499,0.08787356260412284,0.16288258036198447,0.09943006260697002
A4:416,0.0,within_support,0.13108480790396357,0.0717992960431868,0.25352808751366046,0.2995881963724834,-0.08713687214914206,0.481106116219253,-0.07342556909049276,0.09087574150648027,0.14044354884883,0.03700197953398718,-0.05392482042984271,0.13628752205374436,0.21573035695834744,0.19222891937103112
A4:417,0.0,within_support,0.053081543440273195,-0.03513838596273891,0.15379419219684318,0.24917654306513948,0.15695252948895624,-0.025245144455665065,-0.01732190115642634,-0.12691878155320044,0.07773275617063054,0.057893761948935994,-0.07762904104452888,0.08675245423520354,0.05126748754988025,0.13874359424052202
A4:418,0.0,within_support,0.2367228888940371,-0.12459201542956924,0.286774825955362,0.3219415850979794,0.14125147478008532,0.9773355586916396,0.3201089436730087,0.1896207449016598,0.03284526016268115,0.05419185293229173,0.3486564495462407,0.12647180809493844,0.21897358411596654,0.1838174831001985
A4:419,0.0,within_support,0.05114775121015958,0.15661270189299753,0.041361597660867534,0.030322827400972887,0.15817254897174599,0.10938862690155027,-0.04760394217337347,-0.12409763494895334,0.04360092970987782,0.06055113466076872,0.01197754693846612,-0.03380723424711227,0.09091144769821571,0.1675302152660511
A4:420,0.0,within_support,0.07263034628438378,0.36788698118604146,0.1318093660772759,0.1480109543897908,0.10271906713633931,-0.04406994448579508,-0.11214503303493852,0.06895910845981705,0.06993159923918449,-0.0099830426120353,0.10681080786347551,-0.028106221945331907,0.05618777859549143,0.086183080827674
A4:421,0.0,within_support,0.1571974782806003,-0.08633195754284329,0.33467852428766,0.2179395361144048,0.10503537907149403,0.9129017268627432,0.043751079738911756,0.00708962816787866,0.2144067570049633,0.09718956367604237,0.12409425978220905,0.14100405815597208,-0.10826265403847342,0.04007131636684101
A4:422,0.0,within_support,0.06219066692447673,0.06008163428039554,-0.042968723797967734,0.3019539219847476,0.08338601677938265,0.1959288096867102,0.03336719974663948,-0.030588271872756857,-0.05661339071292493,0.0378382047693398,-0.028412856111119118,0.08637019504125709,0.16216978653376474,0.005966143690729097
A4:423,0.0,within_support,0.2129296661517887,0.34688139361091186,0.076507266654082,0.09562951837512966,0.21303016986204854,0.9496328142104655,-0.15918712172698946,0.08061647646838659,0.16388104528924263,0.1306026086067838,0.30532398254240406,0.15752926479708568,0.16398223373509904,0.24365600754860325
A4:424,0.0,within_support,0.04237334758621831,0.0723262088050326,0.2610028658011241,0.06488602829781154,0.05545176841111154,-0.05492189761604858,0.049842431170502036,0.04928799732786621,0.12488903833320651,0.021435208543437174,-0.007469424516023671,0.10800865926938406,-0.08116005494478704,-0.11272531026177848
A4:425,0.0,within_support,0.06315583451072931,0.03935898278710527,0.0465649657993218,0.26842793680366267,0.12249564730994762,0.1510735262032329,-0.1194485502565155,-0.03321467033367014,0.02497676768275648,0.029853802051125592,-0.041446609735483586,0.0453151984036245,0.19630163446495774,0.09076721745941568
A4:426,0.0,within_support,0.09659019217032914,0.15851509753052637,0.21790900271886127,-0.0894079403166819,-0.07987040271452123,0.015935991296241066,0.22976906707879652,0.24659254114231313,0.14562392680927794,0.03475572957088961,0.1148336616933468,0.16649133770718447,-0.00016153074344739643,0.09468601644149238
A4:427,0.0,within_support,0.11844739158172987,0.2281820915652179,0.03753345642925427,-0.0923760052288511,0.15345542453791522,0.09383927848595884,0.4131697789516349,0.2734647394272642,0.028588464939082042,0.06840814810668978,0.18045654137056413,0.007523401879451151,-0.0035945647537437625,0.15116533485205066
A4:428,0.0,within_support,0.06264414710348176,0.2921792188641003,-0.07561981985897423,0.033355397590092054,-0.012126579962495058,0.017731138005511633,0.2671364065448064,0.11667505317030398,0.07607423268614118,0.019354054401323876,0.13217769847519467,0.012990489536248165,0.053597577121836125,-0.1191509542288261
A4:429,0.0,within_support,0.26056497306508974,0.5319715176341528,-0.1230001844087526,0.4471031327640883,0.2025870461686742,0.9896394110261217,-0.0650614954147518,0.12821122106651872,0.12669675763414553,0.1214579124229592,0.3355936987797618,0.15844274934821168,0.2946097652362038,0.2390931175888334
A4:430,0.0,within_support,0.10343540353377664,0.18003890617159726,0.19061698283387796,0.06429586772972437,0.025788384269735638,0.8318075683342359,0.03277114526151739,-0.08985966259875405,0.13140730810357945,0.04072736561921391,-0.042427364613568275,0.09829386393827075,-0.06718831498086526,-0.051611804129468544
A4:431,0.0,within_support,0.06633518670126666,0.04097454938002551,0.2731169826527049,-0.045701480974630254,0.06845763384396446,0.19017742130157192,0.1509462788897172,-0.05288445758127265,0.17511868892057844,0.06580649295423001,-0.1075456437061579,0.07272911678254766,-0.09633630670945113,0.1274981513626384
A4:432,0.0,within_support,0.14152646343500572,0.5115226657108563,0.1168749880532137,0.3798798564211504,0.045741048705804185,-0.044975531448789574,0.3798359525882699,0.27321001593151645,0.029512408898156508,-0.06213272873797144,-0.03015387249718296,0.03528636405417163,0.1377983025850987,0.06744455439078074
A4:433,0.0,within_support,0.13445933422234238,-0.033970262989541575,-0.004365556817943437,0.2198285375763987,0.09566512034554484,0.9482762927707256,0.10334807278509955,0.1604846749524604,0.03126329342455363,0.006101443614264394,0.14176601506027942,0.08826142211294498,-0.10900952080409165,0.10032181285975582
A4:434,0.0,within_support,0.03258861880213424,-0.07458654557367206,0.0588338648586823,0.10427029167263305,0.12178564222643436,0.07109544744179908,0.0040679150348658065,0.02628259834188661,-0.01661781265615141,0.045883727097187105,-0.03498813267774537,0.04415808094094359,-0.04974877767900037,0.12321574539988238
A4:435,0.0,within_support,0.2916245275269446,0.30239006116822365,0.3589188323381134,-0.10446151398149371,0.19407376483361566,0.962212426215557,0.5614394195404488,0.4311851044776828,0.1941538702957933,0.14042030611302467,0.39398223951936606,0.2153101688278413,-0.010462878195339514,0.15195705669744689
A4:436,0.0,within_support,0.2384263310672535,0.43548197805172567,-0.050437813233340595,0.11156104038961283,-0.1031937731729066,0.9928096204975568,0.4938521788092787,0.3928731322974566,-0.030451086565699823,0.038086113436025755,0.37255919253067526,0.1536545328448494,0.13044597144973336,0.16230121653932786
A4:437,0.0,within_support,0.12389327581654899,-0.07906597813337853,0.12237775202335023,0.04072343361496493,0.04479565892357407,0.6270731982806457,-0.07474373963604927,0.08106846200938783,0.04460359674436694,0.08263279889430925,0.30236538501882854,0.14485791538771195,0.09458030796727578,0.1793437945201498
A4:438,0.0,within_support,0.038328483369418964,-0.024975167664534663,0.14145674131647004,0.045720401331432625,0.1271999142156612,-0.11405652320007593,-0.06852482271593735,0.07970563876850811,0.11152928678634579,0.03444384028864389,-0.06692383054319276,0.02281709338201753,0.06306217275397362,0.14681553908313436
A4:439,0.0,within_support,0.07953254538899739,0.20144856930386526,-0.032788061678670266,0.3103477671464546,0.05720712523082489,-0.0960177718736869,-0.08699852278575966,0.07297483511505429,-0.014377209534545946,0.02926642805762349,0.25423088641902286,0.04976709507886682,0.11334261116152135,0.17551933841639528
A4:440,0.0,within_support,0.06331304419334133,0.10275296769617427,0.08000845273664801,-0.03467659799463175,0.16613307391787369,-0.06933060948732271,0.11019219756247776,-0.05576769646940288,0.1522130145632083,0.09189104680418683,0.2963780329587241,0.11714052032600047,-0.04962334416923462,-0.08424148393126431
A4:441,0.0,within_support,0.1445271850829975,0.11710208855912446,0.20116787171716802,0.24362448760657335,-0.10680442703111133,0.976736735465443,0.23777613388072266,0.21284846291250975,0.0032741178532859,-0.01901811425843678,-0.08259174353356225,0.043852321337947274,-0.07361551033313293,0.12450098190243612
A4:442,0.0,within_support,0.050045095328136426,0.1961108510180606,0.08556311499174389,-0.055042777168806706,-0.04692728537913695,-0.05487883416885943,0.28390830136451306,0.15374159118951417,0.10070397195050436,0.033589647973969405,0.07258603791493681,0.030966757511159546,-0.12060590658413353,-0.029129231347691624
A4:443,0.0,within_support,0.09599379808342201,-0.02303164587833969,-0.0775610147315622,0.08752325597098622,0.0674993237084309,0.8939250402406942,0.19017314872299154,0.022934749817902084,0.04796718594230887,-0.01174223167938808,0.049562025558565814,-0.044315594242377326,0.07701457097737836,-0.03202943932310458
A4:444,0.0,within_support,0.23320197755724165,0.30256979463686934,0.11471782133044421,0.36372242908718155,0.0438712031699932,0.9761335809028628,0.38898216913945827,0.27010717630156283,0.02869505503546338,-0.05793550241885746,0.28631876642416026,0.03834963280948447,0.14985239323537536,0.12624118859014294
A4:445,0.0,within_support,0.04899035528203639,0.140893799822878,-0.08485313426569636,0.23897256468977263,0.12749294488410062,-0.12468722336012707,0.01340386655963483,0.06056358380569636,0.08270825492615673,0.027754354319642204,0.011909974916236523,0.04509044799350454,0.1439325269109354,-0.04630734253626135
A4:446,0.0,within_support,0.11287452137608402,-0.029261053900854588,-0.10140507757477066,0.35319118394312926,-0.037321583143279276,-0.11541003578282753,0.4474269978427965,0.33505014739704514,0.08351680340432277,0.04628746123537845,0.09311851787556227,0.03709876052951362,0.2130692641990122,0.14200739186406414
A4:447,0.0,within_support,0.13674235727678702,0.45725283850248677,0.11246103475932769,0.1328519295139742,0.07425092280906448,0.6240324097154627,0.05454894746394032,0.15325378128364478,0.07082110689526448,-0.010943605579030534,0.19299653640222242,0.07849386559029976,-0.13123169895934247,-0.031137423799083106
A4:448,0.0,within_support,0.06926307474118189,0.29846974524469144,-0.048164209646691575,0.09096120267764007,-0.06282756406992512,-0.05531970214681446,0.2561590237427652,0.11159089879553553,0.055543172729307894,-0.007966934243796095,0.29916082874886274,0.08738754155551934,-0.07878517521136678,-0.04578885654036378
A4:449,0.0,within_support,0.13663509056220488,0.3257984103522079,0.20544783223933705,-0.04529548903860844,-0.02629622714313075,0.9377812512332666,0.02832004423085827,0.1337416645288716,0.0587677437695686,-0.03363348319532802,0.12209329099284257,0.06208972866015732,-0.09864702458650329,0.10608843526512408
A4:450,0.0,within_support,0.22148379688467598,0.19705798209510283,0.32709549141716937,0.39985815533311475,0.04585221017887698,0.8978967541130433,-0.1833510372356481,-0.032037192575842435,0.18408673346655563,0.10612087213600549,0.2966386230866652,0.12803314371580665,0.2593135787792384,0.2527240449906996
A4:451,0.0,within_support,0.1062331280139416,0.030099478523569055,0.3462993995548185,0.26097468173039357,0.1837600318214277,-0.09530168721092261,-0.110016905922854,0.04948919385860727,0.2048955381262085,0.12934385386392225,0.1994113303096827,0.10754231430017243,0.13537648426923152,-0.060843049043016
A4:452,0.0,within_support,0.14460696439659015,-0.06786817394290091,0.05327178462966965,-0.07874790135713525,0.1524613073725654,-0.08443650607745158,0.48649894489496576,0.380025756463048,0.17174387773220037,0.1253778892857989,0.3822734105899688,0.19598634812148832,0.012232524185867986,0.15107127525758662
A4:453,0.0,within_support,0.1878302829085175,0.47658229702462707,0.04801328102109764,0.4278575733824354,-0.02165372785740727,0.9118625313180757,-0.1277282828411605,0.07887124300900131,0.08945421612005096,0.05750212865262828,0.1299064858682087,-0.0101739878215667,0.24854742297158197,0.13275249696315522
A4:454,0.0,within_support,0.07798292190113353,0.3421298284490166,0.014224304381249595,0.06137097067680479,0.10186114014380918,0.3824268297378459,-0.06748116558543697,0.06403066854349097,0.07572324764328554,0.0031779302699081434,-0.016304545722039827,0.04074185787334398,-0.09513665398541177,0.10701357228886961
A4:455,0.0,within_support,0.10260233055365446,0.31397327556164906,-0.10300683400563145,0.10522604642396538,0.14683839411040728,0.026580719365905305,0.07777321343702177,0.09705253916235797,-0.05822459090960356,0.0690721220371598,0.3113350116140909,0.012846357389829744,0.15145883369171298,0.18290520931864274
A4:456,0.0,within_support,0.1721626164981999,0.3815324355837938,-0.13820344651204974,-0.008686682083124952,0.12471631573804365,0.6263858085411935,0.4739949888823811,0.3641739944543488,0.08821930562828958,0.03470555789615688,0.06505364495391475,0.11965949080786623,0.054734809852641154,0.0518277907331439
A4:457,0.0,within_support,0.1613128909914989,-0.09579339330779882,0.1651207938810417,-0.06529028364562871,0.1313713480193642,0.9247891210263378,0.3151996321585584,0.2610660722622569,0.05694184041625905,0.041983132033570465,0.17218064622723905,0.11890282940343118,-0.031704967913605386,0.10230081232846004
A4:458,0.0,within_support,0.17231463567610045,0.38895393523317817,-0.0017740570365542367,0.1905506526674239,0.11942848829084735,0.9376250028552277,-0.1509657933664395,0.07600926012798366,0.12296619720923452,0.0687860857576184,0.031168438776863164,0.12010953368867358,0.2052077707251657,0.13202474886008353
A4:459,0.0,within_support,0.13074108667742793,0.14211240309645054,0.05962518860886803,-0.03518203412372983,0.034978670623242954,0.6283944415191286,0.30822117514715586,0.22055201432691915,-0.05620335456002734,-0.03834866319821028,0.29220944585044867,-0.0038945353834341783,0.02859981421140427,0.11856956068834636
A4:460,0.0,within_support,0.1837640922430466,0.27450832315565954,0.09973428117211616,0.3583694455633261,-0.0352107477683065,0.6342576399415967,0.3755884947981483,0.2622506507425119,0.026557579326015688,-0.05914324298566191,0.2793090396108414,0.03816061553396469,0.12462022052959963,0.009930899539794322
A4:461,0.0,within_support,0.13666683582584585,0.01745577149258683,0.16683798573329214,0.29606167596176175,0.058068801900640524,0.6348037665487786,-0.03909358272034934,0.0927583395223758,0.01742876283359887,-0.038163159512882044,0.2732044210272962,0.04823059918271401,0.12243748080401627,0.1266380029621664
A4:462,0.0,within_support,0.0881180032804127,0.31316893337986856,-0.11065368649273574,0.045715733785699195,0.02858687648668905,0.13963831178043767,0.32334648615614725,0.2668029330480134,-0.05475014431125991,-0.009709363287478786,-0.018181177471205887,0.02951747431672945,0.03964858132377678,0.15240308393068394
A4:463,0.0,within_support,0.1669326776052028,0.18869634240004746,0.3094695510548608,0.05829950613368311,0.13251024199254863,0.8951003821591853,0.12815528429387468,-0.08367894161189379,0.16541126542441376,0.06581952326110019,0.28398156644034495,0.10810052322385315,-0.11974188411494169,0.03800144821055958
A4:464,0.0,within_support,0.15688070735979429,-0.009426279286702728,0.2848863881340162,-0.10228866141317687,0.0805840685061715,0.9166019840720797,0.06496483672511859,0.14206135162597217,0.1422107640659005,0.04705803996540813,0.2520686414892271,0.09834338711094831,-0.016091652823459767,0.1384763275058232
A4:465,0.0,within_support,0.29164407081390853,0.46596852811941186,0.36444807812699015,0.4408554778472055,0.2466077639823663,0.9502637935815721,-0.1670446874564909,0.07914430462691885,0.20964679808792475,0.14554984973804744,0.315739084343664,0.16219412318179297,0.3076644549326729,0.2703353514687354
A4:466,0.0,within_support,0.050856513095435374,-0.05066853511252135,-0.06751450166237484,0.0824004457104095,0.17469912040476618,-0.11338098468402671,0.06561596540317705,0.0502890434710357,0.12896911156458435,0.09284058764080262,0.12585843566215493,0.14002922717051114,0.09484155182684191,-0.06284479715470069
A4:467,0.0,within_support,0.10691334391807662,0.1822623974998698,-0.14050002684189733,0.34558777006661073,0.05931550078690906,-0.07346156291519405,0.35209736542887266,0.265903474433672,-0.02716398124402807,0.056946150539530026,0.04404650996267894,0.030856912208135596,0.10279066551166613,0.19119229549817032
A4:468,0.0,within_support,0.21350873874692772,0.13994577058294344,0.3160922651999025,0.3828402244782811,-0.002641688673461413,0.9035838691147403,-0.14373304675462517,-0.03782787199718399,0.18186276485860473,0.09570680673724519,0.2994667094296251,0.1252059592823151,0.2764400549990153,0.23867178645265866
A4:469,0.0,within_support,0.08824214165899659,-0.09889044461643261,0.04506243068213442,0.30204617177616466,0.116192243246604,0.24494761534818102,-0.00659103041577282,0.0784631422836136,0.11782231699508182,0.04810909146301969,0.0751531414373838,0.11314463516343187,0.1519319993961645,-0.04024347119261822
A4:470,0.0,within_support,0.10992371486000493,-0.06537119901445113,0.05602153392698188,0.052319486380954495,0.1570435141133106,0.8596031002721278,0.12273144045141365,0.02815721601704431,-0.051687238281897085,0.07817858705813491,-0.01046754326848162,0.07422584816811674,-0.023593109913743655,0.15184665727055308
A4:471,0.0,within_support,0.10929544257315243,0.07030376156128716,-0.111204410970983,0.22204634144523044,0.08282740849139471,0.9206375719916283,-0.030790784002819944,0.014563065881340381,0.04601596719428595,0.05892789409687272,0.04781039325574233,0.02077210061811768,0.07854260505248337,0.0003888388364016928
A4:472,0.0,within_support,0.1486580579643861,0.3566913125800646,0.17877918271079243,0.28209437051637837,-0.0380623097943113,0.006830102012019878,0.40088237322274395,0.2927994039259815,-0.0672596741735144,-0.0262041221348487,0.2645860298120948,0.010238015159913993,0.11684306322603194,0.15433700647367243
A4:473,0.0,within_support,0.16076899643130588,0.19039718314258847,-0.012186246261699923,-0.09510063635501367,0.008513459816039983,0.9629963387777539,0.3400633995224191,0.3027620520724616,0.10677145900099907,0.0677513942712049,0.32503311779487265,0.0404484717672887,-0.12557816306968458,-0.021874876872254506
A4:474,0.0,within_support,0.18246961874215406,0.004595342247322247,0.12485939586956081,0.2863214972366802,-0.04593589782233554,0.9622005443807666,0.37226143876363504,0.2587445433759167,0.015942904471607802,-0.05736685183935785,0.17752347258295897,0.038141087526731586,0.10994398314139034,0.12487358371312589
A4:475,0.0,within_support,0.07137631938719238,-0.060129660391413924,0.06341187458605761,0.30097881657318926,0.035114566028629814,-0.0789573305479929,0.2979258265073163,0.20208626873068603,0.023223477750847155,-0.03513997572022858,-0.08774000865736878,0.04948046322555726,0.14785705890143136,0.06978077504679045
A4:476,0.0,within_support,0.14266139033525754,0.17380783507885658,0.2775294699214329,-0.011998892636218202,0.031324033588400906,0.8698546383168859,0.11744790173707244,-0.09787853557785053,-0.007488262879449684,0.06609201786274081,0.27096782881797926,0.09168671687302735,-0.07072619597385786,0.1439795192293282
A4:477,0.0,within_support,0.043729416694214644,-0.0584352654664607,0.054408456486898314,0.027440038361775446,0.1011363263998166,0.23683096937981177,-0.0440682504099122,0.09205132768874918,0.07842260021475989,0.032636450144068525,-0.010135832620237895,-0.027896611136413414,0.02462180449055134,0.06147040349138354
A4:478,0.0,within_support,0.06153818771513437,-0.006062863904474129,0.24710587485391639,0.12117878435479285,-0.07049673789820333,-0.06422377166638596,0.013632292134395157,-0.014915850097653468,0.13535470862783855,0.03405935389045387,0.2813241773010951,0.08442980315062469,0.08131089416491148,-0.042700224614564394
A4:479,0.0,within_support,0.05852785685217719,-0.03284474695407854,0.18789927234777823,0.01401373758282607,0.10976771950798123,-0.00841925792441345,0.09011934534936626,-0.10001105163448028,0.042618436926245326,0.028379067849476237,0.25984537655823975,0.03594898984432523,-0.00582903152996839,0.13937428115500566
A4:480,0.0,within_support,0.27265733605051534,-0.11143035494485962,0.3631431410227481,0.2057790561723289,0.2217561462308008,0.9692272793915849,0.5030405134812524,0.3685360293442969,0.2264928923333185,0.15425716622818764,0.3894514985116356,0.10578640920436896,-0.021722030496979537,0.17022762217801593
A4:481,0.0,within_support,0.20853469389234755,-0.03376860820998828,0.3316359956760113,0.21916886636354285,0.19396865525041335,0.9848904533893105,0.17399684430077808,0.15572501014898496,0.2246405755603752,0.12941365217201123,0.36640564014226323,0.1852192962112607,-0.11731524914911337,-0.10303011125533174
A4:482,0.0,within_support,0.16853550808942558,0.20234667452169602,0.32871294267192064,-0.1002226727060101,0.1739293692169785,0.9180513711781647,0.19684436330586302,0.006700092022484962,0.16143699680025367,0.08993505825857416,0.27401610225873296,-0.0016654439168260567,-0.12374885618737387,0.06462560773807416
A4:483,0.0,within_support,0.09710519779138356,0.25445119312266484,0.22822288713885178,0.35344211910488177,0.03160322782314009,0.17838565070625192,0.1707416200041103,-0.01970429582761153,-0.03360746879653783,0.04951335617904421,0.03931905360152478,0.038260794465283195,0.09398246798490713,-0.1222430342185244
A4:484,0.0,within_support,0.16649677000720883,-0.09124191336061359,0.2150312069093175,0.26329056331884204,-0.05314917586946311,0.9438667515634389,0.30428341971193695,0.18668736252004442,-0.00651257121997474,0.012448262730625532,0.3197468858848404,-0.0362095546696544,0.08063631854241156,0.02558045403196338
A4:485,0.0,within_support,0.07028310696785559,0.12575371594642362,0.18203345253476957,0.25440131108778813,0.09702247688566286,-0.04705049283891667,-0.07892718672592033,0.049093837861855325,-0.041942728137759754,0.008992417180688083,0.29707153509355827,0.023146955194182254,-0.014463157912175733,0.05854825441196696
A4:486,0.0,within_support,0.0964070030423965,0.3480130885744107,0.23091989759606857,0.018471964075217173,0.09178528054951826,-0.07248976097788086,0.050476583652786594,0.15258770171391933,0.08288762146796372,-0.00033444746618975925,0.2954588344615114,0.08658784890739718,0.05098644883204562,-0.08206002183561344
A4:487,0.0,within_support,0.27541612235613433,-0.10919110036340364,-0.06238237878469913,0.3544563562649437,0.19992509955815593,0.9794237375153457,0.4945094292654272,0.384694824609026,0.14943759004513726,0.13346928841799469,0.391395169031321,0.20284191370241647,0.2566407048637996,0.20518895650428068
A4:488,0.0,within_support,0.2534966535336972,0.46887284430049303,0.29023199467404615,0.43080733937226134,-0.024674448908152423,0.9440289089190993,-0.16141161741296456,0.08560730159547551,0.1656782597092365,0.08780802768424947,0.3251827374534511,0.15904104529119573,0.27785485526459847,0.24642924799507476
A4:489,0.0,within_support,0.09755364660053961,0.4615290383899312,-0.10223311787317767,0.2990096420180231,-0.055187287473747196,-0.0582837259511862,0.29516089781842747,0.212710436058946,0.041593373283817646,-0.020678795983175884,-0.08385419737863038,-0.015139194473608744,0.16275950406014886,0.13081083331124688
A4:490,0.0,within_support,0.16601278769232278,0.1835932971716661,-0.14212510585166532,0.14707615378125974,0.1780868447237796,0.4345233171286914,0.38550522312411195,0.33080462426678603,0.11891730917060518,0.10053907057950776,0.010814479482102653,0.15548026363701425,0.16338788166394114,0.09156288112239573
A4:491,0.0,within_support,0.18196659374388485,-0.12197580880311117,0.23026795493954033,0.2972102357887775,0.16396190380924472,0.96083045887898,0.2343335765737454,0.19721544858411294,0.009261756182081079,0.07521691527578311,0.022211256216640926,0.13636919784551213,0.1613062665533211,-0.0006434431741240183
A4:492,0.0,within_support,0.10000537669893499,0.19260620879215484,0.31248201372987916,0.04676174168534341,0.1839308441082258,-0.1252339990546853,0.25267063103345383,0.24042385867848803,0.18127679695945953,0.08084885511731117,-0.08495452164247051,0.1535352967612464,-0.009194189254814104,-0.12508363982743742
A4:493,0.0,within_support,0.1306992728330786,0.00658765521881397,0.12148879500865045,-0.07611088617404077,0.028460176724809008,0.3563723835614023,0.4809725412321272,0.3618514290118863,0.004822595865115132,0.0749439246028503,0.317473851399033,0.16231157462179935,-0.09872510668247246,-0.041358387559951845
A4:494,0.0,within_support,0.12519068616606557,0.2903342142900897,-0.13639753438941873,0.3700935886273501,0.1763704021350519,-0.11911373116611607,0.10495156767795988,0.020275825191647293,0.11133739375108427,0.09078831837727654,0.23477733105906326,0.13130822989917404,0.14772545865186337,0.20502785605382706
A4:495,0.0,within_support,0.04667057811396613,-0.07263989732546815,0.240864687891347,0.05706955133510201,0.0672209129367019,-0.0023062926163319613,0.1727193702167151,0.0717612411301741,0.02868721376006467,0.03167708071343685,-0.034520353131110175,0.03427434108071018,-0.11538417471857171,0.1272938342087899
A4:496,0.0,within_support,0.0916942555167152,0.2106904154402295,0.26927113197546454,0.2999809202339799,-0.045755952961597665,-0.06926594254936089,0.07930591569351281,-0.08523267173059536,0.14041150680101347,0.0386303008718734,0.3024095097015616,0.11103102217278785,-0.007808831722334283,-0.05164200220923717
A4:497,0.0,within_support,0.05252558470340362,0.17329609048937542,0.22641115427909642,0.2902843915048317,0.09136014383485871,-0.09736298122809535,-0.028328272116788157,-0.0758028221920744,-0.0016786713833121228,-0.009136988325955126,0.08750592183332863,0.0037763532292921457,-0.0215899700658325,0.044098251285521715
A4:498,0.0,within_support,0.1445782394874691,0.4256419301472397,0.033801612662688454,0.3758067137099939,0.039746529769940184,0.20689917636593294,0.29344576276144463,0.18235663967114968,-0.04656779976187676,-0.0648753630877224,0.12037585828765346,0.032800115299358744,0.1509748609282842,0.1291110765830112
A4:499,0.0,within_support,0.09689962174206684,0.0583949967885732,0.12587251290596208,-0.0006429046785108662,-0.0151599267680391,0.924099398343249,-0.10014608177166731,0.02315797720687151,0.08458598362009108,0.03451852515590492,-0.08700503401271975,0.053886336222864234,0.031790418919819874,0.1263428807144701
A4:500,0.0,within_support,0.13358602711161985,0.4733497673708059,0.059056291207517916,0.27323447001648465,-0.012429327784235627,-0.11265679473142454,0.3906378430892379,0.2803869459125617,-0.05648212515183495,-0.040081541090327535,0.26533707282683666,0.012121115355940178,0.07364234670831833,0.13050228872117742
A4:501,0.0,within_support,0.14336488541086484,0.5850961204783701,-0.012038604121128562,0.3802000920098024,0.10185228879640204,-0.08483236691861855,0.4440696512814752,0.37075069311309505,-0.06303836365472353,0.03231877365618687,0.11043233045511151,0.02337676102106121,0.07368558800351169,-0.09812945377930238
A4:502,0.0,within_support,0.11244720773906235,0.23141966336011635,0.1563050808826792,0.15983363852560475,0.031452276619897496,-0.11758906413194828,0.4475264684463452,0.3049136690838398,-0.055581621019383506,0.0668818731800829,0.1554350864460595,0.1364008149546012,0.029382273965837695,-0.08456645970592178
A4:503,0.0,within_support,0.12099574931059699,-0.12888935514875546,0.2832972924919675,0.2298202961797024,0.06088276554383894,0.12469155110191092,0.2667293514695994,0.14934525872547338,0.11090942323335545,0.040887642452255665,-0.03186738052430169,0.11472720354362803,0.1896206771407395,0.16279001482834657
A4:504,0.0,within_support,0.07249113699131439,0.23113340169383728,0.25386396958157287,0.06412767240252928,0.06840018848575116,0.270736789997054,-0.0964846583777115,0.053963391065840915,-0.02545874048362062,0.03126664943860059,-0.009726198863491712,0.05980208276265355,0.0815140323421799,-0.04075379915810862
A4:505,0.0,within_support,0.10043260601018218,0.5113860929564034,0.14857171658046128,0.18502538588057568,-0.08060789842889862,-0.10910980727956564,0.2718424962369505,0.26863789410383543,-0.06349828967517214,0.0014709143808751654,0.0426879515488793,0.10823137584845391,0.04943040727424034,-0.028444361294670376
A4:506,0.0,within_support,0.10913691547926246,-0.014253477450440692,-0.05339976588748219,0.029406723955875808,0.12018808695591936,0.2583675877538871,0.45331139324741454,0.35348469768690194,-0.04356654336056219,0.050120136802948356,0.19599279517782442,0.12396583561947695,-0.046269063280136004,-0.008568505991215588
A4:507,0.0,within_support,0.051991058187832596,0.09067052988381888,0.10888388133078412,0.08638339176736648,0.18907335249248444,0.03920586703586432,-0.052286588618006155,0.06843858608813878,0.15411437480791523,0.09792670964019284,-0.0327259682202562,0.055766750273503495,-0.033729709838383005,-0.09583742020159958
A4:508,0.0,within_support,0.12511087541525273,0.20989216098894484,0.19560009908891715,0.16249661493721282,-0.044692478428184204,0.8902340246746948,-0.07523285173705255,0.04135891289899507,0.0428494067733134,-0.03748491750914324,-0.054563394685187686,0.009765645491988061,0.1464526759652731,0.1397654819385136
A4:509,0.0,within_support,0.2250987747093037,-0.11136851320191066,0.32429964692163177,0.2889960169664647,0.20861808701351053,0.9672216973699604,0.10233039790077883,0.18340229642088116,0.04991149863743872,0.13915216723079155,0.3328866141207973,0.16623740150239705,0.08180720787082385,0.19278955246738344
A4:510,0.0,within_support,0.23024231842677553,0.048644533865739636,-0.14343483233607107,0.3567470161211059,0.10477922529376947,0.9927606284757879,0.45401947733752396,0.3372893559430949,-0.016190851229707728,0.02411565291616167,0.3262020006868067,0.09621670743074093,0.22767028191302016,0.18433094313010934
A4:511,0.0,within_support,0.10998485997635538,-0.003127624899784287,0.16047532107522205,-0.014851716137325553,-0.03415692324632201,0.9152755268340891,0.27346816539224017,0.14625596328469365,0.025853331629017488,-0.04006070983738613,0.0288259333771463,0.0635547795860676,-0.06873651165833837,-0.022972355706700007
A4:512,0.0,within_support,0.25892305086664436,-0.11468203383403575,0.33363754876117124,0.3427241842267375,0.05003936441977822,0.969854814583041,0.4827374399273077,0.3586376945121182,0.21449237387935133,0.11211177785067497,0.1983187397348173,0.20502295288085012,0.18473038442581555,0.028374419898749
